#pragma once
#include "epd_driver.h"
const uint8_t bold_italic_fontBitmaps[38902] = {
    0x78, 0x9C, 0x03, 0x00, 0x00, 0x00, 0x00, 0x01, 0x78, 0x9C, 0x63, 0x60, 0xF8, 0xFF, 0x9F, 0x81,
    0x01, 0x99, 0xE0, 0x87, 0x12, 0x1F, 0x90, 0x08, 0x06, 0x4C, 0x02, 0xA6, 0x0C, 0x09, 0x40, 0x24,
    0xF9, 0x41, 0x06, 0xC1, 0x08, 0xB0, 0x5A, 0x00, 0x6C, 0x1F, 0x1E, 0xE2, 0x78, 0x9C, 0x63, 0xF8,
    0xCF, 0xCF, 0xF0, 0xFF, 0xFF, 0x07, 0x04, 0xC9, 0x0F, 0x27, 0xC1, 0x88, 0x01, 0x46, 0xC2, 0x10,
    0x3F, 0x88, 0x04, 0x00, 0x67, 0x80, 0x1F, 0xB4, 0x78, 0x9C, 0x63, 0x60, 0x60, 0xF8, 0xC0, 0xCF,
    0xF0, 0x9F, 0x01, 0x08, 0xFE, 0xC3, 0x68, 0x86, 0x0F, 0x30, 0x9A, 0x1F, 0x28, 0xFB, 0x1F, 0x04,
    0xF8, 0x31, 0x68, 0x84, 0x72, 0xFE, 0x0F, 0xE4, 0x69, 0xC3, 0x66, 0x1B, 0x88, 0x03, 0x52, 0xC5,
    0x00, 0x00, 0x2E, 0x47, 0x42, 0xCD, 0x78, 0x9C, 0x65, 0x8E, 0x89, 0x0D, 0x00, 0x20, 0x0C, 0x02,
    0xD9, 0xA0, 0xFB, 0x6F, 0xE9, 0x06, 0xD8, 0x37, 0xD8, 0x68, 0x62, 0x2E, 0x20, 0xA5, 0x02, 0xC0,
    0x31, 0xE4, 0x19, 0xB2, 0x48, 0x32, 0x5D, 0xA7, 0x95, 0x0C, 0xC3, 0x65, 0x06, 0x4F, 0xA7, 0x44,
    0x0E, 0xD7, 0xF8, 0x6F, 0x40, 0x7C, 0x2A, 0xBA, 0x32, 0x6E, 0xBC, 0x53, 0xEB, 0x2A, 0xA6, 0x9A,
    0xFD, 0xCB, 0xE6, 0x05, 0x0A, 0xE0, 0x42, 0xFA, 0x78, 0x9C, 0x4D, 0x8F, 0x81, 0x11, 0x00, 0x21,
    0x08, 0xC3, 0xBA, 0x01, 0xFB, 0x6F, 0xC9, 0x06, 0x79, 0x0B, 0xC8, 0xAB, 0x5E, 0xC9, 0x15, 0x01,
    0x95, 0x40, 0x67, 0x65, 0x58, 0xC0, 0xA1, 0x0C, 0x22, 0x59, 0xDB, 0x47, 0xBC, 0xAC, 0xE5, 0xBA,
    0x62, 0x3D, 0x4C, 0xAC, 0xEF, 0xCD, 0x98, 0x19, 0x34, 0x9F, 0x59, 0xDC, 0xCE, 0x0E, 0xD3, 0xAD,
    0xEA, 0x7F, 0x46, 0xCB, 0x6E, 0x1B, 0xC3, 0xBC, 0x5C, 0xA9, 0x7E, 0x51, 0x68, 0x47, 0xB7, 0xD4,
    0x8F, 0xA6, 0xDE, 0xCE, 0x07, 0xD5, 0x99, 0x5D, 0xC1, 0x78, 0x9C, 0x4D, 0x8E, 0xD9, 0x15, 0x00,
    0x40, 0x04, 0x03, 0xD3, 0x81, 0xFE, 0xBB, 0x4C, 0x07, 0x59, 0x47, 0x78, 0xEB, 0xC7, 0x08, 0x02,
    0x00, 0x48, 0x98, 0x90, 0x14, 0x0D, 0x4C, 0x92, 0x29, 0x4C, 0x99, 0x78, 0x74, 0x1A, 0xBF, 0x0D,
    0x2C, 0xC5, 0x07, 0x25, 0x8F, 0x5B, 0x56, 0xE3, 0xCB, 0xA6, 0xB0, 0x35, 0xB5, 0x87, 0xA7, 0x2A,
    0xAA, 0x09, 0xB5, 0xD8, 0x1B, 0xDB, 0x96, 0x9F, 0xB1, 0x33, 0xF0, 0x00, 0xE2, 0xEB, 0x59, 0xA7,
    0x78, 0x9C, 0x63, 0xF8, 0xCF, 0xFF, 0x01, 0x05, 0x31, 0x40, 0x11, 0x3F, 0x03, 0x00, 0xE6, 0x8E,
    0x0F, 0xD3, 0x78, 0x9C, 0x63, 0x60, 0x80, 0x80, 0x0F, 0xFC, 0x40, 0xE2, 0x3F, 0x90, 0xF8, 0xF0,
    0x9F, 0x01, 0x4A, 0x40, 0x78, 0x18, 0x42, 0x08, 0x02, 0x4D, 0x92, 0x24, 0x82, 0x01, 0x42, 0xF0,
    0xC3, 0x58, 0x20, 0x00, 0x00, 0xAE, 0xFF, 0x2A, 0x4F, 0x78, 0x9C, 0x63, 0x60, 0x00, 0x83, 0x0F,
    0xFF, 0x51, 0x08, 0x86, 0xFF, 0xFC, 0x24, 0x12, 0x1F, 0x90, 0x08, 0x98, 0x29, 0xFF, 0xFF, 0xA3,
    0x4A, 0xA2, 0x0A, 0xC1, 0x78, 0x1F, 0xF8, 0x19, 0xA0, 0x00, 0x00, 0x57, 0xDF, 0x27, 0x25, 0x78,
    0x9C, 0x63, 0x60, 0x80, 0x82, 0xFF, 0x20, 0xE2, 0x03, 0x9C, 0xFC, 0xF0, 0x1F, 0x08, 0xF8, 0x21,
    0x24, 0x98, 0x03, 0x16, 0x02, 0xA9, 0x03, 0x09, 0x30, 0xFC, 0xE7, 0x07, 0x93, 0x0C, 0x1F, 0xF8,
    0xA1, 0xDA, 0x01, 0x0B, 0x84, 0x1C, 0xD5, 0x78, 0x9C, 0x63, 0x60, 0xF8, 0xF0, 0x9F, 0x01, 0x04,
    0x08, 0x52, 0xFF, 0xC1, 0x80, 0x1F, 0x95, 0x22, 0x42, 0x1F, 0x00, 0x85, 0x8A, 0x27, 0x61, 0x78,
    0x9C, 0x63, 0xF8, 0xF0, 0x9F, 0x81, 0xE1, 0xFF, 0x7F, 0x7E, 0x38, 0xFE, 0x00, 0xC4, 0x0C, 0x40,
    0x31, 0xB0, 0x38, 0x54, 0x18, 0x28, 0x02, 0x02, 0x00, 0xC4, 0x57, 0x11, 0x2C, 0x78, 0x9C, 0x63,
    0x60, 0x00, 0x82, 0x0F, 0xFF, 0xFF, 0xFF, 0x47, 0x22, 0x00, 0x63, 0xEC, 0x0B, 0xC8, 0x78, 0x9C,
    0x63, 0xF8, 0xCF, 0xFF, 0x01, 0x84, 0xFE, 0x83, 0x49, 0x06, 0x00, 0x4C, 0x95, 0x09, 0xE8, 0x78,
    0x9C, 0x63, 0x60, 0x00, 0x81, 0xFF, 0x60, 0x92, 0xE1, 0x03, 0x8C, 0xE6, 0x87, 0xD0, 0xFF, 0xD1,
    0x69, 0x02, 0xCA, 0xD0, 0xA4, 0x89, 0x54, 0x46, 0x15, 0xCB, 0x60, 0x00, 0x00, 0x77, 0x10, 0x1F,
    0xE1, 0x78, 0x9C, 0x63, 0x60, 0x60, 0xF8, 0xFF, 0x9F, 0x81, 0x01, 0x44, 0x82, 0xE8, 0x0F, 0x20,
    0x8A, 0x1F, 0x48, 0xF1, 0x03, 0x11, 0x58, 0x06, 0xC2, 0xC2, 0x42, 0x81, 0xF4, 0xF0, 0xFF, 0x47,
    0x50, 0x1F, 0xB0, 0x51, 0x40, 0x0C, 0xA5, 0xC0, 0x02, 0xFC, 0x10, 0x0B, 0x20, 0xD6, 0x01, 0xCD,
    0x01, 0x71, 0x81, 0x24, 0x00, 0x89, 0x27, 0x44, 0x08, 0x78, 0x9C, 0x63, 0x60, 0x60, 0x60, 0xF8,
    0xFF, 0x9F, 0x01, 0x4C, 0xFE, 0x87, 0x90, 0x50, 0x8A, 0x1F, 0x24, 0xF8, 0x01, 0x0F, 0x05, 0xD1,
    0x86, 0x8F, 0xC2, 0xA2, 0xED, 0xC3, 0x7F, 0xB0, 0x0D, 0xA8, 0x14, 0x00, 0x38, 0xF5, 0x35, 0xAD,
    0x78, 0x9C, 0x7D, 0x8D, 0xC1, 0x11, 0x00, 0x40, 0x04, 0x03, 0xB7, 0x03, 0xFD, 0x77, 0xA9, 0x83,
    0x9C, 0x09, 0xE3, 0xE7, 0x5E, 0xBB, 0x62, 0x04, 0x90, 0x12, 0x18, 0x16, 0x0D, 0x53, 0xA5, 0x41,
    0xAF, 0x2E, 0x1A, 0x74, 0xC1, 0xC6, 0x73, 0x36, 0xBD, 0xFF, 0xD1, 0x5F, 0x4B, 0x9B, 0xB1, 0x7C,
    0x18, 0xF6, 0x3E, 0x86, 0x78, 0x9C, 0x63, 0x60, 0x60, 0xF8, 0xF0, 0xFF, 0x3F, 0x03, 0x10, 0xFC,
    0x07, 0x01, 0x18, 0xCD, 0x0F, 0x12, 0x66, 0x00, 0xD3, 0x0C, 0x20, 0x26, 0x56, 0x1A, 0xA1, 0x91,
    0x1F, 0x4A, 0x33, 0x20, 0xF3, 0xE1, 0xDA, 0x19, 0xA0, 0x12, 0x60, 0x1A, 0x62, 0x05, 0xD8, 0x88,
    0xFF, 0x60, 0x1A, 0x6A, 0x1D, 0xCC, 0x7A, 0xA8, 0x31, 0x00, 0x29, 0xD5, 0x3E, 0xE0, 0x78, 0x9C,
    0x55, 0xCC, 0xC1, 0x0D, 0x00, 0x30, 0x08, 0x42, 0x51, 0x36, 0x70, 0xFF, 0x2D, 0xDD, 0xE0, 0x57,
    0xA1, 0x87, 0xF6, 0xA0, 0x2F, 0x21, 0x8A, 0x24, 0x35, 0x48, 0x8F, 0xC4, 0xBE, 0x12, 0x9B, 0xA2,
    0xAC, 0x2C, 0xF4, 0x3A, 0xCB, 0xCE, 0xCD, 0x9A, 0xC9, 0x33, 0xCE, 0x22, 0xD7, 0x14, 0xEA, 0xB7,
    0x3E, 0x5D, 0x77, 0x00, 0xF3, 0x54, 0x43, 0x90, 0x78, 0x9C, 0x63, 0x60, 0x60, 0xF8, 0x0F, 0x02,
    0x0C, 0x70, 0xFA, 0x03, 0x88, 0xE2, 0x07, 0xD1, 0x40, 0x82, 0x01, 0x44, 0x33, 0xA0, 0xD0, 0xFF,
    0xE1, 0x34, 0x84, 0x05, 0x55, 0x0E, 0x37, 0xE6, 0x03, 0xB2, 0x12, 0x4C, 0x1A, 0x62, 0x13, 0xC8,
    0x16, 0x06, 0xB0, 0xBE, 0xFF, 0x70, 0xEB, 0x20, 0xC6, 0x80, 0x65, 0x18, 0x18, 0x00, 0x7F, 0x24,
    0x40, 0xA2, 0x78, 0x9C, 0x4D, 0x8D, 0xD1, 0x15, 0x00, 0x20, 0x08, 0x02, 0xD9, 0xC0, 0xFD, 0xB7,
    0x74, 0x03, 0x0A, 0x49, 0xCD, 0x9F, 0x13, 0xD0, 0x07, 0x80, 0x24, 0x81, 0x02, 0xE3, 0x92, 0x1A,
    0xBB, 0x19, 0x92, 0x32, 0x45, 0xF8, 0x2A, 0x9A, 0x95, 0xE4, 0x9E, 0xCF, 0x9B, 0x02, 0xEF, 0xCB,
    0x1C, 0xB6, 0x47, 0xF7, 0xF2, 0xAB, 0x7D, 0x45, 0x92, 0x07, 0xED, 0x86, 0x4A, 0x89, 0x78, 0x9C,
    0xFB, 0xF0, 0x1F, 0x0C, 0x3E, 0x20, 0x53, 0xFC, 0x0C, 0x40, 0x00, 0xA7, 0x40, 0xE4, 0x07, 0x64,
    0x0E, 0x03, 0x84, 0x83, 0x26, 0x86, 0xAC, 0x0E, 0x4E, 0x31, 0x60, 0xA8, 0xC0, 0xAA, 0x10, 0x00,
    0x65, 0x3D, 0x32, 0xBF, 0x78, 0x9C, 0x65, 0x8D, 0x01, 0x0A, 0x00, 0x30, 0x08, 0x02, 0xFD, 0x41,
    0xFF, 0xFF, 0x65, 0x3F, 0x70, 0x4D, 0xDB, 0x16, 0x0C, 0x8A, 0x2B, 0x49, 0x03, 0x90, 0x24, 0x20,
    0x68, 0xE0, 0x65, 0x55, 0x94, 0x3C, 0x7B, 0xEB, 0x87, 0x44, 0x46, 0xFB, 0xD0, 0x3E, 0xAD, 0xCE,
    0x1B, 0x36, 0x9D, 0x7E, 0x74, 0xBC, 0xDF, 0xC5, 0x7B, 0x0B, 0x63, 0x01, 0x8E, 0x3F, 0x4C, 0x87,
    0x78, 0x9C, 0x85, 0xCC, 0xC1, 0x0D, 0x00, 0x20, 0x08, 0x43, 0xD1, 0x6E, 0xD0, 0xFD, 0xB7, 0x64,
    0x83, 0x6A, 0x0B, 0xC6, 0x78, 0xF2, 0x40, 0x5E, 0x02, 0x3F, 0x00, 0x90, 0x08, 0x18, 0x69, 0x53,
    0x96, 0x96, 0xE5, 0xC5, 0x7F, 0x4E, 0xD7, 0x0F, 0x6A, 0xF4, 0x31, 0xE6, 0xD5, 0x63, 0x67, 0xB8,
    0x39, 0xC7, 0x8E, 0xC2, 0x02, 0x27, 0xC3, 0x4C, 0x78, 0x78, 0x9C, 0x63, 0x60, 0xF8, 0xCF, 0xC0,
    0xF0, 0xE1, 0x3F, 0x3F, 0xC3, 0x7F, 0x28, 0xFE, 0x00, 0xE4, 0x63, 0x03, 0x60, 0x29, 0x10, 0xFE,
    0x0F, 0xA5, 0x19, 0x18, 0x00, 0x27, 0xF4, 0x12, 0xEE, 0x78, 0x9C, 0x63, 0x60, 0xF8, 0xC0, 0xCF,
    0xC0, 0xC0, 0xF0, 0xFF, 0x3F, 0x03, 0xC3, 0x07, 0x38, 0xC1, 0xF0, 0x1F, 0x24, 0x86, 0x0B, 0x7C,
    0x00, 0xAB, 0x00, 0x29, 0x41, 0x10, 0x1F, 0xC0, 0x3A, 0xFE, 0xC3, 0x65, 0xE1, 0x92, 0x70, 0x83,
    0x00, 0xCD, 0xF0, 0x1B, 0x13, 0x78, 0x9C, 0x63, 0x60, 0x40, 0x80, 0x0F, 0xFC, 0x60, 0xF2, 0x3F,
    0x88, 0xFA, 0xFF, 0x1F, 0x44, 0x01, 0xC9, 0xFF, 0x40, 0x01, 0x18, 0x9B, 0x01, 0x2C, 0xC1, 0x0F,
    0xA1, 0x60, 0x5C, 0x88, 0xC0, 0x07, 0x04, 0x0D, 0x96, 0x67, 0x80, 0x52, 0x0C, 0xFC, 0x00, 0x9A,
    0x85, 0x23, 0x29, 0x78, 0x9C, 0xFB, 0xFF, 0x1F, 0x04, 0xF8, 0xFF, 0xA3, 0x50, 0x0C, 0x78, 0xC0,
    0x7F, 0x3C, 0x1A, 0x00, 0x14, 0x7E, 0x24, 0x37, 0x78, 0x9C, 0x63, 0x60, 0x00, 0x83, 0xFF, 0x50,
    0xEA, 0x3F, 0x3F, 0x84, 0x82, 0xD3, 0x60, 0x89, 0x0F, 0x08, 0x9A, 0x1F, 0xA1, 0x0C, 0xAC, 0xEA,
    0x03, 0x12, 0xC9, 0x00, 0x55, 0xF6, 0x1F, 0x6A, 0x1A, 0x04, 0x00, 0x00, 0x8F, 0xBD, 0x23, 0x0B,
    0x78, 0x9C, 0x63, 0x60, 0x00, 0x83, 0x0F, 0xFF, 0xFF, 0xF3, 0x33, 0x30, 0xFC, 0x07, 0x02, 0x08,
    0xC9, 0xCF, 0xF0, 0x01, 0x28, 0xC6, 0x0F, 0x96, 0x41, 0x27, 0x41, 0x6A, 0x30, 0x99, 0x1F, 0x40,
    0x4C, 0x88, 0x00, 0x0A, 0xC0, 0x61, 0x08, 0x44, 0x39, 0x00, 0x54, 0xD3, 0x28, 0xC9, 0x78, 0x9C,
    0x65, 0x8F, 0x89, 0x0D, 0xC0, 0x30, 0x08, 0x03, 0xD9, 0x80, 0xFD, 0xB7, 0xF4, 0x06, 0xD7, 0x62,
    0x20, 0xAD, 0x5A, 0x94, 0xE7, 0x30, 0x8A, 0x03, 0x11, 0x77, 0x00, 0x19, 0x1D, 0x70, 0x12, 0xDF,
    0x9D, 0xA8, 0x25, 0x9F, 0xE0, 0xAA, 0xE8, 0x1D, 0x53, 0x28, 0x26, 0x95, 0xC5, 0x4E, 0x31, 0x58,
    0x36, 0xAB, 0x58, 0xAD, 0x0C, 0xC7, 0x70, 0x2E, 0x93, 0xFB, 0xFA, 0xC3, 0x76, 0xA5, 0x96, 0x58,
    0xFB, 0xF9, 0xA1, 0x38, 0x61, 0xDA, 0xB1, 0x57, 0xBE, 0x5A, 0x3B, 0x7D, 0x9F, 0x01, 0x1F, 0x16,
    0xF6, 0xFE, 0x4D, 0xEE, 0x4A, 0xE3, 0x05, 0x3C, 0x39, 0x71, 0xDA, 0x78, 0x9C, 0x65, 0xCD, 0xC1,
    0x0D, 0x00, 0x30, 0x08, 0x02, 0x40, 0x36, 0x60, 0xFF, 0x2D, 0xD9, 0x80, 0xB6, 0xD2, 0xD8, 0x26,
    0xF2, 0xF1, 0x12, 0xA2, 0x02, 0x3B, 0x36, 0xCF, 0x80, 0x06, 0xDC, 0x60, 0xA0, 0x0D, 0x07, 0x08,
    0xDC, 0x60, 0xA0, 0x01, 0x57, 0x3E, 0xE8, 0x81, 0x75, 0x61, 0x6E, 0x56, 0x93, 0x77, 0x17, 0x0B,
    0x8C, 0xF9, 0x4A, 0xF2, 0x78, 0x9C, 0x63, 0x60, 0xF8, 0xF0, 0x1F, 0x08, 0x18, 0x80, 0xE0, 0xFF,
    0x7F, 0x28, 0x0B, 0x89, 0x01, 0x92, 0xE5, 0x07, 0x33, 0x80, 0x2C, 0x24, 0x06, 0x1A, 0x07, 0xCC,
    0x00, 0x01, 0x7E, 0x28, 0x03, 0x48, 0x23, 0x44, 0xFE, 0x23, 0x6B, 0x00, 0x13, 0xD8, 0x19, 0x10,
    0x75, 0x50, 0x5D, 0x1F, 0x60, 0xAE, 0x80, 0x9B, 0x07, 0x00, 0x99, 0x02, 0x5E, 0x93, 0x78, 0x9C,
    0x95, 0x8D, 0xDB, 0x11, 0x00, 0x40, 0x04, 0x03, 0xB7, 0x03, 0xFD, 0x77, 0x99, 0x0E, 0x1C, 0x61,
    0xFC, 0x9F, 0x31, 0xB3, 0xE2, 0x15, 0x80, 0xCC, 0xC0, 0x70, 0x91, 0x0E, 0xD4, 0xA2, 0x52, 0xDD,
    0xD3, 0x2D, 0x15, 0x0D, 0xAD, 0xFC, 0xE7, 0xDC, 0xB3, 0xEF, 0xC7, 0x2E, 0x3C, 0x18, 0x0B, 0x1B,
    0xF3, 0x00, 0xDE, 0x6D, 0x38, 0x14, 0x78, 0x9C, 0x8D, 0x8E, 0xDB, 0x09, 0x00, 0x30, 0x08, 0x03,
    0xDD, 0xA0, 0xFB, 0x6F, 0x99, 0x0D, 0xAE, 0xBE, 0xA1, 0x7F, 0x15, 0x22, 0x87, 0x60, 0x12, 0x33,
    0x01, 0x16, 0x03, 0x4D, 0x0C, 0xF9, 0x5A, 0x70, 0x9D, 0x02, 0x39, 0x84, 0xBE, 0x21, 0x2D, 0x16,
    0xCA, 0x2B, 0x0E, 0xBC, 0xC6, 0x90, 0x4F, 0x1D, 0xAE, 0x29, 0xA1, 0xA9, 0x75, 0x01, 0x88, 0xAC,
    0x57, 0x8B, 0x78, 0x9C, 0x63, 0x60, 0xF8, 0xF0, 0x1F, 0x04, 0x18, 0x18, 0xFE, 0x23, 0xD3, 0xFC,
    0x20, 0x9A, 0x01, 0x0C, 0xD0, 0xE8, 0x0F, 0x20, 0x39, 0x14, 0x1A, 0xA2, 0x1C, 0x9D, 0xC6, 0xA1,
    0x1D, 0xD3, 0x38, 0x88, 0x7A, 0x54, 0x9A, 0x81, 0x01, 0x00, 0xC9, 0x60, 0x45, 0xAC, 0x78, 0x9C,
    0x63, 0x60, 0xF8, 0xF0, 0x1F, 0x04, 0x18, 0x18, 0xFE, 0x23, 0xD3, 0xFC, 0x20, 0x9A, 0x01, 0x0C,
    0xD0, 0xE8, 0x0F, 0x20, 0x39, 0x14, 0x1A, 0xA2, 0x1C, 0x9D, 0xC6, 0xA1, 0x9D, 0xB0, 0x71, 0x10,
    0x1A, 0x00, 0x34, 0xC8, 0x39, 0xC7, 0x78, 0x9C, 0x5D, 0x8D, 0xC1, 0x0D, 0x00, 0x30, 0x08, 0x02,
    0xD9, 0xC0, 0xFD, 0xB7, 0x64, 0x03, 0x1A, 0x44, 0x93, 0xB6, 0x2F, 0x4E, 0x54, 0x00, 0x00, 0x49,
    0x40, 0x54, 0x35, 0x6A, 0x8B, 0x1E, 0xED, 0x70, 0x0E, 0x90, 0x7D, 0x43, 0x94, 0x6B, 0x18, 0xE8,
    0xAF, 0x1F, 0x6A, 0x6E, 0x16, 0xF8, 0x82, 0x26, 0xA3, 0xAB, 0x74, 0x95, 0x77, 0x48, 0xD2, 0x19,
    0x3D, 0xDE, 0x1E, 0x4C, 0xC3, 0x78, 0x9C, 0x63, 0x60, 0xF8, 0xF0, 0x9F, 0x9F, 0x01, 0x42, 0xFC,
    0xFF, 0xCF, 0x80, 0x9D, 0x85, 0x4E, 0xF0, 0x43, 0x59, 0x1F, 0x90, 0x58, 0x10, 0x00, 0x67, 0xF1,
    0xA3, 0xB2, 0x70, 0x58, 0xF1, 0x9F, 0x24, 0x2B, 0x50, 0x58, 0x60, 0x02, 0x00, 0xD0, 0x56, 0x53,
    0xCB, 0x78, 0x9C, 0x63, 0x60, 0xF8, 0xF0, 0x9F, 0x9F, 0x81, 0xE1, 0xFF, 0x7F, 0x06, 0xAC, 0x04,
    0x58, 0x12, 0x1B, 0x41, 0xA4, 0x06, 0x00, 0x25, 0x8D, 0x25, 0xDB, 0x78, 0x9C, 0x63, 0x60, 0x00,
    0x82, 0x0F, 0xFF, 0xF9, 0x19, 0x88, 0xA1, 0xFF, 0xFF, 0x67, 0x20, 0x86, 0xC6, 0x6B, 0xCC, 0x07,
    0xA8, 0xB2, 0xFF, 0xFC, 0x1F, 0x40, 0x34, 0x90, 0xF8, 0x0F, 0x96, 0x06, 0xD1, 0x50, 0x43, 0x40,
    0x5C, 0x00, 0xDF, 0xF8, 0x2D, 0xD3, 0x78, 0x9C, 0x75, 0x8D, 0xD1, 0x15, 0x00, 0x20, 0x08, 0x02,
    0xD9, 0xC0, 0xFD, 0xB7, 0x74, 0x03, 0x22, 0xB4, 0xFA, 0xC9, 0x1F, 0xBA, 0x4E, 0x7C, 0x02, 0xC9,
    0x00, 0x48, 0x54, 0xF8, 0x67, 0xB2, 0xDA, 0x99, 0x97, 0xE8, 0xA1, 0x9E, 0x56, 0x2A, 0xB7, 0x92,
    0x28, 0x35, 0x53, 0xAF, 0x32, 0x0F, 0xC5, 0x3B, 0xF1, 0x25, 0x17, 0xC7, 0x70, 0x65, 0x01, 0x78,
    0xCC, 0x52, 0x90, 0x78, 0x9C, 0x63, 0x60, 0xF8, 0xF0, 0x9F, 0x9F, 0x01, 0x08, 0xFE, 0xFF, 0x67,
    0x20, 0x40, 0x41, 0x15, 0xE2, 0xA3, 0x88, 0x31, 0x04, 0x04, 0xF8, 0x21, 0x14, 0x94, 0xC7, 0x00,
    0x00, 0x97, 0x2F, 0x31, 0xB1, 0x78, 0x9C, 0x5D, 0xCE, 0xD1, 0x0D, 0x00, 0x31, 0x08, 0x02, 0x50,
    0x36, 0x60, 0xFF, 0x2D, 0xD9, 0x80, 0xB6, 0xA8, 0x4D, 0xEF, 0x62, 0x62, 0xDE, 0x0F, 0x28, 0x20,
    0x13, 0xD8, 0xDB, 0x80, 0x9B, 0x1C, 0xFA, 0x52, 0x4D, 0x7F, 0xE8, 0x43, 0x0D, 0x51, 0x94, 0x15,
    0xEE, 0x2D, 0x7A, 0xE8, 0x26, 0x32, 0x09, 0x24, 0x53, 0x5D, 0xE7, 0x88, 0xFE, 0x24, 0xD2, 0x56,
    0x14, 0x43, 0x0D, 0xFB, 0xCF, 0x24, 0x5E, 0x2E, 0xD3, 0x5A, 0x68, 0x98, 0x78, 0x9C, 0x75, 0x8E,
    0xC9, 0x0D, 0x00, 0x30, 0x0C, 0xC2, 0xD8, 0x20, 0xFB, 0x6F, 0x99, 0x0D, 0xDC, 0x56, 0xF0, 0xE8,
    0xA1, 0x7E, 0x90, 0x23, 0x11, 0x40, 0x6A, 0x4A, 0x16, 0x4C, 0x0A, 0x61, 0xE2, 0x4F, 0xCD, 0x32,
    0xE6, 0x9F, 0xEA, 0x9B, 0xB4, 0x11, 0xA9, 0x98, 0x47, 0x2A, 0x0E, 0x4A, 0x70, 0xC2, 0x65, 0x2F,
    0xE7, 0xB0, 0x57, 0x06, 0x2E, 0x14, 0x5B, 0xA5, 0x78, 0x9C, 0x95, 0x8E, 0xC1, 0x0D, 0x00, 0x20,
    0x08, 0x03, 0x6F, 0x03, 0xF6, 0xDF, 0xD2, 0x0D, 0x90, 0x16, 0xD1, 0xB7, 0x24, 0xC0, 0x41, 0x49,
    0x0A, 0x40, 0x66, 0x80, 0x7B, 0x53, 0x3A, 0x60, 0xD5, 0xA8, 0x2C, 0x88, 0xBE, 0xD2, 0xD6, 0xD3,
    0x80, 0x95, 0x3F, 0xC8, 0x07, 0x72, 0xA0, 0xCB, 0x58, 0x5D, 0x73, 0xAD, 0xCF, 0x63, 0x2D, 0xB0,
    0x01, 0x3B, 0xA0, 0x52, 0xDB, 0x78, 0x9C, 0x63, 0x60, 0xF8, 0xF0, 0x1F, 0x08, 0x18, 0x80, 0xE0,
    0xFF, 0x7F, 0x28, 0x0B, 0xC2, 0xE0, 0x07, 0x31, 0x40, 0x18, 0xCA, 0xF8, 0x80, 0xCC, 0x00, 0x73,
    0x30, 0x18, 0x1F, 0x20, 0xD2, 0x50, 0x73, 0x3E, 0x20, 0x8C, 0x81, 0xD0, 0x0C, 0x10, 0x7B, 0xF0,
    0x32, 0xC0, 0xE6, 0x61, 0x67, 0x00, 0x00, 0x1B, 0x55, 0x49, 0xB7, 0x78, 0x9C, 0x95, 0x8E, 0xC1,
    0x11, 0x00, 0x20, 0x08, 0xC3, 0xB2, 0x01, 0xFB, 0x6F, 0xC9, 0x06, 0x55, 0xA9, 0x3D, 0xDF, 0xF2,
    0x69, 0x0A, 0x1C, 0x14, 0x40, 0x2A, 0x18, 0x35, 0x69, 0x0A, 0x7A, 0xDB, 0x36, 0x94, 0xB7, 0x8E,
    0x19, 0x17, 0x98, 0xC9, 0x1F, 0xE8, 0x81, 0x0F, 0xF7, 0x80, 0x6E, 0x8E, 0x3C, 0x3F, 0xAD, 0x1B,
    0x2C, 0xEA, 0xAD, 0x44, 0x25, 0xAD, 0x97, 0xBE, 0x32, 0x2C, 0x16, 0xD4, 0xBB, 0x60, 0xDC, 0x78,
    0x9C, 0x63, 0x60, 0xF8, 0xF0, 0x1F, 0x08, 0x18, 0x80, 0xE0, 0xFF, 0x7F, 0x28, 0x0B, 0x89, 0x01,
    0xC2, 0xFC, 0x10, 0xC6, 0x07, 0x64, 0x06, 0x98, 0x03, 0x67, 0xFC, 0x87, 0x32, 0x3E, 0x40, 0xA4,
    0x41, 0x80, 0x1F, 0xC6, 0x80, 0x99, 0xC7, 0x0F, 0x31, 0xEF, 0x03, 0x6E, 0x06, 0xA6, 0x2D, 0x70,
    0x83, 0xC1, 0x04, 0x00, 0x76, 0x35, 0x56, 0xB9, 0x78, 0x9C, 0x4D, 0x8D, 0xC1, 0x0D, 0x00, 0x20,
    0x0C, 0x02, 0x6F, 0x83, 0xEE, 0xBF, 0xA5, 0x1B, 0xA0, 0x05, 0x53, 0x7D, 0x34, 0x47, 0xC8, 0x85,
    0x02, 0x4B, 0x02, 0xC3, 0xA1, 0xA1, 0x6A, 0x9E, 0xAA, 0x7C, 0x88, 0x90, 0xB1, 0xAD, 0x3B, 0xC4,
    0x4E, 0x51, 0x7F, 0x81, 0x9E, 0xCA, 0x2D, 0x3C, 0xD5, 0xD4, 0xCC, 0xCF, 0xBB, 0xAB, 0x07, 0x1B,
    0x2A, 0x00, 0x44, 0x9E, 0x78, 0x9C, 0xFB, 0xF0, 0x1F, 0x0C, 0xF8, 0x3F, 0xA0, 0xD1, 0x0C, 0x0C,
    0x40, 0x16, 0x03, 0x08, 0x7C, 0x00, 0x71, 0xF0, 0xD0, 0x50, 0x65, 0x84, 0x68, 0x42, 0xC6, 0xA0,
    0x19, 0x07, 0x00, 0x2C, 0xD0, 0x35, 0xBC, 0x78, 0x9C, 0x75, 0xCC, 0xC1, 0x0D, 0x00, 0x20, 0x08,
    0x43, 0xD1, 0xBF, 0x01, 0xFB, 0x6F, 0xE9, 0x06, 0x35, 0xA5, 0x17, 0x34, 0xCA, 0x01, 0x5E, 0x20,
    0x14, 0x09, 0x58, 0x2A, 0x6E, 0x10, 0x68, 0xC0, 0xD7, 0x27, 0x2A, 0x58, 0x13, 0x9F, 0x60, 0x9D,
    0xC1, 0x7E, 0x10, 0xDD, 0x94, 0x4F, 0x17, 0x7D, 0xEF, 0x45, 0xE4, 0xB1, 0x01, 0xB4, 0x47, 0x4D,
    0xB3, 0x78, 0x9C, 0x65, 0xCC, 0xC1, 0x09, 0x00, 0x40, 0x08, 0x03, 0xC1, 0x74, 0x60, 0xFF, 0x5D,
    0xDA, 0x41, 0x2E, 0xC6, 0x87, 0xE8, 0x89, 0x8F, 0x81, 0x15, 0x49, 0x68, 0x48, 0x6D, 0x00, 0x29,
    0x64, 0x23, 0x0E, 0x54, 0x36, 0xFE, 0xBB, 0x2A, 0x0B, 0x2E, 0x07, 0x68, 0xF8, 0x44, 0xCF, 0xC2,
    0xA5, 0xBE, 0x0E, 0x70, 0xD1, 0xE5, 0x01, 0xD4, 0xEA, 0x45, 0xE8, 0x78, 0x9C, 0x6D, 0xCD, 0x8B,
    0x09, 0x00, 0x20, 0x08, 0x04, 0x50, 0x37, 0xB8, 0xFD, 0xB7, 0xBC, 0x0D, 0x2E, 0x7F, 0x19, 0x54,
    0x90, 0xFA, 0x90, 0x54, 0x0A, 0x66, 0x92, 0x19, 0x05, 0x6E, 0x7B, 0x84, 0xF9, 0x18, 0x69, 0x4D,
    0xEF, 0xE7, 0x58, 0xE5, 0xCF, 0x93, 0xDA, 0x38, 0x56, 0x1A, 0x63, 0x96, 0xF3, 0x43, 0x8C, 0x56,
    0x39, 0xCE, 0xA5, 0xE5, 0x3A, 0x80, 0xD7, 0x9D, 0x6E, 0x63, 0xBC, 0x00, 0x45, 0xCF, 0x7D, 0x0B,
    0x78, 0x9C, 0x5D, 0x8E, 0xC1, 0x0D, 0x00, 0x20, 0x08, 0x03, 0xBB, 0x01, 0xFB, 0x6F, 0xC9, 0x06,
    0xD5, 0x52, 0x21, 0x44, 0x1E, 0xE5, 0xF4, 0x08, 0x0A, 0x24, 0x89, 0x1B, 0x01, 0x40, 0xC4, 0x45,
    0x30, 0x59, 0xAA, 0x65, 0x5D, 0x89, 0xD8, 0xE4, 0x79, 0x13, 0x5C, 0x9B, 0x2C, 0x65, 0x63, 0xE4,
    0xB3, 0x6B, 0x49, 0xD3, 0x3C, 0xA6, 0xFC, 0xC9, 0xFF, 0xEC, 0xA8, 0xE3, 0x01, 0x49, 0xF0, 0x49,
    0x99, 0x78, 0x9C, 0x85, 0xCA, 0xC1, 0x09, 0x00, 0x40, 0x08, 0x03, 0xC1, 0x74, 0x60, 0xFF, 0x5D,
    0xDA, 0xC1, 0x9E, 0x06, 0x04, 0x7D, 0xDD, 0x43, 0x06, 0x97, 0x40, 0x48, 0x49, 0x64, 0x0B, 0xDA,
    0xCE, 0xD5, 0x5B, 0x6D, 0xC4, 0x13, 0x2B, 0xEB, 0x5C, 0x43, 0xE7, 0x56, 0xD7, 0xF8, 0x68, 0xC4,
    0xF5, 0x01, 0x1D, 0xB2, 0x39, 0xA9, 0x78, 0x9C, 0x63, 0x60, 0xF8, 0xF0, 0x1F, 0x04, 0xF8, 0x19,
    0x10, 0x8C, 0xFF, 0x30, 0x06, 0x03, 0x58, 0x90, 0x01, 0xCA, 0x80, 0x08, 0x30, 0x20, 0x04, 0xFE,
    0xC3, 0x04, 0x30, 0x64, 0x70, 0x29, 0xC5, 0x22, 0xC3, 0x8F, 0x6A, 0xC8, 0x07, 0x98, 0xE5, 0x50,
    0x06, 0x03, 0x82, 0x01, 0x00, 0x35, 0x06, 0x43, 0x9F, 0x78, 0x9C, 0x63, 0x60, 0x60, 0xF8, 0xFF,
    0xFF, 0x3F, 0x03, 0x88, 0xE4, 0x67, 0x60, 0xF8, 0x00, 0x62, 0xE1, 0x24, 0x41, 0x2A, 0x70, 0x92,
    0x54, 0xD0, 0x0A, 0x71, 0x01, 0x44, 0x02, 0x04, 0x00, 0xE8, 0xF1, 0x2A, 0xD6, 0x78, 0x9C, 0xFB,
    0xC0, 0xCF, 0xF0, 0x01, 0x19, 0xFD, 0xC7, 0x82, 0x18, 0xD0, 0x11, 0x3F, 0x16, 0x04, 0xD6, 0x0F,
    0x00, 0x6D, 0x18, 0x20, 0xE0, 0x78, 0x9C, 0x63, 0x60, 0xF8, 0xF0, 0xFF, 0x3F, 0x3F, 0x03, 0x94,
    0x04, 0x52, 0x0C, 0xF8, 0x48, 0x90, 0x12, 0x86, 0xFF, 0xF8, 0x48, 0xFC, 0x06, 0xE0, 0xD3, 0xFA,
    0xFF, 0x3F, 0x48, 0x09, 0x84, 0x84, 0x00, 0x00, 0x20, 0xD7, 0x2A, 0xD6, 0x78, 0x9C, 0x63, 0x60,
    0x80, 0x80, 0xFF, 0xFF, 0xE1, 0xE4, 0x87, 0xFF, 0xFF, 0xF9, 0x11, 0xE4, 0x07, 0x20, 0xF9, 0x9F,
    0xFF, 0xC3, 0x7F, 0x28, 0xF9, 0x01, 0x28, 0x8A, 0xC4, 0x05, 0x92, 0x20, 0x3D, 0x1F, 0xFE, 0x03,
    0x00, 0xE1, 0x27, 0x1F, 0xD2, 0x78, 0x9C, 0x63, 0x60, 0x80, 0x80, 0x0F, 0xFF, 0xC1, 0x00, 0x4E,
    0x03, 0x00, 0x7C, 0x32, 0x0D, 0xD5, 0x78, 0x9C, 0x63, 0x60, 0x00, 0x82, 0xFF, 0x0C, 0x0C, 0x1F,
    0xFE, 0xF3, 0x43, 0x31, 0x90, 0xF3, 0x1F, 0xCA, 0x01, 0x49, 0x00, 0x01, 0x00, 0xF4, 0x6B, 0x0C,
    0xF4, 0x78, 0x9C, 0x6D, 0x8C, 0xC1, 0x0D, 0x00, 0x30, 0x08, 0x02, 0xD9, 0x80, 0xFD, 0xB7, 0x64,
    0x03, 0x5A, 0xD0, 0xA4, 0x9F, 0x1A, 0x93, 0x43, 0x82, 0x00, 0xB0, 0xB3, 0x90, 0xEF, 0x30, 0x67,
    0xA9, 0xDA, 0xC4, 0x68, 0x6E, 0x84, 0xB1, 0xA3, 0x35, 0xD1, 0x2F, 0x55, 0x7A, 0x5F, 0x5F, 0x2D,
    0xC3, 0x76, 0x11, 0x07, 0x0B, 0xE4, 0x42, 0xEB, 0x78, 0x9C, 0x63, 0x60, 0xF8, 0xFF, 0x9F, 0x01,
    0x0C, 0x08, 0xD0, 0x1F, 0xFE, 0xF3, 0xC3, 0x68, 0x30, 0xF3, 0xC3, 0x7F, 0x10, 0x80, 0xD1, 0xFC,
    0x20, 0x9A, 0x01, 0x44, 0x43, 0xD8, 0xFC, 0x0C, 0x10, 0x39, 0x9C, 0x34, 0xD8, 0x0C, 0x20, 0xFB,
    0x03, 0x54, 0x2B, 0x4C, 0x3B, 0x8A, 0xB1, 0x60, 0x6B, 0x20, 0x0E, 0x00, 0x00, 0x78, 0x64, 0x51,
    0x82, 0x78, 0x9C, 0x63, 0x60, 0x60, 0xF8, 0xF0, 0xFF, 0x3F, 0x03, 0x98, 0xFC, 0xCF, 0xCF, 0xC0,
    0xF0, 0x1F, 0x4C, 0x81, 0x84, 0xFE, 0x83, 0x38, 0x40, 0x11, 0x10, 0xC5, 0x00, 0x56, 0xC0, 0x4F,
    0x98, 0xFA, 0xCF, 0xF0, 0x81, 0x01, 0x66, 0x08, 0xCC, 0x48, 0x88, 0x31, 0x00, 0x2E, 0x32, 0x2A,
    0xD6, 0x78, 0x9C, 0x7D, 0xCD, 0xCB, 0x0D, 0x00, 0x20, 0x08, 0x03, 0xD0, 0x6E, 0xC0, 0xFE, 0x5B,
    0x76, 0x83, 0x0A, 0xAD, 0x31, 0x7A, 0x91, 0x03, 0x79, 0x7C, 0x02, 0xC0, 0x04, 0x55, 0x78, 0x21,
    0xE1, 0x8F, 0xCE, 0x06, 0xD5, 0x51, 0x6E, 0x04, 0xF4, 0xA4, 0xE0, 0xC4, 0x20, 0x87, 0x67, 0x72,
    0x8A, 0x0F, 0x18, 0xEC, 0x33, 0xD4, 0xF5, 0xA1, 0x8C, 0x59, 0x1A, 0x2C, 0xA1, 0xB7, 0x4E, 0xDF,
    0x78, 0x9C, 0x5D, 0x8C, 0xC1, 0x09, 0x00, 0x30, 0x08, 0x03, 0x6F, 0x03, 0xF7, 0xDF, 0xD2, 0x0D,
    0xAE, 0x9A, 0x42, 0x1F, 0x05, 0xF1, 0x8C, 0x89, 0x02, 0x5A, 0x40, 0xAB, 0xB7, 0x8F, 0x6C, 0x6B,
    0x8A, 0xDD, 0xE8, 0x4E, 0x41, 0xBC, 0x87, 0x3D, 0xE2, 0xC7, 0x18, 0x09, 0xE7, 0x67, 0xA2, 0x44,
    0xC2, 0x01, 0x01, 0x89, 0x38, 0xC8, 0x78, 0x9C, 0x63, 0x60, 0x60, 0xF8, 0xFF, 0x9F, 0x9F, 0x81,
    0xE1, 0xC3, 0xFF, 0xFF, 0xFF, 0x41, 0x4C, 0x10, 0x1B, 0xC4, 0x02, 0x0A, 0xF0, 0xC3, 0xC8, 0x0F,
    0x60, 0x61, 0x64, 0x12, 0xA2, 0x04, 0x1B, 0xC9, 0x8F, 0xAA, 0x15, 0x0B, 0x89, 0xAC, 0x1C, 0x00,
    0xAA, 0x4E, 0x31, 0xED, 0x78, 0x9C, 0x7D, 0x8C, 0xC1, 0x0D, 0x00, 0x20, 0x08, 0x03, 0x6F, 0x03,
    0xF6, 0xDF, 0x92, 0x0D, 0x2A, 0x28, 0x68, 0xF8, 0x48, 0x42, 0x38, 0xDA, 0x02, 0xE0, 0x32, 0x17,
    0x51, 0xCA, 0xEA, 0x79, 0x20, 0x1C, 0x65, 0x42, 0x14, 0x58, 0xA8, 0xD9, 0x77, 0xF9, 0xC3, 0x78,
    0xF3, 0x1E, 0x7B, 0x43, 0x06, 0x0E, 0xD4, 0x11, 0xFB, 0xC8, 0x66, 0x64, 0x0B, 0x94, 0x01, 0x0B,
    0x36, 0xD6, 0x56, 0x9B, 0x78, 0x9C, 0x63, 0x60, 0xF8, 0xFF, 0x9F, 0x01, 0x0C, 0x08, 0xD0, 0x1F,
    0xFE, 0xF3, 0xC3, 0x68, 0x30, 0x13, 0x48, 0xFC, 0x07, 0x49, 0x7D, 0xF8, 0x0F, 0x02, 0xFC, 0x20,
    0x9A, 0x01, 0x44, 0x43, 0xD8, 0xFC, 0x0C, 0x10, 0x39, 0x54, 0x1A, 0x09, 0x83, 0xCD, 0xC0, 0x41,
    0xA3, 0x62, 0x88, 0x76, 0x00, 0x95, 0x57, 0x4B, 0xB5, 0x78, 0x9C, 0x63, 0x60, 0xF8, 0xF0, 0x9F,
    0x81, 0x81, 0xE1, 0x3F, 0x9C, 0xF8, 0xC0, 0xCF, 0x80, 0x04, 0x3E, 0xFC, 0xE7, 0xC7, 0x20, 0xFE,
    0xA3, 0x6A, 0x80, 0x13, 0xD8, 0xD4, 0x42, 0x09, 0xA0, 0x0A, 0x00, 0x22, 0x31, 0x24, 0xBE, 0x78,
    0x9C, 0x63, 0x60, 0x60, 0x60, 0xF8, 0xF0, 0x9F, 0x01, 0x04, 0xFE, 0xA3, 0x52, 0xFC, 0x0C, 0x18,
    0xE0, 0x03, 0x44, 0x10, 0x2B, 0xF5, 0x1F, 0xAB, 0x21, 0xC8, 0x14, 0x3E, 0xDD, 0xD8, 0x0C, 0xF9,
    0x00, 0xA6, 0x80, 0x24, 0x3F, 0x32, 0x05, 0x56, 0x07, 0x00, 0xD5, 0x4A, 0x31, 0xC0, 0x78, 0x9C,
    0x8D, 0xCD, 0xC1, 0x0D, 0x00, 0x30, 0x08, 0x02, 0x40, 0x36, 0x60, 0xFF, 0x2D, 0xDD, 0x80, 0x96,
    0xAA, 0xB1, 0xE9, 0xAB, 0xBE, 0x2E, 0x24, 0x20, 0x20, 0x21, 0xEF, 0x03, 0x21, 0x0E, 0xC2, 0xA9,
    0x21, 0xA7, 0x1B, 0x27, 0x48, 0x30, 0x4B, 0xD9, 0x93, 0xAA, 0x27, 0xD5, 0x90, 0xC1, 0x1B, 0xBB,
    0xCA, 0x06, 0x7A, 0x66, 0x10, 0xF5, 0xE1, 0xC1, 0x02, 0xF2, 0x94, 0x4A, 0xC5, 0x78, 0x9C, 0x63,
    0xF8, 0xF0, 0x9F, 0x9F, 0x01, 0x1D, 0xFF, 0xFF, 0xCF, 0x80, 0x8E, 0x09, 0x2B, 0xE3, 0x07, 0x63,
    0x90, 0x38, 0x00, 0x08, 0x54, 0x29, 0xF5, 0x78, 0x9C, 0x63, 0xF8, 0xF0, 0x9F, 0x1F, 0x88, 0x18,
    0x40, 0x18, 0x48, 0x80, 0x00, 0x03, 0x08, 0x43, 0xD9, 0x20, 0x00, 0x92, 0x04, 0x0B, 0xF2, 0x83,
    0xD8, 0xFF, 0xA1, 0x8A, 0x3F, 0x80, 0xD9, 0x0C, 0x0C, 0x10, 0xB5, 0xD8, 0xD9, 0x68, 0x18, 0x6C,
    0x07, 0x12, 0x1B, 0xC6, 0xC7, 0xC6, 0xC6, 0xC4, 0x0C, 0x70, 0x36, 0x00, 0x29, 0x1B, 0x62, 0x9E,
    0x78, 0x9C, 0x63, 0xF8, 0xF0, 0x9F, 0x1F, 0x88, 0x18, 0x18, 0x3E, 0xFC, 0x07, 0x01, 0x18, 0xCD,
    0x0F, 0xA2, 0x19, 0x40, 0x34, 0x84, 0x0D, 0xA2, 0x19, 0x30, 0x68, 0x24, 0x0C, 0x36, 0x03, 0x07,
    0x8D, 0x8A, 0x21, 0xDA, 0x01, 0x2D, 0xEF, 0x40, 0xB1, 0x78, 0x9C, 0x63, 0x60, 0x60, 0xF8, 0xFF,
    0x9F, 0x9F, 0x01, 0x08, 0x3E, 0xFC, 0x07, 0x33, 0x40, 0xD4, 0xFF, 0xFF, 0x60, 0xFA, 0x03, 0x88,
    0x46, 0xC6, 0x1F, 0xFE, 0xF3, 0x7F, 0x80, 0xA8, 0x81, 0xD0, 0x40, 0x31, 0x6C, 0x34, 0x04, 0xFF,
    0x87, 0x18, 0x0C, 0x35, 0x0E, 0x66, 0x3C, 0xCC, 0x3A, 0x00, 0xEF, 0x7A, 0x3D, 0xB4, 0x78, 0x9C,
    0x63, 0x60, 0xF8, 0xFF, 0x1F, 0x84, 0x80, 0xE0, 0x3F, 0x08, 0xF0, 0xC3, 0x18, 0xFF, 0xC1, 0x0C,
    0xFE, 0x0F, 0x20, 0x06, 0x98, 0x80, 0x30, 0xF8, 0x09, 0x32, 0xD0, 0x38, 0xFC, 0x08, 0x63, 0xD0,
    0x6C, 0x60, 0x00, 0xAB, 0x03, 0x2B, 0x85, 0x68, 0x60, 0xC0, 0xCF, 0x80, 0xB8, 0x12, 0x08, 0x00,
    0x53, 0xE7, 0x4D, 0xD1, 0x78, 0x9C, 0x75, 0x8C, 0xC1, 0x0D, 0x00, 0x30, 0x08, 0x02, 0xD9, 0x80,
    0xFD, 0xB7, 0x64, 0x03, 0x5A, 0xD4, 0x3E, 0x9A, 0xB4, 0xC6, 0xE4, 0x90, 0x20, 0x00, 0xEC, 0x2C,
    0xE4, 0x3D, 0xCC, 0x59, 0x54, 0xD9, 0x44, 0x6B, 0x4E, 0x84, 0xB1, 0xA3, 0xD5, 0xD1, 0x27, 0x55,
    0xF4, 0xBC, 0xDE, 0xB5, 0xDD, 0xB1, 0x09, 0xE0, 0x30, 0x95, 0x3F, 0x2E, 0x9D, 0x60, 0x4E, 0xC1,
    0x78, 0x9C, 0x63, 0xF8, 0xF0, 0x9F, 0xFF, 0xC3, 0x7F, 0x06, 0x06, 0x20, 0xFE, 0x0F, 0xA6, 0xFE,
    0xFF, 0xE7, 0x07, 0x53, 0x40, 0x92, 0x01, 0x42, 0x22, 0x28, 0x06, 0x0C, 0xEA, 0x03, 0x44, 0x0A,
    0x3F, 0x05, 0x56, 0x0F, 0x00, 0xE6, 0x11, 0x24, 0xCD, 0x78, 0x9C, 0x45, 0x8C, 0xC1, 0x11, 0x00,
    0x30, 0x08, 0xC2, 0xB2, 0x81, 0xFB, 0x6F, 0xE9, 0x06, 0xB4, 0x2A, 0xB6, 0x1F, 0x73, 0x1C, 0x11,
    0x40, 0x0A, 0xEA, 0x4A, 0x90, 0x85, 0xB8, 0x88, 0xEC, 0x54, 0xCD, 0xC2, 0x22, 0x2D, 0xFE, 0xC8,
    0x8B, 0xF3, 0xA6, 0x1D, 0xF1, 0xA4, 0xC5, 0x03, 0x6D, 0x5C, 0x2D, 0xF1, 0x78, 0x9C, 0x63, 0x60,
    0xF8, 0xFF, 0x9F, 0x01, 0x08, 0xFE, 0xF3, 0xC3, 0xC9, 0x0F, 0x20, 0xF2, 0xC3, 0x7F, 0x20, 0x40,
    0x21, 0x61, 0x0A, 0xD1, 0xC9, 0x0F, 0x08, 0x4D, 0x68, 0x24, 0x44, 0x16, 0x4C, 0xFD, 0x87, 0x71,
    0x18, 0x18, 0x00, 0xF8, 0xD8, 0x31, 0x93, 0x78, 0x9C, 0x63, 0xF8, 0xFF, 0x9F, 0x81, 0x01, 0x0B,
    0xFE, 0xF0, 0x9F, 0x1F, 0x83, 0xC6, 0x87, 0x41, 0xDA, 0x60, 0x34, 0x04, 0xF3, 0x7F, 0x80, 0xD0,
    0x20, 0x00, 0x92, 0xFB, 0xCF, 0x0F, 0xA2, 0x41, 0x92, 0x20, 0x1A, 0x00, 0x9F, 0x34, 0x3F, 0xC1,
    0x78, 0x9C, 0xFB, 0xF0, 0x9F, 0x9F, 0x81, 0xE1, 0xFF, 0x7F, 0x86, 0x0F, 0x28, 0x34, 0x3F, 0x98,
    0x46, 0x60, 0x06, 0x30, 0x0D, 0x94, 0x06, 0xCB, 0x81, 0x94, 0x00, 0x89, 0x0F, 0x70, 0x9A, 0x01,
    0x85, 0x06, 0x0B, 0x03, 0x15, 0xC3, 0x69, 0x06, 0x64, 0x1A, 0xA2, 0x8B, 0x01, 0x00, 0x4C, 0x6B,
    0x2F, 0x2C, 0x78, 0x9C, 0x6D, 0xCB, 0xC1, 0x0D, 0x00, 0x30, 0x08, 0x02, 0x40, 0x36, 0x70, 0xFF,
    0x2D, 0xDD, 0x80, 0x22, 0xD6, 0x47, 0x1B, 0x1F, 0xC4, 0x43, 0x23, 0x09, 0xB0, 0xC3, 0x85, 0x51,
    0x23, 0x9D, 0x9F, 0x34, 0x31, 0x9C, 0x4F, 0xAD, 0x74, 0x17, 0x73, 0x28, 0x84, 0x4B, 0x91, 0x2F,
    0x79, 0xE9, 0xBA, 0x52, 0xC2, 0x01, 0x76, 0xB5, 0x5F, 0xDD, 0x78, 0x9C, 0x4D, 0x8B, 0xC1, 0x0D,
    0x00, 0x30, 0x08, 0x02, 0xD9, 0xC0, 0xFD, 0xB7, 0x74, 0x03, 0xAA, 0x10, 0x62, 0x1F, 0x90, 0x13,
    0x10, 0x68, 0x96, 0x24, 0x23, 0xF1, 0xC1, 0xB8, 0x1A, 0x03, 0x0C, 0x0E, 0x66, 0x74, 0x80, 0x54,
    0x09, 0xB2, 0xCD, 0x77, 0x19, 0x3A, 0xB0, 0x83, 0x95, 0xAE, 0x85, 0x07, 0x9E, 0x8F, 0x36, 0xBB,
    0x78, 0x9C, 0x65, 0xCB, 0xD1, 0x0D, 0x00, 0x40, 0x04, 0x44, 0xC1, 0xD7, 0x81, 0xFE, 0xBB, 0xD4,
    0x81, 0xCB, 0x12, 0x24, 0xEE, 0xCB, 0xB0, 0x16, 0x22, 0x80, 0x30, 0x12, 0xBE, 0xA0, 0x90, 0xB1,
    0x36, 0x25, 0x82, 0x2F, 0x48, 0x58, 0x0C, 0x94, 0xA8, 0xB2, 0xE0, 0xC2, 0x3E, 0xD4, 0xF4, 0x9B,
    0x74, 0xC7, 0xFB, 0x30, 0x1F, 0x0F, 0x83, 0xB0, 0x3B, 0xE3, 0x78, 0x9C, 0x63, 0x60, 0xF8, 0x0F,
    0x02, 0x0C, 0x0C, 0x18, 0x34, 0x88, 0xC5, 0x0F, 0xA5, 0xC1, 0xD4, 0x07, 0x38, 0x97, 0x1F, 0xC2,
    0x45, 0x17, 0xC6, 0xA1, 0x0A, 0x6C, 0x1C, 0x3A, 0x0D, 0x00, 0xC7, 0x69, 0x33, 0xBE, 0x78, 0x9C,
    0x63, 0x60, 0x60, 0xF8, 0xF0, 0x9F, 0x9F, 0x81, 0x81, 0xE1, 0x3F, 0x88, 0x84, 0x30, 0x3F, 0xFC,
    0x67, 0xC0, 0x4A, 0x82, 0x25, 0x31, 0x49, 0xB0, 0x24, 0x4C, 0x27, 0x44, 0x18, 0x53, 0x2B, 0x76,
    0x03, 0x3E, 0xA0, 0x90, 0x48, 0x2A, 0xC1, 0x00, 0x00, 0xFB, 0xC0, 0x2B, 0xD5, 0x78, 0x9C, 0xFB,
    0xC0, 0xFF, 0x81, 0x6C, 0x08, 0x00, 0x9D, 0x05, 0x1D, 0xE3, 0x78, 0x9C, 0x63, 0x60, 0x60, 0xF8,
    0xFF, 0x9F, 0x81, 0x01, 0x46, 0x7E, 0xF8, 0xCF, 0x0F, 0x26, 0x19, 0xB0, 0x92, 0x50, 0x95, 0xFC,
    0x18, 0x24, 0x92, 0xDE, 0xFF, 0x20, 0x12, 0xD3, 0x18, 0x9C, 0x5A, 0xF9, 0x61, 0x3A, 0x3F, 0x80,
    0x95, 0x40, 0x74, 0x42, 0x00, 0x00, 0x1D, 0xDA, 0x2B, 0xE4, 0x78, 0x9C, 0x63, 0x60, 0x80, 0x80,
    0xFF, 0xFF, 0x41, 0xE4, 0x87, 0xFF, 0x40, 0xFA, 0x3F, 0x3F, 0x88, 0xFA, 0x0F, 0xA4, 0xF8, 0x19,
    0xFE, 0xC3, 0xC4, 0xF9, 0x19, 0x00, 0x63, 0xF2, 0x12, 0xEE, 0x78, 0x9C, 0x03, 0x00, 0x00, 0x00,
    0x00, 0x01, 0x78, 0x9C, 0x63, 0x60, 0xF8, 0xF0, 0x9F, 0x81, 0x81, 0xE1, 0x3F, 0x1A, 0xC1, 0xCF,
    0x80, 0x0C, 0x40, 0x42, 0x1F, 0xB0, 0x10, 0x08, 0xB5, 0x70, 0xE2, 0x03, 0x16, 0x02, 0x00, 0xEA,
    0xDD, 0x1E, 0xD3, 0x78, 0x9C, 0x75, 0x8D, 0xC1, 0x0D, 0x00, 0x30, 0x08, 0x02, 0xD9, 0x80, 0xFD,
    0xB7, 0x74, 0x03, 0x0A, 0xD6, 0xB4, 0xFD, 0x94, 0x87, 0x27, 0x24, 0x0A, 0x70, 0xA4, 0x17, 0xD5,
    0x90, 0x95, 0xDD, 0x62, 0x1B, 0xC5, 0x14, 0x93, 0x31, 0x70, 0xA0, 0x01, 0xBE, 0xF0, 0xC5, 0x79,
    0x82, 0x41, 0xF5, 0x34, 0xB9, 0x4B, 0x79, 0xBB, 0x17, 0x0D, 0xDE, 0x3B, 0xC5, 0x78, 0x9C, 0x7D,
    0xCE, 0xD1, 0x09, 0x00, 0x20, 0x0C, 0x03, 0xD1, 0x6C, 0x90, 0xFD, 0xB7, 0xCC, 0x06, 0x27, 0x5A,
    0x0A, 0x8A, 0x68, 0xBF, 0x1E, 0xA5, 0x07, 0x95, 0xA4, 0x80, 0xD6, 0x40, 0x29, 0x0D, 0x70, 0x5C,
    0xA8, 0x8B, 0xE0, 0x17, 0x66, 0xE3, 0x8E, 0x0F, 0xFC, 0xAB, 0x5E, 0x6C, 0x3F, 0x4C, 0xE7, 0xC2,
    0x00, 0x81, 0x43, 0x43, 0x90, 0x78, 0x9C, 0x6D, 0x8D, 0xC1, 0x09, 0x00, 0x30, 0x08, 0x03, 0xB3,
    0x41, 0xF6, 0xDF, 0x32, 0x1B, 0xA4, 0x1A, 0xA9, 0xF4, 0xD1, 0x83, 0x70, 0x42, 0x50, 0x81, 0x0B,
    0x2B, 0x02, 0x4C, 0x99, 0x26, 0x1C, 0x08, 0xC5, 0x55, 0x75, 0x51, 0xDE, 0xF0, 0xE3, 0x99, 0x3D,
    0x7E, 0xD6, 0xDB, 0x73, 0x36, 0x68, 0x9F, 0xE2, 0x00, 0x0D, 0xEC, 0x37, 0x24, 0x78, 0x9C, 0x55,
    0xCD, 0xD1, 0x11, 0x00, 0x20, 0x08, 0x02, 0x50, 0x36, 0x70, 0xFF, 0x2D, 0xDB, 0x80, 0x0C, 0xAC,
    0xD4, 0x1F, 0x9F, 0x87, 0xA7, 0x58, 0x0C, 0x80, 0x04, 0x06, 0x34, 0x40, 0x80, 0x41, 0x83, 0x50,
    0x92, 0x70, 0x92, 0x0B, 0x0F, 0x37, 0x39, 0xA5, 0xD9, 0xA8, 0xD3, 0x0D, 0x8E, 0xA2, 0x61, 0xEC,
    0xB8, 0xD7, 0xC7, 0x8F, 0x0D, 0x6B, 0x91, 0x44, 0x8F, 0x78, 0x9C, 0xFB, 0xC0, 0xFF, 0x01, 0x07,
    0x64, 0x80, 0x02, 0x5C, 0xF2, 0x1F, 0xF8, 0x01, 0x21, 0xBD, 0x19, 0xE7, 0x78, 0x9C, 0x55, 0x8E,
    0x01, 0x0E, 0x00, 0x20, 0x08, 0x02, 0xF9, 0x81, 0xFF, 0xFF, 0xA5, 0x3F, 0x20, 0x44, 0x5D, 0xE5,
    0xA6, 0x97, 0x03, 0x59, 0x00, 0x92, 0x01, 0x14, 0xE8, 0x47, 0x91, 0xA2, 0x86, 0x77, 0x2F, 0x1F,
    0x3F, 0x3B, 0xD7, 0x1E, 0xAD, 0xA8, 0x25, 0x75, 0x68, 0x09, 0xB7, 0x69, 0x3A, 0x7E, 0x0F, 0xDF,
    0xC0, 0x3E, 0xC9, 0x18, 0x32, 0x26, 0xA2, 0xED, 0xFB, 0x2B, 0x87, 0xAB, 0x0E, 0x86, 0xD9, 0x51,
    0xDC, 0x78, 0x9C, 0xFB, 0xC0, 0xCF, 0xF0, 0x81, 0x9F, 0xE1, 0xFF, 0x7F, 0x04, 0xFA, 0x00, 0x16,
    0x01, 0x00, 0x9D, 0x3E, 0x0B, 0xF5, 0x78, 0x9C, 0x5D, 0x8E, 0x01, 0x0A, 0x00, 0x30, 0x08, 0x02,
    0xFD, 0x81, 0xFF, 0xFF, 0x65, 0x3F, 0x70, 0x99, 0x8B, 0xC1, 0x46, 0xCB, 0x23, 0x32, 0x04, 0x80,
    0x92, 0x30, 0xAF, 0x21, 0x58, 0x22, 0xE0, 0x9F, 0x06, 0x79, 0x94, 0x15, 0x4E, 0xF5, 0x5A, 0x8B,
    0xC6, 0x11, 0x6A, 0xB5, 0xC7, 0x1C, 0x4B, 0xF1, 0x5A, 0x1E, 0x71, 0xA9, 0x3E, 0x22, 0xE6, 0x58,
    0x37, 0xC9, 0x94, 0xCB, 0x1E, 0xEC, 0x35, 0xDE, 0x04, 0xC9, 0xA7, 0x0D, 0x3A, 0x68, 0x39, 0xB0,
    0x37, 0x4C, 0x96, 0x78, 0x9C, 0x63, 0x60, 0xF8, 0xCF, 0xFF, 0x9F, 0x81, 0xE1, 0x3F, 0x10, 0x30,
    0x7C, 0x00, 0x32, 0x41, 0x24, 0x18, 0xF1, 0x83, 0xD0, 0x7F, 0x64, 0xF4, 0x1F, 0x28, 0x0F, 0x94,
    0xFA, 0x0F, 0x24, 0x21, 0x9A, 0x00, 0xB7, 0xAE, 0x1E, 0x1F, 0x78, 0x9C, 0x35, 0x4B, 0x8B, 0x09,
    0x00, 0x40, 0x14, 0xB1, 0x81, 0xFD, 0xB7, 0xB4, 0x81, 0x3B, 0xF4, 0x24, 0xF9, 0x04, 0x18, 0x0C,
    0x10, 0x72, 0x68, 0x7E, 0xCE, 0x5E, 0xCA, 0x3C, 0x55, 0x63, 0x26, 0xE6, 0xA4, 0x54, 0x7D, 0x17,
    0x0F, 0x60, 0xCB, 0x1B, 0xD6, 0x78, 0x9C, 0x63, 0x60, 0x00, 0x83, 0xFF, 0x60, 0xC0, 0x8F, 0x4A,
    0x41, 0x64, 0x08, 0x53, 0x0C, 0x0C, 0x00, 0x41, 0x88, 0x17, 0x62, 0x78, 0x9C, 0x63, 0x60, 0x00,
    0x82, 0x0F, 0xFF, 0xFF, 0xFF, 0x47, 0x22, 0x00, 0x63, 0xEC, 0x0B, 0xC8, 0x78, 0x9C, 0x1D, 0x8C,
    0xD1, 0x15, 0x00, 0x00, 0x08, 0x01, 0x6F, 0x03, 0xFB, 0x6F, 0x69, 0x03, 0x45, 0x1F, 0xBA, 0x3C,
    0x82, 0x04, 0xB0, 0xF8, 0xA5, 0x82, 0xF5, 0x8E, 0x4C, 0xAC, 0x29, 0x4A, 0x33, 0xEA, 0xFD, 0xBE,
    0x0B, 0x6E, 0x92, 0xAF, 0x0C, 0xF6, 0x61, 0x73, 0xD2, 0x59, 0x1D, 0xF2, 0x78, 0x9C, 0xFB, 0xF0,
    0xFF, 0xFF, 0x7F, 0xFE, 0x0F, 0x70, 0x02, 0x00, 0x64, 0xF5, 0x0B, 0xF5, 0x78, 0x9C, 0x1D, 0x89,
    0x41, 0x0D, 0x00, 0x30, 0x10, 0x83, 0x70, 0x50, 0xFF, 0x2E, 0xEB, 0x80, 0xAD, 0xF7, 0x21, 0x04,
    0xA8, 0x01, 0x95, 0x8A, 0x69, 0xE8, 0x70, 0xB6, 0xF6, 0xC7, 0x0E, 0x0F, 0x9C, 0x21, 0x13, 0xDE,
    0x78, 0x9C, 0x63, 0x60, 0xF8, 0xF0, 0x9F, 0x01, 0x04, 0x70, 0x53, 0xFF, 0xC1, 0x80, 0x1F, 0x95,
    0xC2, 0xA7, 0x01, 0x15, 0x60, 0xD5, 0x0E, 0x00, 0x76, 0x5F, 0x35, 0x9E, 0x78, 0x9C, 0x63, 0x60,
    0xF8, 0xFF, 0x9F, 0x81, 0x81, 0xE1, 0xC3, 0x7F, 0x10, 0xF5, 0x81, 0xFF, 0x03, 0x88, 0xC3, 0x80,
    0x49, 0xFE, 0xE7, 0x47, 0x65, 0xFE, 0x07, 0x91, 0x20, 0x4D, 0xFC, 0x50, 0x12, 0x00, 0xFA, 0x2C,
    0x1C, 0xB7, 0x78, 0x9C, 0x2D, 0x8B, 0x81, 0x0D, 0x00, 0x40, 0x0C, 0x01, 0x6D, 0x60, 0xFF, 0x2D,
    0x6D, 0xE0, 0x79, 0x6D, 0x9A, 0xAB, 0xA0, 0xC0, 0xC6, 0x26, 0x20, 0xDB, 0xD1, 0x54, 0x89, 0xF1,
    0x3B, 0x6A, 0xBA, 0x4E, 0x0E, 0x2F, 0xCD, 0x56, 0xFB, 0x7E, 0x83, 0x07, 0xE2, 0xFE, 0x1A, 0xF5,
    0x78, 0x9C, 0x63, 0x60, 0x00, 0x83, 0x0F, 0x20, 0xE2, 0x3F, 0x3F, 0x90, 0xF1, 0xFF, 0x3F, 0x90,
    0x01, 0x64, 0x81, 0x19, 0x1F, 0xFE, 0x83, 0xC4, 0x81, 0xC2, 0x0C, 0x00, 0xE1, 0x46, 0x0B, 0xE6,
    0x78, 0x9C, 0x63, 0x60, 0xF8, 0xFF, 0x9F, 0x01, 0x8C, 0xF1, 0x30, 0x3E, 0xFC, 0xE7, 0x47, 0x30,
    0xC0, 0x1C, 0x3C, 0x0C, 0x14, 0x0D, 0x50, 0x63, 0xF8, 0xFF, 0x43, 0x19, 0xFF, 0x51, 0x19, 0x1F,
    0xFE, 0x83, 0xE5, 0xA0, 0x1A, 0x40, 0x00, 0x0F, 0x03, 0xAC, 0x13, 0x04, 0x00, 0x2E, 0xD2, 0x4C,
    0xC3, 0x78, 0x9C, 0x63, 0x60, 0xF8, 0xF0, 0xFF, 0xFF, 0x87, 0xFF, 0xFC, 0x20, 0x0A, 0x4C, 0x03,
    0x29, 0xFE, 0x0F, 0x20, 0x84, 0x42, 0x83, 0x84, 0xFF, 0xF3, 0xFF, 0x47, 0xA5, 0x19, 0xB0, 0xD0,
    0x30, 0x63, 0x18, 0x20, 0xDA, 0x19, 0x80, 0x0C, 0x28, 0xCD, 0xC0, 0x80, 0x4E, 0x03, 0x95, 0x13,
    0x43, 0xC3, 0x94, 0x83, 0x01, 0x00, 0x8E, 0x66, 0x56, 0xB9, 0x78, 0x9C, 0x63, 0xF8, 0xCF, 0xF0,
    0xE1, 0x3F, 0xFF, 0x7F, 0x30, 0xFA, 0xF0, 0x9F, 0x01, 0x00, 0x46, 0x23, 0x09, 0x07, 0x78, 0x9C,
    0x63, 0xF8, 0xC0, 0xCF, 0xC0, 0xF0, 0x1F, 0x84, 0xFF, 0x33, 0x30, 0x7C, 0x80, 0xE0, 0xFF, 0xFF,
    0xFF, 0x83, 0xB9, 0x00, 0xA4, 0x2C, 0x0C, 0xE5, 0x78, 0x9C, 0x63, 0x60, 0x00, 0x82, 0xFF, 0xFF,
    0x19, 0x3E, 0x00, 0x31, 0x90, 0x40, 0xC2, 0xFC, 0x40, 0x71, 0x74, 0xCC, 0xC0, 0x00, 0x00, 0xC8,
    0x66, 0x10, 0xF0, 0x78, 0x9C, 0x63, 0x60, 0xF8, 0xFF, 0x9F, 0x01, 0x88, 0xFF, 0xF3, 0x7F, 0xF8,
    0xCF, 0x0F, 0x22, 0x18, 0x3E, 0x00, 0xD9, 0x50, 0x02, 0x28, 0xC0, 0x00, 0x12, 0xFB, 0x00, 0x22,
    0x20, 0xEA, 0x18, 0x18, 0x00, 0xDD, 0xD9, 0x1C, 0xF3, 0x78, 0x9C, 0x55, 0x8A, 0x81, 0x09, 0x00,
    0x30, 0x0C, 0xC2, 0xF2, 0x81, 0xFF, 0x7F, 0xD9, 0x0F, 0x5C, 0x6D, 0xD9, 0x60, 0xA2, 0x28, 0x41,
    0x58, 0xD5, 0x98, 0x12, 0x56, 0x97, 0xB3, 0xC0, 0x59, 0x04, 0x7D, 0x15, 0xD8, 0xB1, 0x97, 0xE9,
    0xFE, 0x3B, 0xC5, 0xD3, 0x01, 0xE6, 0x70, 0x1B, 0xC7, 0x78, 0x9C, 0x55, 0x8E, 0xD1, 0x0D, 0x40,
    0x31, 0x08, 0x02, 0xDD, 0x80, 0xFD, 0xB7, 0x74, 0x03, 0x2A, 0x22, 0x79, 0x79, 0xFD, 0x30, 0x97,
    0x62, 0xB9, 0x56, 0xB3, 0xE6, 0xCC, 0x20, 0x45, 0xFD, 0x11, 0x32, 0xBC, 0x01, 0x87, 0x47, 0x08,
    0xED, 0x95, 0xA8, 0x8F, 0x36, 0x9C, 0x86, 0x6D, 0xAA, 0xA3, 0x56, 0x9E, 0xD7, 0x8C, 0xB3, 0x4D,
    0x0A, 0x61, 0x13, 0x8A, 0x71, 0xCE, 0x3E, 0x55, 0x0B, 0x93, 0x6D, 0x3F, 0x67, 0xBE, 0x21, 0x7A,
    0xE1, 0xCB, 0x47, 0x8C, 0x78, 0x9C, 0x6D, 0x8E, 0xC1, 0x09, 0x00, 0x41, 0x08, 0x03, 0xED, 0xC0,
    0xFE, 0xBB, 0xB4, 0x83, 0x39, 0x37, 0x41, 0x6F, 0x1F, 0x2B, 0x28, 0x13, 0x02, 0x89, 0x11, 0x9A,
    0xCA, 0x3E, 0xA0, 0x7B, 0xA4, 0xB0, 0x90, 0xC5, 0xF8, 0x46, 0x62, 0xB0, 0x2E, 0xCC, 0x45, 0x36,
    0xB1, 0x95, 0x72, 0x7A, 0x2B, 0x3B, 0x12, 0x21, 0x31, 0xE8, 0x64, 0xB6, 0xDF, 0x78, 0x95, 0x5A,
    0xE7, 0xC3, 0x67, 0x35, 0x7E, 0x55, 0xEF, 0xBA, 0x2D, 0x16, 0xFF, 0xF9, 0x00, 0xD5, 0xA5, 0x4B,
    0x2E, 0x78, 0x9C, 0x4D, 0x8E, 0xD9, 0x01, 0x00, 0x20, 0x08, 0x42, 0xD9, 0xC0, 0xFD, 0xB7, 0x74,
    0x03, 0x02, 0x8F, 0xAA, 0x0F, 0x7D, 0xA2, 0x68, 0xC0, 0x7B, 0x49, 0x56, 0x8A, 0x42, 0x45, 0xB8,
    0x4E, 0xB0, 0x04, 0xDC, 0x5E, 0x14, 0x5A, 0x6D, 0xD1, 0xB6, 0xFC, 0xB0, 0xFB, 0x1E, 0x20, 0x16,
    0xD5, 0x4F, 0x45, 0xE5, 0xB0, 0x6E, 0x41, 0xB3, 0xEC, 0x9B, 0x2E, 0x43, 0x3E, 0x5E, 0xDF, 0xAE,
    0x83, 0x1D, 0x73, 0x98, 0x83, 0xE5, 0xDF, 0xFF, 0xE5, 0x60, 0x1F, 0x6D, 0xF1, 0xC3, 0xD9, 0x82,
    0x03, 0x6F, 0x39, 0x4D, 0xEF, 0x78, 0x9C, 0x63, 0x60, 0x60, 0x60, 0xF8, 0xCF, 0x0F, 0x24, 0x3E,
    0xFC, 0xFF, 0x8F, 0x44, 0x82, 0x44, 0x18, 0x40, 0x4C, 0x14, 0x00, 0x96, 0x64, 0x40, 0x52, 0x82,
    0x9D, 0x89, 0x4A, 0xFE, 0x07, 0x9A, 0x03, 0x24, 0xFF, 0x03, 0xB9, 0x20, 0x12, 0xAC, 0x94, 0x9F,
    0x01, 0x00, 0x88, 0x24, 0x2A, 0xC7, 0x78, 0x9C, 0x65, 0xCE, 0xC1, 0x0D, 0x00, 0x20, 0x0C, 0x02,
    0xC0, 0x6E, 0xC0, 0xFE, 0x5B, 0xB2, 0x01, 0x9A, 0xD2, 0xAA, 0xB1, 0xBC, 0x2E, 0x44, 0xD1, 0x88,
    0x37, 0x6C, 0x08, 0x55, 0x48, 0xDD, 0xDC, 0x0A, 0x5D, 0xC5, 0x97, 0x3E, 0xC3, 0x01, 0x1D, 0xC0,
    0xD8, 0x2B, 0x9E, 0xA6, 0xC2, 0xD0, 0x01, 0x0C, 0x0E, 0x28, 0xF3, 0x80, 0x17, 0xC8, 0x85, 0x79,
    0xD3, 0xDF, 0xCD, 0xE7, 0x0A, 0x0B, 0x89, 0x4C, 0x54, 0xE8, 0x78, 0x9C, 0x65, 0xCE, 0xDB, 0x0D,
    0x00, 0x20, 0x08, 0x03, 0xC0, 0x6E, 0xC0, 0xFE, 0x5B, 0xB2, 0x41, 0x35, 0x2D, 0x82, 0xD1, 0xFE,
    0x70, 0x09, 0x0F, 0x05, 0x94, 0x44, 0x55, 0x86, 0xC1, 0x02, 0x0F, 0xBA, 0x93, 0x55, 0x27, 0x33,
    0xF2, 0xA2, 0xB7, 0x19, 0xC6, 0xBE, 0x42, 0x1A, 0x30, 0xD8, 0x08, 0x23, 0x3F, 0x50, 0xB9, 0x90,
    0x83, 0xD0, 0x85, 0x7F, 0xD3, 0xDF, 0xD5, 0x73, 0x85, 0x05, 0x5E, 0x31, 0x55, 0xF6, 0x78, 0x9C,
    0x65, 0xCD, 0x89, 0x0D, 0x00, 0x20, 0x08, 0x03, 0x40, 0x36, 0xE8, 0xFE, 0x5B, 0x76, 0x83, 0x4A,
    0x5A, 0xBF, 0x28, 0x31, 0xF1, 0x82, 0x50, 0xAB, 0xEE, 0x92, 0xE4, 0x9B, 0x0D, 0xA4, 0x51, 0x69,
    0xB1, 0x0F, 0xEA, 0x19, 0xC6, 0x1A, 0x7E, 0xA0, 0x0D, 0x04, 0x6C, 0x24, 0x66, 0xE5, 0xED, 0xE0,
    0x1E, 0x30, 0xF8, 0x41, 0xAE, 0x0B, 0x3C, 0x80, 0x13, 0xFE, 0x4D, 0xBF, 0xE4, 0xBB, 0x89, 0x01,
    0x83, 0x98, 0x57, 0xD6, 0x78, 0x9C, 0x6D, 0xCF, 0xD1, 0x0D, 0x00, 0x21, 0x08, 0x03, 0x50, 0x36,
    0xE8, 0xFE, 0x5B, 0x76, 0x83, 0x2A, 0x15, 0x39, 0xCF, 0x48, 0xFC, 0x78, 0x9A, 0xA6, 0xC1, 0x88,
    0x73, 0x28, 0xC4, 0x3C, 0x73, 0x24, 0xA1, 0x25, 0x8B, 0x4A, 0x3B, 0x27, 0x27, 0xAF, 0xD1, 0x7E,
    0xE2, 0x43, 0xFA, 0x54, 0xBD, 0x59, 0x51, 0x75, 0x6E, 0xAE, 0x58, 0x0B, 0x25, 0x3E, 0xE4, 0x9D,
    0xFE, 0xE2, 0x21, 0xC4, 0xCA, 0x5D, 0xD7, 0x14, 0xEB, 0x2B, 0x08, 0xB5, 0x06, 0xC8, 0x12, 0x5F,
    0x0B, 0x78, 0x9C, 0x75, 0xCD, 0xD9, 0x0D, 0x00, 0x30, 0x08, 0x02, 0x50, 0x36, 0x70, 0xFF, 0x2D,
    0xD9, 0x80, 0xD6, 0xA3, 0x67, 0x5A, 0xBE, 0x9E, 0xC1, 0x28, 0x00, 0xD0, 0x40, 0xC1, 0x23, 0x6D,
    0x52, 0xCA, 0x5B, 0xC3, 0x37, 0x52, 0x95, 0x7C, 0x48, 0x4B, 0x56, 0x62, 0x57, 0x1D, 0x9E, 0x2F,
    0xD6, 0xB3, 0xBE, 0x94, 0xE2, 0x43, 0x8A, 0x1C, 0xE2, 0x26, 0x43, 0xEE, 0x5D, 0xA3, 0x2B, 0xA6,
    0xBA, 0x34, 0xD4, 0x00, 0xBD, 0x19, 0x57, 0xC7, 0x78, 0x9C, 0x65, 0xCD, 0xC1, 0x0D, 0x00, 0x20,
    0x08, 0x03, 0xC0, 0x6E, 0xC0, 0xFE, 0x5B, 0x76, 0x83, 0xAA, 0x50, 0xD1, 0x84, 0x7E, 0xBC, 0x80,
    0x00, 0x70, 0xA2, 0xC8, 0x07, 0x94, 0xE0, 0x82, 0x4B, 0xC2, 0x83, 0x5B, 0xF7, 0x4F, 0x4F, 0x75,
    0xE4, 0x0A, 0x07, 0xD4, 0xF0, 0x62, 0x6E, 0xA8, 0x80, 0x82, 0x1A, 0x51, 0xE0, 0x80, 0x32, 0x1F,
    0xF8, 0x10, 0xB9, 0x61, 0x4E, 0x66, 0xA7, 0xCE, 0x19, 0x0B, 0x2F, 0x48, 0x59, 0x20, 0x78, 0x9C,
    0x75, 0xCE, 0xD9, 0x15, 0x00, 0x10, 0x0C, 0x04, 0xC0, 0xED, 0x40, 0xFF, 0x5D, 0xA6, 0x83, 0x90,
    0x15, 0x72, 0x3C, 0x7C, 0x90, 0x21, 0x07, 0xC0, 0x96, 0x28, 0xD7, 0x20, 0xA0, 0x2F, 0xE1, 0x26,
    0xFA, 0x3D, 0x9F, 0xE4, 0xA7, 0x15, 0x26, 0xAD, 0x72, 0x6D, 0x3A, 0x2D, 0x2D, 0x2B, 0x64, 0x47,
    0x56, 0x4C, 0x3E, 0x7F, 0x2C, 0x1A, 0xD1, 0x11, 0x77, 0x1C, 0x83, 0x2E, 0x2F, 0xF5, 0x6D, 0x4B,
    0x8A, 0x26, 0x40, 0xA1, 0x71, 0x80, 0x78, 0x9C, 0x95, 0x8E, 0xDB, 0x09, 0x00, 0x30, 0x08, 0x03,
    0xB3, 0x81, 0xFB, 0x6F, 0x99, 0x0D, 0xAC, 0xC6, 0x60, 0xE9, 0x67, 0x45, 0x38, 0xDF, 0x11, 0x00,
    0x32, 0x03, 0x82, 0x82, 0x94, 0x81, 0x9D, 0x94, 0xB3, 0x6B, 0xDC, 0xA1, 0xA2, 0x40, 0xA7, 0xFF,
    0x9C, 0x7D, 0xF8, 0xFC, 0xC8, 0x85, 0x1A, 0x23, 0x41, 0x2B, 0xD1, 0x83, 0x97, 0xE1, 0xCD, 0x87,
    0xDC, 0x87, 0x84, 0x03, 0x97, 0xB1, 0x44, 0xE9, 0x78, 0x9C, 0x63, 0x60, 0x40, 0x80, 0xFF, 0x10,
    0xEA, 0xC3, 0x7F, 0x7E, 0x28, 0x0D, 0x15, 0xF8, 0x0F, 0x17, 0xE0, 0x47, 0x51, 0x08, 0x53, 0x0E,
    0x02, 0x20, 0x55, 0x48, 0x34, 0x3F, 0x88, 0x86, 0xE9, 0x46, 0xA1, 0x3F, 0xA0, 0x19, 0xF6, 0x01,
    0xAA, 0x1C, 0x9D, 0xC6, 0xA1, 0x1D, 0xD3, 0x38, 0x88, 0x7A, 0x54, 0x9A, 0x81, 0x01, 0x00, 0xAB,
    0x4D, 0x50, 0xA1, 0x78, 0x9C, 0x75, 0xCC, 0xD1, 0x0D, 0x00, 0x20, 0x08, 0x43, 0xC1, 0x6E, 0xC0,
    0xFE, 0x5B, 0xBA, 0x41, 0x0D, 0x14, 0x22, 0x68, 0xF4, 0xE7, 0x12, 0xF3, 0x28, 0xE0, 0x6F, 0x41,
    0xD0, 0x42, 0x4A, 0x92, 0xF9, 0x8D, 0x5E, 0xA1, 0x62, 0x46, 0xC0, 0xAE, 0xB9, 0xC8, 0x91, 0x61,
    0x6D, 0x1F, 0x95, 0xDF, 0x7E, 0xCE, 0xDF, 0x39, 0xF5, 0x53, 0x60, 0x03, 0x85, 0x6B, 0x50, 0x83,
    0x78, 0x9C, 0x75, 0x8C, 0x01, 0x0A, 0x00, 0x20, 0x08, 0x03, 0xF7, 0x03, 0xFF, 0xFF, 0x4B, 0x7F,
    0xB0, 0x72, 0x46, 0x69, 0xD1, 0x10, 0x0E, 0xF1, 0x1C, 0x70, 0x42, 0x32, 0xE0, 0x93, 0xA6, 0x15,
    0xA2, 0x6B, 0x76, 0xE2, 0x1C, 0x22, 0x2B, 0x4D, 0xFA, 0x6A, 0x69, 0x74, 0x75, 0x54, 0xA6, 0x7E,
    0xF3, 0xF3, 0xFE, 0xD6, 0xA5, 0xDF, 0x09, 0x0C, 0x01, 0x50, 0x51, 0x91, 0x78, 0x9C, 0x75, 0x8C,
    0x81, 0x09, 0x00, 0x30, 0x08, 0xC3, 0xF2, 0x81, 0xFF, 0x7F, 0xE9, 0x07, 0x1D, 0x45, 0xC6, 0x36,
    0x65, 0xA5, 0x10, 0x90, 0x54, 0x20, 0xC3, 0x05, 0xC9, 0x3D, 0xDC, 0xF7, 0x96, 0x94, 0x63, 0xED,
    0x62, 0x50, 0x1B, 0x06, 0x53, 0xD1, 0x58, 0x7A, 0xE7, 0x67, 0x3E, 0xDF, 0x95, 0xFF, 0x12, 0x16,
    0x57, 0x45, 0x51, 0xA0, 0x78, 0x9C, 0x63, 0x60, 0x00, 0x83, 0x0F, 0x20, 0xE2, 0x3F, 0x3F, 0x90,
    0xF1, 0xFF, 0x3F, 0x88, 0x85, 0x60, 0x7E, 0x60, 0x80, 0x82, 0x0F, 0x20, 0x31, 0xA8, 0x2C, 0x06,
    0xF1, 0x01, 0xA2, 0x01, 0x93, 0x20, 0x52, 0x03, 0x00, 0xF8, 0xEC, 0x30, 0xB2, 0x78, 0x9C, 0x63,
    0x60, 0x60, 0x60, 0xF8, 0xC0, 0x00, 0x02, 0xFF, 0xF9, 0x41, 0x04, 0x88, 0xFC, 0x00, 0x25, 0x41,
    0x02, 0x1F, 0xF8, 0x19, 0xE0, 0xE0, 0x03, 0x54, 0x09, 0x03, 0x6E, 0x12, 0xAA, 0x09, 0x07, 0x49,
    0xA2, 0x56, 0x00, 0xF9, 0xB3, 0x2F, 0xE0, 0x78, 0x9C, 0x63, 0x60, 0x80, 0x80, 0xFF, 0xFF, 0xFF,
    0x33, 0x30, 0x7C, 0x00, 0x92, 0xFC, 0x40, 0x26, 0x08, 0x7D, 0x00, 0x72, 0xF9, 0xA1, 0x92, 0x40,
    0x09, 0x7E, 0xB0, 0x1A, 0x06, 0xDC, 0x24, 0x44, 0x09, 0x2E, 0x92, 0x44, 0xAD, 0x00, 0x52, 0x62,
    0x32, 0xBF, 0x78, 0x9C, 0x63, 0xF8, 0xF0, 0x9F, 0x01, 0x88, 0x18, 0xA0, 0xD4, 0x7F, 0x28, 0x8F,
    0x1F, 0x84, 0xD0, 0xC1, 0x87, 0xFF, 0x60, 0x31, 0xA0, 0x1A, 0x02, 0x14, 0x54, 0x21, 0x3E, 0x8A,
    0x4C, 0x43, 0x00, 0xCC, 0xB2, 0x33, 0x82, 0x78, 0x9C, 0x63, 0x60, 0xF8, 0x0F, 0x04, 0x0C, 0x20,
    0xF0, 0x1F, 0xC6, 0x02, 0x33, 0xF8, 0x19, 0x18, 0x3E, 0x00, 0xB9, 0x60, 0xA1, 0x0F, 0x20, 0x1E,
    0x12, 0x83, 0x1F, 0xC2, 0xF8, 0x80, 0xC4, 0x80, 0x68, 0x46, 0x66, 0x80, 0x35, 0x80, 0x09, 0x0C,
    0x06, 0xAA, 0x6E, 0x98, 0x79, 0x50, 0xAB, 0x10, 0x96, 0xFF, 0x87, 0xAA, 0x87, 0x3A, 0x0B, 0x00,
    0x7F, 0x59, 0x5B, 0xB4, 0x78, 0x9C, 0x75, 0xCE, 0xC9, 0x0D, 0x00, 0x20, 0x08, 0x44, 0xD1, 0xE9,
    0x80, 0xFE, 0xBB, 0xA4, 0x83, 0xAF, 0x32, 0x1C, 0x5C, 0x22, 0x07, 0xF2, 0x82, 0xB2, 0x48, 0x7B,
    0x24, 0x21, 0x4A, 0x40, 0xE2, 0xD2, 0x0A, 0x6B, 0x3A, 0x4A, 0x21, 0x3F, 0x9E, 0x9D, 0x4E, 0x58,
    0x6A, 0x61, 0xF1, 0xD7, 0xDA, 0x30, 0xD7, 0xBA, 0x9F, 0xC8, 0x5B, 0xDA, 0x44, 0xAF, 0xA8, 0x63,
    0xF4, 0xA8, 0x07, 0xF7, 0x70, 0xF9, 0x2F, 0xE7, 0x61, 0x6F, 0x1A, 0x33, 0x33, 0x71, 0x53, 0x78,
    0x9C, 0x95, 0x8E, 0xDB, 0x0D, 0x00, 0x20, 0x08, 0x03, 0xBB, 0x01, 0xFB, 0x6F, 0xC9, 0x06, 0x55,
    0x5B, 0xF1, 0x91, 0xF8, 0x63, 0x13, 0xF0, 0x52, 0x40, 0x00, 0x80, 0xC4, 0x14, 0xC3, 0x6F, 0x92,
    0xE5, 0x3C, 0xAC, 0xC0, 0xAD, 0xEA, 0x21, 0x4D, 0x94, 0x34, 0x12, 0x23, 0x3A, 0x84, 0xBB, 0xF4,
    0x47, 0x1E, 0xA0, 0xCA, 0x1F, 0x70, 0x83, 0x8F, 0x52, 0xAA, 0x55, 0x6B, 0xF9, 0xB0, 0xE7, 0x61,
    0x2E, 0xA0, 0x01, 0x00, 0xA8, 0x5D, 0xD0, 0x78, 0x9C, 0x95, 0x8F, 0xD1, 0x11, 0x00, 0x20, 0x08,
    0x42, 0xDD, 0xA0, 0xFD, 0xB7, 0x74, 0x03, 0x3A, 0x41, 0xB3, 0xFA, 0x93, 0x0F, 0x7B, 0x67, 0x21,
    0x66, 0xF6, 0x08, 0x4B, 0xA7, 0x27, 0x38, 0x1A, 0xEA, 0xC6, 0x3E, 0xD5, 0x13, 0x40, 0x04, 0x4A,
    0x5E, 0xFA, 0x39, 0x2C, 0x80, 0x33, 0xFC, 0x02, 0xC5, 0x8C, 0x00, 0x0D, 0x5A, 0x8A, 0xA5, 0xA2,
    0x4E, 0x78, 0xB4, 0x73, 0xB1, 0xFC, 0xC3, 0x06, 0xBC, 0x0B, 0x5D, 0xC1, 0x78, 0x9C, 0x95, 0x8F,
    0xD1, 0x11, 0xC0, 0x30, 0x08, 0x42, 0xD9, 0xC0, 0xFD, 0xB7, 0x74, 0x03, 0x52, 0x9E, 0x4D, 0xDA,
    0x7E, 0x96, 0x4B, 0x94, 0x13, 0xC5, 0x44, 0x92, 0xDA, 0x16, 0xB0, 0x5D, 0xA2, 0x50, 0x43, 0x2E,
    0xA1, 0xD1, 0xBA, 0x72, 0x3E, 0xB8, 0x7B, 0x33, 0x04, 0x33, 0xC0, 0xAD, 0x72, 0xE3, 0x32, 0x5D,
    0xD8, 0xF7, 0x8B, 0xA0, 0xFC, 0x23, 0x7E, 0xC8, 0xBC, 0x97, 0xB0, 0x57, 0x9D, 0xE5, 0x29, 0x9F,
    0x4F, 0x90, 0x17, 0x12, 0x30, 0x61, 0xCC, 0x78, 0x9C, 0x95, 0x8E, 0xCB, 0x0D, 0x00, 0x20, 0x0C,
    0x42, 0xD9, 0xA0, 0xFB, 0x6F, 0xD9, 0x0D, 0xB0, 0x14, 0x7F, 0x07, 0x2F, 0x92, 0xA8, 0x2F, 0x25,
    0x05, 0x01, 0x80, 0x81, 0x8C, 0x7A, 0x93, 0x0C, 0x0A, 0x28, 0x35, 0x44, 0x01, 0x04, 0x65, 0x6A,
    0xF0, 0x12, 0xA7, 0xB3, 0x97, 0x5A, 0x8E, 0xD3, 0xF1, 0xAA, 0xA0, 0xB3, 0xF2, 0x02, 0x87, 0x7E,
    0x01, 0x0F, 0xA8, 0x01, 0xBE, 0x56, 0xD5, 0x2E, 0xD7, 0x78, 0x7E, 0xCC, 0x06, 0x06, 0x23, 0xD9,
    0x65, 0x05, 0x78, 0x9C, 0x95, 0x8E, 0xDB, 0x0D, 0x00, 0x20, 0x08, 0x03, 0xBB, 0x01, 0xFB, 0x6F,
    0xC9, 0x06, 0x95, 0xF2, 0xD0, 0xC4, 0xF8, 0x23, 0x01, 0x39, 0x40, 0x52, 0x00, 0x38, 0x81, 0xF0,
    0x04, 0xBF, 0xC0, 0x1A, 0x1E, 0x46, 0x5A, 0xE7, 0x22, 0xA6, 0x69, 0x99, 0xA6, 0x08, 0xB0, 0xFA,
    0xA5, 0x6E, 0x56, 0x03, 0x39, 0xF9, 0x03, 0x1E, 0x90, 0x02, 0xEA, 0x19, 0xA9, 0x2D, 0xAE, 0x76,
    0x1F, 0x56, 0x03, 0x2C, 0x33, 0x5B, 0x60, 0x73, 0x78, 0x9C, 0x25, 0x8C, 0x81, 0x09, 0x00, 0x30,
    0x08, 0xC3, 0xF2, 0x41, 0xFF, 0xFF, 0xD2, 0x0F, 0x3A, 0xE3, 0x44, 0xA1, 0x21, 0x2A, 0x01, 0xC2,
    0x14, 0x67, 0x1A, 0xBA, 0xB1, 0x35, 0x2D, 0x0A, 0xA2, 0x5B, 0x67, 0x8F, 0xCA, 0x77, 0x11, 0x6C,
    0x8D, 0x2F, 0x14, 0x77, 0x61, 0x3D, 0xEB, 0x2D, 0x24, 0xCD, 0x78, 0x9C, 0x65, 0x8F, 0xD1, 0x11,
    0xC0, 0x30, 0x08, 0x42, 0xD9, 0x80, 0xFD, 0xB7, 0x64, 0x03, 0x5A, 0x25, 0xA6, 0xCD, 0xC5, 0x8F,
    0xE4, 0x9D, 0x78, 0x88, 0xC0, 0x5D, 0x62, 0x7F, 0x36, 0x61, 0x86, 0xAA, 0xB8, 0xC9, 0x35, 0xF4,
    0x36, 0x94, 0xA6, 0xEA, 0x1D, 0x3D, 0xCA, 0x81, 0xD1, 0x35, 0xA8, 0x0F, 0xCB, 0x22, 0x28, 0x63,
    0xB0, 0x47, 0x1A, 0xCB, 0x62, 0x39, 0x64, 0x45, 0xF6, 0x2E, 0xC7, 0x7F, 0x84, 0x23, 0xD7, 0x84,
    0x6D, 0xCF, 0x5C, 0x00, 0xEE, 0xEB, 0x1E, 0xAA, 0x83, 0x68, 0xC5, 0x78, 0x9C, 0x75, 0x8F, 0x51,
    0x0E, 0x00, 0x30, 0x04, 0x43, 0xDD, 0xC0, 0xFD, 0x6F, 0xB9, 0x1B, 0x74, 0xB1, 0x22, 0x9D, 0x6C,
    0x3E, 0x78, 0x51, 0x1A, 0xCC, 0x24, 0x90, 0x75, 0x15, 0x00, 0xDE, 0xD4, 0x9A, 0x8F, 0x69, 0x19,
    0x08, 0x71, 0x42, 0x4A, 0x10, 0xA0, 0xC7, 0x03, 0x9C, 0xB0, 0x14, 0x3E, 0xC6, 0xB8, 0x8D, 0x63,
    0x01, 0x76, 0x12, 0xB8, 0x19, 0xC1, 0xC3, 0xEA, 0x8B, 0x6C, 0x6C, 0xC6, 0x2A, 0x57, 0xA9, 0x78,
    0x9C, 0x75, 0x8F, 0xDB, 0x0D, 0x00, 0x20, 0x08, 0x03, 0xD9, 0x80, 0xFD, 0xB7, 0xEC, 0x06, 0x55,
    0x0A, 0x1A, 0x31, 0xDA, 0x1F, 0x8E, 0x57, 0x03, 0x66, 0x21, 0x5A, 0x0A, 0x5C, 0x91, 0x9E, 0x0D,
    0x56, 0x85, 0x7B, 0xC4, 0x9A, 0x54, 0xC7, 0x9C, 0xBE, 0xA1, 0x5A, 0x3C, 0x00, 0x32, 0x7D, 0x80,
    0x27, 0xE0, 0x84, 0x8F, 0x31, 0xBB, 0x71, 0x2C, 0x50, 0xF7, 0x2A, 0x09, 0xA8, 0x93, 0x23, 0xB6,
    0x1F, 0x06, 0x41, 0x86, 0x59, 0x89, 0x78, 0x9C, 0x75, 0x8E, 0xC1, 0x0D, 0xC0, 0x30, 0x08, 0x03,
    0xBD, 0x01, 0xFB, 0x6F, 0xC9, 0x06, 0x97, 0x80, 0x79, 0xD0, 0xAA, 0xE5, 0x01, 0x27, 0x0C, 0x96,
    0x25, 0x09, 0x42, 0x55, 0x09, 0x34, 0x40, 0x7A, 0x75, 0xFB, 0x68, 0x57, 0xD5, 0xAA, 0x3E, 0xAC,
    0xA3, 0x37, 0x8C, 0xC4, 0x02, 0x7B, 0x7D, 0x40, 0x18, 0x72, 0xC3, 0x8F, 0x31, 0x4F, 0xE3, 0x7A,
    0xA0, 0x03, 0x3B, 0x7C, 0x25, 0x77, 0xF6, 0x9A, 0x31, 0x11, 0x7B, 0x71, 0x00, 0x21, 0xC9, 0x5A,
    0xB5, 0x78, 0x9C, 0x75, 0x8E, 0x89, 0x09, 0x00, 0x30, 0x08, 0x03, 0xB3, 0x41, 0xF6, 0xDF, 0xD2,
    0x0D, 0xD2, 0xFA, 0x81, 0x2D, 0x6D, 0x10, 0x39, 0xD4, 0x04, 0x01, 0x18, 0xBD, 0xB6, 0x44, 0x48,
    0x0D, 0x3C, 0xE0, 0x56, 0xDC, 0x59, 0x1B, 0x06, 0xD4, 0x4A, 0x03, 0x2C, 0x22, 0x1E, 0xC0, 0x04,
    0x9B, 0xF0, 0x09, 0xD6, 0x19, 0xEC, 0x06, 0x21, 0x9A, 0xD2, 0xE9, 0xCA, 0xC7, 0x54, 0x1F, 0xD7,
    0x60, 0x01, 0x31, 0x26, 0x56, 0xF5, 0x78, 0x9C, 0x85, 0xCE, 0xC1, 0x0D, 0x00, 0x20, 0x08, 0x03,
    0xC0, 0x6E, 0xC0, 0xFE, 0x5B, 0x76, 0x83, 0xAA, 0x15, 0x08, 0xBE, 0x6C, 0x62, 0x2E, 0x9A, 0x2A,
    0x02, 0x3B, 0x01, 0x87, 0x4A, 0xE4, 0x03, 0xE9, 0xEE, 0x13, 0x10, 0x23, 0xEE, 0x50, 0xC1, 0xE3,
    0x6E, 0x4C, 0x6B, 0xF9, 0x62, 0x2B, 0x57, 0x6C, 0xBE, 0xAE, 0x39, 0x8D, 0xEA, 0xE9, 0x69, 0x7C,
    0xAC, 0x8F, 0x3C, 0x2E, 0xE2, 0x0F, 0x44, 0x8F, 0x78, 0x9C, 0x63, 0x60, 0xF8, 0xF0, 0x9F, 0x9F,
    0x01, 0x0C, 0xFE, 0xFF, 0x67, 0xC0, 0x60, 0xFC, 0x87, 0xB0, 0xFF, 0xC3, 0x58, 0x30, 0x06, 0x58,
    0xD3, 0x7F, 0x20, 0x01, 0x66, 0x7C, 0xC0, 0xC1, 0x80, 0x9A, 0x05, 0xD1, 0xF0, 0x1F, 0xA6, 0x9B,
    0x1F, 0xDD, 0x3C, 0x64, 0x3B, 0xE1, 0xAE, 0xC1, 0x64, 0x00, 0x00, 0x1C, 0xB2, 0x48, 0xB8, 0x78,
    0x9C, 0x55, 0x8E, 0xDB, 0x15, 0x00, 0x30, 0x04, 0x43, 0xB3, 0x41, 0xF7, 0xDF, 0xD2, 0x06, 0x2A,
    0x09, 0x7D, 0x7C, 0xE0, 0x1E, 0x12, 0x00, 0x40, 0xE6, 0x02, 0x54, 0x4D, 0x31, 0x50, 0xB9, 0x58,
    0xE0, 0x38, 0x10, 0x9C, 0x33, 0x08, 0x31, 0x20, 0x49, 0xD0, 0xE4, 0x35, 0x9E, 0xB0, 0xFD, 0x80,
    0x9C, 0xD9, 0x57, 0xEF, 0xD2, 0x4F, 0xD8, 0xD6, 0xEC, 0x8E, 0x1E, 0x1A, 0x58, 0x7D, 0xAA, 0x74,
    0x1B, 0x2F, 0x24, 0x58, 0xD5, 0x78, 0x9C, 0x6D, 0x8C, 0x81, 0x09, 0x00, 0x30, 0x08, 0xC3, 0xFC,
    0xA0, 0xFF, 0x7F, 0xE9, 0x07, 0x9D, 0x6B, 0x1D, 0x82, 0x4C, 0x18, 0x91, 0xD9, 0x34, 0x62, 0x86,
    0x46, 0x12, 0x8B, 0x7D, 0xE0, 0x3A, 0x3C, 0x61, 0x4D, 0xC5, 0xAF, 0x51, 0x9A, 0x04, 0x9A, 0xA9,
    0x6F, 0x84, 0x77, 0x74, 0x04, 0x2A, 0xAF, 0x97, 0x8E, 0x7E, 0x99, 0x22, 0x5B, 0x9D, 0x5A, 0x5C,
    0xAA, 0x0B, 0x71, 0x00, 0x56, 0x5A, 0x4F, 0xDE, 0x78, 0x9C, 0x6D, 0x8C, 0xC1, 0x0D, 0x00, 0x30,
    0x08, 0x02, 0xD9, 0x80, 0xFD, 0xB7, 0x74, 0x03, 0x6A, 0xC1, 0xA6, 0x7D, 0xD4, 0xC4, 0x9C, 0x18,
    0x00, 0x78, 0x87, 0x41, 0x29, 0x94, 0x18, 0xA9, 0x57, 0x42, 0xC7, 0x86, 0xEF, 0xB4, 0x7B, 0x07,
    0x3A, 0xE5, 0x80, 0xC2, 0xF2, 0x9B, 0xC8, 0xCD, 0xB1, 0xD0, 0xDD, 0xBD, 0x15, 0xEB, 0x97, 0x65,
    0x6A, 0xA2, 0xB7, 0x96, 0x9B, 0xEE, 0x22, 0x16, 0x09, 0xC6, 0x4D, 0xEF, 0x78, 0x9C, 0x6D, 0x8E,
    0xD9, 0x0D, 0x00, 0x20, 0x0C, 0x42, 0xD9, 0x80, 0xFD, 0xB7, 0x64, 0x03, 0xA4, 0x47, 0xF4, 0x47,
    0x62, 0x43, 0x8F, 0xD7, 0x46, 0xE0, 0x4A, 0x36, 0xCB, 0x1D, 0x4D, 0xB9, 0x9E, 0x97, 0x81, 0x12,
    0xC6, 0x47, 0xA1, 0x0A, 0x6C, 0x9E, 0xB3, 0x1E, 0x57, 0xB7, 0x89, 0xC9, 0xB9, 0x08, 0xAB, 0x5D,
    0xB9, 0x06, 0xFD, 0xBA, 0xDA, 0xBD, 0xAB, 0xEF, 0x2C, 0xFB, 0x1B, 0x75, 0x8B, 0x38, 0xF5, 0x4E,
    0x54, 0xBB, 0x78, 0x9C, 0x75, 0x8D, 0x51, 0x0A, 0x00, 0x30, 0x08, 0x42, 0xBB, 0x81, 0xF7, 0xBF,
    0xA5, 0x37, 0x70, 0x65, 0xD1, 0xD8, 0xC7, 0x82, 0x78, 0x21, 0x6A, 0x11, 0x3B, 0x52, 0xAE, 0x09,
    0x26, 0xB9, 0xAC, 0x2B, 0x65, 0x84, 0x49, 0xD8, 0xF9, 0xE4, 0xD4, 0xFE, 0xF6, 0x35, 0x69, 0xB9,
    0x33, 0x14, 0xC6, 0x02, 0xFA, 0x8B, 0x2C, 0xFD, 0x48, 0x53, 0x13, 0xBD, 0xB5, 0xF0, 0xFB, 0xEA,
    0x42, 0x1C, 0xA7, 0x5D, 0x59, 0xD4, 0x78, 0x9C, 0x6D, 0x4E, 0x41, 0x0A, 0x00, 0x30, 0x08, 0xF2,
    0x07, 0xFE, 0xFF, 0x97, 0xFD, 0xC0, 0x95, 0x35, 0x3A, 0x6C, 0x22, 0x68, 0x62, 0x11, 0x00, 0x99,
    0x08, 0x31, 0xB9, 0x7A, 0xF3, 0x07, 0x52, 0x31, 0x7B, 0x09, 0xD6, 0x68, 0x0D, 0xC7, 0x44, 0x7B,
    0x4E, 0x85, 0x15, 0x97, 0x8F, 0xAE, 0x7E, 0x35, 0xAC, 0x9A, 0xD5, 0x3D, 0xCB, 0x79, 0x07, 0xC9,
    0x03, 0x22, 0xE7, 0x4E, 0xDF, 0x78, 0x9C, 0x6D, 0x8C, 0xCB, 0x11, 0x00, 0x31, 0x08, 0x42, 0xE9,
    0x80, 0xFE, 0xBB, 0xA4, 0x03, 0x36, 0xA0, 0x33, 0x7B, 0x48, 0x3C, 0xF8, 0x1C, 0x3E, 0x02, 0x80,
    0xCD, 0xB3, 0x21, 0xDB, 0x25, 0x55, 0x7A, 0xA9, 0xF5, 0x31, 0xF6, 0x35, 0x47, 0x8E, 0x93, 0x7A,
    0x82, 0x1E, 0xAA, 0x32, 0x31, 0x37, 0x37, 0xC2, 0xC8, 0xB9, 0x35, 0xD1, 0x27, 0x55, 0x7A, 0xAB,
    0xFF, 0x5B, 0x86, 0xFD, 0x45, 0x7C, 0x9C, 0xA7, 0x53, 0xCB, 0x78, 0x9C, 0x55, 0x8D, 0x81, 0x11,
    0x00, 0x30, 0x04, 0x03, 0xB3, 0x81, 0xFD, 0xB7, 0xCC, 0x06, 0xA9, 0xA8, 0x6A, 0xEB, 0x8E, 0x7B,
    0x11, 0x00, 0x90, 0xA2, 0x12, 0x54, 0x86, 0x4B, 0xA3, 0x23, 0x65, 0xB9, 0x0B, 0x1A, 0x6B, 0x90,
    0x4A, 0x63, 0x6C, 0xE4, 0x78, 0x9F, 0x35, 0x09, 0xBC, 0xBE, 0x07, 0x35, 0x58, 0xAF, 0xF8, 0x6D,
    0x19, 0x4B, 0x8F, 0x73, 0xDF, 0x65, 0x01, 0x0F, 0x96, 0x5B, 0xC3, 0x78, 0x9C, 0x85, 0x8C, 0xC1,
    0x0D, 0x00, 0x30, 0x08, 0x02, 0x6F, 0x03, 0xF7, 0xDF, 0xD2, 0x0D, 0xA8, 0x92, 0x68, 0xDA, 0x57,
    0x3F, 0x5C, 0x20, 0xE4, 0x80, 0x94, 0x70, 0x2A, 0x40, 0x46, 0x4F, 0xEA, 0x52, 0x4B, 0x03, 0x1F,
    0xE2, 0x0F, 0x91, 0x8C, 0x64, 0x94, 0xAB, 0x71, 0x2E, 0x2C, 0xAD, 0xCF, 0xD5, 0x9E, 0xE3, 0x01,
    0x74, 0x05, 0x35, 0xF8, 0x78, 0x9C, 0x65, 0x8D, 0xC1, 0x09, 0x00, 0x30, 0x08, 0x03, 0xDD, 0xC0,
    0xFD, 0xB7, 0xEC, 0x06, 0x69, 0xBC, 0x80, 0x14, 0xEA, 0x23, 0x21, 0x7A, 0x6A, 0xD5, 0x96, 0xD0,
    0xA3, 0x26, 0xC4, 0x8E, 0xD2, 0xDD, 0x88, 0x55, 0xD7, 0x57, 0x21, 0xCC, 0x2B, 0xEA, 0x68, 0x7A,
    0x16, 0xA6, 0x23, 0xB1, 0x3A, 0xC6, 0x6C, 0xED, 0x3D, 0xBB, 0xE6, 0x01, 0x30, 0x37, 0x41, 0x79,
    0x60, 0xBD, 0xD3, 0x60, 0x44, 0xDA, 0x78, 0x9C, 0x6D, 0x8E, 0x8B, 0x0D, 0x00, 0x30, 0x04, 0x44,
    0x6D, 0x70, 0xFB, 0x6F, 0x69, 0x83, 0x2B, 0x8E, 0x68, 0x9A, 0x4A, 0xE4, 0xF9, 0x1D, 0xCC, 0x6E,
    0x83, 0xE0, 0x14, 0x49, 0x28, 0xE5, 0x9D, 0x1A, 0x67, 0xCC, 0xBE, 0xB6, 0x2A, 0x36, 0xB2, 0xE0,
    0x84, 0x27, 0xB3, 0x18, 0x3E, 0x71, 0xB5, 0x23, 0x5E, 0xA2, 0x5F, 0x78, 0x19, 0x7A, 0xD4, 0x76,
    0xED, 0x2F, 0x81, 0xCE, 0x25, 0x0E, 0xCB, 0xD9, 0x43, 0xCC, 0x78, 0x9C, 0x6D, 0x8E, 0x01, 0x0E,
    0x00, 0x20, 0x08, 0x02, 0xFD, 0x01, 0xFF, 0xFF, 0xA5, 0x3F, 0x20, 0x54, 0x56, 0xAD, 0xC5, 0x6A,
    0xB7, 0x52, 0x94, 0x88, 0xAD, 0x24, 0x51, 0xA4, 0x34, 0x4F, 0x53, 0x47, 0x85, 0xD4, 0x65, 0x7C,
    0x64, 0x5B, 0x5E, 0xB6, 0x6A, 0x27, 0xDA, 0x56, 0x9F, 0xF4, 0x88, 0xE6, 0xD4, 0x0F, 0xE1, 0xE5,
    0x2F, 0xE5, 0x87, 0xD3, 0xE0, 0x8A, 0x13, 0x83, 0x05, 0xB7, 0x70, 0x4A, 0x98, 0x78, 0x9C, 0x63,
    0x60, 0x60, 0xF8, 0x0F, 0x46, 0x0C, 0x1F, 0xFE, 0xF3, 0x03, 0x11, 0x32, 0x0D, 0x11, 0xC7, 0x00,
    0xFF, 0x41, 0xB2, 0x20, 0xF9, 0xFF, 0xFF, 0xA1, 0x14, 0xB2, 0x36, 0x90, 0x20, 0x10, 0xC3, 0xD8,
    0x60, 0x69, 0x20, 0x1B, 0x41, 0x83, 0x35, 0x63, 0xA1, 0x81, 0xFA, 0xF9, 0xC1, 0xA6, 0x43, 0xCC,
    0x07, 0x6B, 0x80, 0x58, 0x07, 0xA2, 0x00, 0x6A, 0x29, 0x45, 0xAC, 0x78, 0x9C, 0x63, 0x60, 0xF8,
    0xC0, 0x00, 0x04, 0xFF, 0x81, 0xF8, 0xC3, 0x7F, 0x7E, 0x10, 0x01, 0x62, 0xFE, 0x87, 0xF3, 0xC1,
    0x32, 0xA8, 0x00, 0xAA, 0x0E, 0x85, 0x40, 0xE8, 0x42, 0x25, 0xB0, 0xA9, 0x85, 0x12, 0x40, 0x15,
    0x00, 0x7B, 0x44, 0x29, 0xAA, 0x78, 0x9C, 0x63, 0x60, 0x80, 0x81, 0xFF, 0x20, 0xE2, 0xC3, 0x7F,
    0x7E, 0x10, 0x01, 0x22, 0xFF, 0xFF, 0x07, 0x89, 0x80, 0x09, 0x06, 0x10, 0x1F, 0x0B, 0x00, 0xAB,
    0xC6, 0x42, 0x42, 0x35, 0x61, 0x27, 0x71, 0x69, 0x82, 0x91, 0x20, 0x85, 0x00, 0x61, 0xA2, 0x29,
    0xD7, 0x78, 0x9C, 0x63, 0x60, 0xF8, 0xFF, 0x9F, 0x9F, 0x81, 0xE1, 0xC3, 0xFF, 0xFF, 0xFF, 0x19,
    0x80, 0x4C, 0x20, 0xF9, 0x01, 0xC8, 0xFF, 0xCF, 0xFF, 0x01, 0x24, 0xC8, 0x80, 0x02, 0x40, 0x12,
    0xD8, 0x48, 0x90, 0x4E, 0x9C, 0x24, 0x2E, 0x4D, 0x30, 0x12, 0xA4, 0x10, 0x00, 0x5E, 0xB0, 0x2C,
    0xC5, 0x78, 0x9C, 0x63, 0xF8, 0xCF, 0xC0, 0xF0, 0x9F, 0xFF, 0x03, 0x12, 0x62, 0x00, 0x89, 0x30,
    0xA0, 0x00, 0x90, 0x28, 0x36, 0xF2, 0x3F, 0x58, 0x1D, 0x0E, 0x12, 0x97, 0x26, 0x18, 0x09, 0x52,
    0x08, 0x00, 0xDC, 0x6A, 0x29, 0xD7, 0x78, 0x9C, 0x65, 0x8D, 0x89, 0x0D, 0x00, 0x30, 0x08, 0x02,
    0xD9, 0x80, 0xFD, 0xB7, 0x64, 0x03, 0xFA, 0x88, 0x6D, 0x9A, 0x9A, 0x18, 0x2F, 0x22, 0x08, 0xDC,
    0x12, 0x03, 0x36, 0xE4, 0x82, 0x59, 0x59, 0x9D, 0xC9, 0x56, 0x18, 0x53, 0x24, 0x04, 0x64, 0xFA,
    0x71, 0xAB, 0x61, 0x5A, 0x14, 0xA8, 0xD6, 0xCA, 0x50, 0x83, 0x7F, 0x60, 0x41, 0xEE, 0x8C, 0x37,
    0x78, 0x27, 0x33, 0xAF, 0xF7, 0x1C, 0x69, 0x47, 0x53, 0xAD, 0x78, 0x9C, 0x7D, 0xCC, 0xC1, 0x0D,
    0x00, 0x20, 0x08, 0x03, 0xC0, 0x6E, 0xC0, 0xFE, 0x5B, 0xB2, 0x41, 0xA5, 0x45, 0xA2, 0x0F, 0x23,
    0x31, 0xE6, 0xB4, 0x55, 0x00, 0x60, 0xC0, 0x93, 0x05, 0x9B, 0xE4, 0x46, 0x88, 0x4A, 0x6A, 0x09,
    0xA0, 0x5B, 0x67, 0xEA, 0xD4, 0x17, 0x95, 0x4F, 0x57, 0x13, 0x06, 0x0C, 0x6D, 0xD9, 0xC0, 0x03,
    0x7E, 0x35, 0xF8, 0xF4, 0x72, 0xBE, 0xB9, 0xB0, 0xE3, 0x05, 0x67, 0xA9, 0x54, 0xBB, 0x78, 0x9C,
    0x63, 0x60, 0x40, 0x80, 0xFF, 0x10, 0xEA, 0xC3, 0x7F, 0x7E, 0x34, 0x1A, 0x2A, 0xF1, 0x1F, 0x4D,
    0x02, 0xA6, 0x01, 0x0D, 0x40, 0x95, 0x01, 0xB5, 0x81, 0x18, 0x20, 0x0A, 0x64, 0x00, 0x90, 0x06,
    0x1B, 0x84, 0x8C, 0x81, 0x06, 0x7D, 0x80, 0xA8, 0x81, 0xD0, 0x40, 0x31, 0x6C, 0x34, 0x04, 0xFF,
    0x87, 0x18, 0x0C, 0x35, 0x0E, 0x66, 0x3C, 0xCC, 0x3A, 0x00, 0x39, 0xFF, 0x4A, 0xA7, 0x78, 0x9C,
    0x6D, 0x8D, 0xC1, 0x0D, 0x00, 0x30, 0x08, 0x02, 0xD9, 0xC0, 0xFD, 0xB7, 0x74, 0x03, 0xAA, 0xA5,
    0xA6, 0x3C, 0x34, 0x31, 0xA7, 0x06, 0x10, 0xF0, 0x0A, 0x21, 0x29, 0x92, 0xA1, 0x95, 0xBE, 0x82,
    0x23, 0xC3, 0x5A, 0xDF, 0xD5, 0x43, 0xA3, 0xFD, 0xC5, 0x9B, 0xE3, 0x9D, 0x8C, 0x94, 0x46, 0xAC,
    0xDB, 0x46, 0x35, 0x15, 0xFC, 0xE2, 0x26, 0x7E, 0xDE, 0x1D, 0xED, 0x5C, 0x48, 0xB8, 0x78, 0x9C,
    0x6D, 0x8E, 0x01, 0x0E, 0x00, 0x20, 0x08, 0x02, 0xFD, 0x81, 0xFF, 0xFF, 0xA5, 0x3F, 0x20, 0x09,
    0x56, 0xAE, 0xC5, 0x62, 0xB7, 0x96, 0x90, 0x11, 0x47, 0x05, 0x24, 0x89, 0x96, 0xAE, 0x66, 0x9F,
    0x7E, 0x28, 0x3A, 0x3E, 0x72, 0x8C, 0xF3, 0xE9, 0x18, 0x36, 0x8B, 0x9C, 0xEE, 0x1E, 0x55, 0x99,
    0x70, 0xF5, 0x43, 0x19, 0x2A, 0xC6, 0x58, 0x27, 0xEF, 0x77, 0x0B, 0xD0, 0xDD, 0x4F, 0x75, 0x78,
    0x9C, 0x65, 0x8D, 0x01, 0x0E, 0x00, 0x30, 0x04, 0x03, 0xFD, 0xC0, 0xFF, 0x7F, 0xD9, 0x1F, 0x98,
    0x16, 0x93, 0x65, 0x12, 0x71, 0x99, 0xB3, 0x9A, 0x6D, 0x45, 0x64, 0x17, 0x38, 0x08, 0x58, 0x20,
    0x72, 0xE3, 0x56, 0x00, 0x97, 0x6E, 0xCF, 0xB9, 0x6B, 0xA6, 0x5A, 0x4A, 0xB0, 0x0A, 0x20, 0x50,
    0xC0, 0x00, 0x52, 0x62, 0x2F, 0xCC, 0xEB, 0x0F, 0xED, 0x45, 0x67, 0xCC, 0xC7, 0x37, 0xEA, 0x86,
    0x1F, 0x41, 0x32, 0x54, 0x9D, 0x78, 0x9C, 0x63, 0x60, 0x60, 0xF8, 0x0F, 0x46, 0x0C, 0x1F, 0xFE,
    0xF3, 0x03, 0x11, 0x82, 0x86, 0x89, 0x63, 0x80, 0xFF, 0x60, 0x59, 0xA0, 0xBA, 0xFF, 0x10, 0xE5,
    0x20, 0x00, 0xA6, 0x3F, 0x80, 0x68, 0x64, 0x8C, 0x6E, 0x24, 0x50, 0x0C, 0x1B, 0x0D, 0xC1, 0xFF,
    0x21, 0x06, 0x43, 0x8D, 0x83, 0x19, 0x0F, 0xB3, 0x0E, 0x00, 0x06, 0x8C, 0x49, 0xA8, 0x78, 0x9C,
    0x63, 0x60, 0xF8, 0xF0, 0x9F, 0x01, 0x04, 0x3E, 0xFC, 0xE7, 0x47, 0xA1, 0x18, 0xD0, 0xC1, 0x7F,
    0x30, 0xE0, 0x47, 0xA5, 0xD0, 0x15, 0xE1, 0x36, 0x0C, 0x00, 0x10, 0x61, 0x21, 0xD0, 0x78, 0x9C,
    0x55, 0x8C, 0x89, 0x0D, 0x00, 0x30, 0x08, 0x02, 0xD9, 0x80, 0xFD, 0xB7, 0x64, 0x03, 0x8A, 0xF6,
    0x37, 0xD1, 0x13, 0x7C, 0x80, 0x13, 0x36, 0x41, 0x40, 0x76, 0x75, 0x0D, 0xB7, 0x44, 0xF1, 0xC9,
    0x58, 0x54, 0x56, 0xAC, 0xA6, 0x52, 0xE2, 0xD1, 0x7B, 0xB6, 0x58, 0xDE, 0x3A, 0xFF, 0xDE, 0x95,
    0xC4, 0x74, 0x6F, 0x0C, 0xBB, 0xAB, 0x46, 0x9C, 0x78, 0x9C, 0x63, 0x60, 0x80, 0x83, 0x0F, 0xFC,
    0x10, 0xFA, 0xFF, 0x7F, 0x18, 0x0D, 0x11, 0xF8, 0xF0, 0x1F, 0x5D, 0x02, 0xCA, 0xFF, 0xC0, 0x80,
    0x05, 0x80, 0x14, 0x61, 0xC1, 0x60, 0x43, 0xD0, 0x68, 0x7C, 0x18, 0xA4, 0x0D, 0x46, 0x43, 0x30,
    0xFF, 0x07, 0x08, 0x0D, 0x02, 0x20, 0xB9, 0xFF, 0xFC, 0x60, 0xF7, 0x00, 0x09, 0x10, 0x0D, 0x00,
    0xC2, 0x0F, 0x4A, 0xC5, 0x78, 0x9C, 0x63, 0x60, 0x40, 0x02, 0xFF, 0xF9, 0xC1, 0xD4, 0x07, 0x28,
    0xFD, 0xFF, 0xFF, 0x7F, 0x08, 0x17, 0xC2, 0xFF, 0x00, 0x97, 0x66, 0xC0, 0x03, 0x40, 0x7A, 0xB0,
    0x60, 0xB0, 0x66, 0x34, 0x1A, 0x1F, 0x06, 0x69, 0x83, 0xD1, 0x10, 0xCC, 0xFF, 0x01, 0x42, 0xFF,
    0xFF, 0x0F, 0x91, 0xFB, 0xCF, 0x0F, 0x76, 0x1E, 0x90, 0x00, 0xD1, 0x00, 0x0A, 0x5C, 0x4C, 0xB4,
    0x78, 0x9C, 0x7D, 0x8E, 0x51, 0x0A, 0x00, 0x20, 0x08, 0x43, 0xBD, 0xC1, 0xEE, 0x7F, 0x4B, 0x6F,
    0xB0, 0xB6, 0x46, 0x7D, 0x54, 0x24, 0x3C, 0x1E, 0x2A, 0x43, 0xAB, 0x76, 0x91, 0xB4, 0x5A, 0xC6,
    0x6C, 0x11, 0x43, 0x23, 0x5B, 0xA0, 0xAE, 0x72, 0xE8, 0x41, 0x3B, 0x7B, 0xF8, 0x87, 0x63, 0xCB,
    0x01, 0x1D, 0x93, 0xD9, 0xE9, 0x1D, 0xE6, 0x9E, 0x3D, 0x00, 0x66, 0x68, 0x4D, 0xE0, 0x78, 0x9C,
    0x63, 0x60, 0xF8, 0xC0, 0x0F, 0x42, 0x0C, 0x0C, 0xFF, 0xFF, 0x83, 0x10, 0x82, 0x86, 0x89, 0xA3,
    0x01, 0x90, 0x1C, 0x16, 0xFC, 0xE1, 0x3F, 0x3F, 0x06, 0x8D, 0x0F, 0x83, 0xB4, 0xC1, 0x68, 0x08,
    0xE6, 0xFF, 0x00, 0xA1, 0x41, 0x00, 0x24, 0xF7, 0x9F, 0x1F, 0xD9, 0x39, 0x00, 0xBA, 0x6F, 0x4B,
    0xB5, 0x78, 0x9C, 0x85, 0xCF, 0xC9, 0x11, 0xC0, 0x30, 0x08, 0x03, 0x40, 0x75, 0xA0, 0xFE, 0xBB,
    0xA4, 0x03, 0xC5, 0x10, 0x61, 0xC6, 0xCE, 0x23, 0xBC, 0xD6, 0x5C, 0x1E, 0x80, 0x23, 0x82, 0x86,
    0xE4, 0x44, 0x43, 0xE2, 0x99, 0x80, 0xF0, 0x13, 0xD5, 0x99, 0x63, 0x89, 0x18, 0xB8, 0x54, 0xE5,
    0x7C, 0xD5, 0xE6, 0x85, 0x18, 0xBC, 0x3F, 0x51, 0x1B, 0xF4, 0xC6, 0x01, 0x6E, 0xF0, 0x83, 0x3E,
    0xE1, 0xAA, 0xF4, 0x4C, 0xCC, 0x4D, 0xEE, 0x78, 0x00, 0x4D, 0x27, 0x47, 0xC8, 0x78, 0x9C, 0x63,
    0x60, 0xF8, 0xF0, 0x9F, 0x9F, 0x01, 0x0C, 0x88, 0x61, 0xFC, 0xFF, 0xCF, 0x00, 0x67, 0x40, 0xD8,
    0xFF, 0x41, 0x80, 0x1F, 0xC6, 0xF8, 0x0F, 0x66, 0xF0, 0x7F, 0x00, 0x31, 0xC0, 0x04, 0x84, 0xC1,
    0x4F, 0x90, 0x81, 0xC6, 0xE1, 0x47, 0x18, 0x83, 0x66, 0x03, 0xC4, 0x35, 0x10, 0x07, 0x91, 0xE4,
    0x62, 0x00, 0x16, 0x51, 0x59, 0xC5, 0x78, 0x9C, 0x65, 0x8D, 0x89, 0x0D, 0x00, 0x20, 0x08, 0x03,
    0xBB, 0x41, 0xF7, 0xDF, 0x92, 0x0D, 0x6A, 0x10, 0x04, 0x45, 0x42, 0xC2, 0xD1, 0xF2, 0x00, 0x30,
    0x79, 0xE2, 0x02, 0x95, 0xC2, 0x84, 0x2F, 0xE4, 0xB2, 0x18, 0x60, 0x0D, 0x69, 0x6D, 0xDB, 0x3B,
    0x77, 0xE2, 0x30, 0xF1, 0xBC, 0xA2, 0x0A, 0x98, 0x17, 0x1B, 0x30, 0x81, 0x1F, 0x44, 0xB5, 0xE9,
    0x9C, 0x1D, 0x3B, 0x42, 0x4D, 0x2C, 0xD8, 0x0D, 0x4A, 0x7A, 0x78, 0x9C, 0x6D, 0xCE, 0xC1, 0x09,
    0x00, 0x30, 0x08, 0x03, 0xC0, 0x6C, 0x90, 0xFD, 0xB7, 0x74, 0x83, 0xB4, 0x54, 0x63, 0x29, 0xD6,
    0xD7, 0x81, 0x24, 0x0A, 0x00, 0xA1, 0x3D, 0x28, 0xF0, 0xC1, 0x67, 0xBC, 0x89, 0x81, 0x0E, 0x89,
    0xAE, 0xA1, 0x8B, 0x91, 0x50, 0x83, 0x89, 0x18, 0x90, 0xEA, 0x1D, 0x23, 0x2E, 0x78, 0x1A, 0x66,
    0xF2, 0x6C, 0xF2, 0x5C, 0x61, 0x01, 0xB8, 0x96, 0x57, 0xD6, 0x78, 0x9C, 0x75, 0x8C, 0xC1, 0x0D,
    0x00, 0x30, 0x08, 0x02, 0xD9, 0x80, 0xFD, 0xB7, 0x64, 0x03, 0x2B, 0x6A, 0xE2, 0xA3, 0x2D, 0x9F,
    0x23, 0x7A, 0x0A, 0x20, 0x32, 0xC0, 0xCD, 0x5F, 0x72, 0x6B, 0x41, 0xF6, 0xD8, 0x7A, 0x52, 0x35,
    0x26, 0xBA, 0x73, 0x14, 0x7A, 0xEC, 0xAE, 0x56, 0x9F, 0x54, 0x31, 0xE6, 0x74, 0xDF, 0xD2, 0xAC,
    0x5F, 0xC4, 0x01, 0x4F, 0x33, 0x4E, 0xDF, 0x78, 0x9C, 0x6D, 0xCE, 0xC9, 0x11, 0x00, 0x20, 0x08,
    0x03, 0xC0, 0x74, 0x90, 0xFE, 0xBB, 0xA4, 0x83, 0x28, 0x82, 0x8A, 0x47, 0x86, 0xC7, 0x32, 0x28,
    0x0A, 0x00, 0x46, 0x40, 0xF0, 0x98, 0xBC, 0x42, 0x12, 0x2F, 0x75, 0x26, 0x4A, 0xCA, 0xF0, 0xD5,
    0xBE, 0x2A, 0xAE, 0x75, 0xD4, 0x7A, 0x2C, 0xA5, 0x2D, 0xA6, 0xEC, 0x23, 0x8D, 0x1C, 0xB2, 0x22,
    0x22, 0xCE, 0x5D, 0xAD, 0x2B, 0x3E, 0x1E, 0x9B, 0xA6, 0x1A, 0x0F, 0xE2, 0x5A, 0xC4, 0x78, 0x9C,
    0x6D, 0x8E, 0xC1, 0x0D, 0x00, 0x30, 0x08, 0x02, 0xD9, 0x80, 0xFD, 0xB7, 0x64, 0x03, 0x5A, 0xD4,
    0xB4, 0x7D, 0xD4, 0x98, 0x1C, 0x41, 0x34, 0x02, 0xA7, 0x0C, 0x88, 0x21, 0xD3, 0x9B, 0xBB, 0xF0,
    0x50, 0x2E, 0xFB, 0xE6, 0x9D, 0x8E, 0x5D, 0x03, 0x37, 0x55, 0x36, 0xD1, 0x9A, 0x13, 0x61, 0xEC,
    0x68, 0x75, 0xF4, 0x4B, 0x15, 0x3D, 0xAB, 0xF7, 0x2C, 0x43, 0xF5, 0x5B, 0x0B, 0x9B, 0xED, 0x51,
    0xFA, 0x78, 0x9C, 0x65, 0xCE, 0xC1, 0x0D, 0x00, 0x20, 0x08, 0x03, 0xC0, 0x6E, 0xC0, 0xFE, 0x5B,
    0xB2, 0x41, 0x45, 0x4A, 0x90, 0x48, 0x3F, 0xBD, 0x68, 0x44, 0x80, 0x08, 0x69, 0xB7, 0xE0, 0x0B,
    0x6C, 0x98, 0xE0, 0x01, 0x0A, 0x10, 0xD8, 0x30, 0xC1, 0x17, 0x98, 0x19, 0xF0, 0x07, 0xCB, 0x09,
    0xFB, 0x65, 0xDE, 0xE8, 0xBB, 0x02, 0x6A, 0x35, 0x35, 0xD6, 0xC1, 0x00, 0x3F, 0xDC, 0x1C, 0x87,
    0x57, 0x57, 0xA9, 0x78, 0x9C, 0x6D, 0x8C, 0x01, 0x0A, 0x00, 0x30, 0x08, 0x02, 0xFD, 0x81, 0xFF,
    0xFF, 0x65, 0x3F, 0x70, 0xD3, 0x82, 0x8D, 0x31, 0x09, 0xAE, 0xCC, 0x02, 0x20, 0xB9, 0x50, 0xDA,
    0xA2, 0xC7, 0xB0, 0x62, 0x13, 0xDD, 0x73, 0x22, 0xB4, 0xED, 0xBE, 0x3A, 0xFA, 0x65, 0x85, 0x9A,
    0xD3, 0xF3, 0x96, 0x66, 0x7E, 0x20, 0xF2, 0x08, 0x3B, 0x78, 0x78, 0xED, 0x17, 0x53, 0xE6, 0x4C,
    0xB4, 0x78, 0x9C, 0x9D, 0x4E, 0x41, 0x0E, 0x00, 0x20, 0x08, 0xE2, 0x07, 0xFE, 0xFF, 0x97, 0xFE,
    0x80, 0x1A, 0x38, 0xAA, 0x6B, 0xCC, 0x0D, 0x27, 0x0A, 0x02, 0x37, 0x58, 0xA2, 0x36, 0x37, 0xC3,
    0x33, 0xC6, 0xBB, 0x6D, 0x99, 0x54, 0x43, 0xC1, 0x47, 0xBB, 0xE4, 0xD1, 0x59, 0x42, 0x3C, 0xEA,
    0x93, 0x79, 0x42, 0x13, 0x57, 0x12, 0x1C, 0xE1, 0x6F, 0x17, 0x66, 0xD9, 0x42, 0xFA, 0x78, 0x9C,
    0x8D, 0x8D, 0xD1, 0x09, 0x00, 0x20, 0x10, 0x42, 0xDD, 0xC0, 0xFD, 0xB7, 0x74, 0x03, 0xA3, 0x3C,
    0xAE, 0x82, 0x3E, 0xF2, 0xE7, 0xA1, 0x88, 0x02, 0x87, 0xC4, 0xD0, 0x8E, 0x2D, 0x3A, 0x54, 0xC7,
    0x55, 0x23, 0x9E, 0x52, 0xD7, 0x57, 0xD1, 0xE1, 0x4C, 0xBD, 0x2C, 0xEF, 0x0F, 0x7E, 0xD2, 0x10,
    0xF6, 0x5C, 0xCF, 0xD7, 0xE0, 0x00, 0x7F, 0x18, 0x38, 0xB9, 0x78, 0x9C, 0x9D, 0x4F, 0xC9, 0x0D,
    0x00, 0x20, 0x0C, 0x62, 0x03, 0xF6, 0xDF, 0x92, 0x0D, 0xD0, 0xE2, 0xFD, 0x95, 0x98, 0x4A, 0x80,
    0x5A, 0x0B, 0x00, 0xB2, 0x11, 0xD8, 0x26, 0x22, 0x70, 0x90, 0x6E, 0x28, 0x9E, 0x58, 0xE7, 0xC1,
    0xCC, 0x56, 0x53, 0x98, 0x83, 0xBC, 0x46, 0x94, 0xA2, 0x94, 0x2B, 0x89, 0x35, 0x47, 0x4B, 0xF8,
    0x25, 0xBE, 0xFE, 0x70, 0x86, 0x73, 0x78, 0x7B, 0x89, 0xDC, 0x0D, 0xE2, 0x68, 0x47, 0x05, 0x78,
    0x9C, 0x8D, 0x8D, 0xB1, 0x11, 0x00, 0x20, 0x08, 0x03, 0xB3, 0x01, 0xFB, 0x6F, 0xC9, 0x06, 0xD1,
    0x24, 0x4A, 0x65, 0x61, 0x9A, 0x07, 0x0E, 0x1E, 0x60, 0xD2, 0x64, 0x89, 0x0C, 0x9B, 0x45, 0xBA,
    0xDD, 0xA5, 0x7A, 0xD5, 0x78, 0xA4, 0xBD, 0x26, 0xF8, 0x8E, 0xA1, 0xA6, 0x39, 0xB7, 0x14, 0x59,
    0x92, 0xF5, 0x93, 0xF4, 0xC7, 0xAB, 0x1B, 0xFD, 0x11, 0x2E, 0x42, 0xDA, 0x3A, 0xB7, 0x78, 0x9C,
    0x9D, 0x4E, 0xB1, 0x0D, 0x00, 0x30, 0x08, 0xE2, 0x03, 0xFF, 0xFF, 0xD2, 0x0F, 0x68, 0x81, 0xD8,
    0xA4, 0x1D, 0xCB, 0xA0, 0x06, 0x05, 0x04, 0x36, 0x58, 0xAA, 0x68, 0xF2, 0xEA, 0xC3, 0xBF, 0x60,
    0x78, 0xD2, 0x03, 0x0D, 0x89, 0x4A, 0x82, 0x16, 0xD7, 0xE7, 0x08, 0xC7, 0xB3, 0x3E, 0xFB, 0xFC,
    0x12, 0xFB, 0xC4, 0x95, 0x17, 0x89, 0x70, 0x30, 0x16, 0x91, 0x03, 0x40, 0x0C, 0x78, 0x9C, 0x63,
    0x60, 0x60, 0x60, 0xF8, 0xCF, 0x0F, 0x24, 0x18, 0x3E, 0xFC, 0xFF, 0x8F, 0x44, 0x41, 0x05, 0x51,
    0x01, 0x44, 0x0E, 0x48, 0x82, 0x24, 0xFF, 0x83, 0x29, 0x90, 0xD0, 0x7F, 0x10, 0x07, 0xAC, 0x1C,
    0x66, 0x04, 0x3F, 0x61, 0xEA, 0x3F, 0xC3, 0x07, 0x06, 0x98, 0x21, 0x30, 0x23, 0x21, 0xC6, 0x00,
    0x00, 0x4E, 0x38, 0x32, 0xCE, 0x78, 0x9C, 0x9D, 0x8E, 0xC1, 0x0D, 0x00, 0x30, 0x08, 0x02, 0xD9,
    0xC0, 0xFD, 0xB7, 0x74, 0x83, 0x6B, 0xAA, 0x92, 0xF6, 0xD3, 0x4F, 0x79, 0x28, 0x41, 0x14, 0xA5,
    0x83, 0x44, 0xA2, 0x49, 0x50, 0x44, 0x40, 0xCC, 0x0C, 0x3D, 0x60, 0x0B, 0x63, 0xA6, 0x50, 0x2B,
    0xA1, 0xAD, 0x64, 0x95, 0xCB, 0x29, 0x1F, 0x4B, 0x0B, 0xBF, 0xC4, 0x4F, 0x39, 0xAA, 0xC3, 0xA3,
    0x67, 0x13, 0x97, 0xDD, 0x17, 0x77, 0x74, 0x44, 0xF8, 0x78, 0x9C, 0x8D, 0x8E, 0xDB, 0x0D, 0x00,
    0x30, 0x08, 0x02, 0x6F, 0x03, 0xF7, 0xDF, 0xD2, 0x0D, 0x68, 0x95, 0x3E, 0xBE, 0x9A, 0x94, 0xC4,
    0x20, 0x06, 0x88, 0x40, 0x40, 0x32, 0x47, 0xA0, 0xDA, 0x15, 0x2A, 0x46, 0x13, 0x98, 0x4B, 0x3E,
    0x91, 0xB6, 0xA5, 0x6E, 0x2C, 0x7C, 0x55, 0x4B, 0x87, 0x6D, 0xAA, 0xF6, 0x4F, 0x56, 0x7F, 0xB5,
    0xEB, 0x4E, 0xFD, 0x2A, 0x1C, 0x05, 0xAE, 0x39, 0xE5, 0x78, 0x9C, 0x8D, 0x8E, 0xC1, 0x0D, 0xC0,
    0x30, 0x08, 0x03, 0xBD, 0x41, 0xF7, 0xDF, 0xD2, 0x1B, 0x38, 0x60, 0x62, 0xA4, 0xAA, 0x9F, 0xA2,
    0x28, 0x9C, 0x10, 0x1C, 0x00, 0x80, 0x00, 0x56, 0x02, 0xF5, 0xD4, 0x6B, 0x52, 0x05, 0xA6, 0x34,
    0x85, 0x4F, 0x30, 0x1D, 0x4A, 0xAF, 0x42, 0xF5, 0x2D, 0xC0, 0xF3, 0x0D, 0x6D, 0xB6, 0xFD, 0x2F,
    0x58, 0xB1, 0x30, 0x2E, 0xEF, 0x7D, 0x8B, 0x25, 0x0F, 0xDD, 0xE5, 0xCC, 0x11, 0xCC, 0x59, 0x07,
    0xDD, 0xDD, 0x64, 0x6F, 0x78, 0x9C, 0x85, 0xCD, 0xC9, 0x0D, 0xC0, 0x40, 0x0C, 0x02, 0x40, 0x3A,
    0xA0, 0xFF, 0x2E, 0xE9, 0x80, 0xC4, 0x6B, 0x9C, 0x55, 0x0E, 0x29, 0x7E, 0x8D, 0xF0, 0x05, 0xA4,
    0x4C, 0x3C, 0x29, 0xD3, 0x78, 0xD1, 0xC6, 0xA6, 0xF8, 0xC5, 0x3D, 0xE8, 0x6C, 0x9F, 0xC5, 0x84,
    0x43, 0xAD, 0x3E, 0x3B, 0x64, 0x7D, 0x98, 0xE5, 0x66, 0xF5, 0x73, 0x60, 0x05, 0x7F, 0xD4, 0xF0,
    0x3A, 0x2B, 0xDF, 0xFE, 0x32, 0xAC, 0xE1, 0xE6, 0x01, 0x73, 0x65, 0x55, 0xF6, 0x78, 0x9C, 0x63,
    0x60, 0xF8, 0x0F, 0x04, 0x0C, 0x20, 0xF0, 0x1F, 0xC6, 0x02, 0x33, 0xF8, 0x19, 0x18, 0x3E, 0x00,
    0xB9, 0x60, 0xA1, 0x0F, 0x20, 0x1E, 0x12, 0x83, 0x1F, 0xC2, 0xF8, 0x80, 0xC4, 0x80, 0x68, 0x46,
    0x66, 0x80, 0x35, 0x80, 0x09, 0x0C, 0x06, 0xAA, 0x6E, 0x98, 0x79, 0x50, 0xAB, 0x10, 0x96, 0xFF,
    0x87, 0xAA, 0x87, 0x3A, 0x0B, 0x00, 0x7F, 0x59, 0x5B, 0xB4, 0x78, 0x9C, 0x7D, 0xCD, 0xC1, 0x15,
    0x00, 0x10, 0x0C, 0x03, 0xD0, 0x6C, 0xD0, 0xFD, 0xB7, 0xCC, 0x06, 0x25, 0x4D, 0x79, 0x38, 0xE8,
    0x81, 0x8F, 0x54, 0x01, 0x15, 0x33, 0x80, 0x4B, 0xA9, 0x7A, 0x24, 0xE3, 0xD6, 0xDC, 0x2C, 0x2A,
    0x15, 0x3B, 0x1F, 0xBE, 0x82, 0xA5, 0x95, 0xAD, 0x1E, 0xA1, 0x47, 0xB7, 0xD6, 0xF1, 0x2B, 0xB6,
    0xD6, 0x77, 0xCC, 0x73, 0x58, 0x58, 0x0A, 0x96, 0x06, 0xCB, 0xE6, 0x54, 0xD9, 0x78, 0x9C, 0x63,
    0x60, 0x60, 0xF8, 0xF0, 0xFF, 0xFF, 0x7F, 0x7E, 0x06, 0x4C, 0x1A, 0x0D, 0x80, 0x84, 0xFF, 0xFF,
    0x67, 0x60, 0xF8, 0x8F, 0x4C, 0xF3, 0x83, 0x68, 0x88, 0x3C, 0x1A, 0xFD, 0x01, 0x6A, 0x06, 0x82,
    0x86, 0x28, 0x47, 0xA7, 0x71, 0x68, 0xC7, 0x34, 0x0E, 0xA2, 0x1E, 0x95, 0x66, 0x60, 0x00, 0x00,
    0x2A, 0xF1, 0x51, 0xA0, 0x78, 0x9C, 0x75, 0x8E, 0xD1, 0x11, 0x00, 0x30, 0x04, 0x43, 0xB3, 0x81,
    0xFD, 0xB7, 0xB4, 0x41, 0x9A, 0x28, 0xD7, 0x8F, 0xB6, 0xEE, 0x78, 0x0E, 0x01, 0x00, 0xCA, 0x80,
    0x9B, 0x3F, 0x23, 0xC3, 0xC8, 0x3D, 0x66, 0xB8, 0x90, 0x8C, 0x34, 0x5D, 0x94, 0x4F, 0x5E, 0x6D,
    0xE5, 0x87, 0x25, 0x7E, 0x50, 0xFA, 0xE8, 0xEB, 0x31, 0x7B, 0xFB, 0x1D, 0xC5, 0x05, 0x11, 0x55,
    0x44, 0xBC, 0x78, 0x9C, 0x75, 0xCC, 0xD1, 0x0D, 0x00, 0x20, 0x08, 0x43, 0xC1, 0xB7, 0x01, 0xFB,
    0x6F, 0xE9, 0x06, 0x55, 0x11, 0x8D, 0x8A, 0x12, 0x3E, 0x2E, 0x29, 0x14, 0x28, 0x06, 0xA2, 0x4D,
    0x51, 0x5F, 0x87, 0x64, 0x13, 0x30, 0x64, 0xEC, 0xD3, 0x13, 0xCF, 0x74, 0xC0, 0x1C, 0x71, 0x93,
    0xB0, 0x4A, 0x36, 0xC4, 0x53, 0xC6, 0xBF, 0xE6, 0x55, 0x1C, 0x5F, 0x17, 0x5A, 0x54, 0x01, 0xF0,
    0x64, 0x55, 0x6F, 0x78, 0x9C, 0x5D, 0x8E, 0x89, 0x0D, 0x00, 0x20, 0x08, 0x03, 0xBB, 0x01, 0xFB,
    0x6F, 0xE9, 0x06, 0xB5, 0x3C, 0x55, 0x63, 0x03, 0x1E, 0x01, 0x79, 0x00, 0x6B, 0x51, 0x1E, 0xC9,
    0x80, 0x0C, 0xA0, 0x84, 0x87, 0xAB, 0x71, 0xC4, 0xFA, 0x95, 0x69, 0x0E, 0xD8, 0xED, 0x39, 0x01,
    0x99, 0x94, 0x3B, 0xAE, 0xB2, 0xE2, 0xCB, 0x98, 0xAD, 0x3F, 0xD5, 0xEF, 0xED, 0xE1, 0xB9, 0x73,
    0x86, 0xDE, 0x0D, 0x86, 0x40, 0x49, 0xA8, 0x78, 0x9C, 0x63, 0x60, 0x00, 0x82, 0xFF, 0xFC, 0x20,
    0x92, 0xE1, 0x03, 0x06, 0xCD, 0x80, 0x05, 0x7C, 0xF8, 0x0F, 0x02, 0x40, 0x4D, 0xC8, 0x34, 0x3F,
    0x88, 0x86, 0xC8, 0xA3, 0xD1, 0x98, 0x86, 0x42, 0x94, 0xA3, 0xD3, 0x38, 0xB4, 0x63, 0x1A, 0x07,
    0x51, 0x8F, 0x4A, 0x33, 0x30, 0x00, 0x00, 0xBD, 0xF1, 0x4C, 0xA5, 0x78, 0x9C, 0x65, 0x8D, 0xDB,
    0x0D, 0x00, 0x20, 0x0C, 0x02, 0xD9, 0xC0, 0xFD, 0xB7, 0xEC, 0x06, 0x08, 0xF7, 0x61, 0xA2, 0x92,
    0x06, 0xFA, 0xA0, 0xAD, 0x24, 0x8D, 0x55, 0xF8, 0x96, 0xA5, 0x0F, 0xA6, 0x39, 0xAE, 0xA5, 0x9C,
    0x72, 0xBC, 0x12, 0x2C, 0xD9, 0xCD, 0x10, 0x66, 0x47, 0xB8, 0xF4, 0x4A, 0x06, 0x98, 0xB9, 0x89,
    0x95, 0x07, 0xE1, 0x0D, 0xA3, 0xEF, 0x3F, 0xC1, 0x78, 0x9C, 0x63, 0x60, 0xF8, 0xF0, 0x1F, 0x04,
    0x18, 0x18, 0xFE, 0x23, 0xD3, 0xFC, 0x20, 0x9A, 0x01, 0x0C, 0xD0, 0xE8, 0x0F, 0x20, 0x39, 0x14,
    0x1A, 0xA2, 0x1C, 0x9D, 0xC6, 0xA1, 0x1D, 0xD3, 0x38, 0x88, 0x7A, 0x54, 0x1A, 0xAA, 0x84, 0x1F,
    0x4A, 0x33, 0x40, 0x95, 0xA2, 0x9B, 0x00, 0x37, 0x82, 0x01, 0x0E, 0x00, 0x48, 0xCC, 0x51, 0x91,
    0x78, 0x9C, 0x75, 0x8C, 0xC9, 0x11, 0x00, 0x20, 0x08, 0x03, 0xB7, 0x03, 0xFA, 0xEF, 0xD2, 0x0E,
    0x62, 0x02, 0xEA, 0x4F, 0x1E, 0xEC, 0xE4, 0x00, 0x40, 0x2A, 0x60, 0x29, 0xCC, 0x6E, 0x94, 0x6D,
    0x12, 0x48, 0xED, 0xA9, 0x1E, 0xD2, 0xE6, 0x03, 0xE7, 0x7D, 0xE3, 0x99, 0x97, 0x06, 0xB3, 0xAD,
    0xBB, 0xC4, 0x11, 0x17, 0xC3, 0x60, 0x03, 0x88, 0xB4, 0x3F, 0xB2, 0x78, 0x9C, 0x75, 0x8C, 0xCB,
    0x0D, 0x00, 0x30, 0x08, 0x42, 0xD9, 0xC0, 0xFD, 0xB7, 0x74, 0x03, 0x6A, 0x09, 0x87, 0xB6, 0x5A,
    0xC3, 0xE1, 0x45, 0x3E, 0x00, 0x10, 0x12, 0x90, 0xDC, 0x12, 0x90, 0xFA, 0xA0, 0x00, 0xE3, 0xED,
    0x88, 0x3C, 0x5E, 0x10, 0x02, 0x67, 0x1A, 0xA4, 0x57, 0x4F, 0x70, 0xA9, 0xC3, 0x7F, 0x66, 0x1A,
    0x76, 0xEB, 0x81, 0xB2, 0x16, 0x2D, 0x76, 0x50, 0xA1, 0x78, 0x9C, 0x75, 0x8E, 0xD1, 0x0D, 0x00,
    0x31, 0x08, 0x42, 0xD9, 0xC0, 0xFD, 0xB7, 0x74, 0x03, 0x8A, 0x50, 0xD3, 0x8F, 0xCB, 0x99, 0x98,
    0x47, 0xA5, 0xA5, 0x02, 0x28, 0xB8, 0x9B, 0x00, 0x47, 0xB3, 0x3A, 0x54, 0x09, 0x32, 0x7C, 0xFC,
    0xAD, 0x6B, 0x77, 0xAE, 0x0F, 0xE8, 0xB8, 0xC4, 0xCC, 0x50, 0xBD, 0xDA, 0xB6, 0xF4, 0x63, 0xB2,
    0xBF, 0xD4, 0xFB, 0xDD, 0xA2, 0x36, 0x37, 0xDF, 0x0D, 0x0E, 0xFD, 0x96, 0x45, 0xE8, 0x78, 0x9C,
    0x55, 0x8F, 0x01, 0x0A, 0x00, 0x30, 0x08, 0x02, 0xFD, 0x81, 0xFF, 0xFF, 0xA5, 0x3F, 0x70, 0xCB,
    0x15, 0xAC, 0x18, 0x74, 0xD8, 0x52, 0x02, 0x00, 0xD9, 0x48, 0xD9, 0x26, 0x22, 0xF0, 0xC1, 0x1D,
    0x28, 0x33, 0xB1, 0xDE, 0x2A, 0xF7, 0x96, 0x7B, 0xCB, 0xA9, 0xB8, 0x11, 0xA5, 0x7C, 0xB6, 0x1C,
    0x78, 0x5D, 0x23, 0x14, 0xC8, 0x49, 0xD9, 0xC0, 0xFE, 0x33, 0xA0, 0x0D, 0x6E, 0x8F, 0x44, 0xF9,
    0x0B, 0x8F, 0xC9, 0x1C, 0x91, 0x7E, 0x00, 0xB4, 0xAE, 0x5B, 0xB4, 0x78, 0x9C, 0x7D, 0x8F, 0x81,
    0x0D, 0x00, 0x21, 0x08, 0x03, 0xBB, 0x01, 0xFB, 0x6F, 0xD9, 0x0D, 0x2A, 0xD6, 0xBE, 0xC6, 0xC4,
    0x3C, 0x89, 0x78, 0x40, 0x53, 0x11, 0x00, 0x28, 0xC1, 0xA1, 0x40, 0x37, 0x54, 0xAB, 0x01, 0x03,
    0x3B, 0xAF, 0x59, 0x57, 0x2C, 0x3C, 0xA3, 0x45, 0x54, 0x6C, 0x2C, 0xD6, 0x81, 0xF2, 0x1B, 0x33,
    0x05, 0xDA, 0xC3, 0x67, 0x17, 0xFF, 0x70, 0xD9, 0x1C, 0x63, 0x7E, 0xE0, 0x4D, 0xB5, 0xF7, 0x98,
    0x0D, 0xEB, 0x6F, 0x49, 0x7E, 0x85, 0xDC, 0x03, 0x23, 0xE5, 0x68, 0x98, 0x78, 0x9C, 0x75, 0x8F,
    0x01, 0x0E, 0xC0, 0x20, 0x08, 0x03, 0xEF, 0x07, 0xFC, 0xFF, 0x97, 0xFC, 0xA0, 0xB3, 0x08, 0x8B,
    0xCB, 0x22, 0x31, 0xE9, 0xD9, 0x00, 0x55, 0x80, 0x00, 0x2D, 0x21, 0xE5, 0x53, 0xB0, 0xCA, 0xC0,
    0xD2, 0xA0, 0x2D, 0x2E, 0x75, 0xF4, 0x56, 0xB3, 0xB4, 0xC7, 0xD3, 0x57, 0x3B, 0xEF, 0xEC, 0x2C,
    0x63, 0x8C, 0x1C, 0xC3, 0xE0, 0xD4, 0x1F, 0x44, 0xF7, 0x0C, 0xE4, 0x17, 0xD4, 0x3B, 0x2A, 0x4A,
    0x47, 0xF8, 0xFE, 0x43, 0xF4, 0xD3, 0xAD, 0x0F, 0xCC, 0x8F, 0x5C, 0x95, 0x78, 0x9C, 0x7D, 0x8E,
    0xDB, 0x0D, 0x00, 0x20, 0x08, 0x03, 0xBB, 0x01, 0xFB, 0x6F, 0xD9, 0x0D, 0x2A, 0x22, 0x88, 0xFA,
    0x61, 0x43, 0xC2, 0xA1, 0x3C, 0x0A, 0xB4, 0x64, 0xA0, 0x02, 0x34, 0x23, 0x40, 0xFE, 0xE8, 0x62,
    0x01, 0x2A, 0x6F, 0x51, 0xC6, 0xDD, 0xAC, 0xCA, 0x0B, 0xFC, 0x47, 0x31, 0x8C, 0x04, 0x8B, 0x2B,
    0xE8, 0xE2, 0x0F, 0xD7, 0x9A, 0x5E, 0xCC, 0x82, 0x76, 0x9A, 0x43, 0x50, 0x3A, 0x3C, 0x5B, 0x1E,
    0xEB, 0x03, 0x5A, 0x2F, 0x67, 0xA8, 0x78, 0x9C, 0x65, 0x8D, 0xDB, 0x15, 0x00, 0x20, 0x08, 0x42,
    0xDD, 0xC0, 0xFD, 0xB7, 0x74, 0x03, 0x2A, 0x7C, 0x95, 0xF1, 0x23, 0xE7, 0x08, 0x17, 0x91, 0x2D,
    0xA8, 0x50, 0x06, 0x0C, 0x53, 0xAF, 0x5F, 0x88, 0xCC, 0xBE, 0x0C, 0x81, 0x62, 0x57, 0x59, 0x2B,
    0x08, 0x12, 0xD2, 0x78, 0x6D, 0x63, 0xA7, 0x35, 0x8D, 0x46, 0x26, 0x8D, 0xBD, 0x06, 0xC1, 0xE0,
    0x14, 0xAE, 0x71, 0x42, 0x9C, 0x6E, 0x7E, 0x17, 0x4C, 0x0D, 0x54, 0xBB, 0x78, 0x9C, 0x7D, 0x8F,
    0x89, 0x09, 0x00, 0x30, 0x08, 0x03, 0xB3, 0x81, 0xFB, 0x6F, 0xE9, 0x06, 0xA9, 0x6F, 0x1F, 0x4A,
    0x1B, 0x10, 0x4F, 0x8C, 0xA1, 0x05, 0x00, 0x25, 0x52, 0x4A, 0xB9, 0x00, 0x0F, 0x99, 0x25, 0x97,
    0x74, 0x75, 0x4F, 0xB0, 0x0D, 0xDD, 0x41, 0x14, 0x58, 0x5A, 0xD4, 0x1C, 0xFE, 0x70, 0xC4, 0xAC,
    0x60, 0x6D, 0x70, 0x03, 0xB9, 0x3F, 0x35, 0x8E, 0xE4, 0xB4, 0xB0, 0x3E, 0x51, 0x7D, 0x00, 0xD7,
    0x0B, 0x5E, 0x75, 0x78, 0x9C, 0x65, 0x8E, 0xD9, 0x01, 0x80, 0x30, 0x0C, 0x42, 0xD9, 0xA0, 0xFB,
    0x6F, 0xC9, 0x06, 0x68, 0x02, 0xA9, 0x5A, 0xFB, 0xC3, 0x2B, 0x39, 0x08, 0x00, 0x48, 0x02, 0xAC,
    0x5A, 0xD1, 0xB2, 0x58, 0xDF, 0x72, 0x98, 0x06, 0xB8, 0xDE, 0x60, 0xE5, 0x18, 0x05, 0xAC, 0xA9,
    0x13, 0x56, 0x7A, 0x06, 0xF8, 0x05, 0x65, 0x47, 0x47, 0xE9, 0x15, 0xDE, 0x4B, 0xBC, 0x9D, 0x3B,
    0x76, 0xBF, 0xC4, 0x3F, 0x97, 0xDD, 0x34, 0xA5, 0xDF, 0xAD, 0xD6, 0x0B, 0x05, 0xC7, 0x57, 0xB8,
    0x78, 0x9C, 0x7D, 0x8F, 0xD1, 0x11, 0x00, 0x20, 0x08, 0x42, 0xD9, 0x80, 0xFD, 0xB7, 0x74, 0x03,
    0xCA, 0xD4, 0xBC, 0xEA, 0x2E, 0x3E, 0xE2, 0x55, 0xC4, 0x25, 0x30, 0x65, 0x02, 0xC2, 0x13, 0xCA,
    0x21, 0xE2, 0x3A, 0xA9, 0xEC, 0x2B, 0x13, 0xE3, 0x52, 0xAE, 0xF2, 0x00, 0xAE, 0x6A, 0x5F, 0x12,
    0x18, 0xDD, 0xBD, 0xF9, 0xC3, 0x51, 0xD3, 0xC5, 0x56, 0xE0, 0x01, 0xED, 0x29, 0xFC, 0xD3, 0xEB,
    0x11, 0xCF, 0x88, 0x72, 0x9C, 0xF4, 0x01, 0xAC, 0x9E, 0x62, 0x71, 0x78, 0x9C, 0x63, 0x60, 0x40,
    0x06, 0x1F, 0xFE, 0xFF, 0xFF, 0x0F, 0x61, 0xFD, 0x87, 0xB1, 0x3E, 0xFC, 0xE7, 0x67, 0x00, 0x22,
    0x10, 0x00, 0x92, 0x1F, 0x18, 0xD0, 0xD4, 0xF3, 0x43, 0x09, 0xB0, 0x6A, 0x6C, 0x2C, 0x74, 0x82,
    0x1F, 0xCA, 0xFA, 0x80, 0xC4, 0x82, 0x00, 0x38, 0x8B, 0x1F, 0x95, 0x85, 0xC3, 0x8A, 0xFF, 0x24,
    0x59, 0x81, 0xC2, 0x02, 0x13, 0x00, 0x42, 0x61, 0x5F, 0xBF, 0x78, 0x9C, 0x8D, 0xCD, 0xCB, 0x0D,
    0x00, 0x20, 0x08, 0x03, 0x50, 0x36, 0x60, 0xFF, 0x2D, 0xBB, 0x41, 0xA5, 0x7C, 0x8C, 0x07, 0x63,
    0xE4, 0x00, 0x2F, 0x20, 0x62, 0x16, 0x41, 0x52, 0xC5, 0x30, 0x88, 0x42, 0x4F, 0x44, 0x33, 0xD1,
    0xD1, 0xF3, 0x2F, 0x80, 0xBE, 0x51, 0x8E, 0x5C, 0x17, 0x74, 0x88, 0x6A, 0x41, 0x97, 0x04, 0x25,
    0x14, 0xEC, 0x82, 0xDC, 0x1A, 0x3C, 0xDE, 0x61, 0xBE, 0x39, 0xD0, 0xE3, 0x05, 0xA0, 0x09, 0x57,
    0xA9, 0x78, 0x9C, 0x63, 0x60, 0xF8, 0xFF, 0x9F, 0x81, 0x01, 0x42, 0x20, 0x31, 0x3F, 0xC0, 0x99,
    0x40, 0x16, 0x14, 0x20, 0x33, 0x81, 0x6C, 0x7E, 0x28, 0x81, 0xCA, 0x04, 0x03, 0x7E, 0xB0, 0x5E,
    0xEC, 0x4C, 0x2C, 0x96, 0x31, 0x20, 0xA4, 0x3E, 0xE0, 0x66, 0x62, 0xB1, 0x8C, 0x1F, 0x8B, 0x06,
    0x00, 0x97, 0xB4, 0x60, 0xA0, 0x78, 0x9C, 0x6D, 0x8C, 0xC1, 0x09, 0x00, 0x30, 0x0C, 0x02, 0xDD,
    0x20, 0xFB, 0x6F, 0xE9, 0x06, 0xB6, 0x55, 0xFB, 0x4B, 0x40, 0x4E, 0x54, 0x02, 0x48, 0xF0, 0x95,
    0x92, 0xA6, 0xB4, 0x33, 0x1D, 0x38, 0x06, 0x35, 0x7C, 0x96, 0x2D, 0xD8, 0xE1, 0x25, 0xC2, 0x28,
    0x5D, 0xB8, 0xCA, 0xBF, 0x3D, 0xF9, 0xDC, 0x95, 0x37, 0x07, 0x2C, 0x8F, 0x51, 0xCD, 0x78, 0x9C,
    0x63, 0x60, 0x80, 0x80, 0x0F, 0xFF, 0xFF, 0x33, 0x7C, 0xE0, 0x67, 0xF8, 0xFF, 0xFF, 0x3F, 0xFF,
    0x7F, 0x30, 0xF5, 0x1F, 0x44, 0xF1, 0x03, 0x29, 0x06, 0x06, 0xA0, 0x0C, 0x90, 0x03, 0x07, 0x50,
    0x0E, 0x48, 0x06, 0x3F, 0x05, 0x55, 0x88, 0x8F, 0x22, 0xD3, 0x10, 0x00, 0x92, 0x1D, 0x39, 0xF4,
    0x78, 0x9C, 0x63, 0xF8, 0xF0, 0x9F, 0x01, 0x04, 0xFE, 0xFF, 0xE7, 0x07, 0xB2, 0x3E, 0xC0, 0x28,
    0x10, 0x83, 0xE1, 0x03, 0x3F, 0x03, 0x94, 0x82, 0x2A, 0x02, 0x83, 0x0F, 0x40, 0x21, 0x5C, 0xD4,
    0x7F, 0x98, 0x61, 0x38, 0x29, 0x7C, 0xBA, 0xE1, 0x14, 0x58, 0x3D, 0x00, 0xC5, 0x5A, 0x33, 0x91,
    0x78, 0x9C, 0x63, 0xF8, 0xF0, 0x1F, 0x08, 0x18, 0x10, 0x24, 0x3F, 0x03, 0x0A, 0xF8, 0x00, 0x16,
    0x00, 0xCA, 0xE1, 0x26, 0x21, 0x4A, 0x70, 0x91, 0x24, 0x6A, 0x05, 0x00, 0xF2, 0xAC, 0x33, 0xAF,
    0x78, 0x9C, 0x63, 0xF8, 0x0F, 0x04, 0x0C, 0x0C, 0xC8, 0x24, 0x32, 0xF8, 0xF0, 0x9F, 0x1F, 0x2B,
    0x09, 0x51, 0x87, 0x83, 0xC4, 0xA5, 0x09, 0x46, 0x82, 0x14, 0x02, 0x00, 0xAD, 0xED, 0x29, 0xC8,
    0x78, 0x9C, 0x63, 0xF8, 0xC0, 0xCF, 0xC0, 0xF0, 0x9F, 0x81, 0xE1, 0xC3, 0x7F, 0x10, 0x02, 0x62,
    0x20, 0x60, 0x00, 0x8A, 0xFC, 0xFF, 0x0F, 0x14, 0x07, 0x72, 0x41, 0x24, 0x0C, 0x40, 0x79, 0x60,
    0x05, 0x78, 0x29, 0xA8, 0x42, 0x7C, 0x14, 0x99, 0x86, 0x00, 0x00, 0xE5, 0x7A, 0x35, 0xAD, 0x78,
    0x9C, 0x63, 0x60, 0x00, 0x83, 0xFF, 0x0C, 0x0C, 0x1F, 0xF8, 0x19, 0xFE, 0x43, 0x10, 0x10, 0x40,
    0x48, 0xA0, 0x20, 0x88, 0x09, 0x05, 0x1F, 0xC0, 0x4C, 0x4C, 0x12, 0xA4, 0x0E, 0x27, 0x89, 0x4B,
    0x13, 0x8C, 0x04, 0x29, 0x04, 0x00, 0xF8, 0x9E, 0x2C, 0xF2, 0x78, 0x9C, 0x63, 0x60, 0x60, 0xF8,
    0xF0, 0x9F, 0x9F, 0x81, 0x81, 0xE1, 0xFF, 0x7F, 0x06, 0xDC, 0x24, 0x44, 0x09, 0x2E, 0x92, 0x64,
    0xAD, 0x60, 0x49, 0x04, 0x13, 0x46, 0xFE, 0x87, 0x93, 0x10, 0x00, 0x00, 0xDC, 0x29, 0x32, 0x92,
    0x78, 0x9C, 0x63, 0x60, 0x60, 0xF8, 0xF0, 0x9F, 0x01, 0x08, 0xFE, 0x23, 0x91, 0x1F, 0xF8, 0x19,
    0x50, 0xC1, 0x87, 0xFF, 0xFC, 0x58, 0xC9, 0xFF, 0x18, 0x5A, 0x91, 0x48, 0x5C, 0x9A, 0x60, 0x24,
    0xC2, 0x26, 0x08, 0x13, 0x4A, 0x22, 0x0C, 0x00, 0x00, 0x42, 0x11, 0x2D, 0x97, 0x78, 0x9C, 0x63,
    0x60, 0x60, 0xF8, 0xCF, 0xCF, 0xC0, 0xF0, 0xE1, 0xFF, 0x7F, 0x28, 0x01, 0xE6, 0x22, 0xC0, 0x07,
    0x10, 0x17, 0x22, 0x8E, 0x49, 0x7C, 0x80, 0x68, 0xC5, 0x24, 0x88, 0xD4, 0x00, 0x00, 0xB6, 0x08,
    0x2D, 0xD3, 0x78, 0x9C, 0x63, 0xF8, 0xF0, 0x9F, 0x9F, 0x01, 0x19, 0xFF, 0xFF, 0xCF, 0x80, 0x8E,
    0xD1, 0x95, 0x40, 0x30, 0x03, 0x03, 0x00, 0x9A, 0x80, 0x1D, 0xD4, 0x78, 0x9C, 0x63, 0x60, 0xF8,
    0xF0, 0x9F, 0x1F, 0x8C, 0x19, 0xFE, 0xFF, 0x67, 0xC0, 0xC7, 0x00, 0x61, 0x38, 0x83, 0x80, 0x06,
    0x30, 0x87, 0x80, 0xC1, 0xFF, 0x49, 0x30, 0xF8, 0x03, 0x58, 0x0D, 0x03, 0x54, 0x94, 0x81, 0x01,
    0xAA, 0x1B, 0x4C, 0xFF, 0x67, 0x40, 0x67, 0x80, 0x48, 0x00, 0x0B, 0x1E, 0x58, 0xB7, 0x78, 0x9C,
    0x7D, 0x8C, 0x01, 0x0A, 0x00, 0x20, 0x08, 0x03, 0xEF, 0x07, 0xFD, 0xFF, 0x97, 0xFB, 0xC1, 0xCA,
    0x52, 0x22, 0xA2, 0x84, 0xE1, 0xB1, 0xE9, 0x40, 0x06, 0x35, 0xC0, 0x5E, 0xDA, 0x10, 0xB6, 0x23,
    0xBA, 0x46, 0xC3, 0x0E, 0x3D, 0xE0, 0xAC, 0xF9, 0xC3, 0xA7, 0xE6, 0x51, 0xAC, 0xFA, 0x86, 0x0D,
    0x4A, 0x18, 0xBB, 0x65, 0xE0, 0xBA, 0x98, 0x46, 0x07, 0xC3, 0x3D, 0x55, 0x9C, 0x78, 0x9C, 0x8D,
    0x8F, 0xC1, 0x15, 0x00, 0x30, 0x04, 0x43, 0xB3, 0x81, 0xFD, 0xB7, 0xCC, 0x06, 0xBF, 0xDA, 0xAA,
    0x43, 0x4F, 0x1C, 0x88, 0x10, 0x5E, 0xA4, 0x1D, 0x10, 0xA7, 0xCA, 0x80, 0x8A, 0x32, 0x45, 0x65,
    0x73, 0xC7, 0x99, 0xAD, 0x2F, 0xFC, 0xA4, 0x63, 0xF4, 0x3E, 0x8C, 0xD1, 0xE8, 0xB0, 0x5B, 0x40,
    0xF8, 0xA2, 0x6D, 0xA6, 0xD6, 0x68, 0x5F, 0xED, 0x75, 0x01, 0x48, 0x88, 0x3B, 0xB6, 0x78, 0x9C,
    0x85, 0x8F, 0xC1, 0x0D, 0x00, 0x30, 0x08, 0x02, 0xD9, 0xC0, 0xFD, 0xB7, 0x64, 0x03, 0x6A, 0xA5,
    0x49, 0xFB, 0xA8, 0xD1, 0x87, 0x27, 0x81, 0x90, 0x08, 0x00, 0x52, 0xE4, 0x06, 0x25, 0xA1, 0x64,
    0x91, 0x0A, 0x6E, 0x83, 0x29, 0x1C, 0xC8, 0x1B, 0x9F, 0xE1, 0x71, 0x3B, 0xBA, 0x75, 0xE4, 0x54,
    0xD3, 0xD4, 0xD1, 0xE4, 0x7D, 0x22, 0xDE, 0xF4, 0x02, 0xFC, 0x42, 0x3C, 0xA6, 0x78, 0x9C, 0x75,
    0x8D, 0xC9, 0x11, 0x00, 0x20, 0x0C, 0x02, 0xE9, 0xC0, 0xFE, 0xBB, 0xA4, 0x03, 0x8C, 0x88, 0xC7,
    0x43, 0xF3, 0x20, 0x2B, 0xE0, 0x04, 0xA0, 0x1A, 0x20, 0x61, 0x8A, 0x5F, 0x26, 0x5B, 0x43, 0xB9,
    0x49, 0x0E, 0x6B, 0xC5, 0xAA, 0x72, 0xAC, 0x32, 0xA6, 0xF5, 0xA7, 0x7C, 0x15, 0x17, 0xB5, 0x73,
    0xE2, 0x49, 0x2E, 0x7E, 0x25, 0xC5, 0xE7, 0x9C, 0x28, 0xC7, 0x6E, 0xE2, 0x4E, 0x19, 0xE8, 0x27,
    0xB5, 0x5D, 0x67, 0x78, 0x9C, 0x8D, 0xCF, 0xC1, 0x0D, 0x00, 0x20, 0x08, 0x03, 0x40, 0x36, 0xE8,
    0xFE, 0x5B, 0xB2, 0x41, 0x05, 0x0B, 0xC1, 0x18, 0x1F, 0xF2, 0xF1, 0x52, 0x53, 0x8C, 0x66, 0xA4,
    0x69, 0x3E, 0xE0, 0xC4, 0xC0, 0x33, 0x4D, 0x30, 0xD3, 0xC0, 0x0E, 0x04, 0xA8, 0xA4, 0x1E, 0x59,
    0x3D, 0xB2, 0x16, 0x25, 0x70, 0x22, 0xAA, 0x68, 0x58, 0xAF, 0x19, 0x78, 0xBD, 0x70, 0xE1, 0x35,
    0x73, 0x71, 0xC3, 0xE7, 0x17, 0x3A, 0x17, 0x28, 0x12, 0x53, 0xBC, 0x78, 0x9C, 0x5D, 0xCD, 0xD1,
    0x09, 0x00, 0x30, 0x08, 0x43, 0xC1, 0x6C, 0xE0, 0xFE, 0x5B, 0xBA, 0x41, 0x1A, 0xA3, 0xD2, 0xD2,
    0x8F, 0xCA, 0xF1, 0x40, 0x8B, 0x64, 0x20, 0x49, 0xA0, 0x40, 0xBD, 0x82, 0x43, 0x43, 0x41, 0x19,
    0x0E, 0x9A, 0x1D, 0x84, 0x0E, 0x46, 0xBC, 0xD0, 0x6A, 0x2C, 0xB0, 0x67, 0x2E, 0x72, 0x7E, 0xF8,
    0x70, 0x00, 0x47, 0xC5, 0x3E, 0xD1, 0x78, 0x9C, 0x63, 0x60, 0x00, 0x02, 0x7E, 0x10, 0xC1, 0xF0,
    0x1F, 0x4C, 0x7D, 0xF8, 0xFF, 0x1F, 0x42, 0xF2, 0x83, 0x29, 0x88, 0x14, 0x84, 0x84, 0x02, 0xA8,
    0x20, 0x58, 0x1D, 0x5E, 0xEA, 0x03, 0xCC, 0x44, 0xDC, 0x14, 0x31, 0x86, 0x80, 0x00, 0x3F, 0x84,
    0x82, 0xF2, 0x18, 0x00, 0x44, 0xE9, 0x3A, 0xC6, 0x78, 0x9C, 0x63, 0x60, 0x80, 0x82, 0x0F, 0xFC,
    0x20, 0xE2, 0xFF, 0x7F, 0x20, 0xF9, 0x1F, 0x44, 0x42, 0x98, 0x0C, 0xFF, 0x19, 0xE0, 0xE0, 0xC3,
    0x7F, 0x7E, 0x3C, 0x24, 0x54, 0x39, 0x76, 0x92, 0x74, 0xAD, 0xFC, 0x70, 0x12, 0xA2, 0x06, 0x00,
    0xDF, 0x5E, 0x34, 0xCC, 0x78, 0x9C, 0x63, 0x60, 0xF8, 0xF0, 0x9F, 0x9F, 0x01, 0x08, 0xFE, 0xFF,
    0x67, 0x20, 0x40, 0x41, 0x15, 0xE2, 0xA3, 0x88, 0x31, 0x04, 0x04, 0xF8, 0x21, 0x14, 0x94, 0xC7,
    0x80, 0x0E, 0xA0, 0x42, 0x70, 0xB3, 0x21, 0x62, 0xFF, 0x11, 0x52, 0x00, 0xE0, 0xA3, 0x3C, 0x97,
    0x78, 0x9C, 0x63, 0x60, 0xF8, 0xF0, 0x9F, 0x9F, 0x01, 0x2B, 0xF1, 0xFF, 0x3F, 0x03, 0x56, 0x82,
    0x78, 0x0D, 0xFC, 0x50, 0x02, 0x2C, 0x0B, 0x06, 0x1F, 0xF8, 0x61, 0xB2, 0x1F, 0x60, 0x04, 0x44,
    0x19, 0x48, 0x1C, 0x00, 0x09, 0xFB, 0x33, 0xEB, 0x78, 0x9C, 0x63, 0x60, 0x00, 0x81, 0xFF, 0xFC,
    0x0C, 0x18, 0xF4, 0x07, 0x20, 0xF1, 0x1F, 0xC4, 0x06, 0x12, 0x68, 0xF4, 0x07, 0x7E, 0x28, 0x9F,
    0x01, 0x41, 0x7F, 0x80, 0xEA, 0x25, 0x44, 0xA3, 0x69, 0xC3, 0x45, 0x7F, 0xF8, 0x0F, 0x02, 0xFC,
    0x50, 0x9A, 0x01, 0x4E, 0x03, 0x00, 0x41, 0x32, 0x38, 0xD7, 0x78, 0x9C, 0x63, 0x60, 0x60, 0x60,
    0xF8, 0xC0, 0xCF, 0x00, 0x21, 0x3F, 0xFC, 0xE7, 0x87, 0x90, 0xFF, 0x21, 0x24, 0x03, 0x0A, 0xF9,
    0xFF, 0x3F, 0x48, 0x19, 0x0E, 0x12, 0xA8, 0x04, 0x0F, 0x89, 0x4D, 0x13, 0x3F, 0x9C, 0x84, 0xA8,
    0x01, 0x00, 0xD1, 0x42, 0x30, 0xFD, 0x78, 0x9C, 0x63, 0x60, 0xF8, 0xF0, 0x9F, 0x9F, 0x01, 0x04,
    0xFE, 0xFF, 0x67, 0x20, 0x86, 0x86, 0x29, 0x07, 0xD1, 0x1F, 0xFE, 0x43, 0xE8, 0xFF, 0x58, 0x68,
    0x30, 0xE6, 0x27, 0xC2, 0x38, 0x10, 0xE0, 0x87, 0xD2, 0x0C, 0x70, 0x1A, 0x00, 0xD4, 0x1F, 0x3A,
    0xA8, 0x78, 0x9C, 0x63, 0xF8, 0xF0, 0x9F, 0x9F, 0x81, 0x81, 0x01, 0x17, 0xF9, 0xFF, 0x3F, 0x03,
    0x26, 0x09, 0x94, 0xF9, 0xFF, 0xFF, 0x03, 0x08, 0xF1, 0x23, 0x93, 0x0C, 0x20, 0x06, 0x2E, 0xAD,
    0xFC, 0x68, 0x24, 0x44, 0x0D, 0x00, 0x46, 0x85, 0x34, 0xEA, 0x78, 0x9C, 0x63, 0x60, 0x60, 0xF8,
    0xFF, 0x9F, 0x01, 0x08, 0x3E, 0xFC, 0xE7, 0x27, 0x44, 0x01, 0x15, 0x82, 0x18, 0xFF, 0x81, 0x00,
    0x85, 0x62, 0x80, 0x91, 0x1F, 0xC0, 0x22, 0x70, 0x0A, 0x87, 0x21, 0x20, 0x00, 0xA1, 0xF8, 0xA1,
    0x14, 0x00, 0x13, 0xB0, 0x3A, 0x03, 0x78, 0x9C, 0x63, 0x60, 0xF8, 0xF0, 0x9F, 0x9F, 0x81, 0x01,
    0x27, 0xF9, 0xFF, 0x3F, 0x03, 0x98, 0xFC, 0xC0, 0x0F, 0x22, 0xFF, 0xC3, 0xC8, 0x0F, 0x50, 0xE2,
    0x3F, 0x03, 0x84, 0x09, 0x25, 0xB1, 0x6A, 0x45, 0x26, 0xF9, 0xE1, 0x24, 0x58, 0x0D, 0x00, 0xA4,
    0x73, 0x31, 0xFC, 0x78, 0x9C, 0x75, 0x8E, 0xC9, 0x0D, 0x00, 0x31, 0x08, 0x03, 0xDD, 0x41, 0xFA,
    0xEF, 0x92, 0x0E, 0x66, 0x49, 0x62, 0xA2, 0x1C, 0x5A, 0x3F, 0xD0, 0x80, 0x0C, 0x46, 0x1A, 0x6A,
    0xB2, 0x82, 0x05, 0x78, 0x08, 0x35, 0x5B, 0xA0, 0xD0, 0xA5, 0xE8, 0xEE, 0x51, 0x98, 0x24, 0x13,
    0xD4, 0x89, 0x3F, 0xCA, 0xA4, 0x34, 0x7A, 0x9F, 0x16, 0x37, 0x69, 0x23, 0x1C, 0x91, 0x8D, 0x23,
    0x0E, 0xF2, 0xE1, 0xFA, 0x79, 0x7A, 0x39, 0x1F, 0x7B, 0xCB, 0x07, 0xD8, 0x79, 0x66, 0x8B, 0x78,
    0x9C, 0x7D, 0x8C, 0xC1, 0x0D, 0x00, 0x20, 0x0C, 0x02, 0xD9, 0xA0, 0xFB, 0x6F, 0xC9, 0x06, 0xA8,
    0x6D, 0x31, 0x9A, 0x18, 0x79, 0x34, 0x17, 0x0A, 0x00, 0x97, 0x68, 0x50, 0xB4, 0x21, 0xB5, 0xD1,
    0xCE, 0x36, 0x28, 0x67, 0x03, 0x4F, 0x51, 0xC1, 0x2C, 0xCD, 0x8A, 0xB2, 0x55, 0x10, 0x35, 0x92,
    0xB0, 0x0E, 0x0B, 0xF0, 0x80, 0x6C, 0x19, 0x3E, 0x39, 0x7A, 0xE6, 0x80, 0x7E, 0x0F, 0xDD, 0xCB,
    0x4C, 0x96, 0x78, 0x9C, 0x75, 0x8E, 0xC9, 0x0D, 0x00, 0x31, 0x08, 0x03, 0xDD, 0x41, 0xFA, 0xEF,
    0x92, 0x0E, 0x26, 0x07, 0xDE, 0x1C, 0x1B, 0x85, 0x07, 0x1A, 0x84, 0xB1, 0x91, 0x82, 0xA2, 0x6C,
    0x24, 0xC9, 0x44, 0x12, 0x6F, 0x0A, 0xBA, 0xD0, 0xF7, 0x94, 0xF8, 0x93, 0x36, 0xC2, 0x11, 0x6D,
    0x70, 0xC4, 0x41, 0x36, 0xB6, 0xB9, 0x52, 0xCB, 0xF9, 0xD8, 0xDD, 0x1E, 0xB5, 0x56, 0xC3, 0x6C,
    0x54, 0xDC, 0xC4, 0xD4, 0x7D, 0x50, 0x01, 0x12, 0x08, 0x65, 0xAA, 0x78, 0x9C, 0x63, 0xF8, 0xF0,
    0x9F, 0x1F, 0x88, 0x18, 0x18, 0x3E, 0xFC, 0x07, 0x01, 0x18, 0xCD, 0x0F, 0xA2, 0x19, 0x40, 0x34,
    0x84, 0x0D, 0xA2, 0x19, 0x30, 0x68, 0x24, 0x0C, 0x36, 0x03, 0x07, 0x8D, 0x8A, 0x21, 0xDA, 0x31,
    0x01, 0xC8, 0x20, 0x10, 0x80, 0xC9, 0x42, 0xE9, 0x0F, 0x50, 0xF1, 0x0F, 0x10, 0x0A, 0x00, 0x3B,
    0x1A, 0x4B, 0x88, 0x78, 0x9C, 0x75, 0x8E, 0xDB, 0x09, 0x00, 0x30, 0x08, 0x03, 0x6F, 0x03, 0xF7,
    0xDF, 0xD2, 0x0D, 0xD2, 0x5A, 0xF3, 0xD1, 0x07, 0x0D, 0x22, 0x27, 0x68, 0x22, 0x40, 0xCE, 0x0A,
    0x4A, 0x8A, 0xAA, 0x52, 0x4A, 0x1B, 0xF1, 0x51, 0xD6, 0xCE, 0x6A, 0x6A, 0xC2, 0xA4, 0x26, 0xFD,
    0xA9, 0x03, 0x7C, 0xAF, 0xC8, 0x9B, 0xD8, 0x48, 0x8E, 0x98, 0x83, 0x23, 0x0E, 0xB2, 0xB1, 0xCD,
    0xE9, 0x5D, 0x9D, 0x8F, 0xBD, 0x6D, 0x00, 0xBE, 0x4C, 0x67, 0x99, 0x78, 0x9C, 0x7D, 0xCC, 0xC9,
    0x11, 0xC0, 0x20, 0x0C, 0x43, 0xD1, 0xDF, 0x81, 0xFB, 0xEF, 0x52, 0x1D, 0x88, 0x20, 0x70, 0x92,
    0x03, 0x83, 0x0E, 0x9E, 0x37, 0xDE, 0xE0, 0x8B, 0x0A, 0x3C, 0x61, 0xA3, 0x40, 0x7E, 0xC2, 0x6A,
    0xB9, 0x1A, 0x9C, 0x22, 0x97, 0xB2, 0x92, 0x1B, 0xBF, 0xA8, 0x80, 0x60, 0x16, 0x2D, 0x70, 0x40,
    0xAE, 0x1A, 0x97, 0x3D, 0xF5, 0x9B, 0x1F, 0xF6, 0x78, 0x00, 0xCD, 0x8A, 0x51, 0x91, 0x78, 0x9C,
    0x7D, 0xCD, 0x01, 0x0A, 0x00, 0x20, 0x08, 0x03, 0x40, 0x7F, 0xB0, 0xFF, 0xFF, 0xD2, 0x1F, 0xAC,
    0x96, 0xA5, 0x46, 0x90, 0x44, 0x1C, 0xAC, 0xA6, 0x11, 0x16, 0xE3, 0xE4, 0x23, 0x2B, 0x79, 0x09,
    0x99, 0x42, 0x0F, 0xE6, 0x51, 0x48, 0x0D, 0x54, 0xB7, 0xC4, 0xF8, 0x8E, 0x28, 0x5B, 0xF7, 0x16,
    0x9A, 0xBC, 0x09, 0x97, 0x14, 0xFC, 0x75, 0x56, 0xA4, 0xA2, 0x78, 0x00, 0xBA, 0xF9, 0x50, 0xA1,
    0x78, 0x9C, 0x63, 0x60, 0xF8, 0xF0, 0x1F, 0x88, 0xF8, 0x19, 0x80, 0xE0, 0x3F, 0x18, 0xF0, 0xA3,
    0xB3, 0x80, 0xD2, 0xFF, 0xC1, 0x2C, 0x7E, 0x10, 0xC1, 0x80, 0x44, 0x7C, 0x80, 0x2A, 0x21, 0x9E,
    0x05, 0xD6, 0xFA, 0x01, 0x89, 0xC5, 0x8F, 0xC1, 0x82, 0xDB, 0xF3, 0x01, 0xA6, 0xF5, 0x03, 0x58,
    0x08, 0xC4, 0xFA, 0x0F, 0x57, 0x0B, 0x71, 0x1D, 0x00, 0xCD, 0xA3, 0x55, 0xBA, 0x78, 0x9C, 0x6D,
    0xCC, 0xC1, 0x0D, 0x00, 0x30, 0x08, 0x02, 0x40, 0x36, 0x70, 0xFF, 0x2D, 0xD9, 0x80, 0x8A, 0xB6,
    0x3E, 0x1A, 0x89, 0x78, 0xBE, 0x04, 0x15, 0x39, 0x00, 0xE5, 0x3C, 0xC3, 0xC2, 0xF6, 0x6D, 0x31,
    0x2E, 0xAD, 0x1F, 0x9F, 0x7B, 0xFB, 0x8D, 0xA3, 0xD1, 0x9B, 0x1A, 0xE3, 0x9A, 0xFB, 0x00, 0x51,
    0x61, 0x4E, 0x94, 0x78, 0x9C, 0x95, 0x8E, 0xC1, 0x0D, 0x00, 0x20, 0x08, 0x03, 0xBB, 0x01, 0xFB,
    0x6F, 0xE9, 0x06, 0x15, 0x28, 0xA8, 0x31, 0x7E, 0x24, 0x01, 0x2E, 0x81, 0x52, 0x00, 0x0C, 0x7A,
    0x00, 0x17, 0x18, 0xDE, 0xD1, 0x13, 0xD6, 0x0E, 0x29, 0x95, 0x6B, 0x2C, 0xD2, 0xC1, 0xB4, 0x95,
    0xB7, 0xC6, 0x01, 0x39, 0xF9, 0x03, 0x6E, 0x08, 0x07, 0xA8, 0xB4, 0xD5, 0x32, 0xD7, 0xEB, 0x56,
    0xBF, 0x47, 0x9F, 0x2F, 0xB0, 0x60, 0xAF, 0x78, 0x9C, 0x75, 0x8D, 0x01, 0x0A, 0x00, 0x20, 0x0C,
    0x02, 0xFD, 0xC1, 0xFE, 0xFF, 0x4B, 0x7F, 0x60, 0x33, 0x0B, 0x82, 0x4A, 0x90, 0x1B, 0x43, 0x14,
    0x80, 0x5A, 0xC0, 0xCD, 0x9F, 0xA4, 0x32, 0xA8, 0x79, 0x18, 0xCE, 0x37, 0x69, 0x9E, 0xA6, 0x8A,
    0xC9, 0x84, 0xFD, 0x7B, 0x31, 0x56, 0x8A, 0x57, 0xDD, 0xAE, 0xDF, 0x73, 0x03, 0x32, 0xD8, 0x49,
    0xA8, 0x78, 0x9C, 0x95, 0x8F, 0xC9, 0x11, 0xC0, 0x20, 0x0C, 0x03, 0xB7, 0x03, 0xF5, 0xDF, 0x25,
    0x1D, 0x28, 0xBE, 0x80, 0x7C, 0xF2, 0x88, 0x07, 0xD0, 0x0E, 0x96, 0xB1, 0x01, 0x10, 0x38, 0x84,
    0xE5, 0x5C, 0x05, 0x11, 0x09, 0x84, 0x8A, 0xB9, 0xE2, 0x23, 0xB6, 0xC5, 0x63, 0xB6, 0xBB, 0x3C,
    0x4A, 0x94, 0x3B, 0x40, 0xED, 0xAA, 0x37, 0xD6, 0x0B, 0x2A, 0xF3, 0x0F, 0x7C, 0xA1, 0x87, 0xAA,
    0x63, 0xB7, 0x3A, 0xCD, 0xFB, 0x0F, 0x9A, 0xD1, 0x53, 0x1F, 0x2A, 0x11, 0x62, 0xAD, 0x78, 0x9C,
    0x6D, 0x8D, 0xC1, 0x0D, 0x00, 0x30, 0x08, 0x02, 0xD9, 0xC0, 0xFD, 0xB7, 0x64, 0x03, 0x0B, 0xA1,
    0xB6, 0x7D, 0x94, 0x68, 0x2E, 0x2A, 0x41, 0xE0, 0xA8, 0x01, 0x96, 0x59, 0x2E, 0x51, 0x1A, 0xFA,
    0xCE, 0x8C, 0xD7, 0x9F, 0x91, 0xB1, 0x19, 0xF6, 0x89, 0x34, 0xDF, 0x66, 0x17, 0xE3, 0x09, 0xB5,
    0xFB, 0x31, 0xDD, 0x09, 0xDE, 0x71, 0x13, 0x3F, 0xEF, 0x16, 0x88, 0x11, 0x4C, 0xD2, 0x78, 0x9C,
    0x9D, 0x8E, 0xC9, 0x11, 0xC0, 0x30, 0x08, 0x03, 0xD5, 0x01, 0xFD, 0x77, 0x49, 0x07, 0x6B, 0x83,
    0x65, 0x3B, 0xC9, 0x33, 0x7A, 0x68, 0x96, 0x1B, 0xE9, 0x25, 0x94, 0x34, 0x24, 0x61, 0x02, 0x11,
    0x8B, 0x76, 0x6A, 0xB6, 0x29, 0xF4, 0x11, 0xEE, 0x9A, 0x60, 0xA4, 0xD5, 0xCB, 0x6A, 0xB4, 0x92,
    0x59, 0xC6, 0x32, 0x9D, 0xD0, 0xD4, 0xD1, 0x0F, 0xE2, 0x41, 0x7D, 0xCC, 0xA6, 0x73, 0xF6, 0xBE,
    0x52, 0x95, 0xFD, 0xA9, 0x6B, 0x1A, 0xCB, 0x4B, 0x60, 0xCD, 0x78, 0x9C, 0x6D, 0x8D, 0xDB, 0x0D,
    0x00, 0x20, 0x08, 0x03, 0xBB, 0x01, 0xFB, 0x6F, 0xC9, 0x06, 0x95, 0x67, 0x63, 0xA2, 0xFD, 0x20,
    0x17, 0xAC, 0x1C, 0x70, 0xC5, 0x0D, 0xDE, 0x40, 0xD0, 0x12, 0x48, 0x2F, 0x88, 0x19, 0xBB, 0xFB,
    0x25, 0xBA, 0xC4, 0x3F, 0xEC, 0x46, 0x74, 0x39, 0x9F, 0x33, 0x0D, 0x5E, 0x90, 0x43, 0x90, 0x86,
    0xB2, 0x08, 0x76, 0xFB, 0xC2, 0xF4, 0x38, 0x8E, 0x3D, 0x2C, 0x95, 0xE4, 0x07, 0x61, 0x2D, 0x4F,
    0x84, 0x78, 0x9C, 0x7D, 0x8E, 0xDB, 0x0D, 0x00, 0x20, 0x0C, 0x02, 0x6F, 0x03, 0xF6, 0xDF, 0xD2,
    0x0D, 0x6A, 0xAA, 0x7D, 0xF9, 0x63, 0x3F, 0x9A, 0x83, 0x10, 0x02, 0x80, 0xC5, 0xC1, 0xB2, 0xE6,
    0x42, 0xB9, 0x2D, 0xDC, 0x3B, 0x61, 0xD1, 0x9C, 0xCF, 0x23, 0x83, 0x95, 0x46, 0xF1, 0xAD, 0xF9,
    0xB2, 0x2A, 0x1F, 0xF5, 0x2F, 0x5B, 0x31, 0x63, 0xCE, 0x9C, 0xD9, 0xF3, 0x45, 0x0B, 0xD8, 0x80,
    0xA7, 0x75, 0x7C, 0x78, 0x9C, 0x6D, 0x8E, 0x89, 0x09, 0x00, 0x30, 0x08, 0x03, 0xB3, 0x81, 0xFB,
    0x6F, 0xE9, 0x06, 0x69, 0x4C, 0x8A, 0x50, 0xA8, 0xA0, 0x5E, 0x7D, 0x62, 0x01, 0x90, 0x35, 0x01,
    0xB2, 0xA6, 0x32, 0x5D, 0x18, 0x8C, 0x0D, 0xD7, 0xED, 0xE0, 0x7A, 0xA9, 0x86, 0x7D, 0x8B, 0x3B,
    0x22, 0x9E, 0xFF, 0x30, 0xA2, 0xFE, 0x72, 0x2F, 0xFB, 0xA8, 0x02, 0xB2, 0x57, 0x39, 0xBB, 0xDF,
    0xF1, 0x18, 0xD3, 0x95, 0xC4, 0x01, 0x52, 0x30, 0x61, 0x72, 0x78, 0x9C, 0x75, 0x8D, 0x01, 0x0A,
    0x00, 0x30, 0x08, 0x02, 0xFB, 0x81, 0xFF, 0xFF, 0x65, 0x3F, 0x70, 0x2C, 0x33, 0x82, 0xB1, 0xA0,
    0xBC, 0x48, 0x2C, 0xA2, 0x0A, 0x92, 0x60, 0x43, 0x92, 0x56, 0x34, 0xD8, 0x62, 0x8D, 0x71, 0xCA,
    0x4B, 0x36, 0x2D, 0xB8, 0x0D, 0x41, 0x6E, 0xA8, 0x65, 0x80, 0x0D, 0xA9, 0xF3, 0x2D, 0x18, 0x9C,
    0x07, 0xE5, 0xE5, 0x1F, 0xDE, 0x2F, 0x13, 0x5C, 0xE3, 0x00, 0xB9, 0xDE, 0x5F, 0xCE, 0x78, 0x9C,
    0x63, 0x60, 0x40, 0x02, 0x1F, 0xA0, 0xF4, 0x7F, 0x7E, 0x08, 0xF7, 0xFF, 0x7F, 0x28, 0xC5, 0x8F,
    0xC4, 0x05, 0xD2, 0x50, 0x65, 0xFC, 0x0C, 0x58, 0xC0, 0x87, 0xFF, 0xFC, 0x60, 0x05, 0x40, 0xE2,
    0x3F, 0x84, 0x86, 0x68, 0x87, 0x99, 0x02, 0xA5, 0x90, 0x68, 0x06, 0x6C, 0xF4, 0x07, 0xB8, 0x1B,
    0x08, 0xD1, 0x10, 0x6D, 0x00, 0x70, 0x55, 0x31, 0xA2, 0x78, 0x9C, 0x75, 0x8E, 0x89, 0x09, 0x00,
    0x30, 0x08, 0x03, 0xDD, 0xC0, 0xFD, 0xB7, 0x74, 0x83, 0xB4, 0x36, 0x2A, 0xF6, 0x3B, 0x10, 0xAE,
    0x34, 0x44, 0x45, 0x0C, 0x13, 0x99, 0x00, 0x61, 0x4D, 0x7C, 0x94, 0x62, 0x5D, 0xD6, 0xA3, 0x04,
    0x21, 0xC6, 0x6F, 0x47, 0x53, 0xB2, 0x4F, 0xD9, 0x67, 0x7F, 0xB9, 0xB7, 0x54, 0x71, 0x84, 0x1E,
    0xF0, 0x74, 0xF1, 0xC4, 0x21, 0x00, 0xB6, 0xC8, 0x00, 0xC7, 0xB2, 0x61, 0x90, 0x78, 0x9C, 0x85,
    0xCC, 0xC1, 0x09, 0x00, 0x20, 0x0C, 0x43, 0xD1, 0xBF, 0x41, 0xF7, 0xDF, 0x32, 0x1B, 0x44, 0xA5,
    0x15, 0x2C, 0x14, 0xCC, 0xE5, 0x1D, 0x3E, 0x04, 0xE4, 0x90, 0x61, 0x8B, 0x53, 0x3B, 0xD2, 0x03,
    0xC5, 0x23, 0x93, 0xAA, 0xFC, 0x97, 0x71, 0xF7, 0x4E, 0x5D, 0xDB, 0x2D, 0x2F, 0x0B, 0xDD, 0x2F,
    0xA4, 0x78, 0x9C, 0x75, 0x8D, 0x01, 0x0A, 0x00, 0x20, 0x08, 0x03, 0xF7, 0x03, 0xFF, 0xFF, 0xCB,
    0xFD, 0x60, 0xA9, 0xCB, 0x08, 0xA2, 0x61, 0x7A, 0xA9, 0x4C, 0x00, 0x10, 0xC0, 0x2C, 0xA0, 0x22,
    0xA3, 0x48, 0x29, 0xB8, 0xE5, 0xC6, 0x23, 0xCE, 0x8A, 0xB4, 0xE9, 0x82, 0x7A, 0x61, 0xE0, 0x0D,
    0xFD, 0x39, 0xA0, 0x0D, 0xF4, 0xB8, 0x14, 0x03, 0xE3, 0x17, 0xF6, 0xE3, 0x1F, 0xDE, 0x2B, 0xC7,
    0xB8, 0xD3, 0x02, 0xCB, 0x66, 0x63, 0x9D, 0x78, 0x9C, 0x85, 0x8B, 0x81, 0x09, 0xC0, 0x30, 0x0C,
    0xC3, 0xF4, 0x81, 0xFF, 0xFF, 0xD2, 0x1F, 0xB8, 0x59, 0xD3, 0x0E, 0xCA, 0x06, 0x35, 0x01, 0xE1,
    0x24, 0x82, 0x1D, 0x0B, 0x52, 0x4C, 0x9E, 0xA9, 0x9E, 0x44, 0xCC, 0x45, 0x68, 0x8A, 0x6F, 0x1C,
    0xB9, 0xDF, 0x4F, 0xCD, 0xAF, 0x2D, 0x4E, 0xF2, 0x47, 0xAF, 0xF3, 0x9D, 0xAD, 0x0D, 0x62, 0xD9,
    0x33, 0xCD, 0x78, 0x9C, 0x5D, 0x8E, 0xDB, 0x0D, 0x00, 0x30, 0x08, 0x02, 0xD9, 0xC0, 0xFD, 0xB7,
    0x64, 0x03, 0xAA, 0x62, 0x1F, 0x29, 0x3F, 0xA7, 0xC9, 0x45, 0x01, 0x2A, 0x84, 0xA3, 0x81, 0xC2,
    0xD8, 0x0C, 0x5B, 0x81, 0x37, 0x94, 0x06, 0x3D, 0x14, 0x4A, 0xCC, 0x85, 0x49, 0xF6, 0x0C, 0xF3,
    0xDA, 0xAD, 0xE3, 0xBD, 0x4E, 0x7D, 0xEF, 0xA0, 0xAB, 0xEE, 0x3E, 0xAE, 0x96, 0xD4, 0x39, 0x7F,
    0xDE, 0x8D, 0x6E, 0x2C, 0x4B, 0xD3, 0x4E, 0xB2, 0x78, 0x9C, 0x6D, 0x8D, 0xC9, 0x11, 0x00, 0x30,
    0x08, 0x02, 0xE9, 0xC0, 0xFE, 0xBB, 0xB4, 0x03, 0x32, 0x09, 0x78, 0x3C, 0xE2, 0x67, 0x47, 0x04,
    0x04, 0xD6, 0x64, 0x88, 0xA4, 0x56, 0x93, 0x62, 0xB6, 0x6C, 0x5B, 0xE0, 0x3B, 0xD4, 0x9D, 0x8A,
    0xE5, 0x65, 0xBC, 0x54, 0x72, 0xA5, 0xBB, 0xC5, 0xF6, 0xFA, 0x32, 0x02, 0x46, 0x70, 0x9C, 0x53,
    0x57, 0xF5, 0x65, 0x3F, 0xCC, 0x8E, 0x3B, 0xD4, 0x78, 0x9C, 0x4D, 0x8E, 0x81, 0x0D, 0x00, 0x20,
    0x08, 0xC3, 0xF6, 0x01, 0xFF, 0x7F, 0xB9, 0x0F, 0x10, 0x37, 0x01, 0x8D, 0x49, 0x45, 0x0B, 0x13,
    0x00, 0x32, 0x13, 0x58, 0xB2, 0x18, 0xB7, 0x0C, 0x88, 0xD4, 0xDE, 0xC5, 0xD5, 0xD2, 0x5D, 0xF2,
    0xAB, 0x60, 0x91, 0x3A, 0xC3, 0x5C, 0x5B, 0x7A, 0xA7, 0xC4, 0x1F, 0x33, 0x17, 0xF3, 0x8F, 0x6E,
    0xB9, 0x23, 0xE1, 0x08, 0xBD, 0x79, 0xFC, 0xC4, 0x3D, 0xDD, 0x38, 0x07, 0x76, 0x52, 0x90, 0x78,
    0x9C, 0x6D, 0x4C, 0x49, 0x01, 0x00, 0x30, 0x08, 0xA2, 0x81, 0xFD, 0x5B, 0xDA, 0x80, 0xA9, 0x4C,
    0xDD, 0x63, 0x7E, 0x38, 0x04, 0x80, 0x39, 0x27, 0x2D, 0x91, 0x42, 0xA7, 0x91, 0x25, 0x83, 0xA6,
    0x4E, 0x8E, 0xCF, 0x6D, 0x8D, 0x5A, 0x29, 0x23, 0xEA, 0xAA, 0xE9, 0x3B, 0xD8, 0x71, 0x28, 0xFE,
    0x18, 0x58, 0xE3, 0xD6, 0xB9, 0x73, 0x3D, 0xDF, 0xF1, 0x03, 0x90, 0x50, 0x3D, 0xD2, 0x78, 0x9C,
    0x55, 0x8D, 0xC1, 0x0D, 0x00, 0x20, 0x0C, 0x02, 0xD9, 0x80, 0xFD, 0xB7, 0x74, 0x03, 0x54, 0xA8,
    0x55, 0x1F, 0x04, 0x42, 0x8E, 0x00, 0x60, 0x48, 0x80, 0xCD, 0x61, 0x9B, 0xB8, 0x7D, 0x55, 0xB4,
    0x20, 0xC4, 0xD1, 0xB4, 0x71, 0x87, 0xD0, 0x29, 0xF8, 0x16, 0xD0, 0x45, 0x51, 0xC5, 0xCA, 0x71,
    0x59, 0xCC, 0x6B, 0xEE, 0x0A, 0xBF, 0xAB, 0x1A, 0xF1, 0x8C, 0xF9, 0x15, 0xA3, 0x6F, 0x5F, 0x7C,
    0x02, 0xEF, 0xDA, 0x52, 0x90, 0x78, 0x9C, 0x5D, 0x8D, 0xC1, 0x0D, 0x00, 0x30, 0x08, 0x02, 0x6F,
    0x03, 0xF7, 0xDF, 0xD2, 0x0D, 0x68, 0xD1, 0x36, 0xA6, 0xFD, 0x70, 0x21, 0x02, 0x02, 0x52, 0x60,
    0x95, 0x20, 0x8D, 0xD8, 0x88, 0x2C, 0xE7, 0xCB, 0xA0, 0x59, 0xC1, 0xB1, 0xD9, 0x16, 0x43, 0x85,
    0x33, 0x72, 0x26, 0xEF, 0x03, 0x5A, 0x79, 0x5B, 0x39, 0xE5, 0x2F, 0xB8, 0x00, 0xED, 0xE4, 0x3A,
    0xE4, 0x78, 0x9C, 0x85, 0x8E, 0xC1, 0x0D, 0x00, 0x21, 0x0C, 0xC3, 0xBC, 0x41, 0xF7, 0xDF, 0x92,
    0x0D, 0x02, 0x0D, 0x85, 0xDE, 0xBD, 0x40, 0x15, 0x58, 0x11, 0x26, 0x00, 0x84, 0x07, 0x86, 0x72,
    0x0C, 0x92, 0x13, 0x16, 0xF0, 0x58, 0xA3, 0xAE, 0xA4, 0xA4, 0x72, 0xB6, 0xAE, 0x7C, 0x2F, 0xD8,
    0x9B, 0x28, 0xF8, 0x3A, 0x96, 0x38, 0x4D, 0x71, 0xA3, 0xF8, 0x47, 0xFD, 0x8D, 0x2B, 0x62, 0x50,
    0x81, 0xBA, 0xAA, 0xCB, 0x8F, 0x54, 0xE7, 0x04, 0xE1, 0x08, 0x4F, 0x93, 0x78, 0x9C, 0x7D, 0x8C,
    0xC9, 0x0D, 0x00, 0x30, 0x08, 0xC3, 0xBC, 0x01, 0xFB, 0x6F, 0xD9, 0x0D, 0x52, 0x0E, 0xD1, 0xFC,
    0x8A, 0x84, 0x0C, 0x22, 0x18, 0x08, 0x38, 0x64, 0x0B, 0x54, 0xB3, 0x42, 0x45, 0x34, 0x28, 0xF2,
    0x2B, 0xC7, 0xD4, 0x9A, 0xF9, 0x4B, 0xCD, 0x99, 0xBD, 0xAF, 0x8F, 0x1B, 0xB7, 0x56, 0xBE, 0x98,
    0xFD, 0x2E, 0xEB, 0x56, 0xBF, 0xF1, 0x0B, 0xBA, 0x27, 0x3C, 0x01, 0x78, 0x9C, 0xFB, 0xF0, 0x1F,
    0x0C, 0xF8, 0x3F, 0xA0, 0xD1, 0x0C, 0x0C, 0x40, 0x16, 0x03, 0x08, 0x7C, 0x00, 0x71, 0xF0, 0xD0,
    0x50, 0x65, 0x84, 0x68, 0x42, 0xC6, 0xA0, 0x1B, 0xF7, 0x81, 0x1F, 0xAA, 0x9D, 0x9F, 0x01, 0x55,
    0x1C, 0x95, 0xFE, 0xFF, 0xFF, 0x3F, 0x8A, 0x34, 0x00, 0x45, 0xD3, 0x42, 0xA0, 0x78, 0x9C, 0x63,
    0x60, 0xF8, 0xFF, 0x9F, 0x01, 0x08, 0xFE, 0xF3, 0xC3, 0xC9, 0x0F, 0x20, 0xF2, 0xC3, 0x7F, 0x20,
    0x40, 0x21, 0x61, 0x0A, 0xD1, 0xC9, 0x0F, 0x08, 0x4D, 0x58, 0x49, 0xB0, 0xA2, 0xFF, 0x50, 0xA5,
    0x60, 0x92, 0x1F, 0xC9, 0x42, 0xB0, 0x39, 0x1F, 0x10, 0xE4, 0x7F, 0xB0, 0x38, 0x44, 0x12, 0x00,
    0xCF, 0x05, 0x3B, 0xA7, 0x78, 0x9C, 0x63, 0x60, 0xF8, 0xC0, 0xC0, 0xC0, 0xC0, 0x0F, 0xC4, 0xFF,
    0xF9, 0x19, 0xFE, 0xFF, 0x07, 0xD2, 0x1F, 0xFE, 0xFF, 0xFF, 0xCF, 0x0F, 0xA5, 0x19, 0x30, 0x00,
    0x48, 0x14, 0xA4, 0x00, 0x9D, 0x06, 0xCB, 0x40, 0x55, 0xF0, 0xE3, 0xA5, 0x61, 0xA6, 0x12, 0xA0,
    0x09, 0x19, 0x83, 0x66, 0x1C, 0x00, 0xA2, 0x64, 0x41, 0xB0, 0x78, 0x9C, 0x63, 0x60, 0x00, 0x82,
    0xFF, 0x0C, 0x0C, 0x08, 0xEA, 0x03, 0x94, 0xE2, 0x47, 0x50, 0xFF, 0xF9, 0x91, 0xA8, 0x0F, 0xFF,
    0xF9, 0xC1, 0xAA, 0x80, 0x00, 0x9D, 0x62, 0xF8, 0x0F, 0xD1, 0x8B, 0x8D, 0x82, 0x68, 0xC3, 0x45,
    0x41, 0x95, 0x40, 0xE8, 0xFF, 0x70, 0x2E, 0x90, 0x04, 0x00, 0x0D, 0xC0, 0x37, 0x7E, 0x78, 0x9C,
    0xFB, 0xF0, 0x1F, 0x0C, 0xF8, 0x3F, 0xA0, 0xD1, 0x0C, 0x0C, 0x40, 0x16, 0x03, 0x08, 0x7C, 0x00,
    0x71, 0xF0, 0xD0, 0x60, 0xC5, 0x0C, 0x10, 0x7D, 0x08, 0x1A, 0x24, 0xCE, 0xC0, 0x80, 0x44, 0x13,
    0x32, 0x06, 0x61, 0x1C, 0x98, 0x02, 0x00, 0x72, 0xA6, 0x3D, 0xA5, 0x78, 0x9C, 0x63, 0x60, 0xF8,
    0xF0, 0x9F, 0x9F, 0x81, 0x01, 0x48, 0x32, 0xC0, 0xC9, 0xFF, 0xFF, 0xC1, 0xC4, 0x7F, 0xA0, 0x04,
    0x32, 0x09, 0x53, 0x08, 0x27, 0x3F, 0x80, 0xC4, 0xA1, 0x24, 0x44, 0x13, 0x1A, 0xC9, 0x0F, 0x31,
    0x07, 0xA2, 0x94, 0x1F, 0x2A, 0x04, 0x00, 0xB6, 0xB0, 0x33, 0xEB, 0x78, 0x9C, 0x75, 0x8F, 0xDB,
    0x0D, 0x00, 0x20, 0x0C, 0x02, 0xD9, 0xA0, 0xFB, 0x6F, 0xE9, 0x06, 0x58, 0x94, 0x98, 0x9A, 0x2A,
    0x5F, 0x97, 0x3E, 0x28, 0x05, 0x30, 0x18, 0x20, 0x52, 0x24, 0xC5, 0x59, 0x90, 0x20, 0x18, 0x86,
    0x9C, 0x50, 0xA7, 0xCB, 0x73, 0xD1, 0xC0, 0x2D, 0x16, 0x58, 0xE6, 0x2F, 0x08, 0xF8, 0x6E, 0x81,
    0x8F, 0x31, 0x6F, 0x63, 0x2D, 0x70, 0x25, 0xDE, 0x01, 0x4F, 0x74, 0x3D, 0xE3, 0xC4, 0x2E, 0x4C,
    0x7E, 0x22, 0x64, 0x7E, 0x78, 0x9C, 0x7D, 0x8E, 0x0B, 0x0A, 0x00, 0x20, 0x08, 0x43, 0x77, 0x83,
    0xDD, 0xFF, 0x96, 0xDE, 0xC0, 0x9C, 0xAB, 0x28, 0x88, 0x04, 0x79, 0xF3, 0x83, 0x13, 0x58, 0x11,
    0x49, 0x04, 0xC5, 0x44, 0x49, 0xE4, 0x22, 0xA5, 0xAA, 0xDD, 0x93, 0xAA, 0x7B, 0x73, 0x87, 0x7A,
    0x8F, 0x0C, 0x9F, 0xB8, 0xF8, 0x4B, 0x5B, 0xF0, 0x38, 0xC1, 0x30, 0x73, 0xDA, 0xEB, 0x0F, 0xFB,
    0x89, 0x03, 0x34, 0x2C, 0x56, 0xAA, 0x78, 0x9C, 0x75, 0x8E, 0xC9, 0x11, 0x00, 0x30, 0x08, 0x02,
    0xE9, 0xC0, 0xFE, 0xBB, 0xB4, 0x83, 0x4D, 0x42, 0xF2, 0x30, 0x17, 0xAF, 0x55, 0x94, 0x41, 0x52,
    0x02, 0xA1, 0x2E, 0x2E, 0x38, 0x05, 0x1A, 0xF7, 0x71, 0xC1, 0xB2, 0x28, 0x90, 0x8E, 0x78, 0x40,
    0x4C, 0xC8, 0x0A, 0x9F, 0x60, 0xF6, 0xE0, 0xF1, 0x80, 0x0B, 0x7B, 0x70, 0x73, 0xDB, 0xA5, 0xF1,
    0x5A, 0x34, 0x40, 0x39, 0x59, 0xC5, 0x78, 0x9C, 0x63, 0x60, 0xF8, 0xF0, 0xFF, 0xFF, 0x7F, 0x7E,
    0x06, 0x06, 0x0C, 0x1A, 0x07, 0xF8, 0xFF, 0x1F, 0x2B, 0xFE, 0x00, 0xD2, 0x83, 0x46, 0xE3, 0xC3,
    0x20, 0x6D, 0x30, 0x1A, 0x82, 0xF9, 0x3F, 0x40, 0x68, 0x10, 0x00, 0xBB, 0x82, 0x1F, 0x44, 0x83,
    0x24, 0x41, 0x34, 0x00, 0xED, 0xC3, 0x4B, 0xB5, 0x78, 0x9C, 0x75, 0x8F, 0xDB, 0x09, 0x00, 0x30,
    0x08, 0x03, 0xB3, 0x81, 0xFB, 0x6F, 0x99, 0x0D, 0xAC, 0x2F, 0xC4, 0x16, 0x1B, 0xFC, 0x38, 0x0C,
    0x86, 0x08, 0x80, 0xE2, 0x63, 0xD2, 0x06, 0x53, 0x00, 0x0D, 0x80, 0x5C, 0x09, 0x36, 0x85, 0x4F,
    0x33, 0x5F, 0x28, 0x4B, 0x07, 0x30, 0x32, 0x16, 0x90, 0x04, 0x4E, 0xF8, 0x04, 0xEB, 0x1D, 0xEC,
    0x07, 0x1A, 0x3D, 0xB3, 0xA1, 0x17, 0xCE, 0xCA, 0xFD, 0x03, 0x6A, 0x71, 0x00, 0x41, 0x0C, 0x5B,
    0xC3, 0x78, 0x9C, 0x7D, 0x8E, 0x81, 0x09, 0xC0, 0x30, 0x0C, 0xC3, 0xFC, 0x41, 0xFE, 0xFF, 0xD2,
    0x1F, 0x68, 0x35, 0x69, 0xD8, 0x18, 0xA5, 0x06, 0x21, 0x82, 0x13, 0x88, 0x34, 0x71, 0x49, 0x2C,
    0x83, 0x1C, 0x1B, 0xA8, 0x8F, 0x57, 0x81, 0xDE, 0x64, 0x38, 0xE0, 0xEC, 0xFE, 0x7C, 0x23, 0x67,
    0xE3, 0xA6, 0xDC, 0x86, 0xEE, 0x28, 0xF6, 0x5B, 0xF1, 0x03, 0x54, 0x9E, 0x50, 0xA1, 0x78, 0x9C,
    0x75, 0x8F, 0xC1, 0x0D, 0xC0, 0x30, 0x08, 0x03, 0xBD, 0x01, 0xFB, 0x6F, 0xE9, 0x0D, 0xAE, 0x09,
    0x50, 0x95, 0x46, 0xAD, 0x1F, 0x70, 0x92, 0x85, 0x01, 0x69, 0x89, 0x50, 0x0A, 0x68, 0x50, 0x81,
    0x6F, 0x78, 0x2C, 0x77, 0x3F, 0x95, 0xBE, 0x57, 0xD2, 0x09, 0x6D, 0x31, 0xC0, 0xB9, 0xF0, 0x03,
    0xA2, 0xC0, 0x13, 0x7E, 0x82, 0x79, 0x07, 0xEF, 0x01, 0x94, 0x85, 0x9A, 0xA4, 0x4F, 0xDE, 0x3D,
    0xE6, 0x0F, 0x17, 0x50, 0x9C, 0x5B, 0x96, 0x78, 0x9C, 0x7D, 0x8E, 0x51, 0x0A, 0x00, 0x30, 0x08,
    0x42, 0xBD, 0x41, 0xF7, 0xBF, 0x65, 0x37, 0x70, 0x53, 0xB7, 0x9F, 0x18, 0x13, 0xEC, 0x51, 0x16,
    0x04, 0xA0, 0x49, 0x48, 0x24, 0xCB, 0x84, 0xD9, 0x87, 0x9A, 0x3B, 0xEF, 0xB4, 0x43, 0x0A, 0x1F,
    0xF6, 0xF2, 0xE0, 0xCF, 0x3A, 0xBB, 0x8C, 0xAB, 0x43, 0x32, 0x19, 0xCB, 0x7F, 0xEC, 0x22, 0x2E,
    0xB1, 0x76, 0x4F, 0xC0, 0x78, 0x9C, 0x75, 0x8F, 0xDB, 0x0D, 0xC0, 0x20, 0x0C, 0x03, 0xBD, 0x81,
    0xF7, 0xDF, 0x32, 0x1B, 0x5C, 0x91, 0x21, 0x48, 0x2D, 0xD4, 0x1F, 0xD6, 0x91, 0x07, 0x91, 0xA5,
    0x21, 0xAB, 0x14, 0x15, 0x82, 0x10, 0x14, 0x9E, 0x25, 0x17, 0xBB, 0x69, 0xDD, 0x95, 0xAD, 0x6C,
    0x1C, 0xD4, 0xDD, 0xB7, 0xCD, 0xDF, 0xAF, 0xE4, 0x45, 0x1F, 0xFB, 0x3D, 0x71, 0xD8, 0x88, 0xB3,
    0x46, 0xC8, 0x2B, 0xC4, 0x0E, 0x46, 0xA7, 0xE8, 0xD2, 0x03, 0x03, 0xF4, 0x5D, 0x85, 0x78, 0x9C,
    0x7D, 0x8E, 0xDB, 0x0D, 0x00, 0x20, 0x0C, 0x02, 0xD9, 0x80, 0xFD, 0xB7, 0xEC, 0x06, 0x68, 0xC1,
    0x0F, 0x8D, 0x46, 0x92, 0xA6, 0x57, 0xFA, 0x48, 0x81, 0x4D, 0x42, 0xB1, 0x73, 0x89, 0xA5, 0x00,
    0x64, 0xA7, 0x0D, 0xC6, 0x48, 0x07, 0x05, 0x10, 0x2F, 0x49, 0x89, 0x1B, 0x7C, 0xE2, 0x02, 0x17,
    0x1F, 0x38, 0x16, 0xD6, 0xBD, 0xF9, 0x4D, 0xA0, 0xE5, 0xB7, 0x44, 0x43, 0x0F, 0x18, 0x06, 0x74,
    0x2A, 0x50, 0x92, 0x78, 0x9C, 0x75, 0xCD, 0xC1, 0x0D, 0x00, 0x20, 0x08, 0x03, 0xC0, 0x6E, 0xC0,
    0xFE, 0x5B, 0xB2, 0x41, 0x0D, 0x14, 0x13, 0x44, 0xF5, 0x75, 0x29, 0x58, 0x40, 0x02, 0x70, 0x1A,
    0x26, 0x20, 0xB0, 0x21, 0xA6, 0x4F, 0x98, 0xE0, 0x1D, 0x9F, 0x62, 0x9E, 0xC5, 0x26, 0xB4, 0x9F,
    0xF1, 0xD4, 0xCE, 0xDC, 0xCB, 0x28, 0x02, 0xD4, 0x35, 0x1D, 0xAC, 0x00, 0x17, 0x38, 0xB0, 0x97,
    0x17, 0x6A, 0x7F, 0x5B, 0x96, 0x78, 0x9C, 0x63, 0xF8, 0xFF, 0x9F, 0x81, 0x01, 0x0B, 0xFE, 0xF0,
    0x9F, 0x1F, 0x83, 0xC6, 0x87, 0x41, 0xDA, 0x60, 0x34, 0x04, 0xF3, 0x7F, 0x80, 0xD0, 0x20, 0x00,
    0x92, 0xFB, 0xCF, 0x0F, 0xA2, 0x41, 0x92, 0x20, 0x23, 0x81, 0xE0, 0x03, 0x84, 0x82, 0x71, 0x11,
    0x34, 0x94, 0x01, 0x56, 0x0E, 0x00, 0xE9, 0x8F, 0x45, 0xF7, 0x78, 0x9C, 0x6D, 0xCF, 0x89, 0x0D,
    0xC0, 0x20, 0x0C, 0x03, 0x40, 0x36, 0xF0, 0xFE, 0x5B, 0x66, 0x03, 0xD7, 0x4E, 0x68, 0x68, 0x01,
    0xC4, 0x73, 0x22, 0x0F, 0x62, 0x8C, 0x6D, 0x90, 0x7C, 0x19, 0x1F, 0x13, 0x9E, 0xD3, 0x0A, 0xED,
    0x65, 0xE1, 0xA8, 0xD3, 0x85, 0xB6, 0x96, 0x1D, 0x87, 0x91, 0x66, 0xDF, 0xDD, 0xEC, 0x56, 0x9A,
    0xDA, 0x38, 0x8D, 0x65, 0xA6, 0xD1, 0x8E, 0x72, 0x26, 0xB8, 0xB4, 0x8E, 0xE5, 0x6C, 0x5A, 0xAE,
    0x07, 0x70, 0xBA, 0xFF, 0xFE, 0x37, 0xDA, 0x0F, 0xB5, 0x24, 0x88, 0x00, 0x78, 0x9C, 0x75, 0xCE,
    0x89, 0x0D, 0x00, 0x20, 0x08, 0x03, 0xC0, 0x6E, 0xC0, 0xFE, 0x5B, 0xB2, 0x41, 0xA5, 0x58, 0x63,
    0x34, 0x4A, 0x42, 0x3C, 0x7C, 0x10, 0x00, 0x48, 0x12, 0x0E, 0x92, 0x31, 0x95, 0x9B, 0x75, 0x9C,
    0xBE, 0xA1, 0x25, 0xF0, 0x0B, 0xF5, 0x71, 0xBE, 0x18, 0xB3, 0x93, 0xF2, 0x26, 0xFD, 0x87, 0xB9,
    0x5E, 0xD6, 0x96, 0x86, 0x60, 0xC1, 0x2C, 0x44, 0x17, 0x3D, 0xE1, 0x49, 0x9A, 0x5D, 0x3E, 0xA9,
    0x21, 0x07, 0x27, 0x45, 0x6E, 0xCE, 0x78, 0x9C, 0x85, 0xCE, 0xC1, 0x0D, 0x00, 0x20, 0x08, 0x03,
    0xC0, 0x6E, 0xC0, 0xFE, 0x5B, 0xB2, 0x41, 0x2D, 0x20, 0x04, 0x5F, 0x1A, 0xCD, 0x49, 0xAA, 0x28,
    0xD0, 0xC3, 0x49, 0x86, 0x2C, 0x9D, 0x06, 0x4D, 0xD5, 0xDA, 0xCF, 0x21, 0xA5, 0x96, 0x59, 0xC4,
    0x2A, 0xB0, 0xED, 0x95, 0xF7, 0x47, 0x7A, 0xB5, 0x91, 0xAB, 0x7D, 0x3C, 0x67, 0x57, 0xBC, 0xDA,
    0xC7, 0xFE, 0xC8, 0xE3, 0x01, 0x1F, 0x7D, 0x46, 0x8D, 0x78, 0x9C, 0x6D, 0xCF, 0x89, 0x0D, 0x00,
    0x20, 0x08, 0x03, 0x40, 0x36, 0xE8, 0xFE, 0x5B, 0xB2, 0x41, 0xA5, 0x8D, 0xBF, 0x92, 0x98, 0x9C,
    0x20, 0x2A, 0x11, 0x5B, 0x24, 0x09, 0x83, 0x1D, 0x49, 0x90, 0x4E, 0xA0, 0xEC, 0x4C, 0x2D, 0xC4,
    0x2F, 0x7C, 0x50, 0x6D, 0x42, 0x2E, 0xF4, 0x92, 0xCB, 0xDA, 0xF9, 0xE6, 0x42, 0x2E, 0x1C, 0x4F,
    0x09, 0xE7, 0x2F, 0x84, 0xB8, 0x81, 0x07, 0x63, 0x86, 0xAB, 0x32, 0x7A, 0xE6, 0x70, 0xF3, 0x44,
    0x03, 0xB2, 0x63, 0x49, 0xE4, 0x78, 0x9C, 0x85, 0xCE, 0xD1, 0x09, 0x00, 0x40, 0x08, 0x02, 0x50,
    0x37, 0x68, 0xFF, 0x2D, 0xDD, 0xC0, 0xAB, 0x24, 0xA8, 0xAF, 0x0B, 0xE2, 0x51, 0x84, 0x04, 0x28,
    0xC0, 0x00, 0x4A, 0x1D, 0x61, 0x6F, 0xA9, 0x76, 0x54, 0xB0, 0x94, 0xB0, 0x9D, 0xCE, 0xD1, 0x31,
    0xAD, 0xE8, 0xB8, 0xD4, 0x01, 0xBD, 0xCE, 0x43, 0xA7, 0xD3, 0xE3, 0x32, 0x3E, 0xCE, 0x23, 0xC7,
    0x07, 0x1C, 0xEC, 0x41, 0xFB, 0x78, 0x9C, 0x75, 0x8D, 0xC1, 0x0D, 0x00, 0x30, 0x08, 0x02, 0xD9,
    0xC0, 0xFD, 0xB7, 0x74, 0x03, 0xDA, 0x28, 0x6A, 0x9A, 0xB6, 0x7E, 0xB8, 0x00, 0x2A, 0x10, 0x63,
    0x29, 0xA0, 0x80, 0x64, 0xA8, 0x53, 0x8E, 0x57, 0xD2, 0x55, 0xCD, 0x6E, 0x30, 0x4A, 0x0D, 0x2C,
    0xC8, 0x14, 0xE7, 0xFE, 0x18, 0x2C, 0xE3, 0x4A, 0x7E, 0xD5, 0x47, 0x62, 0xE7, 0x11, 0xAF, 0xE7,
    0x02, 0x0C, 0x2C, 0x85, 0x0C, 0x4C, 0xC3, 0x78, 0x9C, 0x63, 0x60, 0x40, 0x06, 0xFF, 0x21, 0xD4,
    0x87, 0xFF, 0xFC, 0x10, 0x2E, 0x84, 0xFE, 0xFF, 0xFF, 0x3F, 0x94, 0x0B, 0x95, 0xE6, 0x67, 0xC0,
    0x03, 0xFE, 0xFF, 0x87, 0xA8, 0x47, 0xA7, 0xE1, 0xC6, 0xC1, 0xCC, 0x41, 0xB3, 0xE5, 0x03, 0x86,
    0x30, 0x0E, 0x55, 0x60, 0xE3, 0xD0, 0x69, 0x00, 0xF2, 0xB4, 0x3E, 0xC2, 0x78, 0x9C, 0x63, 0x60,
    0x00, 0x82, 0xFF, 0xFC, 0x0C, 0x10, 0xF0, 0xFF, 0x3F, 0x06, 0x03, 0x26, 0x85, 0x06, 0x3E, 0xFC,
    0x07, 0x01, 0x7E, 0x24, 0xC6, 0x7F, 0x18, 0x03, 0x22, 0x0B, 0x53, 0xC6, 0x8F, 0x6A, 0x20, 0x5C,
    0xE6, 0x3F, 0xA6, 0x0C, 0x2E, 0xA5, 0x58, 0x64, 0xF8, 0x51, 0x0D, 0xF9, 0x00, 0xB3, 0x1C, 0xCA,
    0x60, 0x40, 0x30, 0x00, 0x1D, 0xC7, 0x49, 0xB7, 0x78, 0x9C, 0x63, 0x60, 0x60, 0x60, 0xF8, 0xF0,
    0x9F, 0x01, 0x0C, 0xFE, 0xFF, 0xE7, 0x87, 0xD2, 0x10, 0x3E, 0x4C, 0x1C, 0x15, 0xFC, 0x07, 0x01,
    0x2C, 0x34, 0x86, 0xFE, 0x0F, 0x70, 0x2E, 0x3F, 0x84, 0x8B, 0x2E, 0x8C, 0x43, 0x15, 0xD8, 0x38,
    0x74, 0x1A, 0x00, 0x76, 0x5E, 0x3B, 0xA7, 0x78, 0x9C, 0x75, 0x8D, 0x01, 0x0A, 0x00, 0x20, 0x08,
    0x03, 0xEF, 0x07, 0xFD, 0xFF, 0x97, 0xFE, 0x60, 0x29, 0x6A, 0x11, 0x95, 0x08, 0x1E, 0xDB, 0x54,
    0x00, 0x81, 0xF9, 0xC0, 0x34, 0xBC, 0x83, 0xE4, 0x45, 0x4A, 0x29, 0x5C, 0x65, 0x11, 0x09, 0x6F,
    0x81, 0x1A, 0xD2, 0xED, 0x58, 0xAD, 0x6F, 0x41, 0x2D, 0x5C, 0xCE, 0x2F, 0xFA, 0x70, 0xC6, 0x79,
    0xC4, 0xFA, 0x79, 0x01, 0x1B, 0x26, 0x8A, 0x37, 0x50, 0x83, 0x78, 0x9C, 0x75, 0x8C, 0xC1, 0x0D,
    0x00, 0x20, 0x08, 0x03, 0xBB, 0x41, 0xF7, 0xDF, 0x92, 0x0D, 0xAA, 0x80, 0x06, 0x13, 0xB0, 0xAF,
    0xCB, 0xB5, 0x00, 0x54, 0x04, 0x18, 0x03, 0x08, 0x29, 0x60, 0x27, 0x8C, 0x29, 0x85, 0x2B, 0x62,
    0x8C, 0x6F, 0x35, 0xC3, 0x73, 0x75, 0x85, 0x95, 0xE0, 0x11, 0xBD, 0xF9, 0x4F, 0xF3, 0x71, 0x87,
    0x05, 0x9C, 0x85, 0x42, 0xCD, 0x78, 0x9C, 0x6D, 0x8E, 0xC9, 0x0D, 0x00, 0x40, 0x08, 0x02, 0xE9,
    0xC0, 0xFE, 0xBB, 0xA4, 0x03, 0x56, 0x85, 0xC4, 0xCF, 0x9A, 0x98, 0xF1, 0x44, 0x01, 0x09, 0x6B,
    0xA1, 0xC6, 0xEA, 0xC8, 0xD4, 0x39, 0x89, 0xC9, 0xD4, 0x35, 0x2D, 0x66, 0xB0, 0x59, 0x43, 0xC7,
    0x05, 0xF7, 0xFE, 0x54, 0x34, 0x3A, 0xA6, 0x57, 0xD7, 0x23, 0x73, 0xB2, 0x7B, 0xC6, 0x8F, 0x3D,
    0x70, 0xD1, 0x58, 0xA8, 0x78, 0x9C, 0x6D, 0x8E, 0xC1, 0x0D, 0x00, 0x20, 0x08, 0x03, 0x6F, 0x03,
    0xF6, 0xDF, 0xD2, 0x0D, 0x2A, 0x50, 0xA2, 0x89, 0xF1, 0xC5, 0x15, 0x5A, 0x00, 0x40, 0x12, 0xB8,
    0x2A, 0xB2, 0xAE, 0x02, 0x35, 0x04, 0x6E, 0x8D, 0x18, 0xB0, 0xBD, 0x02, 0x07, 0x9C, 0xD1, 0x07,
    0x62, 0xCD, 0xD2, 0x17, 0x32, 0xDD, 0xD0, 0xFB, 0xDA, 0x57, 0x4A, 0xF7, 0xF8, 0xBC, 0x83, 0x07,
    0x6C, 0xE1, 0xDB, 0x57, 0x8B, 0x78, 0x9C, 0x63, 0x60, 0x00, 0x81, 0x0F, 0xFF, 0xFF, 0x33, 0xC0,
    0x18, 0x08, 0x16, 0x3F, 0x84, 0x05, 0x67, 0x30, 0xC0, 0xE4, 0x80, 0x92, 0xFC, 0xB8, 0x59, 0x40,
    0x23, 0xA0, 0x4C, 0x6C, 0x2C, 0x06, 0x7C, 0x5A, 0x81, 0x2C, 0x06, 0x74, 0xBB, 0x90, 0x59, 0x98,
    0x1A, 0x90, 0x5C, 0x89, 0xE1, 0x70, 0xB8, 0xAF, 0x18, 0x00, 0xDD, 0xDF, 0x38, 0xF5, 0x78, 0x9C,
    0x65, 0x8F, 0xD1, 0x11, 0x00, 0x30, 0x04, 0x43, 0xB3, 0x81, 0xFD, 0xB7, 0xB4, 0x41, 0x7A, 0x55,
    0x51, 0x2D, 0x1F, 0xEE, 0x9D, 0x4B, 0x02, 0xE0, 0x2B, 0xD2, 0x0E, 0x78, 0x27, 0x88, 0x24, 0xCA,
    0x11, 0x45, 0x14, 0x85, 0x2D, 0x9C, 0xD7, 0x56, 0x49, 0x68, 0x49, 0xD6, 0xC8, 0xC3, 0x3B, 0xC8,
    0xA4, 0x2B, 0x1A, 0x8D, 0x25, 0xD9, 0x6B, 0xDF, 0x53, 0x22, 0x2C, 0xF7, 0xE8, 0x9B, 0x05, 0x24,
    0x2F, 0x58, 0x99, 0x78, 0x9C, 0x9D, 0x8E, 0xCB, 0x0D, 0x00, 0x20, 0x0C, 0x42, 0xD9, 0xA0, 0xFB,
    0x6F, 0xC9, 0x06, 0x68, 0x7F, 0x6A, 0x4C, 0xBC, 0xD8, 0x03, 0x79, 0xC0, 0x81, 0x02, 0xF7, 0xD1,
    0x9A, 0xF4, 0x24, 0xC9, 0xA8, 0x84, 0x79, 0xD6, 0xE0, 0x11, 0xA3, 0xF3, 0x8C, 0x2E, 0x4A, 0xC1,
    0xB2, 0x45, 0xE1, 0x3E, 0x48, 0x07, 0xC5, 0x58, 0x09, 0xD6, 0xEC, 0x7E, 0xC5, 0x1B, 0xD5, 0xEB,
    0xD5, 0x61, 0x00, 0xCE, 0x77, 0x59, 0xF2, 0x78, 0x9C, 0x75, 0x8E, 0xD1, 0x11, 0x00, 0x20, 0x08,
    0x42, 0xDD, 0xC0, 0xFD, 0xB7, 0x64, 0x03, 0x4A, 0xA0, 0x7E, 0xBA, 0xFC, 0x90, 0xA7, 0xA7, 0x62,
    0x95, 0xA3, 0xA3, 0xFC, 0x02, 0x04, 0x64, 0x93, 0xAA, 0x76, 0x74, 0x34, 0x0D, 0x08, 0x26, 0x5D,
    0x98, 0x25, 0x78, 0x2E, 0x70, 0xBA, 0x2F, 0x64, 0x8E, 0xC5, 0x38, 0xF9, 0xB0, 0x2C, 0xFC, 0x43,
    0x74, 0x01, 0x63, 0x87, 0x45, 0xE8, 0x78, 0x9C, 0x7D, 0xCF, 0xDB, 0x0D, 0x00, 0x20, 0x08, 0x03,
    0x40, 0x36, 0x60, 0xFF, 0x2D, 0xD9, 0xA0, 0x5A, 0x79, 0x44, 0xD1, 0xE8, 0x8F, 0x97, 0x82, 0x01,
    0x45, 0xEE, 0x03, 0x7D, 0xD0, 0x76, 0xCE, 0x02, 0x16, 0x18, 0x06, 0x59, 0x0E, 0x4A, 0x12, 0x8D,
    0x47, 0x57, 0xA7, 0x26, 0xAD, 0xF3, 0xF3, 0xB6, 0x4F, 0x10, 0xAE, 0x64, 0x4E, 0x5E, 0xF0, 0xB5,
    0x27, 0xE1, 0x21, 0x3B, 0x50, 0x7F, 0xA9, 0x70, 0x00, 0xB5, 0xE2, 0x54, 0xBB, 0x78, 0x9C, 0x63,
    0x60, 0x40, 0x05, 0x1F, 0xF8, 0xA1, 0x8C, 0xFF, 0xFF, 0x31, 0x18, 0x50, 0xA9, 0x0F, 0x40, 0x06,
    0x48, 0xF0, 0x3F, 0x84, 0x80, 0xAA, 0x80, 0x31, 0x40, 0xB2, 0x98, 0x0C, 0x30, 0x07, 0x0F, 0x03,
    0x45, 0x03, 0xD4, 0x3C, 0xFE, 0x0F, 0x50, 0xC6, 0x7F, 0xB0, 0x4D, 0x40, 0xF9, 0xFF, 0xFC, 0x10,
    0xC7, 0x00, 0x49, 0x30, 0x03, 0x00, 0xDA, 0xFA, 0x48, 0xC7, 0x78, 0x9C, 0x63, 0x60, 0x60, 0xF8,
    0xF0, 0x9F, 0x9F, 0x81, 0x01, 0x07, 0xF5, 0xFF, 0x3F, 0x03, 0x9C, 0xFA, 0x0F, 0x06, 0x10, 0x8A,
    0x1F, 0x46, 0x61, 0xD3, 0xF6, 0x01, 0x22, 0x07, 0xA1, 0xA0, 0x3C, 0x34, 0xB3, 0xB0, 0x53, 0x10,
    0x43, 0x00, 0x5A, 0x27, 0x3F, 0xC1, 0x78, 0x9C, 0x63, 0x60, 0xF8, 0xFF, 0x9F, 0x81, 0x01, 0x83,
    0xE0, 0x67, 0x60, 0xF8, 0x80, 0x4E, 0x30, 0x60, 0x10, 0x20, 0x71, 0x08, 0x81, 0x00, 0x10, 0x49,
    0x7E, 0x90, 0x41, 0x30, 0x02, 0xAC, 0x16, 0x00, 0x85, 0x0A, 0x21, 0xDF, 0x78, 0x9C, 0x75, 0xCD,
    0xCB, 0x0D, 0xC0, 0x30, 0x08, 0x03, 0x50, 0x6F, 0xE0, 0xFD, 0xB7, 0x64, 0x03, 0x97, 0xF0, 0x69,
    0xD3, 0x88, 0x58, 0x1C, 0x1E, 0x08, 0x01, 0xE0, 0x61, 0x94, 0xC7, 0xB4, 0x2A, 0x25, 0xE5, 0x0C,
    0x2E, 0xDC, 0xF3, 0xAE, 0xD9, 0xA0, 0xED, 0x08, 0xD5, 0x2F, 0xA8, 0x7E, 0x81, 0x92, 0x3E, 0xB1,
    0x64, 0x83, 0x14, 0xF9, 0xC9, 0x36, 0x11, 0xB9, 0x77, 0xB4, 0x4B, 0xD1, 0xD5, 0xA5, 0xD6, 0x03,
    0xD7, 0xE2, 0x55, 0xE7, 0x78, 0x9C, 0x75, 0x8E, 0xCB, 0x0D, 0x00, 0x41, 0x08, 0x42, 0xE9, 0x80,
    0xFE, 0xBB, 0xA4, 0x03, 0x16, 0x71, 0x92, 0xBD, 0xCC, 0x98, 0x28, 0x7E, 0x9E, 0x46, 0x00, 0x44,
    0x5D, 0x06, 0x1C, 0x4F, 0x90, 0x59, 0x6D, 0x99, 0x41, 0xCB, 0xA7, 0x85, 0x1A, 0x50, 0xC3, 0x73,
    0xD7, 0xA2, 0x6A, 0x9B, 0xD8, 0x9C, 0x07, 0xE1, 0xB4, 0x27, 0xD7, 0xA2, 0x57, 0x55, 0xD5, 0x67,
    0xF5, 0x3F, 0x4B, 0xF7, 0xCD, 0xDC, 0x22, 0x3E, 0x73, 0xC2, 0x51, 0xEB, 0x78, 0x9C, 0x63, 0x60,
    0xE0, 0x67, 0x60, 0xF8, 0xCF, 0xC0, 0xF0, 0xE1, 0x3F, 0x08, 0x01, 0x99, 0xFF, 0xFF, 0xF3, 0x43,
    0x28, 0x06, 0x0C, 0xF0, 0x01, 0x2C, 0xC5, 0x00, 0x95, 0xC2, 0x43, 0x41, 0x15, 0xE2, 0xA3, 0xC8,
    0x34, 0x04, 0x00, 0xF1, 0x71, 0x30, 0xD0, 0x78, 0x9C, 0x63, 0x60, 0x00, 0x83, 0xFF, 0x0C, 0x0C,
    0x1F, 0xF8, 0x19, 0xFE, 0x03, 0xD1, 0x7F, 0x20, 0xFA, 0x0F, 0x64, 0x7C, 0x00, 0x92, 0x0C, 0x20,
    0x92, 0x9F, 0x01, 0x05, 0x7C, 0x00, 0x0B, 0x60, 0x92, 0x20, 0xD5, 0x38, 0x49, 0x5C, 0x9A, 0x60,
    0x24, 0x48, 0x21, 0x00, 0xBE, 0x38, 0x2D, 0xD3, 0x78, 0x9C, 0x95, 0x8E, 0xDB, 0x0D, 0x00, 0x20,
    0x08, 0x03, 0xBB, 0x01, 0xFB, 0x6F, 0xE9, 0x06, 0x67, 0x28, 0xF8, 0xF8, 0xF1, 0xC3, 0x26, 0x90,
    0x8B, 0xAD, 0x80, 0x74, 0x34, 0x90, 0x28, 0x08, 0x0C, 0x02, 0xA2, 0x3D, 0xF4, 0xD0, 0x8A, 0xD0,
    0x61, 0x2C, 0x7F, 0x89, 0xAC, 0x1C, 0x57, 0x29, 0xCF, 0x18, 0x17, 0xD8, 0xF9, 0x03, 0x0E, 0xD4,
    0x51, 0x6E, 0x6B, 0xD5, 0x5E, 0x9E, 0xCF, 0x7D, 0x58, 0x19, 0x9A, 0xA7, 0x2D, 0x5F, 0xBF, 0x78,
    0x9C, 0x75, 0x8D, 0xDB, 0x0D, 0x00, 0x30, 0x08, 0x02, 0xD9, 0xC0, 0xFD, 0xB7, 0x74, 0x03, 0x4A,
    0x41, 0xFF, 0x5A, 0x13, 0x24, 0xBE, 0x4E, 0x00, 0x05, 0xAB, 0x09, 0x50, 0x52, 0x6A, 0x96, 0xDD,
    0xA5, 0x06, 0x2E, 0xBF, 0x31, 0x63, 0xAD, 0xB1, 0x62, 0xF7, 0xAE, 0x2F, 0x66, 0x90, 0x2B, 0x71,
    0x3B, 0x3B, 0x71, 0xF5, 0x5E, 0x1E, 0x31, 0xE0, 0xC1, 0x2D, 0x7E, 0xDF, 0x1D, 0x57, 0x67, 0x4C,
    0xB4, 0x78, 0x9C, 0x75, 0x8E, 0x01, 0x0A, 0xC0, 0x20, 0x0C, 0x03, 0xFD, 0x41, 0xFF, 0xFF, 0xCB,
    0xFE, 0xE0, 0x46, 0x9A, 0xC2, 0xBA, 0xA9, 0x45, 0xF0, 0x68, 0x34, 0xDC, 0x5A, 0xEF, 0x64, 0xE8,
    0x08, 0x48, 0x1A, 0xC0, 0x19, 0x5E, 0x6C, 0x53, 0xB9, 0x5E, 0xFF, 0xA1, 0x23, 0x06, 0xB8, 0xF4,
    0x00, 0x61, 0xC8, 0x09, 0x97, 0x62, 0xBE, 0xC5, 0xFA, 0x40, 0x79, 0xDA, 0x50, 0xC2, 0x56, 0xD6,
    0x1D, 0xAD, 0x58, 0x8B, 0x07, 0x51, 0xFD, 0x59, 0x98, 0x78, 0x9C, 0x7D, 0x8E, 0xC1, 0x0D, 0x00,
    0x20, 0x08, 0x03, 0xBB, 0x81, 0xFB, 0x6F, 0xC9, 0x06, 0x27, 0x05, 0xFD, 0x18, 0x95, 0xE4, 0x68,
    0x4A, 0x03, 0x41, 0x0A, 0xA9, 0x60, 0x28, 0x12, 0x37, 0xF0, 0x0C, 0x6C, 0x33, 0x28, 0xFB, 0x2A,
    0x87, 0x17, 0xEA, 0xD4, 0xA1, 0x3F, 0xBC, 0xB6, 0xB5, 0x19, 0xD1, 0x0A, 0x9D, 0xAD, 0xB7, 0xB2,
    0x59, 0x27, 0xB3, 0x74, 0x4F, 0xA2, 0x78, 0x9C, 0x75, 0x8F, 0xD1, 0x11, 0x00, 0x30, 0x04, 0x43,
    0xB3, 0x81, 0xFD, 0xB7, 0xB4, 0x41, 0xAA, 0xA2, 0x77, 0x7A, 0x5A, 0x5F, 0x4F, 0x90, 0x13, 0x00,
    0xCE, 0x28, 0x40, 0x60, 0x78, 0x56, 0xE8, 0x1A, 0x4D, 0x18, 0xAB, 0x4C, 0x2B, 0x1B, 0x50, 0x23,
    0x36, 0xF0, 0xB4, 0x78, 0x80, 0x09, 0xBC, 0xC3, 0xC7, 0x98, 0xB7, 0xF1, 0x3E, 0x60, 0x66, 0xC9,
    0x46, 0xE9, 0xA8, 0xC7, 0x4E, 0xBC, 0x12, 0x16, 0x2C, 0x22, 0x5C, 0xEF, 0x78, 0x9C, 0x63, 0x60,
    0x60, 0xF8, 0x0F, 0x04, 0x0C, 0x0C, 0x08, 0x1A, 0x0D, 0x7C, 0xE0, 0x07, 0x21, 0x90, 0x34, 0x03,
    0x58, 0xFE, 0x3F, 0x94, 0x8F, 0x03, 0x80, 0xD4, 0x60, 0xC1, 0x1F, 0x80, 0xDA, 0xD0, 0x69, 0x7C,
    0x18, 0xA4, 0x0D, 0x46, 0x43, 0x30, 0xFF, 0x07, 0x08, 0x0D, 0x71, 0x26, 0x90, 0xC3, 0x0F, 0x71,
    0x0E, 0xC4, 0x59, 0x00, 0x7B, 0xD9, 0x4F, 0xC0, 0x78, 0x9C, 0x75, 0x8F, 0xD1, 0x11, 0x00, 0x20,
    0x08, 0x42, 0xDD, 0x80, 0xFD, 0xB7, 0x6C, 0x03, 0x3A, 0x93, 0x2B, 0xB5, 0xF2, 0xA3, 0xDE, 0x09,
    0x62, 0x99, 0x95, 0xA2, 0xEE, 0x41, 0xA8, 0x81, 0xA6, 0x6C, 0x27, 0xA4, 0x1D, 0xB8, 0x4D, 0xB2,
    0x52, 0x89, 0x1D, 0x24, 0x31, 0x41, 0x2C, 0x7E, 0x00, 0x02, 0x46, 0x86, 0x4F, 0x30, 0x6B, 0xB0,
    0x0F, 0xD0, 0xD6, 0xC1, 0x98, 0xF4, 0x8A, 0x87, 0x51, 0xFF, 0x53, 0x63, 0x02, 0x67, 0xCF, 0x58,
    0xF3, 0x78, 0x9C, 0x7D, 0x8E, 0x01, 0x0A, 0x00, 0x20, 0x08, 0x03, 0xFD, 0x81, 0xFF, 0xFF, 0xE5,
    0x7E, 0xB0, 0x98, 0xC3, 0xC8, 0x88, 0x86, 0xE3, 0x48, 0x27, 0x19, 0x71, 0x08, 0x69, 0xD2, 0x04,
    0x67, 0x7B, 0xBF, 0xAA, 0x41, 0xAA, 0x2A, 0x3C, 0x03, 0x53, 0xCA, 0x3C, 0x0C, 0xFD, 0x71, 0xF1,
    0x67, 0xAD, 0x35, 0xED, 0x84, 0x29, 0x69, 0xC6, 0xF4, 0x39, 0x3E, 0x6B, 0x01, 0x3B, 0x4A, 0x4C,
    0xC3, 0x78, 0x9C, 0x75, 0x8F, 0x89, 0x09, 0x00, 0x30, 0x08, 0x03, 0xDD, 0xC0, 0xFD, 0xB7, 0x74,
    0x83, 0x6B, 0xD5, 0x96, 0x3E, 0xB6, 0x41, 0xE4, 0xC0, 0x18, 0x88, 0xC8, 0x92, 0xE1, 0xE3, 0x02,
    0x74, 0x82, 0xBC, 0xD5, 0x0D, 0xE9, 0xA9, 0x50, 0xAC, 0x44, 0xB8, 0x16, 0x18, 0x27, 0x36, 0xB0,
    0x88, 0x78, 0x80, 0x26, 0xD8, 0x0E, 0x9F, 0x60, 0xCE, 0x60, 0x7F, 0x40, 0x62, 0x91, 0x9F, 0x8C,
    0x5A, 0xDC, 0x3D, 0x1B, 0x4C, 0x40, 0x5D, 0xEE, 0x78, 0x9C, 0x7D, 0x8E, 0x8B, 0x09, 0x00, 0x21,
    0x0C, 0x43, 0xB3, 0x41, 0xF7, 0xDF, 0x32, 0x1B, 0xC4, 0x8B, 0x51, 0x39, 0x44, 0x0D, 0x0D, 0x8F,
    0xD2, 0x0F, 0x01, 0x96, 0x08, 0xC8, 0x54, 0xB1, 0x93, 0x52, 0x0D, 0xE2, 0x27, 0x96, 0xEB, 0x5B,
    0x13, 0xFA, 0x40, 0xA3, 0xBF, 0xC8, 0x3B, 0x07, 0xD3, 0xBF, 0x37, 0xBE, 0xEC, 0xB3, 0xC9, 0xB8,
    0x18, 0x5A, 0x09, 0x9B, 0x38, 0x89, 0xD5, 0x00, 0x98, 0x16, 0x52, 0x9F, 0x78, 0x9C, 0x75, 0x8F,
    0x89, 0x09, 0x00, 0x30, 0x08, 0xC4, 0xDC, 0xC0, 0xFD, 0xB7, 0x74, 0x83, 0x14, 0x1F, 0xA8, 0xB5,
    0xED, 0x21, 0x12, 0x7C, 0x0E, 0x15, 0x69, 0x42, 0x27, 0x18, 0x13, 0xDA, 0x6C, 0x4E, 0x6D, 0x88,
    0x78, 0x08, 0xC2, 0x40, 0x2F, 0xA8, 0x16, 0x0D, 0x2C, 0xBC, 0x1E, 0xA0, 0x09, 0xD6, 0xE1, 0x63,
    0xCC, 0x69, 0xEC, 0x0B, 0x48, 0x24, 0x72, 0xD3, 0x95, 0x87, 0x51, 0x9F, 0x56, 0x61, 0x01, 0x3D,
    0x35, 0x59, 0xE3, 0x78, 0x9C, 0x7D, 0x4E, 0x81, 0x0D, 0x00, 0x20, 0x08, 0xF2, 0x03, 0xFE, 0xFF,
    0xD2, 0x0F, 0x28, 0xA2, 0x5A, 0xB6, 0x16, 0x93, 0x31, 0x15, 0x1D, 0x11, 0x1B, 0xC9, 0xAA, 0x41,
    0xCC, 0x01, 0xE2, 0x40, 0xEF, 0xC6, 0x80, 0x54, 0x0D, 0x57, 0x35, 0x54, 0xC8, 0xF3, 0x60, 0xEA,
    0xF9, 0xA5, 0x3F, 0xEA, 0x6C, 0xA9, 0x89, 0xB4, 0x0A, 0xDA, 0x11, 0x8E, 0xE3, 0x58, 0x0D, 0x06,
    0x9C, 0x4D, 0xB3, 0x78, 0x9C, 0x7D, 0x8E, 0xD1, 0x11, 0x00, 0x30, 0x04, 0x43, 0x6D, 0xD0, 0xFD,
    0xB7, 0xB4, 0x41, 0x4A, 0x55, 0xB5, 0x8E, 0xE6, 0x03, 0xEF, 0x8E, 0x04, 0x91, 0x89, 0x01, 0x0C,
    0x72, 0xE1, 0x43, 0xBD, 0xD4, 0x23, 0x56, 0x51, 0x51, 0x1D, 0xC6, 0x1D, 0xC9, 0x78, 0x91, 0x9C,
    0x23, 0x91, 0x5B, 0xEA, 0x56, 0x90, 0xB6, 0x9B, 0x22, 0xD9, 0x7F, 0x7C, 0x68, 0x84, 0x23, 0x9D,
    0xB8, 0x35, 0x64, 0xDA, 0xA7, 0xBB, 0x18, 0xF1, 0x43, 0x13, 0xFC, 0x59, 0x7D, 0x92, 0x78, 0x9C,
    0x8D, 0x8E, 0xD1, 0x11, 0x00, 0x20, 0x08, 0x42, 0xD9, 0xC0, 0xFD, 0xB7, 0x64, 0x03, 0x4A, 0x2C,
    0xAB, 0xBF, 0xF8, 0xF0, 0x5E, 0x27, 0x90, 0xC0, 0x94, 0xA6, 0x60, 0xF1, 0xC5, 0xC0, 0x97, 0xD2,
    0x68, 0xB3, 0xE3, 0x74, 0x85, 0x51, 0xD5, 0xA1, 0x7C, 0x05, 0xAB, 0x8E, 0xB9, 0xDD, 0x18, 0x85,
    0x6C, 0xEF, 0x15, 0x93, 0xC0, 0xE3, 0xBB, 0x50, 0x8D, 0xFE, 0x8A, 0x4F, 0xCA, 0x67, 0xAF, 0xDB,
    0xAB, 0x3F, 0xC7, 0x00, 0xD6, 0xAC, 0x68, 0xA7, 0x78, 0x9C, 0x75, 0x8D, 0xD1, 0x0D, 0xC0, 0x40,
    0x08, 0x42, 0xD9, 0xC0, 0xFD, 0xB7, 0x74, 0x83, 0xD7, 0x88, 0xDA, 0x6B, 0x9B, 0x94, 0x9F, 0x7B,
    0xE1, 0x00, 0xA5, 0xA3, 0x44, 0xA2, 0x21, 0x30, 0x08, 0x88, 0xF9, 0x43, 0x3F, 0xE2, 0x64, 0x1D,
    0xC6, 0x72, 0x25, 0x54, 0xCE, 0xDD, 0xDD, 0x31, 0xAD, 0x91, 0x6B, 0x14, 0x64, 0xB5, 0xBE, 0x10,
    0x93, 0x59, 0xC8, 0x37, 0x30, 0x1B, 0x3E, 0xC5, 0xE3, 0xB8, 0x47, 0x7A, 0x3D, 0xFB, 0xBD, 0x00,
    0x49, 0xBA, 0x59, 0xA7, 0x78, 0x9C, 0x7D, 0x8F, 0xC1, 0x0D, 0x00, 0x21, 0x08, 0x04, 0xB7, 0x03,
    0xFA, 0xEF, 0x92, 0x0E, 0xE6, 0x44, 0x97, 0x70, 0x7E, 0x24, 0x24, 0x0E, 0x08, 0x0B, 0x48, 0x63,
    0x19, 0x12, 0x05, 0x50, 0x5E, 0x19, 0x20, 0x1A, 0x4E, 0x91, 0x13, 0x2F, 0x4B, 0x22, 0xAD, 0x73,
    0xDA, 0x18, 0x58, 0x3F, 0x6C, 0x39, 0x19, 0x6A, 0x66, 0xEC, 0x91, 0x0E, 0xDE, 0x70, 0xC9, 0x8C,
    0x70, 0x36, 0xCC, 0xEE, 0x6E, 0x12, 0xDE, 0xF9, 0x5F, 0xD2, 0x47, 0xF8, 0xFD, 0x00, 0x7D, 0xA5,
    0x66, 0x8B, 0x78, 0x9C, 0x95, 0x8E, 0xC9, 0x01, 0x00, 0x21, 0x08, 0x03, 0xA7, 0x03, 0xFA, 0xEF,
    0x92, 0x0E, 0xE2, 0x4A, 0xA2, 0xBE, 0x97, 0x0F, 0x13, 0xAE, 0x00, 0x20, 0x15, 0x4C, 0x36, 0x69,
    0x02, 0xFA, 0x93, 0x6D, 0x28, 0x4F, 0x6D, 0x31, 0xEA, 0xC0, 0x74, 0xFE, 0x81, 0x1E, 0x90, 0xEB,
    0x01, 0xD9, 0xC6, 0xE6, 0xBB, 0x94, 0xC7, 0x52, 0xF0, 0xCA, 0x44, 0x27, 0xD3, 0x15, 0xD0, 0x85,
    0x43, 0x17, 0xEC, 0xC6, 0x02, 0x5D, 0x89, 0x5F, 0xCE, 0x78, 0x9C, 0x65, 0x8E, 0xD1, 0x09, 0x00,
    0x40, 0x08, 0x42, 0xDD, 0xA0, 0xFD, 0xB7, 0x74, 0x03, 0xEF, 0xD2, 0xFA, 0x2A, 0x90, 0x17, 0x16,
    0x16, 0x00, 0xA9, 0xF0, 0x8B, 0x72, 0xD3, 0x90, 0x4C, 0x36, 0x47, 0x8C, 0x57, 0xCC, 0x4E, 0x68,
    0xFF, 0x32, 0x52, 0xF2, 0x26, 0xCE, 0x06, 0x72, 0xC7, 0xC0, 0x80, 0x87, 0x3B, 0xF7, 0x57, 0x0F,
    0xFC, 0xB7, 0x48, 0x4F, 0x78, 0x9C, 0x5D, 0x8F, 0xDB, 0x15, 0x00, 0x20, 0x08, 0x42, 0xDD, 0xC0,
    0xFD, 0xB7, 0x74, 0x03, 0x2A, 0xC5, 0x7C, 0xF0, 0x23, 0x27, 0xE5, 0x72, 0x12, 0x19, 0x82, 0xC6,
    0x34, 0x1A, 0x43, 0x99, 0xDC, 0xC8, 0x12, 0xB8, 0xBA, 0xD3, 0x8F, 0xE1, 0x62, 0xF6, 0xBD, 0xFC,
    0x6C, 0xC2, 0xA4, 0x60, 0xAD, 0xCF, 0x5E, 0x6A, 0x1B, 0xE5, 0x4D, 0x1A, 0x9B, 0x06, 0x64, 0x78,
    0x15, 0x5A, 0xB9, 0x43, 0x82, 0xCE, 0x3F, 0x1C, 0x5E, 0x98, 0x57, 0xA9, 0x78, 0x9C, 0x85, 0x8F,
    0xD1, 0x15, 0x80, 0x30, 0x08, 0x03, 0xD9, 0x80, 0xFD, 0xB7, 0x64, 0x83, 0xB3, 0x9A, 0xF0, 0xB0,
    0x7E, 0x58, 0x7E, 0xB8, 0x42, 0x1A, 0x20, 0x62, 0x8B, 0x6A, 0x20, 0x9D, 0x41, 0x0D, 0x5C, 0xE9,
    0xBC, 0x2A, 0x71, 0x8A, 0x22, 0xA5, 0x02, 0xF9, 0x30, 0xB0, 0x3A, 0x3C, 0xB6, 0x61, 0x48, 0x0D,
    0x9D, 0xC7, 0x3F, 0x6C, 0x36, 0x63, 0x5C, 0x0D, 0xB7, 0xC0, 0xBB, 0xEB, 0x53, 0xE0, 0xE5, 0xDF,
    0x92, 0xCF, 0x55, 0x17, 0xF7, 0xA1, 0x62, 0x8F, 0x78, 0x9C, 0x75, 0x8E, 0xC9, 0x0D, 0xC0, 0x40,
    0x08, 0x03, 0xDD, 0x01, 0xFD, 0x77, 0xB9, 0x1D, 0x4C, 0x90, 0x30, 0x28, 0xE4, 0xE0, 0x81, 0x06,
    0xCB, 0x60, 0xA4, 0x55, 0xD1, 0x70, 0x68, 0x82, 0x18, 0xED, 0x43, 0xD4, 0x68, 0xE3, 0x0A, 0x37,
    0x8A, 0xDA, 0x4E, 0x11, 0xFF, 0x94, 0x01, 0x69, 0xF4, 0x3E, 0x71, 0x9E, 0xA4, 0x1B, 0xE1, 0x88,
    0x1C, 0x1C, 0xB1, 0xC8, 0x87, 0x7D, 0x5C, 0xE5, 0x65, 0x3F, 0xF6, 0x6E, 0x17, 0x11, 0x87, 0x65,
    0xAA, 0x78, 0x9C, 0x75, 0x8C, 0x89, 0x09, 0x00, 0x30, 0x08, 0x03, 0xDD, 0x20, 0xFB, 0x6F, 0xE9,
    0x06, 0xA9, 0x1A, 0xA1, 0x5A, 0xA8, 0x10, 0xCE, 0x27, 0xD1, 0xEC, 0x96, 0x43, 0x24, 0x35, 0x36,
    0x63, 0xC6, 0xBB, 0xD8, 0x81, 0x59, 0x4E, 0x78, 0xFA, 0xC3, 0xCC, 0xF4, 0x89, 0xA8, 0x70, 0x52,
    0x3D, 0x4C, 0xB7, 0xCD, 0xA1, 0xFA, 0xF1, 0xE1, 0x96, 0xE2, 0x07, 0x0A, 0xF0, 0x4E, 0x94, 0x78,
    0x9C, 0x75, 0xCE, 0xC1, 0x11, 0x00, 0x21, 0x08, 0x03, 0x40, 0x3A, 0xA0, 0xFF, 0x2E, 0xE9, 0x20,
    0xC2, 0x9D, 0x48, 0x70, 0x84, 0x87, 0xBA, 0x23, 0x44, 0x45, 0x86, 0x42, 0x03, 0xCB, 0x00, 0xE5,
    0x2B, 0xE5, 0x46, 0xC6, 0x5C, 0x1E, 0x11, 0xA5, 0x19, 0xF1, 0x50, 0x35, 0x56, 0x24, 0x60, 0x93,
    0xFC, 0x48, 0xF2, 0x71, 0x5C, 0xCA, 0xC8, 0xE8, 0x2A, 0xC5, 0xC6, 0xAA, 0x97, 0xF3, 0x8F, 0x4D,
    0x5A, 0x89, 0x72, 0x9E, 0xFB, 0x0E, 0xB7, 0xF6, 0xE8, 0x5E, 0x7E, 0x59, 0xD3, 0x02, 0xCF, 0xC2,
    0x7A, 0x95, 0x78, 0x9C, 0x6D, 0x8D, 0xD1, 0x15, 0xC0, 0x20, 0x08, 0x03, 0xD9, 0x80, 0xFD, 0xB7,
    0x64, 0x83, 0xD3, 0x60, 0x05, 0x6D, 0x9B, 0x0F, 0xDE, 0x91, 0x47, 0x82, 0xD9, 0x5B, 0xE1, 0x85,
    0x50, 0x66, 0x23, 0xF8, 0xD7, 0x34, 0x3A, 0xD5, 0xF4, 0x27, 0xC5, 0xB3, 0x62, 0xA6, 0x41, 0xE3,
    0x41, 0x69, 0xDA, 0x68, 0xF3, 0x58, 0x7D, 0xF9, 0x61, 0xA3, 0x2F, 0x8C, 0xBA, 0x3D, 0x62, 0x60,
    0xD1, 0x77, 0x07, 0x52, 0x98, 0xAF, 0xE2, 0x4A, 0x09, 0xD3, 0xF7, 0xDD, 0xAF, 0x31, 0x00, 0xCA,
    0x8A, 0x67, 0xC6, 0x78, 0x9C, 0x55, 0x8E, 0x89, 0x0D, 0x00, 0x21, 0x08, 0x04, 0xA7, 0x03, 0xFA,
    0xEF, 0xD2, 0x0E, 0x56, 0x59, 0x04, 0xEF, 0x4C, 0xCC, 0x90, 0xCD, 0xF0, 0x00, 0x4B, 0x02, 0xC3,
    0x45, 0x42, 0x91, 0x3C, 0x51, 0xF8, 0x23, 0x8A, 0x8C, 0x6D, 0xDD, 0x45, 0xD9, 0x15, 0xC4, 0x37,
    0x40, 0x4F, 0xE5, 0x06, 0x1E, 0x95, 0xD4, 0x8C, 0x9F, 0x75, 0x57, 0xEF, 0xAE, 0x7E, 0x8B, 0x6E,
    0xEE, 0x03, 0x7E, 0x7C, 0xF7, 0x18, 0x1B, 0x40, 0x4E, 0x50, 0x74, 0x78, 0x9C, 0x4D, 0x8D, 0xC9,
    0x11, 0x00, 0x30, 0x08, 0x02, 0xB7, 0x03, 0xFB, 0xEF, 0xD2, 0x0E, 0x48, 0xBC, 0x62, 0x7C, 0xB0,
    0xC3, 0x88, 0x08, 0x48, 0x46, 0xA8, 0x04, 0x1E, 0xB0, 0x0B, 0xF3, 0x74, 0xB1, 0x19, 0x74, 0x90,
    0x0C, 0xAE, 0xE5, 0xD9, 0x3A, 0xD3, 0x94, 0x74, 0xE5, 0x06, 0x6B, 0x2A, 0xED, 0x1A, 0x7E, 0x1D,
    0xF3, 0x20, 0xF5, 0x00, 0x37, 0x7D, 0x38, 0xE6, 0x78, 0x9C, 0xFB, 0xF0, 0x1F, 0x0C, 0xF8, 0x3F,
    0xA0, 0xD1, 0x0C, 0x0C, 0x40, 0x16, 0x03, 0x08, 0x7C, 0x00, 0x71, 0xF0, 0xD0, 0x50, 0x65, 0x84,
    0x68, 0x42, 0xC6, 0xA0, 0x1B, 0x87, 0x0E, 0x60, 0xE2, 0x08, 0xF5, 0x50, 0xE1, 0xFF, 0x28, 0xD2,
    0x00, 0xDF, 0x3A, 0x40, 0xA2, 0x78, 0x9C, 0x5D, 0x8D, 0xD1, 0x11, 0x00, 0x20, 0x08, 0x42, 0xD9,
    0xA0, 0xFD, 0xB7, 0x64, 0x03, 0x32, 0xCC, 0xBC, 0xE4, 0xE3, 0x79, 0x82, 0x9C, 0x80, 0x84, 0x90,
    0xD6, 0x23, 0x0F, 0xA9, 0xD0, 0xC7, 0x3A, 0x9C, 0x64, 0x97, 0x06, 0x33, 0xF5, 0x50, 0x2D, 0x28,
    0xDD, 0x87, 0x36, 0xD8, 0x94, 0xFD, 0x0C, 0x37, 0xE2, 0x3D, 0x3B, 0x98, 0x78, 0x9C, 0x63, 0x60,
    0x60, 0xF8, 0xF0, 0x9F, 0x9F, 0x01, 0x1B, 0xF9, 0xFF, 0x3F, 0x03, 0x6E, 0x12, 0x97, 0x26, 0x0C,
    0xAD, 0x1F, 0x40, 0x24, 0x90, 0xE0, 0x47, 0x90, 0x20, 0x15, 0x00, 0x93, 0x81, 0x2A, 0xC7, 0x78,
    0x9C, 0x6D, 0xCE, 0xDB, 0x0D, 0x00, 0x20, 0x08, 0x03, 0xC0, 0x6E, 0xC0, 0xFE, 0x5B, 0x76, 0x83,
    0xCA, 0x4B, 0xA2, 0x51, 0x3E, 0xC8, 0xA9, 0x85, 0x08, 0x40, 0x5E, 0x86, 0x28, 0x0D, 0x53, 0x72,
    0xD0, 0x3B, 0x5B, 0x16, 0xF7, 0x8F, 0xF2, 0x14, 0x99, 0x1A, 0xF8, 0x2D, 0xC9, 0x70, 0xE5, 0xB6,
    0x58, 0xA9, 0x51, 0xBE, 0xDE, 0x8D, 0x2A, 0x1D, 0x5F, 0xE9, 0xCD, 0x83, 0x05, 0x53, 0xDE, 0x61,
    0xAE, 0x78, 0x9C, 0x63, 0xF8, 0xFF, 0x9F, 0x01, 0x88, 0x80, 0x18, 0x08, 0xF8, 0x11, 0x14, 0xC3,
    0x87, 0xFF, 0xFC, 0x40, 0x84, 0x4A, 0x7D, 0x00, 0x8B, 0x83, 0x55, 0x7C, 0x00, 0x93, 0x20, 0x71,
    0x06, 0x06, 0x14, 0x0A, 0x2A, 0x07, 0x12, 0xF8, 0x0F, 0x53, 0x03, 0x34, 0x9F, 0x01, 0x00, 0x1E,
    0x89, 0x3A, 0xE4, 0x78, 0x9C, 0x6D, 0x4C, 0xDB, 0x0D, 0x00, 0x40, 0x0C, 0xB1, 0x81, 0xFD, 0xB7,
    0xB4, 0x81, 0x3B, 0xD5, 0xCF, 0x36, 0x4D, 0x3C, 0x02, 0x00, 0x76, 0x1E, 0xF2, 0x3F, 0x46, 0x0E,
    0x6A, 0x6C, 0xA2, 0x9C, 0x1B, 0x61, 0xEC, 0x70, 0x35, 0x7A, 0xA2, 0x06, 0x53, 0x77, 0x57, 0xDB,
    0x31, 0x77, 0x23, 0xB9, 0x07, 0x40, 0x64, 0x46, 0xAB, 0x78, 0x9C, 0x85, 0x8C, 0xC1, 0x09, 0x00,
    0x30, 0x0C, 0x02, 0xDD, 0xC0, 0xFD, 0xB7, 0xEC, 0x06, 0x57, 0x93, 0x14, 0xF2, 0x6C, 0x40, 0x4E,
    0x8C, 0x28, 0xD0, 0xC1, 0x12, 0x98, 0xF8, 0xB0, 0xCE, 0x09, 0xD1, 0x70, 0x54, 0xBF, 0x1F, 0x7B,
    0x6B, 0xF9, 0x66, 0x58, 0x56, 0xB5, 0x9B, 0xBA, 0x57, 0x7A, 0x45, 0xAC, 0x78, 0x9C, 0x6D, 0x8E,
    0xC1, 0x0D, 0x00, 0x30, 0x08, 0x02, 0xD9, 0xC0, 0xFD, 0xB7, 0x74, 0x03, 0x5A, 0xBC, 0x26, 0xED,
    0xA3, 0x0F, 0x73, 0x12, 0x14, 0x95, 0xD4, 0xB6, 0x34, 0x70, 0x1D, 0x46, 0xA3, 0x42, 0x41, 0x64,
    0xBB, 0x3A, 0x6D, 0xC6, 0x62, 0xC1, 0x9A, 0x14, 0x48, 0xE1, 0xFD, 0x99, 0xB9, 0x64, 0xEC, 0xBE,
    0xCF, 0xEA, 0x5D, 0x7F, 0x62, 0xE7, 0x0C, 0x0F, 0x2C, 0xC3, 0xDA, 0x54, 0x8E, 0x78, 0x9C, 0x63,
    0x60, 0xF8, 0xF0, 0xFF, 0x3F, 0x03, 0x10, 0xFC, 0xFF, 0x0F, 0xA2, 0x3F, 0x80, 0x28, 0x7E, 0x20,
    0x8F, 0x01, 0x4C, 0x81, 0x04, 0x88, 0xA5, 0x40, 0xDA, 0x41, 0xDA, 0xFE, 0xC3, 0x0C, 0xF9, 0x00,
    0x31, 0x12, 0x6A, 0x01, 0x00, 0x26, 0xD0, 0x2D, 0xB5, 0x78, 0x9C, 0x35, 0x8D, 0xC9, 0x11, 0x00,
    0x30, 0x08, 0x02, 0xE9, 0x80, 0xFE, 0xBB, 0xA4, 0x03, 0xA2, 0x60, 0x3E, 0xEE, 0x28, 0x87, 0x00,
    0x60, 0x13, 0x81, 0x3D, 0xD0, 0x71, 0xAE, 0x62, 0xD6, 0x15, 0x87, 0x31, 0xE1, 0xD6, 0xA5, 0x6A,
    0x53, 0xF2, 0x76, 0x73, 0x33, 0x58, 0x12, 0xE6, 0xD5, 0x7D, 0x7D, 0xFD, 0xBA, 0x2F, 0xAD, 0x41,
    0x5B, 0xF1, 0x00, 0x54, 0x51, 0x3B, 0xD4, 0x78, 0x9C, 0x7D, 0xCF, 0xD1, 0x09, 0x00, 0x20, 0x08,
    0x04, 0xD0, 0xDB, 0xC0, 0xFD, 0xB7, 0xBC, 0x0D, 0xAE, 0xD4, 0x10, 0x2B, 0xD0, 0x0F, 0x79, 0xA9,
    0x58, 0x01, 0x1E, 0x94, 0xE1, 0x86, 0x84, 0x19, 0x3B, 0x07, 0xA8, 0x1D, 0x16, 0x85, 0x04, 0xA3,
    0x63, 0x88, 0xC4, 0x44, 0x2E, 0xF6, 0x4E, 0x1D, 0x06, 0x30, 0x71, 0xD6, 0x50, 0xEF, 0x0D, 0x3E,
    0xF4, 0xBF, 0xB8, 0x41, 0x85, 0xF6, 0x9B, 0x05, 0xE3, 0x39, 0x5C, 0xA4, 0x78, 0x9C, 0x7D, 0xCD,
    0xC1, 0x0D, 0x00, 0x20, 0x08, 0x03, 0x40, 0x36, 0x60, 0xFF, 0x2D, 0xBB, 0x01, 0x42, 0x29, 0x11,
    0x3F, 0xFA, 0xF1, 0x48, 0xB1, 0x9A, 0xF1, 0x20, 0xBC, 0x61, 0x31, 0xC2, 0xD2, 0x0D, 0xED, 0x55,
    0x5E, 0xAD, 0xDC, 0xD6, 0x7E, 0x8C, 0xC0, 0xD0, 0xD5, 0x09, 0x49, 0x75, 0x15, 0xF6, 0x53, 0x8E,
    0x5F, 0x41, 0x9A, 0x3A, 0xC4, 0xFE, 0xCC, 0x5B, 0xB5, 0x48, 0x1D, 0x58, 0x3F, 0x4F, 0xED, 0x78,
    0x9C, 0x35, 0x8C, 0xC1, 0x11, 0x00, 0x30, 0x08, 0xC2, 0xB2, 0x81, 0xFB, 0x6F, 0xC9, 0x06, 0xB4,
    0xC8, 0xF9, 0x31, 0x0A, 0x08, 0x60, 0x0F, 0x99, 0x36, 0x28, 0x98, 0x48, 0x0A, 0xBE, 0xD1, 0xED,
    0x2B, 0x6B, 0xE5, 0x6A, 0x84, 0x84, 0x17, 0x3E, 0xA0, 0x7C, 0xFA, 0x4A, 0xD4, 0x4A, 0x3A, 0x1F,
    0x84, 0x52, 0x38, 0x05, 0x78, 0x9C, 0x4D, 0xCC, 0xB7, 0x11, 0x00, 0x30, 0x0C, 0x02, 0x40, 0x36,
    0x60, 0xFF, 0x2D, 0xBD, 0x01, 0x26, 0x34, 0x6A, 0xF4, 0x3A, 0x05, 0x80, 0x27, 0x01, 0xA9, 0x35,
    0xD0, 0xA0, 0x64, 0x5E, 0x20, 0xF6, 0xE2, 0xD0, 0xDD, 0xC1, 0xEF, 0xED, 0xB4, 0x2C, 0x2E, 0x6B,
    0xD1, 0xAE, 0x1F, 0xBB, 0x2A, 0x3A, 0x8A, 0x78, 0x9C, 0x5D, 0xCE, 0xC1, 0x0D, 0x00, 0x20, 0x08,
    0x03, 0xC0, 0x6E, 0xD0, 0xFD, 0xB7, 0xEC, 0x06, 0x48, 0x15, 0x30, 0xCA, 0x83, 0x5C, 0x02, 0x25,
    0x00, 0x8A, 0xC0, 0xA9, 0x54, 0x7B, 0x93, 0x90, 0x1D, 0x48, 0x3E, 0x83, 0x9F, 0x86, 0xA2, 0xC5,
    0xEC, 0x1E, 0x52, 0x4D, 0xEF, 0xF2, 0x44, 0xBC, 0x52, 0x69, 0x6A, 0xB8, 0x53, 0x73, 0xEA, 0xBE,
    0x53, 0x5A, 0x5D, 0x8A, 0x48, 0x40, 0x78, 0x9C, 0x4D, 0x8A, 0xC9, 0x11, 0x00, 0x20, 0x08, 0x03,
    0xB7, 0x03, 0xFB, 0xEF, 0x32, 0x1D, 0x44, 0x03, 0xE2, 0xC8, 0x23, 0x17, 0x0B, 0xD8, 0xA6, 0xD4,
    0x0B, 0xB9, 0x9A, 0x4E, 0x74, 0x36, 0x72, 0x69, 0x30, 0xA0, 0x86, 0xFF, 0x5E, 0xCF, 0x8C, 0x9A,
    0xC8, 0x70, 0x4D, 0xA5, 0x1B, 0xEB, 0x65, 0x2F, 0xB3, 0x78, 0x9C, 0x45, 0x4C, 0x81, 0x0D, 0x00,
    0x30, 0x0C, 0xF1, 0xC1, 0xFE, 0xFF, 0xB2, 0x1F, 0x18, 0x2A, 0x5B, 0x93, 0x12, 0x4A, 0x81, 0x21,
    0x0F, 0x00, 0x6A, 0x4A, 0x92, 0x94, 0x6D, 0xF7, 0x53, 0x20, 0xA2, 0xE4, 0x2C, 0xDE, 0x6D, 0x95,
    0x6B, 0x59, 0x47, 0xA6, 0x2F, 0x27, 0x78, 0x01, 0x42, 0xD2, 0x2E, 0x96, 0x78, 0x9C, 0x55, 0x8C,
    0xC1, 0x0D, 0x00, 0x30, 0x08, 0x02, 0x6F, 0x03, 0xF7, 0xDF, 0xD2, 0x0D, 0xA8, 0x85, 0xC4, 0xA6,
    0x8F, 0xCB, 0x29, 0x46, 0x80, 0x96, 0x0A, 0x4B, 0x1A, 0x2B, 0x9E, 0x95, 0x7B, 0xC8, 0x8C, 0x3D,
    0xF4, 0x46, 0xE5, 0xBF, 0x36, 0xC9, 0xF9, 0x1C, 0x52, 0x57, 0xAF, 0x9E, 0xE8, 0x00, 0x9D, 0x9E,
    0x42, 0x73, 0x78, 0x9C, 0x63, 0x60, 0x60, 0x60, 0xF8, 0xFF, 0x9F, 0x81, 0x01, 0x4E, 0x7D, 0xF8,
    0xCF, 0x8F, 0x8B, 0xFA, 0x0F, 0x04, 0xFC, 0x70, 0x0A, 0x55, 0x1B, 0xD1, 0x86, 0x40, 0x55, 0xFC,
    0x07, 0x53, 0x1F, 0x20, 0x26, 0x7D, 0x80, 0x88, 0x01, 0x00, 0x92, 0x84, 0x2E, 0xE1, 0x78, 0x9C,
    0x8D, 0x8F, 0xC1, 0x0D, 0x00, 0x30, 0x08, 0x02, 0xDD, 0xC0, 0xFD, 0xB7, 0x64, 0x03, 0x1A, 0x53,
    0x8A, 0x36, 0xFD, 0xD4, 0x87, 0x5E, 0x0C, 0x01, 0x8D, 0xD8, 0x45, 0x86, 0x69, 0x60, 0x8A, 0xA0,
    0x25, 0x98, 0xD0, 0x92, 0x3C, 0x4A, 0x4E, 0x4C, 0x49, 0x6B, 0x18, 0xF3, 0x04, 0x54, 0x97, 0xC1,
    0x17, 0x3E, 0xB6, 0x33, 0x0C, 0x8D, 0x25, 0xEC, 0xBB, 0x7D, 0xA2, 0x5F, 0xB8, 0xA5, 0xFD, 0x97,
    0x69, 0x01, 0x92, 0xAE, 0x61, 0x90, 0x78, 0x9C, 0x7D, 0x8C, 0xC1, 0x0D, 0x00, 0x20, 0x08, 0x03,
    0x6F, 0x03, 0xF6, 0xDF, 0x92, 0x0D, 0x2A, 0x28, 0x68, 0xF8, 0x48, 0x42, 0x38, 0xDA, 0x02, 0xE0,
    0x32, 0x17, 0x51, 0xCA, 0xEA, 0x79, 0x20, 0x1C, 0x65, 0x42, 0x14, 0x58, 0xA8, 0xD9, 0x77, 0xF9,
    0xC3, 0x78, 0xF3, 0x1E, 0x7B, 0x43, 0x06, 0x0E, 0xD4, 0x11, 0xFB, 0xC8, 0x66, 0x64, 0x0B, 0x94,
    0x01, 0x0B, 0x36, 0xD6, 0x56, 0x9B, 0x78, 0x9C, 0x55, 0x8C, 0xC1, 0x11, 0x00, 0x31, 0x08, 0x02,
    0xB7, 0x03, 0xFA, 0xEF, 0xD2, 0x0E, 0x3C, 0x94, 0xDC, 0x4C, 0xF2, 0x70, 0x56, 0x41, 0x00, 0xAA,
    0x1B, 0x16, 0xBB, 0x0C, 0x14, 0xB5, 0x34, 0xA7, 0xC6, 0x25, 0x4F, 0x96, 0xB5, 0x92, 0x59, 0x87,
    0xF6, 0xC2, 0x77, 0x1C, 0xFF, 0xEB, 0xFA, 0xAA, 0x27, 0xF8, 0x00, 0x3A, 0x22, 0x39, 0xA9, 0x78,
    0x9C, 0x65, 0xCC, 0x81, 0x09, 0x00, 0x30, 0x08, 0x03, 0xC1, 0xDF, 0xC0, 0xFD, 0xB7, 0x74, 0x83,
    0x94, 0x46, 0x2B, 0xA5, 0x15, 0xE4, 0x20, 0x44, 0x91, 0x20, 0x15, 0xDC, 0xDE, 0x9B, 0x72, 0x5C,
    0x62, 0x75, 0x0C, 0xAB, 0x91, 0x3D, 0x6D, 0x56, 0x3C, 0x4E, 0x2D, 0x5A, 0x1E, 0xBF, 0x37, 0x3E,
    0x5B, 0x5F, 0x93, 0x45, 0x8E, 0x78, 0x9C, 0x65, 0x8C, 0x81, 0x09, 0x00, 0x40, 0x08, 0x02, 0xDD,
    0xA0, 0xFD, 0xB7, 0x74, 0x03, 0x3F, 0x0D, 0x82, 0xF8, 0x20, 0x0E, 0xCF, 0x88, 0x2A, 0x80, 0x2A,
    0x6A, 0xD7, 0xD3, 0xD2, 0x00, 0x5C, 0x06, 0x18, 0xEB, 0x18, 0xB6, 0x4D, 0xD1, 0xC1, 0xE4, 0x4F,
    0x0E, 0xF7, 0xFE, 0xBC, 0x7B, 0xAA, 0x28, 0x3E, 0xB3, 0x78, 0x9C, 0x63, 0xF8, 0xFF, 0x9F, 0x81,
    0x01, 0x0B, 0xFE, 0xF0, 0x9F, 0x1F, 0x0B, 0xCD, 0x0F, 0xA6, 0xB1, 0x61, 0x90, 0x36, 0x18, 0x0D,
    0xC1, 0xFC, 0x1F, 0x20, 0x34, 0x08, 0x80, 0xE4, 0xFE, 0xF3, 0x83, 0x68, 0x90, 0x24, 0x98, 0x66,
    0x00, 0x1B, 0x07, 0x02, 0x1F, 0xF0, 0xD1, 0x00, 0xD2, 0x1F, 0x47, 0xD7, 0x78, 0x9C, 0x6D, 0x8C,
    0xB1, 0x11, 0x00, 0x30, 0x08, 0x02, 0xD9, 0xC0, 0xFD, 0xB7, 0x74, 0x03, 0x12, 0xFC, 0x14, 0x29,
    0x2C, 0xF0, 0xE1, 0xE4, 0x90, 0xD4, 0xB6, 0x34, 0x70, 0x3D, 0x26, 0x93, 0x42, 0x41, 0x62, 0xBB,
    0x3A, 0xF6, 0x9E, 0x29, 0xA6, 0x9E, 0x6A, 0x56, 0x20, 0xE2, 0x07, 0x57, 0xD5, 0xB0, 0x3F, 0xEE,
    0x62, 0xE6, 0x00, 0xDF, 0xCE, 0x4E, 0xB2, 0x78, 0x9C, 0x6D, 0x8F, 0xD1, 0x0D, 0x40, 0x21, 0x08,
    0x03, 0xBB, 0x01, 0xFB, 0x6F, 0xD9, 0x0D, 0xF0, 0x95, 0xD3, 0xC4, 0xE4, 0xF9, 0x51, 0x8F, 0x42,
    0x43, 0x50, 0x92, 0xBB, 0xA5, 0x41, 0xD7, 0x66, 0x3C, 0x2E, 0x14, 0xC4, 0xBA, 0xCB, 0x29, 0xBF,
    0x67, 0x82, 0x89, 0x27, 0x9A, 0x2D, 0x10, 0x31, 0x83, 0x4F, 0xD5, 0xD0, 0x17, 0xDF, 0x62, 0xCD,
    0xFF, 0xA2, 0x73, 0xA7, 0x77, 0x9B, 0x6F, 0x2C, 0x31, 0x97, 0x5C, 0x95, 0x78, 0x9C, 0x63, 0x60,
    0x60, 0xF8, 0xCF, 0xCF, 0x00, 0x04, 0xFF, 0xFF, 0x03, 0x89, 0x0F, 0x60, 0x12, 0x2A, 0x82, 0x04,
    0x3E, 0x80, 0x45, 0x60, 0x24, 0x5C, 0x39, 0x06, 0x09, 0xD4, 0x0F, 0xA4, 0x20, 0x24, 0x9A, 0x26,
    0x04, 0x89, 0xA4, 0x09, 0x00, 0x72, 0xC6, 0x2A, 0xB8, 0x78, 0x9C, 0x63, 0xF8, 0xFF, 0x9F, 0x81,
    0x01, 0x09, 0x7F, 0xF8, 0xCF, 0x8F, 0x81, 0x51, 0x95, 0xF0, 0x83, 0x31, 0x48, 0x1C, 0x00, 0xA5,
    0xFC, 0x1E, 0x01, 0x78, 0x9C, 0x63, 0xF8, 0xF0, 0xFF, 0xFF, 0x7F, 0x7E, 0x06, 0x64, 0x92, 0x01,
    0x4C, 0x00, 0x49, 0x06, 0xDC, 0xE4, 0x07, 0xB0, 0x12, 0x24, 0x12, 0xD9, 0x00, 0x20, 0x01, 0x54,
    0x03, 0x00, 0x84, 0xB0, 0x29, 0xE6, 0x78, 0x9C, 0x63, 0x60, 0x60, 0xF8, 0xF0, 0x9F, 0x9F, 0x01,
    0x04, 0x70, 0xD1, 0xFF, 0xFF, 0x33, 0x60, 0xA1, 0x3F, 0xFC, 0x87, 0xD0, 0x40, 0xEA, 0xFF, 0x87,
    0xFF, 0x60, 0x2E, 0x48, 0xE4, 0xC3, 0x7F, 0x10, 0x0B, 0xA8, 0x91, 0x1F, 0xA6, 0x80, 0x38, 0xE3,
    0x90, 0x69, 0x7E, 0x14, 0x1A, 0xA2, 0x0F, 0x00, 0xF8, 0x6F, 0x3A, 0xA8, 0x78, 0x9C, 0x63, 0x60,
    0x60, 0xF8, 0xFF, 0x9F, 0x81, 0x01, 0x27, 0xF9, 0xE1, 0x3F, 0x3F, 0x88, 0x05, 0x24, 0x3F, 0x80,
    0xC9, 0xFF, 0xFC, 0x10, 0xF2, 0x03, 0x54, 0xE4, 0xFF, 0x7F, 0x08, 0x09, 0x52, 0xC4, 0x8F, 0xD3,
    0x00, 0x5C, 0x24, 0x00, 0xE4, 0xE6, 0x36, 0xF7, 0x78, 0x9C, 0x63, 0x60, 0xF8, 0xFF, 0x9F, 0x81,
    0x01, 0x1B, 0xF1, 0xE1, 0x3F, 0x3F, 0x76, 0x82, 0x22, 0x0D, 0x60, 0xEE, 0x7F, 0x28, 0xF1, 0x01,
    0x44, 0x00, 0x00, 0x7F, 0x50, 0x36, 0xCA, 0x78, 0x9C, 0x8D, 0x8E, 0xDB, 0x09, 0x00, 0x30, 0x08,
    0x03, 0xDD, 0x20, 0xFB, 0x6F, 0xE9, 0x06, 0xD6, 0x47, 0x2A, 0x16, 0x5A, 0xA8, 0x1F, 0x72, 0x42,
    0x72, 0x28, 0x62, 0x26, 0x9C, 0x4F, 0x52, 0x43, 0x53, 0xCD, 0x8B, 0x10, 0x2D, 0xB0, 0xDA, 0xAB,
    0xFA, 0x41, 0xA5, 0xF4, 0x4D, 0xA5, 0x53, 0xE6, 0xE3, 0x0E, 0x0F, 0x2A, 0x3C, 0x74, 0x7A, 0x0A,
    0x26, 0xDD, 0xBE, 0x55, 0x50, 0x28, 0xFC, 0x89, 0x84, 0x1D, 0x4A, 0x58, 0x69, 0x85, 0x68, 0x98,
    0x78, 0x9C, 0x63, 0xF8, 0xFF, 0x9F, 0x81, 0x81, 0x00, 0xFE, 0xF0, 0x9F, 0x1F, 0x8D, 0xCD, 0x0F,
    0x67, 0x7F, 0x40, 0x63, 0xA3, 0x63, 0x90, 0x36, 0x5C, 0x6C, 0x08, 0x06, 0xB1, 0xF9, 0xFF, 0x03,
    0xF1, 0x07, 0x08, 0x1F, 0x06, 0x40, 0x6A, 0xC1, 0x82, 0x60, 0x36, 0x4C, 0x03, 0x88, 0x02, 0x00,
    0x86, 0x0E, 0x61, 0xBD, 0x78, 0x9C, 0x63, 0xF8, 0xFF, 0x9F, 0x81, 0x81, 0x00, 0xFE, 0xF0, 0x9F,
    0x1F, 0x8D, 0xCD, 0x0F, 0x67, 0xC3, 0xF8, 0x1F, 0x70, 0x60, 0x90, 0x36, 0x5C, 0x6C, 0x04, 0xE6,
    0xFF, 0x0F, 0xC4, 0x1F, 0x20, 0x6C, 0x18, 0x00, 0xA9, 0x05, 0x0B, 0xF2, 0x83, 0xD8, 0x30, 0xC5,
    0x60, 0x36, 0x14, 0x80, 0xAC, 0x86, 0x82, 0x0F, 0xC4, 0xB2, 0x01, 0x6B, 0x4E, 0x68, 0xD4, 0x78,
    0x9C, 0x7D, 0x8C, 0xC1, 0x0D, 0x00, 0x30, 0x08, 0x02, 0xD9, 0xA0, 0xFB, 0x6F, 0xE9, 0x06, 0x54,
    0x42, 0x8D, 0xF6, 0xD1, 0x92, 0x60, 0x4E, 0x45, 0x11, 0x44, 0x70, 0xA5, 0x09, 0x95, 0x14, 0xD8,
    0x2C, 0x79, 0x29, 0x10, 0xBB, 0xB7, 0x95, 0x73, 0xB6, 0xF9, 0x63, 0xC5, 0x26, 0x57, 0x1F, 0xE3,
    0xE5, 0xDB, 0xE8, 0x9B, 0xA3, 0xC9, 0x7A, 0x5B, 0xD3, 0x8B, 0xD7, 0xE0, 0xAC, 0x1B, 0x79, 0x84,
    0x71, 0x53, 0x78, 0x9C, 0x63, 0x60, 0x60, 0xF8, 0xF0, 0x9F, 0x1F, 0x88, 0x18, 0x18, 0x40, 0x2C,
    0x10, 0x40, 0xB0, 0xF8, 0x21, 0x2C, 0x06, 0x08, 0x0B, 0x44, 0x7E, 0x80, 0xB2, 0x18, 0xB0, 0xB2,
    0x20, 0x7A, 0xE1, 0x2C, 0xB0, 0x04, 0x5E, 0xD6, 0x07, 0xA8, 0x15, 0xD8, 0x0D, 0x66, 0x80, 0xBA,
    0x04, 0xCE, 0xE0, 0xC7, 0x64, 0x41, 0x19, 0x0C, 0x00, 0x02, 0xC2, 0x4D, 0xA4, 0x78, 0x9C, 0x63,
    0xF8, 0xF0, 0x9F, 0x1F, 0x88, 0x18, 0x18, 0x3E, 0xFC, 0x07, 0x01, 0x18, 0xCD, 0x0F, 0xA2, 0x19,
    0x40, 0x34, 0x84, 0x0D, 0xA2, 0x19, 0xE0, 0x34, 0x16, 0x0C, 0x36, 0x03, 0x8D, 0xC6, 0x8E, 0x21,
    0xC6, 0x80, 0x00, 0x26, 0xFD, 0x1F, 0x46, 0x43, 0x04, 0x80, 0x7C, 0x00, 0x26, 0xC8, 0x4C, 0x96,
    0x78, 0x9C, 0x63, 0xF8, 0xF0, 0x9F, 0x9F, 0x01, 0x15, 0xFF, 0x47, 0xA1, 0xFF, 0x83, 0x69, 0x06,
    0x10, 0xCD, 0xFF, 0x1F, 0x99, 0xE6, 0x87, 0xD1, 0x1F, 0x20, 0x4A, 0x40, 0x34, 0x3F, 0x32, 0xCD,
    0x80, 0x4A, 0x33, 0xC0, 0x69, 0x10, 0x06, 0x00, 0x63, 0x23, 0x43, 0xCC, 0x78, 0x9C, 0x45, 0x8D,
    0xC1, 0x11, 0x00, 0x30, 0x08, 0xC2, 0xD8, 0x80, 0xFD, 0xB7, 0xEC, 0x06, 0x54, 0x44, 0x5B, 0x3F,
    0xE1, 0xC4, 0x8B, 0x00, 0x24, 0xA2, 0xE6, 0xA8, 0x83, 0x21, 0x99, 0x84, 0x99, 0x5C, 0xEC, 0x8E,
    0xA9, 0x1F, 0xF1, 0xC9, 0xBE, 0x0D, 0xE9, 0x7D, 0xC4, 0xA3, 0x5B, 0xFD, 0xBE, 0xBB, 0xEE, 0x3E,
    0x42, 0xBE, 0x78, 0x9C, 0x63, 0x60, 0x60, 0xF8, 0xF0, 0x1F, 0x0C, 0x18, 0xE0, 0x2C, 0x10, 0xF3,
    0x3F, 0x9C, 0x09, 0x14, 0x64, 0x00, 0x0B, 0x31, 0x80, 0x29, 0x0C, 0xE6, 0x87, 0xFF, 0xFC, 0x10,
    0xE5, 0x18, 0x4C, 0x30, 0x17, 0x37, 0x13, 0x64, 0x2C, 0x3F, 0xD4, 0x30, 0x6C, 0x4E, 0x60, 0x80,
    0x33, 0x01, 0xA4, 0xD5, 0x57, 0x6D, 0x78, 0x9C, 0x6D, 0x8D, 0xCB, 0x01, 0x00, 0x20, 0x08, 0x42,
    0xD9, 0xC0, 0xFD, 0xB7, 0x6C, 0x83, 0x97, 0x1F, 0xAA, 0x4B, 0x1E, 0x10, 0x51, 0x41, 0x92, 0x80,
    0x50, 0x17, 0x1C, 0xCE, 0x54, 0xB2, 0x55, 0x4A, 0x43, 0x62, 0x8C, 0x50, 0x7B, 0x3F, 0xF4, 0x58,
    0x0B, 0xB7, 0x85, 0xF4, 0x94, 0x3F, 0x9D, 0x3B, 0xCA, 0xD4, 0xE6, 0x37, 0x8D, 0xD6, 0x1C, 0x1C,
    0xCE, 0xD9, 0x15, 0x93, 0x58, 0x99, 0x78, 0x9C, 0x63, 0x60, 0x00, 0x82, 0x0F, 0xFF, 0xF9, 0x19,
    0x20, 0xE0, 0xC3, 0x7F, 0x06, 0x0C, 0xD6, 0x7F, 0x3C, 0xAC, 0x0F, 0xFF, 0xFF, 0x43, 0xF4, 0x82,
    0x18, 0x60, 0x26, 0x84, 0x01, 0x92, 0x07, 0x12, 0x40, 0x83, 0x41, 0x82, 0x40, 0x1E, 0x90, 0x05,
    0x46, 0x20, 0x16, 0x94, 0x03, 0x61, 0x81, 0xD4, 0x20, 0x14, 0x60, 0x67, 0x81, 0x38, 0x60, 0x01,
    0x88, 0x09, 0x0C, 0x50, 0x2B, 0x10, 0xB6, 0xC1, 0x5D, 0x40, 0x96, 0x2F, 0x00, 0x18, 0x3B, 0x72,
    0x25, 0x78, 0x9C, 0x63, 0x60, 0x60, 0x60, 0xF8, 0xF0, 0x9F, 0x1F, 0x48, 0x32, 0xFC, 0xFF, 0xCF,
    0x40, 0x90, 0x02, 0x2B, 0xFC, 0x80, 0x8D, 0xFA, 0x0F, 0xA6, 0xFE, 0x83, 0x15, 0xFE, 0x07, 0x53,
    0x40, 0x89, 0x0F, 0x60, 0x0A, 0x84, 0x18, 0x00, 0x45, 0xC3, 0x23, 0xCE, 0x78, 0x9C, 0x63, 0x60,
    0x00, 0x82, 0xFF, 0xFF, 0x19, 0x90, 0x29, 0x7E, 0x10, 0xF9, 0x01, 0x2F, 0xC5, 0x80, 0x45, 0x1B,
    0xB1, 0x86, 0xFC, 0x07, 0x53, 0xFF, 0xC1, 0x14, 0x90, 0xFC, 0x0F, 0x96, 0xF8, 0x00, 0xA6, 0xC0,
    0x26, 0x03, 0x00, 0x9A, 0xCF, 0x2E, 0xD2, 0x78, 0x9C, 0x63, 0x60, 0x60, 0x60, 0xF8, 0xF0, 0x9F,
    0x1F, 0x48, 0x32, 0xFC, 0xFF, 0xCF, 0x40, 0x90, 0x02, 0x2B, 0xFC, 0x80, 0x8D, 0xFA, 0x0F, 0xA6,
    0xFE, 0x83, 0x15, 0xFE, 0x07, 0x53, 0x40, 0x09, 0x08, 0x85, 0xCB, 0x48, 0xA8, 0xBE, 0xFF, 0x30,
    0x53, 0x00, 0xE8, 0x4D, 0x2E, 0xF0, 0x78, 0x9C, 0x63, 0xF8, 0xF0, 0x9F, 0xFF, 0xC3, 0x7F, 0x06,
    0x06, 0x20, 0xFE, 0x0F, 0xA6, 0xFE, 0xFF, 0xE7, 0x07, 0x53, 0x40, 0x92, 0x01, 0x42, 0x82, 0x25,
    0x70, 0x50, 0x1F, 0x20, 0x2A, 0xF0, 0x51, 0xE8, 0xDA, 0xA0, 0x82, 0xFF, 0x91, 0xA8, 0x0F, 0x10,
    0x0A, 0x00, 0xDC, 0x1A, 0x31, 0xC0, 0x78, 0x9C, 0x63, 0x60, 0x60, 0xF8, 0xFF, 0xFF, 0x3F, 0x03,
    0x03, 0xC3, 0x07, 0x08, 0x05, 0x24, 0xF9, 0xC1, 0x1C, 0x06, 0xB0, 0x18, 0x3F, 0x03, 0x58, 0x8C,
    0x01, 0x17, 0x05, 0x55, 0x81, 0x9F, 0x02, 0xAB, 0x07, 0x00, 0x20, 0x23, 0x22, 0xC0, 0x78, 0x9C,
    0x63, 0xF8, 0xF0, 0x1F, 0x08, 0x18, 0x18, 0xC0, 0x14, 0x3F, 0x84, 0xFA, 0x0F, 0xA4, 0xF8, 0x81,
    0x2C, 0x06, 0x90, 0x04, 0x0A, 0x05, 0x14, 0x87, 0xB0, 0x40, 0x14, 0x44, 0x21, 0x54, 0x1B, 0xFF,
    0x07, 0x18, 0x05, 0x57, 0x85, 0x42, 0xF1, 0x03, 0x00, 0x89, 0x86, 0x43, 0x9F, 0x78, 0x9C, 0x5D,
    0xCC, 0xC9, 0x11, 0x00, 0x30, 0x08, 0x02, 0x40, 0x3A, 0xA0, 0xFF, 0x2E, 0xED, 0x80, 0x40, 0xF0,
    0x93, 0x3C, 0x9C, 0xF5, 0xC6, 0x88, 0x18, 0x09, 0xB5, 0xE1, 0x32, 0x26, 0xC5, 0x8E, 0x2C, 0xD3,
    0xB6, 0xFA, 0xCC, 0xE8, 0x39, 0xDF, 0x98, 0xBE, 0xE9, 0xDE, 0x95, 0xD5, 0xE0, 0x00, 0x8E, 0x62,
    0x42, 0xAF, 0x78, 0x9C, 0x5D, 0x8C, 0xC1, 0x11, 0x00, 0x20, 0x08, 0xC3, 0xB2, 0x01, 0xFB, 0x6F,
    0xE9, 0x06, 0x55, 0xA8, 0xA8, 0xE7, 0x87, 0x5E, 0x20, 0x14, 0x90, 0x82, 0x9C, 0x12, 0x8C, 0x8C,
    0x58, 0x11, 0xA3, 0x28, 0x2F, 0x1D, 0x5B, 0xA4, 0xC4, 0x8B, 0x1C, 0xF4, 0x9B, 0xBA, 0x44, 0xAE,
    0x34, 0xF0, 0xCB, 0x72, 0xB3, 0x9E, 0xED, 0x04, 0x01, 0xA7, 0x3B, 0xE3, 0x78, 0x9C, 0x63, 0x60,
    0x00, 0x82, 0x0F, 0xFF, 0xFF, 0x83, 0x28, 0x86, 0xFF, 0x10, 0x1A, 0xC8, 0xE5, 0x87, 0x70, 0xF9,
    0xA1, 0xC2, 0x0C, 0xC8, 0xAA, 0x3E, 0x40, 0x85, 0x71, 0xD1, 0x50, 0x65, 0x84, 0x68, 0x42, 0xC6,
    0xE0, 0x30, 0xEE, 0x03, 0xAA, 0x1B, 0x11, 0x34, 0x44, 0x35, 0x00, 0x53, 0x1A, 0x3A, 0xA8, 0x78,
    0x9C, 0x63, 0x60, 0x00, 0x81, 0xFF, 0xFF, 0x19, 0xA0, 0x34, 0x84, 0xF1, 0x01, 0xC1, 0xE0, 0x67,
    0x40, 0x51, 0x81, 0x87, 0x01, 0x57, 0x8B, 0x9B, 0x01, 0x34, 0x16, 0xC2, 0x82, 0x33, 0xA8, 0x64,
    0x30, 0x36, 0x1F, 0xF0, 0xC3, 0x18, 0x10, 0x19, 0x00, 0x65, 0x69, 0x3D, 0xC3, 0x78, 0x9C, 0x63,
    0x60, 0x80, 0x80, 0x0F, 0xFF, 0xF9, 0xC1, 0x24, 0x88, 0xFD, 0x1F, 0x41, 0xFE, 0x07, 0x02, 0x7E,
    0x14, 0x12, 0xA6, 0x10, 0x9D, 0xFC, 0x8F, 0xAE, 0x15, 0x46, 0x62, 0x57, 0x8E, 0x4A, 0x82, 0x94,
    0x42, 0x48, 0x06, 0x30, 0x09, 0x00, 0x62, 0x6F, 0x39, 0xD6, 0x78, 0x9C, 0x63, 0x60, 0xF8, 0xFF,
    0x9F, 0x01, 0x8C, 0x31, 0x19, 0x1F, 0xFE, 0xF3, 0xC3, 0x18, 0xFF, 0x61, 0x18, 0x0C, 0xF8, 0xE1,
    0x0C, 0xB0, 0x1A, 0x24, 0x75, 0xFC, 0x58, 0x8C, 0x01, 0x12, 0xFC, 0xFF, 0xA1, 0x8C, 0xFF, 0x10,
    0xC6, 0x07, 0xB0, 0x10, 0x84, 0x01, 0x56, 0x03, 0x00, 0x92, 0x96, 0x4A, 0x98, 0x78, 0x9C, 0x75,
    0xCC, 0xC9, 0x0D, 0x00, 0x30, 0x08, 0x03, 0xC1, 0xED, 0x80, 0xFE, 0xBB, 0xA4, 0x03, 0x27, 0xC6,
    0xFC, 0xA2, 0x3C, 0x10, 0x23, 0x73, 0x20, 0x09, 0x17, 0x2F, 0x5A, 0x85, 0xFB, 0x05, 0x41, 0x52,
    0xA3, 0x02, 0xAF, 0xA0, 0x2F, 0x3A, 0xF0, 0xBF, 0x9A, 0xF3, 0xF9, 0x1B, 0x38, 0x60, 0x07, 0x1C,
    0xE2, 0xBF, 0x41, 0xB0, 0x78, 0x9C, 0x63, 0xF8, 0xFF, 0x9F, 0x01, 0x88, 0x18, 0xC0, 0x14, 0x3F,
    0x84, 0xFA, 0xFF, 0x01, 0xC8, 0xFA, 0x00, 0xA1, 0x18, 0xB0, 0x51, 0x40, 0xFC, 0x1F, 0x46, 0x31,
    0xC0, 0x28, 0x88, 0x09, 0x40, 0x6D, 0x20, 0xAD, 0x10, 0xE9, 0xFF, 0x20, 0x71, 0x10, 0x0D, 0x24,
    0x01, 0x4E, 0xEF, 0x3F, 0xB2, 0x78, 0x9C, 0x63, 0x60, 0x60, 0xF8, 0xF0, 0xFF, 0x3F, 0x03, 0x03,
    0x9C, 0xFA, 0x0F, 0xA7, 0xF8, 0xC1, 0x62, 0x10, 0xEA, 0x03, 0x88, 0xFA, 0x0F, 0xA5, 0xF8, 0x41,
    0x14, 0x08, 0x83, 0x29, 0x90, 0x00, 0xC3, 0x7F, 0x64, 0x0A, 0x45, 0x31, 0xC4, 0xBC, 0xFF, 0xFF,
    0x01, 0x1E, 0x41, 0x32, 0xEC, 0x78, 0x9C, 0x6D, 0xCB, 0xD1, 0x09, 0x00, 0x30, 0x08, 0x43, 0xC1,
    0x6C, 0xE0, 0xFE, 0x5B, 0x66, 0x83, 0xB4, 0xAF, 0xF5, 0xC3, 0x42, 0x11, 0xE5, 0xC4, 0x28, 0xC9,
    0x89, 0x44, 0x33, 0x73, 0xD7, 0x49, 0xC3, 0x34, 0xFD, 0xD2, 0x29, 0xA2, 0x3E, 0x05, 0x6B, 0xA3,
    0xA0, 0x61, 0x9A, 0x7A, 0xC9, 0x51, 0x19, 0x3C, 0xF1, 0xFB, 0xF2, 0xE3, 0x02, 0xDA, 0x52, 0x5F,
    0xDD, 0x78, 0x9C, 0x5D, 0xCC, 0xD1, 0x11, 0x00, 0x20, 0x08, 0x02, 0x50, 0x36, 0x70, 0xFF, 0x2D,
    0xD9, 0x80, 0x8E, 0x4E, 0xEA, 0xB4, 0x0F, 0x7B, 0xA1, 0x09, 0xF8, 0x50, 0xD5, 0x77, 0x43, 0x52,
    0x02, 0x8C, 0x09, 0x24, 0xC0, 0xEF, 0x6C, 0x68, 0x83, 0xE2, 0x82, 0xAA, 0x17, 0x06, 0x0C, 0xFC,
    0x65, 0xE0, 0xC6, 0x7E, 0x3C, 0xDC, 0xAD, 0x2E, 0x07, 0xD5, 0xF0, 0x40, 0x93, 0x78, 0x9C, 0x65,
    0xC9, 0xDB, 0x09, 0x00, 0x30, 0x0C, 0x42, 0x51, 0x37, 0x70, 0xFF, 0x2D, 0xB3, 0xC1, 0x6D, 0x1E,
    0x0D, 0xFD, 0x28, 0x08, 0x07, 0x15, 0xA4, 0xC0, 0x99, 0x05, 0xD4, 0x58, 0x9A, 0xA1, 0x51, 0x42,
    0x95, 0x25, 0xA8, 0xED, 0xE1, 0x9F, 0xB9, 0x2E, 0x07, 0x3B, 0x15, 0x2A, 0xF4, 0x78, 0x9C, 0x63,
    0x60, 0xF8, 0x0F, 0x02, 0x0C, 0x0C, 0x18, 0x34, 0x88, 0xC5, 0x0F, 0xA5, 0xC1, 0xD4, 0x07, 0x38,
    0x97, 0x1F, 0xC2, 0x45, 0x17, 0xC6, 0xA1, 0x0A, 0x6C, 0x1C, 0x3A, 0x8D, 0xA4, 0x03, 0x89, 0x46,
    0xD1, 0x0A, 0x36, 0x0A, 0x00, 0xA1, 0x63, 0x3D, 0xD2, 0x78, 0x9C, 0x63, 0x60, 0xF8, 0x0F, 0x02,
    0x0C, 0x0C, 0x18, 0x34, 0x88, 0xC5, 0x0F, 0xA5, 0xC1, 0xD4, 0x07, 0xEC, 0x5C, 0x20, 0xFD, 0x01,
    0xA2, 0x0F, 0xAC, 0x01, 0xC4, 0x05, 0x42, 0x30, 0x97, 0x01, 0x24, 0x05, 0x31, 0x0F, 0x42, 0xF3,
    0x43, 0x69, 0x88, 0x39, 0x0C, 0x0C, 0x28, 0x34, 0x18, 0x00, 0x00, 0x8E, 0x59, 0x3D, 0xC3, 0x78,
    0x9C, 0x63, 0x60, 0xF8, 0x0F, 0x02, 0xFC, 0x0C, 0xA8, 0x34, 0x03, 0x08, 0x7C, 0x00, 0x71, 0x19,
    0x40, 0x22, 0x30, 0x1A, 0x4D, 0x18, 0xCA, 0xFD, 0x0F, 0xE5, 0x42, 0x18, 0x1F, 0xFE, 0xC3, 0xD4,
    0x7F, 0x20, 0x40, 0x83, 0xD4, 0x7F, 0xF8, 0x0F, 0x31, 0x00, 0x66, 0xFB, 0x07, 0x24, 0x63, 0x40,
    0x14, 0x00, 0x25, 0xFD, 0x3F, 0xB2, 0x78, 0x9C, 0x63, 0x60, 0xF8, 0xF0, 0xFF, 0x3F, 0x03, 0x03,
    0x88, 0xFC, 0xCF, 0x0F, 0x26, 0x81, 0xDC, 0x0F, 0xFF, 0xF9, 0x3F, 0x80, 0xB8, 0xFC, 0x0C, 0x0C,
    0x20, 0x0A, 0x2C, 0x0D, 0xA6, 0xC0, 0x4A, 0x61, 0x14, 0x44, 0x23, 0x54, 0x05, 0xDC, 0x14, 0x04,
    0x07, 0xAB, 0x26, 0xAC, 0xD4, 0x07, 0x14, 0x4B, 0x00, 0x5B, 0xAD, 0x37, 0xAB, 0x78, 0x9C, 0x63,
    0x60, 0x60, 0xF8, 0xFF, 0x9F, 0x9F, 0x01, 0x44, 0x82, 0xE8, 0x0F, 0x20, 0xEA, 0x3F, 0x58, 0xE8,
    0x3F, 0x3F, 0x90, 0xC3, 0xC0, 0xF0, 0x01, 0x28, 0x06, 0x92, 0xC7, 0x45, 0xFD, 0x07, 0x51, 0x50,
    0x33, 0x40, 0x86, 0xA0, 0x8A, 0x62, 0x52, 0xF8, 0x4D, 0x03, 0x51, 0x00, 0x98, 0xAD, 0x35, 0xCB,
    0x78, 0x9C, 0x6D, 0x8E, 0x89, 0x0D, 0xC0, 0x30, 0x08, 0x03, 0xBD, 0x01, 0xFB, 0x6F, 0xC9, 0x06,
    0x17, 0xEC, 0x24, 0x55, 0x55, 0x15, 0x11, 0x8E, 0x58, 0x7C, 0x92, 0x1A, 0x64, 0x03, 0x4A, 0xF9,
    0x46, 0x98, 0x60, 0xF6, 0x88, 0xEF, 0x77, 0xB5, 0x87, 0x15, 0xDA, 0x6B, 0x13, 0x1A, 0x4B, 0xCE,
    0x52, 0xA2, 0x0F, 0xFF, 0x47, 0xD2, 0x67, 0xED, 0x3E, 0xE3, 0x5C, 0x91, 0xA6, 0xB1, 0x05, 0x26,
    0x84, 0x55, 0x9C, 0x78, 0x9C, 0x63, 0xF8, 0xF0, 0x1F, 0x08, 0x18, 0x18, 0xC0, 0x14, 0x3F, 0x84,
    0xFA, 0x0F, 0xA4, 0xF8, 0x81, 0x2C, 0x06, 0x90, 0x04, 0x84, 0x02, 0x0A, 0x30, 0x40, 0xA4, 0x10,
    0x14, 0x44, 0x15, 0x3F, 0x1A, 0xF5, 0x1F, 0xAC, 0xF5, 0x3F, 0x9C, 0x62, 0x80, 0x5A, 0x00, 0x00,
    0xCA, 0xBD, 0x47, 0x7D, 0x78, 0x9C, 0x63, 0xF8, 0xF0, 0x9F, 0x9F, 0x81, 0xE1, 0xFF, 0x7F, 0x06,
    0x64, 0x1A, 0x19, 0x03, 0x85, 0xD0, 0x68, 0x10, 0x80, 0xD1, 0x0C, 0x30, 0xFA, 0x03, 0x84, 0xCD,
    0x40, 0xC8, 0xB8, 0x0F, 0x50, 0x63, 0x00, 0xC5, 0x49, 0x42, 0xAF, 0x78, 0x9C, 0x6D, 0xCE, 0xC9,
    0x09, 0x00, 0x30, 0x08, 0x44, 0xD1, 0xE9, 0x20, 0xFD, 0x77, 0x69, 0x07, 0x3F, 0x12, 0x25, 0x8B,
    0xD1, 0xCB, 0x03, 0x19, 0x17, 0xC9, 0xCB, 0x90, 0xC2, 0x51, 0x54, 0x5B, 0xF0, 0xF8, 0x8F, 0xF5,
    0x96, 0xB1, 0x5E, 0x83, 0x15, 0x27, 0xB4, 0x6D, 0xAC, 0x71, 0x4F, 0x9F, 0xCC, 0x91, 0x47, 0xF2,
    0x8E, 0xAE, 0xB7, 0x27, 0x01, 0x5D, 0x43, 0x9F, 0x78, 0x9C, 0x63, 0xF8, 0xF0, 0x9F, 0x9F, 0x81,
    0x81, 0x01, 0x93, 0xFC, 0xFF, 0x9F, 0x01, 0x37, 0x89, 0x4D, 0x13, 0x10, 0xA0, 0x90, 0x00, 0xC7,
    0xE7, 0x26, 0xAD, 0x78, 0x9C, 0x5D, 0x8D, 0x81, 0x0D, 0x00, 0x20, 0x08, 0xC3, 0xFA, 0x01, 0xFF,
    0x7F, 0xE9, 0x07, 0x88, 0x53, 0x44, 0x49, 0x48, 0x3A, 0xC8, 0x36, 0x80, 0xE1, 0x0E, 0xC2, 0x12,
    0xC2, 0x3A, 0xB8, 0x85, 0x34, 0x88, 0x11, 0x65, 0xF9, 0xB9, 0x83, 0x59, 0x90, 0xB6, 0xEA, 0x7B,
    0xD7, 0x16, 0xD6, 0x1B, 0x2B, 0xDE, 0xB2, 0xCE, 0x13, 0x9B, 0xDC, 0x98, 0x3D, 0xA5, 0x78, 0x9C,
    0x7D, 0xCD, 0xDB, 0x09, 0x00, 0x30, 0x08, 0x43, 0xD1, 0xBB, 0x41, 0xF6, 0xDF, 0xD2, 0x0D, 0x52,
    0x0C, 0x16, 0x4A, 0xA1, 0xF5, 0xC3, 0xE3, 0x03, 0x14, 0x28, 0x1B, 0x42, 0x8A, 0xC6, 0xCA, 0xB4,
    0xDC, 0xAD, 0x40, 0x2D, 0x89, 0xB7, 0x62, 0xCE, 0x6C, 0x75, 0x2D, 0x4E, 0xF3, 0xCD, 0xA3, 0xFE,
    0x87, 0x3B, 0x2F, 0x92, 0x79, 0x3C, 0xB5, 0x78, 0x9C, 0x8D, 0x50, 0x81, 0x0D, 0xC0, 0x20, 0x08,
    0xE3, 0x03, 0xFE, 0xFF, 0xB2, 0x1F, 0xD4, 0xB4, 0xCC, 0xC1, 0x92, 0x99, 0xD8, 0xC4, 0x48, 0x8B,
    0x14, 0x30, 0x42, 0x20, 0xA3, 0x71, 0x47, 0xC0, 0xFC, 0x25, 0x24, 0x68, 0xA4, 0xE4, 0x8D, 0x54,
    0xA2, 0x09, 0xFC, 0x2A, 0xCB, 0x51, 0x81, 0x6E, 0xB4, 0x10, 0x8F, 0x50, 0x01, 0x66, 0x16, 0x65,
    0x9C, 0x3E, 0x1C, 0x44, 0xCD, 0x66, 0x66, 0xB6, 0x29, 0xF5, 0x9D, 0xAA, 0xA6, 0x01, 0xF7, 0xE4,
    0xAE, 0x3E, 0xEF, 0x64, 0xEF, 0xDE, 0x8F, 0x5F, 0x32, 0xBF, 0x47, 0x15, 0x0B, 0x1E, 0x35, 0x8D,
    0x55, 0x78, 0x9C, 0x75, 0xCF, 0x81, 0x09, 0x00, 0x20, 0x08, 0x04, 0xC0, 0xDF, 0xA0, 0xFD, 0xB7,
    0x74, 0x03, 0xAB, 0x57, 0x53, 0xA3, 0x84, 0xE0, 0xB0, 0x47, 0x0B, 0x60, 0x89, 0x8E, 0x40, 0x17,
    0x0F, 0x5B, 0x26, 0xCF, 0x32, 0xBF, 0x12, 0xBB, 0x3E, 0x62, 0xB8, 0x0A, 0x6F, 0x49, 0x1B, 0x7C,
    0xAD, 0x68, 0x52, 0x7F, 0x9C, 0x9C, 0x15, 0x26, 0xF8, 0x3C, 0x17, 0x90, 0x92, 0x50, 0xFE, 0x4B,
    0xCB, 0xA5, 0xB5, 0x26, 0x61, 0x5D, 0x69, 0xA6, 0x78, 0x9C, 0x6D, 0x8E, 0xED, 0x11, 0x00, 0x30,
    0x04, 0x43, 0x6D, 0x60, 0xFF, 0x2D, 0x6D, 0x90, 0xFA, 0x48, 0xD5, 0xB9, 0xE6, 0x07, 0x0F, 0xE1,
    0x88, 0xB8, 0xA0, 0x92, 0x32, 0x60, 0x41, 0x8F, 0xB6, 0xDC, 0x51, 0x1E, 0x80, 0x34, 0x20, 0xA6,
    0x9A, 0xE0, 0x34, 0x60, 0x15, 0xE0, 0x99, 0xE8, 0x1A, 0xF3, 0xEB, 0x60, 0x2E, 0x64, 0xF8, 0x43,
    0xF9, 0xB8, 0x65, 0xF7, 0x8B, 0xBE, 0x77, 0x00, 0x06, 0xF1, 0x66, 0x8B, 0x78, 0x9C, 0x75, 0x8E,
    0xB1, 0x11, 0x00, 0x30, 0x08, 0x02, 0xD9, 0xC0, 0xFD, 0xB7, 0x64, 0x03, 0x72, 0x88, 0x16, 0x16,
    0xB1, 0x79, 0x94, 0x43, 0x05, 0x24, 0x50, 0x80, 0x29, 0xD5, 0x30, 0xFD, 0xCE, 0x5D, 0xB4, 0x17,
    0xB6, 0xA4, 0x5C, 0xCB, 0x32, 0x3B, 0x1F, 0x5D, 0x88, 0xF7, 0x25, 0xE7, 0x14, 0x27, 0xBA, 0xF1,
    0xB3, 0xB6, 0xCF, 0xE4, 0x81, 0x07, 0x1F, 0x40, 0x59, 0x6B, 0x78, 0x9C, 0x63, 0x60, 0xF8, 0xF0,
    0x1F, 0x08, 0x18, 0x80, 0xE0, 0xFF, 0x7F, 0x28, 0x0B, 0x89, 0x01, 0x92, 0xE5, 0x07, 0x33, 0x80,
    0x2C, 0x24, 0x06, 0x1A, 0x07, 0xCC, 0x00, 0x01, 0x7E, 0x28, 0x03, 0x48, 0x23, 0x44, 0xFE, 0x23,
    0x6B, 0x00, 0x13, 0xD8, 0x19, 0x10, 0x75, 0x50, 0x5D, 0x1F, 0x60, 0xAE, 0x80, 0x9B, 0x87, 0x05,
    0x7C, 0x80, 0x49, 0x61, 0x30, 0x00, 0xF2, 0x6A, 0x6A, 0x87, 0x78, 0x9C, 0x63, 0x60, 0xF8, 0xFF,
    0x9F, 0x01, 0x0C, 0x08, 0xD0, 0x1F, 0xFE, 0xF3, 0xC3, 0x68, 0x30, 0xF3, 0xC3, 0x7F, 0x10, 0x80,
    0xD1, 0xFC, 0x20, 0x9A, 0x01, 0x44, 0x43, 0xD8, 0xFC, 0x0C, 0x10, 0x39, 0x9C, 0x34, 0xD8, 0x0C,
    0x20, 0xFB, 0x03, 0x54, 0x2B, 0x4C, 0x3B, 0x8A, 0xB1, 0x60, 0x6B, 0xE0, 0x0E, 0x41, 0x05, 0x10,
    0x65, 0x18, 0x34, 0x00, 0xD6, 0xD5, 0x5D, 0x76, 0x78, 0x9C, 0x8D, 0x8E, 0xDB, 0x09, 0x00, 0x30,
    0x08, 0x03, 0xDD, 0xC0, 0xFD, 0xB7, 0xCC, 0x06, 0x69, 0xEA, 0x0B, 0xDA, 0xFE, 0x34, 0xA0, 0x1C,
    0xA8, 0x89, 0x66, 0x12, 0xDC, 0x52, 0xE4, 0x03, 0x3D, 0xBA, 0x04, 0xD6, 0x0A, 0x59, 0xC4, 0x26,
    0xB5, 0x01, 0x95, 0x27, 0x40, 0xB0, 0xEB, 0x1B, 0xC2, 0x62, 0x20, 0xBD, 0x22, 0xF7, 0x34, 0x26,
    0xE3, 0xA8, 0xC2, 0xD1, 0x4F, 0xA0, 0xDF, 0x5A, 0x64, 0x89, 0x5D, 0x94, 0x78, 0x9C, 0x7D, 0x8D,
    0xD1, 0x0D, 0xC0, 0x40, 0x08, 0x42, 0xD9, 0xC0, 0xFD, 0xB7, 0x64, 0x03, 0xAA, 0x60, 0xDA, 0xDE,
    0xCF, 0x19, 0x13, 0x9F, 0xA2, 0x08, 0x80, 0xEA, 0x2C, 0x00, 0x52, 0xBD, 0x20, 0x75, 0x1D, 0x29,
    0xE0, 0xE1, 0x01, 0x5A, 0x89, 0xEA, 0xC8, 0x51, 0x80, 0x56, 0xCA, 0x2E, 0x31, 0x9E, 0x3D, 0xBA,
    0xD1, 0xD7, 0x5C, 0x80, 0x81, 0xB5, 0xA1, 0x7E, 0x1F, 0xCA, 0x30, 0x4B, 0x03, 0x0F, 0xFC, 0x66,
    0x56, 0xD7, 0x78, 0x9C, 0x8D, 0xCE, 0x81, 0x09, 0x00, 0x20, 0x08, 0x44, 0x51, 0x37, 0x68, 0xFF,
    0x2D, 0x6F, 0x83, 0x9F, 0x5A, 0x0A, 0x11, 0x44, 0x82, 0xF5, 0x08, 0x3A, 0x35, 0x13, 0x60, 0x51,
    0xB0, 0x45, 0xC9, 0x8F, 0x86, 0xF7, 0x58, 0x90, 0x23, 0xFA, 0x1B, 0x19, 0xD1, 0x58, 0x59, 0xF1,
    0xC0, 0x19, 0x0C, 0xF9, 0x69, 0x0F, 0x57, 0x2D, 0xA1, 0x5A, 0xEB, 0x59, 0xA2, 0x31, 0x2E, 0xE4,
    0x35, 0x01, 0xB1, 0xE8, 0x5F, 0x65, 0x78, 0x9C, 0x7D, 0x8F, 0xC9, 0x11, 0x00, 0x30, 0x08, 0x02,
    0xE9, 0xC0, 0xFE, 0xBB, 0xA4, 0x03, 0x12, 0x31, 0xF7, 0x23, 0x3C, 0x9C, 0x55, 0x1C, 0x0F, 0x20,
    0x45, 0x05, 0x6E, 0x90, 0xF0, 0x87, 0x1E, 0x0D, 0x54, 0x57, 0xB8, 0x50, 0x40, 0x3B, 0x01, 0x07,
    0x16, 0xD4, 0xE0, 0x74, 0x56, 0xF2, 0x01, 0x16, 0x8C, 0x31, 0xD4, 0xB1, 0x21, 0x0C, 0xD9, 0x34,
    0x0F, 0x7D, 0xB5, 0x3F, 0xD1, 0x03, 0xD3, 0x6A, 0xE8, 0xE0, 0x56, 0xD7, 0x78, 0x9C, 0x8D, 0x8E,
    0xC1, 0x09, 0x00, 0x30, 0x08, 0x03, 0xDD, 0xA0, 0xFB, 0x6F, 0x99, 0x0D, 0xAE, 0x6A, 0xAB, 0x50,
    0xF0, 0x51, 0x21, 0x72, 0x08, 0x89, 0x31, 0x13, 0x60, 0x31, 0x70, 0x89, 0x22, 0x5F, 0x0D, 0xAE,
    0x75, 0x40, 0x0E, 0xA1, 0x6F, 0xC8, 0x88, 0x86, 0x93, 0x15, 0x07, 0xDE, 0x60, 0x48, 0xD3, 0x7D,
    0xAE, 0x2A, 0xA1, 0xAA, 0x35, 0x8C, 0xD2, 0x33, 0xC1, 0x06, 0xA5, 0x9D, 0x63, 0x7F, 0x78, 0x9C,
    0x7D, 0xCE, 0x51, 0x0E, 0x00, 0x10, 0x0C, 0x03, 0xD0, 0xDE, 0x60, 0xF7, 0xBF, 0x65, 0x6F, 0x50,
    0xD6, 0x21, 0x88, 0xE8, 0xC7, 0xF2, 0xD8, 0x32, 0x80, 0x0C, 0x15, 0x38, 0x21, 0xE1, 0x8F, 0x5E,
    0x0D, 0xAA, 0x27, 0x7C, 0x51, 0xA0, 0x3B, 0x01, 0x17, 0x16, 0x6A, 0x71, 0x76, 0xD6, 0xE1, 0x03,
    0x16, 0xC6, 0x1A, 0x6A, 0x7B, 0x21, 0x8C, 0x1C, 0x9A, 0x1F, 0xBD, 0x92, 0xB3, 0x6F, 0x34, 0x39,
    0x11, 0x5A, 0xD3, 0x78, 0x9C, 0x75, 0x8E, 0x61, 0x1A, 0x00, 0x20, 0x04, 0x43, 0xDD, 0xC0, 0xFD,
    0x6F, 0xB9, 0x1B, 0xAC, 0x14, 0x5F, 0x85, 0xF6, 0xEB, 0x31, 0x86, 0x88, 0x09, 0xE2, 0xA2, 0x26,
    0x00, 0xBD, 0x81, 0x70, 0xA2, 0x26, 0xF7, 0x4C, 0x85, 0x22, 0x73, 0x68, 0x41, 0x7C, 0x40, 0x17,
    0xC4, 0xC1, 0x0C, 0x38, 0x2F, 0xE8, 0x15, 0xA3, 0x2D, 0xFC, 0x63, 0xBA, 0x60, 0xDF, 0x4A, 0x30,
    0xAD, 0x01, 0xA7, 0xD7, 0x57, 0x9A, 0x78, 0x9C, 0x75, 0x8E, 0x89, 0x09, 0x00, 0x30, 0x08, 0x03,
    0xDD, 0x20, 0xFB, 0x6F, 0xE9, 0x06, 0x69, 0xFC, 0xA8, 0x14, 0x2A, 0xE8, 0x49, 0x62, 0xAD, 0x66,
    0x2B, 0x9C, 0x45, 0x0E, 0x5B, 0xC7, 0x1E, 0x92, 0x5B, 0xFE, 0xCB, 0x5F, 0x90, 0xA8, 0xE5, 0x39,
    0x16, 0x08, 0xC1, 0x09, 0x0F, 0x86, 0xA8, 0x9C, 0x3E, 0x6D, 0xF5, 0x97, 0xE8, 0xD3, 0x5E, 0xEA,
    0x3D, 0xFA, 0x77, 0xCC, 0xDE, 0x3E, 0x47, 0xF5, 0x00, 0xE1, 0x75, 0x49, 0xB7, 0x78, 0x9C, 0x63,
    0x60, 0x00, 0x82, 0xFF, 0xFC, 0x20, 0x92, 0xE1, 0x03, 0x1A, 0xCD, 0xF0, 0x9F, 0x01, 0x0B, 0xF8,
    0xF0, 0x1F, 0x04, 0x80, 0x92, 0xC8, 0x34, 0x3F, 0x88, 0x86, 0x6A, 0x42, 0xA5, 0xD1, 0x0D, 0xFD,
    0x00, 0x55, 0x8E, 0x4E, 0xE3, 0xD0, 0x4E, 0xD8, 0x38, 0x08, 0x0D, 0x00, 0x88, 0x0A, 0x3F, 0xD0,
    0x78, 0x9C, 0x63, 0x60, 0x60, 0x60, 0xF8, 0xCF, 0x0F, 0x24, 0x3E, 0xA0, 0x90, 0x0C, 0x70, 0xF0,
    0x1F, 0x24, 0xF2, 0xE1, 0xFF, 0xFF, 0xFF, 0x20, 0x26, 0x88, 0x0D, 0x62, 0x21, 0xAB, 0xFE, 0x00,
    0x16, 0x46, 0x26, 0x21, 0x4A, 0xB0, 0x91, 0x98, 0x16, 0xA1, 0x93, 0xC8, 0xCA, 0x01, 0x8A, 0x79,
    0x38, 0xE6, 0x78, 0x9C, 0x6D, 0x8E, 0xD1, 0x11, 0xC0, 0x30, 0x08, 0x42, 0xD9, 0xC0, 0xFD, 0xB7,
    0x64, 0x03, 0x52, 0x12, 0xCC, 0x35, 0x69, 0xFD, 0xF1, 0xC9, 0xA1, 0x08, 0x80, 0x7A, 0x0A, 0xB8,
    0xA0, 0xF0, 0x5F, 0xB1, 0xB8, 0x4F, 0x8F, 0xB4, 0xB6, 0xE8, 0xD1, 0x0A, 0x63, 0xC0, 0xBE, 0xD1,
    0x02, 0x5B, 0x30, 0x38, 0xE3, 0x03, 0x15, 0x4F, 0x03, 0x4F, 0x50, 0x6E, 0xCC, 0x28, 0xBD, 0xC2,
    0xD7, 0xEB, 0x95, 0xDF, 0xDD, 0x07, 0xD2, 0x2E, 0x5A, 0x97, 0x78, 0x9C, 0x7D, 0x8F, 0x89, 0x09,
    0x00, 0x30, 0x08, 0x03, 0xB3, 0x81, 0xFB, 0x6F, 0xE9, 0x06, 0xA9, 0x6F, 0x8B, 0x50, 0x0C, 0x88,
    0x27, 0xC6, 0x80, 0x00, 0x94, 0xA4, 0x00, 0x3F, 0x58, 0xA4, 0x14, 0xA5, 0x03, 0x5D, 0xDD, 0x13,
    0x6C, 0xC3, 0x48, 0x41, 0x81, 0x85, 0x45, 0xDD, 0x61, 0x87, 0x11, 0xF3, 0x82, 0xB5, 0xC1, 0x0D,
    0x09, 0x75, 0x84, 0x38, 0x92, 0x69, 0xE9, 0x1F, 0xAA, 0x1F, 0x82, 0x98, 0x62, 0x8F, 0x78, 0x9C,
    0x63, 0x60, 0xF8, 0xF0, 0x9F, 0x9F, 0x01, 0x42, 0xFC, 0xFF, 0xCF, 0x80, 0x9D, 0x85, 0x4E, 0xF0,
    0x43, 0x59, 0x1F, 0x90, 0x58, 0x10, 0x00, 0x67, 0xF1, 0xA3, 0xB2, 0x70, 0x58, 0xF1, 0x9F, 0x24,
    0x2B, 0x50, 0x58, 0x10, 0x2E, 0x21, 0x00, 0x57, 0xF4, 0x01, 0x6C, 0x2C, 0x2A, 0x0B, 0x26, 0x0B,
    0x00, 0x6A, 0x54, 0x5B, 0xC3, 0x78, 0x9C, 0x63, 0x60, 0xF8, 0xFF, 0x9F, 0x01, 0x0C, 0x08, 0xD0,
    0x1F, 0xFE, 0xF3, 0xC3, 0x68, 0x30, 0x13, 0x48, 0xFC, 0x07, 0x49, 0x7D, 0xF8, 0x0F, 0x02, 0xFC,
    0x20, 0x9A, 0x01, 0x44, 0x43, 0xD8, 0xFC, 0x0C, 0x10, 0x39, 0x54, 0x1A, 0x09, 0x83, 0xCD, 0xC0,
    0x41, 0xA3, 0x62, 0x84, 0xD5, 0xD8, 0x01, 0x4C, 0x12, 0xEE, 0xCE, 0xFF, 0xC8, 0xE2, 0x00, 0x9F,
    0x92, 0x52, 0xBD, 0x78, 0x9C, 0x63, 0x60, 0xF8, 0xF0, 0x9F, 0x9F, 0x01, 0x42, 0xFC, 0xFF, 0xCF,
    0x80, 0x9D, 0x85, 0x4E, 0xF0, 0x43, 0x59, 0x1F, 0x90, 0x58, 0x10, 0x00, 0x67, 0xF1, 0xA3, 0xB2,
    0x70, 0x58, 0xF1, 0x9F, 0x24, 0x2B, 0x50, 0x58, 0x10, 0x2E, 0x36, 0xF0, 0x01, 0x64, 0x26, 0x84,
    0xF5, 0x1F, 0x84, 0x20, 0x2C, 0xB0, 0xE3, 0xA0, 0x2C, 0xA8, 0x4E, 0x98, 0x10, 0x02, 0x00, 0x00,
    0x7E, 0xCC, 0x65, 0x8C, 0x78, 0x9C, 0x85, 0x8E, 0x51, 0x0E, 0x00, 0x20, 0x08, 0x42, 0xB9, 0x81,
    0xF7, 0xBF, 0x65, 0x37, 0xA0, 0xC0, 0xB9, 0xF4, 0xA3, 0xC5, 0xA6, 0xCF, 0xA4, 0x15, 0x00, 0x09,
    0xEB, 0xC3, 0xC5, 0x28, 0x7A, 0x3C, 0x8D, 0xB2, 0x16, 0xA5, 0x10, 0x21, 0xE6, 0x1C, 0x48, 0x6F,
    0xB2, 0x95, 0xDF, 0x78, 0x70, 0xD6, 0xFD, 0xBA, 0x4B, 0xFB, 0x8C, 0x51, 0x64, 0x06, 0x75, 0x18,
    0x5F, 0xF0, 0x71, 0x03, 0x9A, 0xD2, 0x5C, 0x95, 0x78, 0x9C, 0x85, 0x8E, 0xD1, 0x11, 0x00, 0x20,
    0x08, 0x42, 0xD9, 0xA0, 0xFD, 0xB7, 0x74, 0x03, 0x32, 0xD4, 0xFA, 0x28, 0x2F, 0x3F, 0xF0, 0x85,
    0x78, 0x06, 0x18, 0x07, 0x40, 0x22, 0x44, 0x2F, 0x91, 0xAC, 0xA5, 0xB6, 0x89, 0x1A, 0x7A, 0x4B,
    0xCB, 0xC3, 0x69, 0xB9, 0x11, 0x56, 0x4F, 0xB9, 0x4A, 0x2B, 0x1A, 0xE7, 0xC4, 0x93, 0x14, 0x6C,
    0x25, 0x83, 0x9F, 0x8A, 0x5B, 0xF1, 0x85, 0x8B, 0x6A, 0x3A, 0x01, 0xBC, 0x99, 0x5A, 0x88, 0x78,
    0x9C, 0x8D, 0xCF, 0x51, 0x0A, 0x00, 0x20, 0x08, 0x03, 0x50, 0x6F, 0xE0, 0xFD, 0x6F, 0xE9, 0x0D,
    0x56, 0x6B, 0x8A, 0x11, 0x11, 0xF9, 0xF5, 0x58, 0xCD, 0xC8, 0x0C, 0x30, 0xCD, 0x07, 0x02, 0xDE,
    0x08, 0xA6, 0x04, 0x98, 0x4E, 0xAC, 0x40, 0x70, 0x95, 0xD4, 0x03, 0xB2, 0x07, 0xE4, 0x22, 0xC2,
    0x77, 0xCC, 0xAA, 0x17, 0xAC, 0xD6, 0x34, 0x22, 0x5F, 0x38, 0xF0, 0x9C, 0xA8, 0x0B, 0x97, 0xEF,
    0xE8, 0x68, 0x00, 0xD2, 0xFE, 0x50, 0xCE, 0x78, 0x9C, 0x75, 0x8D, 0xC1, 0x11, 0x00, 0x20, 0x08,
    0xC3, 0xBA, 0x01, 0xFB, 0x6F, 0xC9, 0x06, 0x15, 0x0B, 0xE2, 0x07, 0x7C, 0xD4, 0x18, 0xCB, 0x01,
    0x38, 0x0D, 0x20, 0x91, 0xA1, 0x97, 0x48, 0xEA, 0xA6, 0x37, 0x51, 0x9F, 0x71, 0x95, 0x8A, 0x72,
    0xA9, 0x10, 0xA9, 0x76, 0xAA, 0x51, 0xFA, 0x23, 0xFB, 0x2B, 0x46, 0x52, 0x71, 0x8D, 0x2A, 0x4E,
    0xA7, 0xF7, 0x0E, 0x74, 0x00, 0x5F, 0x25, 0x5E, 0x84, 0x78, 0x9C, 0x8D, 0xCD, 0xC1, 0x0D, 0x00,
    0x20, 0x08, 0x03, 0x40, 0x36, 0x60, 0xFF, 0x2D, 0xD9, 0xA0, 0x82, 0x85, 0x80, 0xC6, 0x87, 0xBC,
    0x2E, 0x4D, 0x5A, 0x44, 0x00, 0xE1, 0x7D, 0xC0, 0xA0, 0x0D, 0x8B, 0x34, 0x80, 0x48, 0x1D, 0x3B,
    0x20, 0x94, 0x25, 0xF6, 0x80, 0xEC, 0x01, 0x39, 0x14, 0xD0, 0x09, 0xAF, 0x6A, 0x41, 0x6A, 0xA6,
    0x61, 0xF9, 0xE1, 0xC2, 0xE3, 0x6C, 0xBE, 0x38, 0xB0, 0x00, 0xCF, 0xC7, 0x56, 0xAA, 0x78, 0x9C,
    0x63, 0x60, 0xF8, 0xF0, 0x9F, 0x9F, 0x01, 0x08, 0xFE, 0xFF, 0x67, 0x20, 0x40, 0x41, 0x15, 0xE2,
    0xA3, 0x88, 0x31, 0x04, 0x04, 0xF8, 0x21, 0x14, 0x94, 0xC7, 0x80, 0x03, 0xC0, 0x8C, 0xFE, 0x8F,
    0x44, 0x41, 0x04, 0x01, 0x95, 0xEE, 0x39, 0xA9, 0x78, 0x9C, 0x63, 0x60, 0xF8, 0xFF, 0x9F, 0x81,
    0x01, 0x1B, 0xF1, 0xE1, 0x3F, 0x3F, 0x76, 0x82, 0x68, 0x0D, 0xFF, 0xA1, 0x04, 0x44, 0x09, 0x1C,
    0x7C, 0x80, 0x08, 0xC1, 0x4C, 0x02, 0x73, 0x01, 0x50, 0x56, 0x33, 0xA0, 0x78, 0x9C, 0x63, 0x60,
    0xF8, 0x0F, 0x04, 0x0C, 0x0C, 0x68, 0x14, 0x2A, 0xF8, 0xF0, 0x9F, 0x9F, 0x01, 0x2C, 0xC7, 0x40,
    0x80, 0x82, 0x2A, 0xC4, 0x47, 0x11, 0x63, 0x08, 0x08, 0xF0, 0x43, 0x28, 0x28, 0x0F, 0xC3, 0x49,
    0x50, 0x00, 0x33, 0xFA, 0x3F, 0x12, 0x05, 0x11, 0x04, 0x00, 0x3A, 0xF9, 0x45, 0x9D, 0x78, 0x9C,
    0x63, 0xF8, 0xF0, 0xFF, 0xFF, 0x7F, 0x7E, 0x06, 0x08, 0xF9, 0x1F, 0x4C, 0xA2, 0x80, 0xFF, 0xFF,
    0xF1, 0x90, 0x1F, 0xC0, 0xAA, 0x71, 0x91, 0x24, 0x6B, 0xFD, 0x0F, 0x27, 0xA1, 0x2A, 0x91, 0xC0,
    0x07, 0xA8, 0x30, 0xC2, 0x60, 0x88, 0x08, 0x00, 0xD7, 0x57, 0x3F, 0xA3, 0x78, 0x9C, 0x63, 0x60,
    0xF8, 0xF0, 0x9F, 0x9F, 0x01, 0x08, 0xFE, 0xFF, 0x67, 0x20, 0x40, 0x41, 0x15, 0xE2, 0xA3, 0x88,
    0x31, 0x04, 0x04, 0xF8, 0x21, 0x14, 0x94, 0xC7, 0x80, 0x06, 0xA0, 0x62, 0x10, 0xEA, 0x03, 0x84,
    0x02, 0x00, 0xF2, 0xD1, 0x3E, 0x95, 0x78, 0x9C, 0x63, 0x60, 0x60, 0xF8, 0xFF, 0x9F, 0x81, 0x01,
    0x27, 0xF9, 0xE1, 0x3F, 0x3F, 0x1E, 0x92, 0x64, 0xAD, 0xFF, 0xE1, 0x24, 0x54, 0x25, 0x02, 0x00,
    0x85, 0x81, 0x8A, 0xFE, 0x23, 0x91, 0x00, 0x14, 0xA5, 0x37, 0xC9, 0x78, 0x9C, 0x5D, 0xCF, 0x8B,
    0x09, 0x00, 0x31, 0x08, 0x03, 0xD0, 0x6C, 0xE0, 0xFE, 0x5B, 0x66, 0x83, 0xF4, 0x8C, 0x9F, 0xD2,
    0xB3, 0x50, 0x1E, 0x95, 0x28, 0x05, 0x5C, 0xC4, 0x96, 0x62, 0x25, 0xB5, 0xA8, 0x7D, 0xE5, 0xED,
    0xE3, 0x0A, 0x4F, 0x97, 0x19, 0x54, 0x33, 0x86, 0x5A, 0xB2, 0xA9, 0x87, 0x4A, 0x72, 0x88, 0x22,
    0x45, 0xF3, 0xBB, 0x19, 0x1A, 0xAA, 0x09, 0x1F, 0x07, 0x9C, 0xA9, 0x59, 0xB9, 0x84, 0x7F, 0x06,
    0x3C, 0xAD, 0xC8, 0x30, 0x39, 0xDC, 0x6F, 0xE9, 0xE5, 0x01, 0xBA, 0x89, 0x72, 0x9D, 0x78, 0x9C,
    0x7D, 0x8D, 0x89, 0x0D, 0x00, 0x20, 0x08, 0x03, 0xBB, 0x01, 0xFB, 0x6F, 0xC9, 0x06, 0xD5, 0xE2,
    0x87, 0x4F, 0x6C, 0x68, 0x3C, 0x48, 0x11, 0xE0, 0x96, 0x27, 0xA6, 0xAD, 0x31, 0x99, 0x70, 0xCE,
    0xB9, 0x45, 0xD2, 0xAA, 0xE1, 0x27, 0xA7, 0xD5, 0xD2, 0x13, 0xDF, 0x55, 0x41, 0xEE, 0x2C, 0x59,
    0x5C, 0x14, 0x88, 0xD9, 0xC3, 0x1E, 0x0C, 0xB4, 0xEC, 0x9B, 0x0F, 0xC7, 0x8D, 0xC4, 0xA3, 0x7F,
    0xF1, 0x6D, 0x4C, 0x2E, 0xAC, 0x7D, 0x6E, 0x92, 0x78, 0x9C, 0x6D, 0xCE, 0x8B, 0x09, 0x00, 0x21,
    0x0C, 0x03, 0xD0, 0x6C, 0xD0, 0xFD, 0xB7, 0xCC, 0x06, 0xF1, 0x9A, 0xB6, 0xA2, 0x87, 0x11, 0xE4,
    0x81, 0xFD, 0x08, 0x64, 0x14, 0xE8, 0x50, 0x7A, 0xF0, 0x28, 0x78, 0x84, 0x7E, 0x75, 0xB9, 0x9A,
    0x31, 0xD4, 0x26, 0x9B, 0xBA, 0xA8, 0x24, 0x87, 0x28, 0x52, 0x34, 0xBF, 0x9B, 0xA1, 0xA1, 0x9A,
    0xF0, 0x71, 0x83, 0x7B, 0x6A, 0x56, 0x2E, 0xE1, 0x9F, 0x01, 0x4F, 0x2B, 0x32, 0x4C, 0x0E, 0xE7,
    0xE3, 0xD0, 0xCD, 0x05, 0xAF, 0xF4, 0x70, 0x90, 0x78, 0x9C, 0x7D, 0x8D, 0x01, 0x0A, 0x00, 0x20,
    0x08, 0x03, 0xF7, 0x03, 0xFF, 0xFF, 0x4B, 0x7F, 0x60, 0x6D, 0x59, 0x44, 0x59, 0x07, 0x83, 0x2B,
    0x27, 0x02, 0x22, 0xB0, 0xF0, 0xB0, 0x87, 0xE3, 0x47, 0xAF, 0xB2, 0xAD, 0x0D, 0x0F, 0x02, 0x26,
    0x9D, 0x70, 0xA8, 0x4F, 0xA3, 0x47, 0x96, 0x5D, 0x0E, 0x8C, 0x6E, 0xED, 0x47, 0x74, 0x63, 0xF3,
    0xF9, 0xAE, 0xFC, 0x0E, 0x96, 0x37, 0x3D, 0x0D, 0x69, 0x88, 0x78, 0x9C, 0x8D, 0xCF, 0xCB, 0x11,
    0x00, 0x21, 0x08, 0x03, 0xD0, 0x74, 0x40, 0xFF, 0x5D, 0xA6, 0x83, 0xAC, 0x06, 0xB2, 0x1F, 0x4F,
    0xAB, 0x33, 0xCC, 0x3B, 0x10, 0x50, 0x80, 0x2A, 0x60, 0x55, 0x01, 0x1A, 0x56, 0xA8, 0x9B, 0x1C,
    0xEA, 0x43, 0x6D, 0x32, 0x44, 0x93, 0xA2, 0xB9, 0x2A, 0x4B, 0xA1, 0x86, 0xF0, 0x75, 0xC0, 0x99,
    0x9E, 0xB5, 0x97, 0xF0, 0x64, 0xC1, 0xD3, 0x9A, 0x2C, 0x93, 0xE1, 0xBC, 0xD3, 0x89, 0x37, 0xFF,
    0x1C, 0x3E, 0x7D, 0xFD, 0x4F, 0x1C, 0xE9, 0x34, 0x5C, 0x09, 0x06, 0x70, 0x81, 0x78, 0x9C, 0x8D,
    0x8D, 0xC1, 0x0D, 0x00, 0x20, 0x08, 0x03, 0xBB, 0x01, 0xFB, 0x6F, 0xC9, 0x06, 0x48, 0x11, 0x23,
    0x51, 0x1E, 0x34, 0xD6, 0x9C, 0x72, 0x09, 0x50, 0x13, 0x3F, 0x60, 0xFD, 0x62, 0xC0, 0x26, 0x33,
    0x1C, 0xC6, 0xA7, 0x90, 0x2D, 0x65, 0x0D, 0x06, 0xB6, 0xDB, 0xF3, 0xD3, 0xD8, 0x51, 0xF8, 0xBC,
    0x3B, 0xFE, 0x8B, 0xEB, 0x0D, 0xA3, 0x45, 0xE5, 0xDA, 0x96, 0xD3, 0x59, 0x20, 0xA2, 0x68, 0xA7,
    0x78, 0x9C, 0x75, 0x8E, 0xC9, 0x0D, 0x00, 0x31, 0x08, 0x03, 0xDD, 0x41, 0xFA, 0xEF, 0x92, 0x0E,
    0x26, 0x07, 0x8E, 0xB2, 0x59, 0x14, 0x3F, 0xD0, 0x20, 0x8C, 0x41, 0x1A, 0x0A, 0x64, 0x41, 0x2B,
    0x74, 0xA6, 0x45, 0x31, 0x4D, 0xAB, 0x90, 0xB4, 0x17, 0x49, 0xE2, 0x4D, 0xC1, 0x34, 0x7A, 0x9F,
    0x16, 0x7F, 0xD2, 0x87, 0xF0, 0x89, 0xD1, 0xF8, 0xC4, 0x45, 0x0E, 0x76, 0xB8, 0xD2, 0xCB, 0xFD,
    0x58, 0x2D, 0x1D, 0x53, 0x51, 0x63, 0x9D, 0x78, 0x9C, 0x63, 0x60, 0x00, 0x82, 0xFF, 0xFC, 0x20,
    0x92, 0xE1, 0x03, 0x06, 0xCD, 0x80, 0x09, 0x80, 0x92, 0x60, 0xF9, 0x0F, 0xFF, 0x41, 0x00, 0x46,
    0xF3, 0x83, 0x68, 0x06, 0x10, 0x0D, 0x61, 0x83, 0x68, 0x06, 0x0C, 0x1A, 0x09, 0x83, 0xCD, 0xC0,
    0x41, 0xA3, 0x62, 0x88, 0x76, 0x00, 0x43, 0x51, 0x47, 0xAA, 0x78, 0x9C, 0x85, 0x8E, 0xDB, 0x0D,
    0x00, 0x30, 0x08, 0x02, 0xD9, 0xC0, 0xFD, 0xB7, 0x74, 0x03, 0xDA, 0x06, 0xD2, 0xD4, 0x3E, 0x52,
    0x3F, 0xF4, 0x4C, 0x10, 0x04, 0x92, 0x01, 0x35, 0x8A, 0x60, 0xA2, 0x88, 0x6F, 0x4A, 0x0E, 0xA1,
    0xEF, 0x19, 0xB9, 0x13, 0x16, 0xA2, 0x23, 0xFA, 0xE2, 0x88, 0x42, 0x36, 0xB6, 0x39, 0xA4, 0x65,
    0x7D, 0xEC, 0x6C, 0xDF, 0x9A, 0xA2, 0xBC, 0x92, 0x66, 0x03, 0xCD, 0x83, 0x62, 0x9E, 0x78, 0x9C,
    0x63, 0xF8, 0xF0, 0x9F, 0x1F, 0x88, 0x18, 0x18, 0x3E, 0xFC, 0x07, 0x01, 0x18, 0xCD, 0x0F, 0xA2,
    0x19, 0x40, 0x34, 0x84, 0x0D, 0xA2, 0x19, 0x30, 0x68, 0x24, 0x0C, 0x36, 0x03, 0x07, 0x8D, 0x8A,
    0x21, 0xDA, 0x71, 0x03, 0x98, 0x24, 0xC8, 0x60, 0x14, 0x1A, 0x2C, 0x0E, 0x00, 0xC1, 0x0D, 0x46,
    0xC9, 0x78, 0x9C, 0x75, 0x8E, 0xD1, 0x0D, 0x40, 0x21, 0x08, 0x03, 0xBB, 0x81, 0xFB, 0x6F, 0xC9,
    0x06, 0xA7, 0x48, 0x63, 0xF4, 0x3D, 0xED, 0x07, 0x39, 0x48, 0x29, 0x48, 0x41, 0x53, 0x15, 0x8A,
    0x64, 0xA2, 0x88, 0x37, 0x05, 0x69, 0xF4, 0x3E, 0x2D, 0xBE, 0xA4, 0x8D, 0xF0, 0x89, 0xD1, 0xF8,
    0xC4, 0x41, 0x0E, 0x76, 0xB8, 0xCA, 0xCB, 0xF9, 0xD8, 0xBF, 0xDC, 0x35, 0xBF, 0x4A, 0x65, 0x2C,
    0x8B, 0xE6, 0xAC, 0x03, 0xD8, 0xB6, 0x67, 0x99, 0x78, 0x9C, 0x63, 0xF8, 0xF0, 0x9F, 0x1F, 0x88,
    0x18, 0x18, 0x3E, 0xFC, 0x07, 0x01, 0x18, 0xCD, 0x0F, 0xA2, 0x19, 0x40, 0x34, 0x84, 0x0D, 0xA2,
    0x19, 0x30, 0x68, 0x24, 0x0C, 0x36, 0x03, 0x07, 0x8D, 0x8A, 0x21, 0xDA, 0x31, 0x00, 0xC4, 0x76,
    0x0C, 0x1A, 0x00, 0xEB, 0x8B, 0x4C, 0xA5, 0x78, 0x9C, 0x95, 0x8E, 0xDB, 0x0D, 0x00, 0x20, 0x08,
    0x03, 0xD9, 0x80, 0xFD, 0xB7, 0x64, 0x83, 0x6A, 0x2D, 0xE0, 0xE3, 0x4F, 0x12, 0xE5, 0x22, 0xC5,
    0xD6, 0x6C, 0x95, 0xAB, 0x59, 0x20, 0x01, 0xA8, 0x87, 0x1C, 0x45, 0x49, 0x5A, 0x09, 0x69, 0x2E,
    0x78, 0x44, 0x5D, 0x35, 0x41, 0x6A, 0x00, 0x6D, 0xCD, 0x1D, 0xE7, 0x91, 0x0F, 0x61, 0xFD, 0x15,
    0x07, 0x28, 0xC1, 0x17, 0x60, 0x03, 0x1D, 0x4C, 0x57, 0x59, 0xB5, 0xB9, 0xA2, 0x7B, 0x66, 0x67,
    0x1F, 0xD1, 0xE3, 0x67, 0xA8, 0x78, 0x9C, 0x75, 0x8D, 0x01, 0x0A, 0x00, 0x30, 0x08, 0x02, 0xFB,
    0x41, 0xFF, 0xFF, 0xA5, 0x3F, 0x70, 0x2B, 0x13, 0xC6, 0xD8, 0x82, 0xBA, 0xD0, 0xB0, 0x88, 0xAA,
    0xEC, 0x19, 0xA0, 0x48, 0x73, 0xF4, 0x41, 0xD8, 0x95, 0x7F, 0xF3, 0x57, 0x54, 0x0C, 0xD8, 0x4B,
    0xA1, 0xEE, 0x37, 0x51, 0x3C, 0x1B, 0x4C, 0xE8, 0x46, 0xDC, 0xDA, 0x8B, 0x6A, 0x2A, 0x78, 0xE2,
    0x1C, 0xEF, 0x77, 0x0B, 0x1A, 0x3B, 0x4E, 0xC1, 0x78, 0x9C, 0x6D, 0x8E, 0xC1, 0x0D, 0x00, 0x30,
    0x08, 0x02, 0xDD, 0xC0, 0xFD, 0xB7, 0x64, 0x03, 0xDA, 0x14, 0x6D, 0x1B, 0x95, 0x8F, 0x67, 0x50,
    0x82, 0xD9, 0x16, 0xDC, 0x24, 0xB2, 0x41, 0x5A, 0x45, 0x20, 0x75, 0x43, 0x06, 0x09, 0x5C, 0xBF,
    0x17, 0xF0, 0xC3, 0x59, 0x1A, 0x40, 0x76, 0xE4, 0xE0, 0xC5, 0x68, 0x4E, 0xA5, 0x2A, 0x20, 0x6B,
    0x76, 0x58, 0xF7, 0x23, 0x4F, 0xC0, 0x78, 0x9C, 0x85, 0x8F, 0xCB, 0x0D, 0x00, 0x20, 0x0C, 0x42,
    0xD9, 0x80, 0xFD, 0xB7, 0x74, 0x03, 0x54, 0x1A, 0x6B, 0xC2, 0x41, 0x39, 0x34, 0xAF, 0x29, 0xFD,
    0x01, 0x4B, 0x22, 0xAC, 0x21, 0x05, 0x74, 0x29, 0xB5, 0x0C, 0xE5, 0xD1, 0x16, 0x0F, 0xC8, 0x40,
    0xF7, 0x3B, 0x14, 0xF0, 0x0B, 0x91, 0xF0, 0x8E, 0x89, 0x0D, 0xBE, 0x8E, 0xB6, 0x56, 0x03, 0xDE,
    0xD0, 0x9F, 0x4C, 0x09, 0x8E, 0x55, 0xC9, 0x78, 0x9C, 0x75, 0xCD, 0x01, 0x0A, 0x00, 0x20, 0x08,
    0x03, 0x40, 0x7F, 0xB0, 0xFF, 0xFF, 0x72, 0x3F, 0x58, 0xD9, 0x32, 0x22, 0x69, 0x50, 0x5C, 0x18,
    0x33, 0x62, 0x86, 0x08, 0x47, 0x6A, 0xA8, 0xD1, 0x13, 0x4A, 0xFE, 0x23, 0x6D, 0x5D, 0xC8, 0x03,
    0x83, 0x37, 0xD6, 0xE3, 0x40, 0x1B, 0xF4, 0x38, 0x83, 0x42, 0xF5, 0xC1, 0x7D, 0xFC, 0xA3, 0x6F,
    0x39, 0xC5, 0xEB, 0x1A, 0x52, 0x12, 0x5C, 0xC2, 0x78, 0x9C, 0x63, 0x60, 0x60, 0x60, 0xF8, 0xCF,
    0x0F, 0x24, 0x18, 0x3E, 0xA0, 0x51, 0x0C, 0xE8, 0x00, 0x28, 0x03, 0x12, 0x05, 0xE2, 0xFF, 0x60,
    0xEA, 0x3F, 0x48, 0xE5, 0x07, 0x30, 0xC9, 0x00, 0x21, 0x11, 0x14, 0x03, 0x06, 0x85, 0x6E, 0x3C,
    0x6E, 0x3B, 0x01, 0x7B, 0xC0, 0x2B, 0xC6, 0x78, 0x9C, 0x7D, 0xCD, 0x89, 0x09, 0x00, 0x30, 0x08,
    0x03, 0x40, 0x37, 0x70, 0xFF, 0x2D, 0xB3, 0x41, 0xAA, 0xF5, 0x41, 0x90, 0x36, 0x50, 0xB8, 0xA2,
    0x44, 0x11, 0xD0, 0x22, 0x16, 0x32, 0x35, 0xE0, 0x4F, 0x03, 0x98, 0xB8, 0x9F, 0x06, 0x13, 0x88,
    0xB1, 0x47, 0x0B, 0xD5, 0xA7, 0xD1, 0x87, 0x37, 0xF6, 0x95, 0x2E, 0xCE, 0xA5, 0x5F, 0x6A, 0x01,
    0x0B, 0x39, 0x3A, 0x47, 0x7E, 0x5C, 0xD1, 0x78, 0x9C, 0x63, 0x60, 0xF8, 0xFF, 0x9F, 0xE1, 0x3F,
    0x3F, 0x03, 0x10, 0x7F, 0x00, 0x53, 0x40, 0xC0, 0x00, 0xA6, 0x80, 0xE4, 0x07, 0x30, 0x89, 0xA0,
    0xF8, 0x31, 0x29, 0x88, 0x14, 0x7E, 0x0A, 0xAC, 0x10, 0x2B, 0xF8, 0x00, 0x53, 0xC8, 0x8F, 0x44,
    0x41, 0x05, 0x01, 0x02, 0xD3, 0x2B, 0xE4, 0x78, 0x9C, 0x7D, 0xCD, 0x8B, 0x09, 0x00, 0x20, 0x08,
    0x04, 0xD0, 0xDB, 0xC0, 0xFD, 0xB7, 0xBC, 0x0D, 0x2C, 0xF3, 0x83, 0x24, 0x75, 0x10, 0xBC, 0x52,
    0x2E, 0x00, 0xD0, 0x1D, 0xA0, 0x81, 0xF5, 0x72, 0xA7, 0x26, 0xAA, 0xA1, 0x06, 0x3B, 0xE2, 0x60,
    0xC7, 0xB9, 0x14, 0x34, 0x40, 0x1F, 0x5B, 0x24, 0x91, 0x7D, 0xE2, 0x7D, 0x7C, 0x63, 0xFE, 0x52,
    0xC5, 0xB1, 0xF4, 0x4B, 0x2E, 0x70, 0x20, 0x46, 0x0B, 0x93, 0xE8, 0x69, 0xB5, 0x78, 0x9C, 0x63,
    0x60, 0x60, 0xF8, 0x0F, 0x04, 0x0C, 0x0C, 0x98, 0x34, 0x1A, 0x00, 0x0A, 0xFE, 0xE7, 0x07, 0xD1,
    0xFC, 0x1F, 0x20, 0x34, 0x42, 0x39, 0x88, 0xFA, 0x00, 0xD5, 0x84, 0xA0, 0xF9, 0xB1, 0xD2, 0x30,
    0xB3, 0x09, 0xD2, 0xFC, 0x58, 0xDC, 0x80, 0x00, 0x1F, 0xE0, 0xCA, 0xF9, 0x51, 0x68, 0x98, 0x38,
    0x00, 0xD9, 0xC5, 0x37, 0xD8, 0x78, 0x9C, 0x75, 0xCE, 0x89, 0x09, 0x00, 0x30, 0x08, 0x03, 0x40,
    0x37, 0x70, 0xFF, 0x2D, 0xB3, 0x41, 0xEA, 0x8F, 0x20, 0x0D, 0x14, 0xAE, 0x54, 0x62, 0x45, 0x40,
    0x8B, 0x58, 0xC8, 0xD2, 0x82, 0x1F, 0x4D, 0x60, 0x23, 0x2E, 0x03, 0x16, 0x90, 0xCF, 0x1E, 0x6D,
    0x74, 0x9F, 0x66, 0x1F, 0xFE, 0xB8, 0x5B, 0xA6, 0xB8, 0x86, 0x6E, 0xFA, 0xEF, 0xD8, 0xF0, 0xD1,
    0x07, 0x76, 0xAC, 0x63, 0x9D, 0x78, 0x9C, 0x63, 0x60, 0x60, 0xF8, 0xFF, 0x9F, 0xE1, 0x3F, 0x3F,
    0x03, 0x90, 0xE6, 0xFF, 0x00, 0xA1, 0x81, 0x80, 0x01, 0x42, 0x83, 0xA8, 0x0F, 0x10, 0x0A, 0x89,
    0xE6, 0xC7, 0x4A, 0x43, 0xA5, 0x09, 0xD3, 0x10, 0xE5, 0x68, 0x00, 0x68, 0x3A, 0x58, 0x02, 0x46,
    0xFF, 0x87, 0xD2, 0x00, 0x07, 0xC5, 0x2F, 0xEF, 0x78, 0x9C, 0x6D, 0x8D, 0xD1, 0x11, 0x00, 0x20,
    0x08, 0x42, 0xD9, 0xC0, 0xFD, 0xB7, 0x6C, 0x03, 0x12, 0x35, 0xF3, 0xAE, 0xFC, 0xE8, 0x19, 0x07,
    0x08, 0xF8, 0xD0, 0xF4, 0x62, 0x3D, 0xC4, 0x6F, 0x16, 0x59, 0x88, 0x45, 0x50, 0xC0, 0x3F, 0x0A,
    0x46, 0x98, 0xB3, 0x84, 0x87, 0xB9, 0xA4, 0x3B, 0x05, 0x9B, 0x02, 0x78, 0xAD, 0x28, 0x21, 0xAA,
    0x44, 0x76, 0x7D, 0x9F, 0x2B, 0x7B, 0x62, 0x03, 0x1E, 0x91, 0x4B, 0x97, 0x78, 0x9C, 0x55, 0x8C,
    0xB1, 0x0D, 0x00, 0x30, 0x08, 0xC3, 0xF2, 0x01, 0xFF, 0x7F, 0xC9, 0x07, 0x2E, 0xA0, 0x50, 0xB5,
    0x0C, 0x58, 0x44, 0xC1, 0x92, 0x44, 0xD4, 0x52, 0xC2, 0x03, 0x87, 0xFF, 0x30, 0x21, 0x74, 0x25,
    0x1B, 0x51, 0x88, 0x9C, 0xCB, 0x8E, 0x78, 0x8A, 0x62, 0x5D, 0x37, 0x5E, 0xCC, 0x1B, 0x2B, 0xB1,
    0xD2, 0xC5, 0x03, 0x8D, 0x62, 0x35, 0xE9, 0x78, 0x9C, 0x75, 0x8D, 0x01, 0x0A, 0xC0, 0x30, 0x08,
    0x03, 0xEF, 0x07, 0xFE, 0xFF, 0x97, 0xFD, 0x41, 0x3A, 0xA3, 0xB3, 0x83, 0x32, 0xA1, 0x44, 0x8E,
    0x33, 0x05, 0x96, 0x04, 0x0E, 0x2F, 0x19, 0x8A, 0xCC, 0x07, 0x85, 0x1F, 0xA2, 0x92, 0xB1, 0xAD,
    0x7B, 0x29, 0xBB, 0x40, 0x7C, 0x01, 0x3A, 0x2A, 0x0D, 0x5C, 0x95, 0xA9, 0xA9, 0x9F, 0xEF, 0x5A,
    0x7F, 0xAF, 0xFE, 0xA6, 0xCB, 0xB9, 0xCA, 0xCD, 0x37, 0xA7, 0x15, 0x4B, 0xA6, 0x78, 0x9C, 0x55,
    0x8D, 0xC9, 0x11, 0x00, 0x30, 0x08, 0x02, 0xB7, 0x03, 0xFB, 0xEF, 0xD2, 0x0E, 0x48, 0xBC, 0xE2,
    0xC4, 0x87, 0x0C, 0x08, 0x08, 0x48, 0x46, 0x6C, 0x09, 0x3C, 0xC0, 0x2E, 0x98, 0x27, 0x8B, 0xCB,
    0x40, 0x1B, 0x49, 0xE3, 0x52, 0x1E, 0xAD, 0x98, 0xA6, 0xA4, 0x2B, 0xD7, 0xF8, 0x4D, 0x85, 0xFE,
    0x0F, 0x9E, 0xE2, 0x01, 0x5B, 0x63, 0x34, 0xDB, 0x78, 0x9C, 0x63, 0x60, 0x60, 0xF8, 0xF0, 0x9F,
    0x01, 0x0C, 0x3E, 0xFC, 0xE7, 0x47, 0xA3, 0x19, 0x30, 0xC1, 0x87, 0xFF, 0x60, 0xC0, 0x8F, 0x4E,
    0x83, 0x65, 0x70, 0x18, 0x83, 0x4A, 0x43, 0x95, 0x11, 0xA2, 0x09, 0x19, 0x83, 0x66, 0x1C, 0x00,
    0xD5, 0x9D, 0x3D, 0x96, 0x78, 0x9C, 0x63, 0x60, 0x60, 0xF8, 0xCF, 0xCF, 0xC0, 0xC0, 0xF0, 0x01,
    0x85, 0x64, 0xC0, 0x0A, 0xFE, 0x83, 0xC5, 0xD1, 0x95, 0x7F, 0xF8, 0x0F, 0x04, 0x28, 0x24, 0x4C,
    0x21, 0x3A, 0xF9, 0x01, 0x8B, 0x4D, 0x10, 0x12, 0x22, 0x0B, 0xA6, 0xFE, 0xC3, 0x38, 0x0C, 0x0C,
    0x00, 0x3E, 0xC7, 0x39, 0x7C, 0x78, 0x9C, 0xFB, 0xF0, 0x1F, 0x0C, 0xF8, 0x3F, 0xA0, 0xD1, 0x0C,
    0x0C, 0x40, 0x16, 0x03, 0x08, 0x7C, 0x00, 0x71, 0xF0, 0xD0, 0x50, 0x65, 0x84, 0x68, 0x42, 0xC6,
    0xA0, 0x1B, 0x87, 0x0B, 0xC0, 0x95, 0xFF, 0x47, 0xA1, 0x61, 0xE2, 0x00, 0x85, 0xD0, 0x3D, 0xB4,
    0x78, 0x9C, 0x63, 0x60, 0xF8, 0xFF, 0x9F, 0x01, 0x08, 0xFE, 0xF3, 0xC3, 0xC9, 0x0F, 0x20, 0xF2,
    0xC3, 0x7F, 0x20, 0x40, 0x21, 0x61, 0x0A, 0xD1, 0xC9, 0x0F, 0x08, 0x4D, 0x68, 0x24, 0x44, 0x16,
    0x4C, 0xFD, 0x87, 0x71, 0x18, 0x50, 0x01, 0x86, 0x2E, 0x88, 0x08, 0x00, 0x48, 0xF0, 0x37, 0xAB,
    0x78, 0x9C, 0x63, 0xF8, 0x0F, 0x01, 0x0C, 0x0C, 0x98, 0x0C, 0x10, 0x93, 0x9F, 0x81, 0x01, 0xC2,
    0x60, 0x20, 0xC4, 0xF8, 0x00, 0x53, 0x4B, 0x0C, 0x83, 0x08, 0xF3, 0x30, 0x0D, 0xC6, 0x00, 0x1F,
    0xFE, 0x43, 0x1D, 0xF8, 0x1F, 0x83, 0x01, 0x00, 0x32, 0x68, 0x40, 0xED, 0x78, 0x9C, 0x63, 0x60,
    0x80, 0x80, 0x0F, 0xFF, 0x11, 0xE4, 0xFF, 0xFF, 0x60, 0xE2, 0xFF, 0x7F, 0x7E, 0x14, 0xF2, 0x03,
    0x10, 0x33, 0x60, 0x21, 0xFF, 0x23, 0x34, 0xA1, 0x91, 0x10, 0x59, 0x10, 0xF5, 0x01, 0xC6, 0xE1,
    0x67, 0x40, 0x06, 0x1F, 0xD0, 0x2C, 0x61, 0x60, 0x00, 0x00, 0x63, 0xA5, 0x38, 0x14, 0x78, 0x9C,
    0x6D, 0xCF, 0x01, 0x0E, 0x00, 0x10, 0x08, 0x05, 0x50, 0x37, 0xF8, 0xF7, 0xBF, 0x65, 0x37, 0xF8,
    0xF2, 0xB3, 0x24, 0x6C, 0xDA, 0xA3, 0x56, 0x8C, 0xD1, 0x16, 0x0F, 0xAD, 0x98, 0x44, 0x3D, 0xD4,
    0xA2, 0x9A, 0xE8, 0xDD, 0x22, 0xBD, 0xEA, 0x1D, 0x69, 0xDF, 0xCB, 0xF6, 0x18, 0x32, 0xF3, 0xEE,
    0x67, 0xBD, 0xCB, 0xE8, 0x81, 0xDB, 0x38, 0xA6, 0x8C, 0xB4, 0x85, 0x55, 0xA0, 0xEF, 0xF0, 0xB6,
    0x9A, 0x86, 0x63, 0x00, 0x5E, 0xEF, 0xD0, 0x8D, 0xF4, 0x04, 0x0C, 0x13, 0x87, 0x01, 0x78, 0x9C,
    0x7D, 0xCE, 0x89, 0x09, 0x00, 0x30, 0x08, 0x03, 0x40, 0x37, 0xC8, 0xFE, 0x5B, 0x76, 0x83, 0xD4,
    0x88, 0xF6, 0x43, 0x2A, 0x48, 0xCF, 0x62, 0x40, 0x33, 0x2F, 0x58, 0xD5, 0xE0, 0x22, 0x4F, 0x62,
    0x2F, 0xA0, 0xDB, 0x38, 0x72, 0xBF, 0x52, 0x22, 0xBB, 0x23, 0xF4, 0x8C, 0xE8, 0x97, 0x0C, 0x5A,
    0xB1, 0x92, 0xFE, 0xA5, 0x83, 0xE8, 0x48, 0x3A, 0x10, 0x83, 0xC8, 0x9B, 0x4C, 0xC6, 0xD8, 0x52,
    0x47, 0x4E, 0x4B, 0x44, 0x6B, 0xD1, 0x78, 0x9C, 0x6D, 0xCF, 0x8B, 0x0D, 0x00, 0x21, 0x08, 0x03,
    0x50, 0x36, 0xE8, 0xFE, 0x5B, 0xB2, 0x41, 0x0F, 0xCB, 0x5D, 0xD5, 0x70, 0x4D, 0x34, 0x2F, 0x04,
    0x3F, 0x44, 0x28, 0x0C, 0x27, 0x79, 0x90, 0xF8, 0x4C, 0xEE, 0x3A, 0xCF, 0xF6, 0x18, 0xC9, 0x75,
    0x6A, 0xF5, 0x14, 0xEC, 0x5A, 0xCB, 0x39, 0x0C, 0x99, 0xAE, 0xFD, 0x59, 0xBF, 0x4A, 0xD6, 0xC6,
    0xD7, 0xD8, 0xA6, 0x0C, 0x3B, 0xDB, 0x6A, 0xD0, 0x30, 0xBC, 0xAD, 0x4B, 0xDB, 0xFD, 0x00, 0xA6,
    0x3D, 0xEF, 0x6D, 0xD8, 0x0F, 0x0A, 0x16, 0x88, 0xE1, 0x78, 0x9C, 0x6D, 0xCF, 0x01, 0x0E, 0x00,
    0x20, 0x04, 0x05, 0x50, 0x37, 0xF8, 0xF7, 0xBF, 0xA5, 0x1B, 0xFC, 0x10, 0x5A, 0xCA, 0x66, 0xBD,
    0x34, 0x26, 0x91, 0x11, 0x8A, 0x26, 0xD9, 0xC5, 0xA6, 0x09, 0x4D, 0x9C, 0xF7, 0x39, 0xE6, 0x1F,
    0x3E, 0x26, 0xF3, 0x47, 0xF8, 0xA1, 0x91, 0x93, 0x0C, 0x4A, 0xB1, 0x3A, 0xAD, 0xE4, 0x5B, 0xD0,
    0x90, 0x34, 0x20, 0x2E, 0x7B, 0xD7, 0x8B, 0x4C, 0xD6, 0x2F, 0x5E, 0xFA, 0x92, 0x0B, 0xF2, 0xE7,
    0x6C, 0xB2, 0x78, 0x9C, 0x6D, 0xCD, 0x81, 0x0D, 0x00, 0x20, 0x08, 0x03, 0x30, 0x3E, 0xD8, 0xFF,
    0x5F, 0xF2, 0xC1, 0x64, 0x60, 0xD0, 0x28, 0x04, 0xB1, 0x51, 0x41, 0x33, 0x33, 0x87, 0xB2, 0x82,
    0x30, 0xF2, 0x32, 0x06, 0x4F, 0xE1, 0xBA, 0x55, 0x67, 0xA0, 0x1D, 0x4B, 0xF6, 0xCF, 0x48, 0xB3,
    0xCF, 0x26, 0x6B, 0x54, 0x64, 0x14, 0x6E, 0xE3, 0x98, 0x69, 0xB4, 0xBD, 0x9C, 0x0F, 0xD4, 0x5A,
    0xDB, 0x71, 0x0E, 0x2D, 0xD7, 0x07, 0xF8, 0xBD, 0xCB, 0x6B, 0xB4, 0x17, 0x47, 0x2A, 0x86, 0x4D,
    0x78, 0x9C, 0x75, 0xCE, 0xDB, 0x0D, 0x00, 0x20, 0x08, 0x03, 0x40, 0x36, 0x60, 0xFF, 0x2D, 0xD9,
    0xA0, 0x52, 0x2C, 0x1F, 0x18, 0x24, 0x90, 0x1C, 0x8A, 0x0F, 0x33, 0x0B, 0x30, 0x2B, 0x30, 0x08,
    0x31, 0x9C, 0xF9, 0x0B, 0x4E, 0xA9, 0x36, 0xFA, 0xBD, 0x94, 0xF5, 0x12, 0x7A, 0x4E, 0xEC, 0x93,
    0xB9, 0x94, 0xFB, 0xC9, 0x68, 0x26, 0xBC, 0x1A, 0x12, 0x93, 0x10, 0xAB, 0x5D, 0xC9, 0x4F, 0x1E,
    0xDB, 0xD2, 0x6D, 0xA2, 0x78, 0x9C, 0x85, 0x8E, 0xDB, 0x09, 0x00, 0x30, 0x08, 0x03, 0xB3, 0x81,
    0xFB, 0x6F, 0x99, 0x0D, 0xD2, 0x1A, 0xB1, 0xE8, 0x57, 0x05, 0x39, 0x8C, 0xF1, 0x01, 0x80, 0x82,
    0x43, 0x8A, 0xC5, 0xD6, 0x57, 0xB8, 0x49, 0x05, 0x93, 0x12, 0x26, 0x3B, 0x95, 0x83, 0x8F, 0xB2,
    0xC5, 0xAC, 0x05, 0x96, 0xAF, 0xB1, 0xCE, 0xB0, 0xCA, 0xC1, 0xF8, 0xB0, 0x1F, 0x59, 0x3C, 0xDC,
    0x2D, 0x41, 0xA1, 0x78, 0x9C, 0x65, 0x8E, 0xC9, 0x11, 0x00, 0x20, 0x08, 0x03, 0xD3, 0x01, 0xFD,
    0x77, 0x49, 0x07, 0x51, 0x22, 0xC7, 0x0C, 0xE6, 0xB5, 0xB8, 0x80, 0x00, 0x37, 0x34, 0x28, 0x4E,
    0x2E, 0x68, 0xB5, 0xA3, 0x86, 0x90, 0x01, 0x3E, 0x90, 0x4A, 0x3A, 0x2A, 0xCD, 0x5F, 0xF0, 0x81,
    0xF7, 0x81, 0xB1, 0xC1, 0x72, 0xE3, 0x00, 0x36, 0xD8, 0x07, 0x75, 0xE8, 0x32, 0x35, 0xE3, 0xF5,
    0xD0, 0x1D, 0x07, 0x39, 0x57, 0x43, 0xDB, 0x78, 0x9C, 0x7D, 0x8D, 0xDB, 0x0D, 0x00, 0x30, 0x08,
    0x02, 0xD9, 0xC0, 0xFD, 0xB7, 0x74, 0x03, 0x9A, 0x56, 0xA9, 0xE9, 0x93, 0xAF, 0xCB, 0x61, 0x10,
    0x70, 0xF6, 0x18, 0x0A, 0x28, 0xC0, 0x90, 0x48, 0x08, 0x81, 0x12, 0x94, 0x38, 0x9A, 0xD7, 0xE9,
    0xA5, 0xB1, 0x75, 0xC4, 0xF5, 0x3C, 0x01, 0x05, 0xDF, 0x38, 0x27, 0x6C, 0x8B, 0xAA, 0x1A, 0x77,
    0xD3, 0x4B, 0x88, 0x78, 0x9C, 0x63, 0x60, 0xF8, 0x0F, 0x02, 0x0C, 0x0C, 0x18, 0x34, 0x88, 0xC5,
    0x0F, 0xA5, 0xC1, 0xD4, 0x07, 0x38, 0x97, 0x1F, 0xC2, 0x45, 0x17, 0xC6, 0xA1, 0x0A, 0x6C, 0x1C,
    0x3A, 0x8D, 0x1B, 0x40, 0xF5, 0x23, 0x8C, 0xFF, 0x8F, 0x2C, 0x0E, 0x00, 0xA8, 0xE1, 0x3B, 0xB6,
    0x78, 0x9C, 0x63, 0x60, 0xF8, 0xF0, 0x1F, 0x04, 0xF8, 0x19, 0x10, 0x8C, 0xFF, 0x30, 0x06, 0x03,
    0x58, 0x90, 0x01, 0xCA, 0x80, 0x08, 0x30, 0x20, 0x04, 0xFE, 0xC3, 0x04, 0x30, 0x64, 0x70, 0x29,
    0xC5, 0x22, 0xC3, 0x8F, 0x6A, 0xC8, 0x07, 0x98, 0xE5, 0x50, 0x06, 0x03, 0x82, 0x81, 0x05, 0x7C,
    0x80, 0xB9, 0x13, 0x83, 0x01, 0x00, 0xD1, 0x3F, 0x4F, 0x93, 0x78, 0x9C, 0x63, 0x60, 0xF8, 0x0F,
    0x02, 0x0C, 0x0C, 0x18, 0x34, 0x88, 0xC5, 0x0F, 0xA5, 0xC1, 0xD4, 0x07, 0x38, 0x97, 0x1F, 0xC2,
    0x45, 0x17, 0xC6, 0xA1, 0x0A, 0x6C, 0x1C, 0x3A, 0x8D, 0x01, 0x60, 0xC2, 0x68, 0x34, 0x00, 0x7E,
    0xFE, 0x3F, 0xB2, 0x78, 0x9C, 0x85, 0x8E, 0x01, 0x0A, 0x00, 0x20, 0x08, 0x03, 0xF7, 0x03, 0xFF,
    0xFF, 0x4B, 0x7F, 0xB0, 0xDA, 0x24, 0xCA, 0x20, 0x1A, 0xCC, 0x1B, 0x0C, 0x54, 0x80, 0x84, 0xF5,
    0x61, 0x32, 0x16, 0x1D, 0xE7, 0xA0, 0xAA, 0xA4, 0x14, 0x22, 0xC4, 0xCA, 0x81, 0xEA, 0x3A, 0x0F,
    0x7B, 0xC7, 0x83, 0xDD, 0xFB, 0x74, 0x13, 0x59, 0x8F, 0x5D, 0x1C, 0x0B, 0xC0, 0x57, 0xA9, 0x78,
    0x9C, 0x63, 0xF8, 0xC0, 0xCF, 0x00, 0x44, 0xFF, 0xFF, 0x23, 0x10, 0x44, 0x04, 0x05, 0x40, 0xF8,
    0xFF, 0x11, 0xE4, 0x07, 0x10, 0xF9, 0xE1, 0xFF, 0x7F, 0x90, 0x72, 0x24, 0x12, 0xA4, 0x9D, 0x01,
    0x0B, 0xF9, 0x01, 0xA1, 0x09, 0x8D, 0x84, 0xC8, 0x82, 0xA9, 0xFF, 0x30, 0x0E, 0x03, 0x03, 0x00,
    0xFE, 0x00, 0x3C, 0x88, 0x78, 0x9C, 0x7D, 0x8E, 0xC9, 0x0D, 0x00, 0x31, 0x08, 0x03, 0xDD, 0x81,
    0xFB, 0xEF, 0x92, 0x0E, 0xBC, 0x09, 0x1E, 0x29, 0xBF, 0xE5, 0x61, 0x0D, 0x87, 0x01, 0x49, 0x9A,
    0x44, 0x1B, 0x07, 0x8A, 0x0B, 0x31, 0xBD, 0xF6, 0x37, 0x87, 0x90, 0xA9, 0x18, 0xD9, 0xFA, 0xA5,
    0xC1, 0x6A, 0xAC, 0xD0, 0x1B, 0x09, 0xA4, 0x1F, 0x8A, 0x7B, 0xDB, 0xD3, 0x5F, 0xEE, 0x92, 0xFE,
    0xC7, 0xB1, 0x23, 0x1F, 0xC0, 0x74, 0x5A, 0x5B, 0x78, 0x9C, 0x7D, 0xCE, 0x51, 0x0A, 0x00, 0x20,
    0x08, 0x03, 0xD0, 0xDD, 0xC0, 0xFB, 0xDF, 0xD2, 0x1B, 0xAC, 0xDA, 0xC2, 0x0A, 0xA1, 0xFD, 0xF8,
    0x60, 0xA4, 0x01, 0x33, 0x64, 0xAC, 0x81, 0x6C, 0x60, 0x21, 0x8C, 0x9C, 0xA0, 0x01, 0x83, 0x85,
    0x30, 0xB2, 0x81, 0xCA, 0x85, 0x3C, 0x08, 0x6D, 0xE8, 0x2F, 0xD5, 0xF8, 0xDC, 0x06, 0xBE, 0xA9,
    0xDE, 0x9F, 0xD1, 0x8D, 0xA7, 0x1A, 0x83, 0x5C, 0x51, 0xFA, 0x78, 0x9C, 0x6D, 0x8C, 0x81, 0x09,
    0x00, 0x31, 0x0C, 0x02, 0xDD, 0xC0, 0xFD, 0xB7, 0x74, 0x03, 0x5B, 0x4D, 0xA1, 0xD0, 0x7F, 0x09,
    0x5C, 0x22, 0x46, 0x00, 0x76, 0x06, 0xF2, 0x16, 0x73, 0x96, 0xAA, 0x4D, 0xCC, 0xCE, 0x13, 0x61,
    0xEC, 0xEC, 0x9A, 0xE8, 0x2F, 0x55, 0xFA, 0xBC, 0xDE, 0x5A, 0x86, 0xED, 0xDA, 0xFC, 0x48, 0x1E,
    0xFA, 0x65, 0xC3, 0x0B, 0x1D, 0xB9, 0x49, 0xE4, 0x78, 0x9C, 0x65, 0xCE, 0xC1, 0x0D, 0x00, 0x20,
    0x08, 0x03, 0xC0, 0x6E, 0xC0, 0xFE, 0x5B, 0x76, 0x83, 0x4A, 0x2C, 0xA0, 0x09, 0xFD, 0x70, 0x89,
    0x5A, 0x01, 0x32, 0x54, 0x00, 0x86, 0x0C, 0x0C, 0xA8, 0x9E, 0x7D, 0xA7, 0xE6, 0x8B, 0xEA, 0x88,
    0x0B, 0x1A, 0x84, 0x91, 0x2D, 0x6E, 0xCE, 0x5A, 0x43, 0x83, 0x30, 0xB8, 0xA0, 0x9B, 0x0F, 0x7C,
    0x08, 0xAF, 0xBA, 0x5E, 0x7A, 0xDD, 0xFB, 0x5D, 0xE1, 0x00, 0x32, 0x11, 0x56, 0xC8, 0x78, 0x9C,
    0x6D, 0x8C, 0x01, 0x0E, 0x00, 0x20, 0x08, 0x02, 0xF9, 0x01, 0xFF, 0xFF, 0xA5, 0x3F, 0xA0, 0x44,
    0xAB, 0xD5, 0x72, 0x6E, 0x87, 0x8A, 0x00, 0x80, 0x08, 0x97, 0x5A, 0x2C, 0xC6, 0x3E, 0xAC, 0xF9,
    0x1A, 0xDF, 0x92, 0xB2, 0xA7, 0x4B, 0x0E, 0x50, 0x31, 0xBC, 0x26, 0x4A, 0xB3, 0x2D, 0xCC, 0x75,
    0xEA, 0x28, 0xEB, 0x97, 0x61, 0xAA, 0x5F, 0x4F, 0x2C, 0x93, 0xCE, 0x22, 0x06, 0x3C, 0x40, 0x4E,
    0x1C, 0x78, 0x9C, 0x6D, 0xCF, 0x01, 0x12, 0x00, 0x10, 0x08, 0x04, 0xC0, 0x7E, 0xD0, 0xFF, 0x7F,
    0xD9, 0x0F, 0x8E, 0xE2, 0xAE, 0x66, 0x30, 0x86, 0x4D, 0x04, 0xB3, 0xB7, 0xA1, 0x05, 0xCE, 0x54,
    0x48, 0x99, 0x84, 0xDF, 0xD5, 0xEA, 0x6F, 0x21, 0xE6, 0xF3, 0xD8, 0x87, 0x18, 0x74, 0xD5, 0xDA,
    0xD4, 0x65, 0xE3, 0x05, 0x4D, 0x27, 0xE3, 0x4B, 0x40, 0xCF, 0x6D, 0xC6, 0xA4, 0xF3, 0x67, 0x35,
    0x56, 0x3C, 0x78, 0xE2, 0xBB, 0x4B, 0x5C, 0x48, 0x4D, 0x5A, 0xC4, 0x78, 0x9C, 0x7D, 0x8D, 0xD1,
    0x0D, 0x00, 0x31, 0x08, 0x42, 0xDD, 0x80, 0xFD, 0xB7, 0x64, 0x03, 0x5A, 0x41, 0x93, 0x26, 0x97,
    0x9C, 0x3F, 0x3E, 0x11, 0xB4, 0x2A, 0x85, 0xE9, 0x45, 0x2D, 0x29, 0x9A, 0x34, 0x12, 0x25, 0xAC,
    0xA4, 0x71, 0xE9, 0x49, 0x7E, 0xEB, 0xBA, 0x62, 0x64, 0x27, 0xB0, 0x51, 0x13, 0xBD, 0x84, 0x25,
    0xDC, 0x29, 0x54, 0xA1, 0x5E, 0x26, 0xEA, 0xF1, 0x97, 0x38, 0xB4, 0xE7, 0xA8, 0xF7, 0x19, 0x42,
    0x6D, 0x34, 0x1D, 0xF8, 0x6F, 0x51, 0xFA, 0x78, 0x9C, 0x65, 0xCD, 0x01, 0x0A, 0x00, 0x20, 0x08,
    0x03, 0x40, 0x7F, 0xB0, 0xFF, 0xFF, 0x72, 0x3F, 0x58, 0xE1, 0xCC, 0x0A, 0x47, 0xD0, 0x91, 0xCC,
    0x22, 0x6E, 0xD4, 0x40, 0x81, 0x90, 0xFC, 0xCA, 0x83, 0x7D, 0x79, 0xCC, 0x3C, 0x5F, 0x54, 0x45,
    0x0E, 0xA8, 0x81, 0x6A, 0x6F, 0xC8, 0x08, 0x43, 0x0D, 0x18, 0x1C, 0x50, 0xE6, 0x01, 0x2F, 0x90,
    0x1B, 0x66, 0x33, 0x27, 0xFE, 0xAE, 0xB0, 0x00, 0x5F, 0xAE, 0x59, 0xD4, 0x78, 0x9C, 0x6D, 0x8C,
    0xC1, 0x0D, 0xC0, 0x30, 0x0C, 0x02, 0xD9, 0x80, 0xFD, 0xB7, 0x64, 0x03, 0x1A, 0x83, 0x95, 0xAA,
    0x52, 0xFD, 0xC8, 0x59, 0xCE, 0x01, 0x40, 0x64, 0xBC, 0x94, 0x2F, 0x9D, 0x95, 0x72, 0xFF, 0xEC,
    0x1E, 0xCE, 0xB3, 0xEE, 0x77, 0xDC, 0x84, 0xC6, 0x63, 0xF5, 0x43, 0xE5, 0x4C, 0x74, 0xE7, 0x2A,
    0x53, 0x9A, 0x84, 0xAA, 0xFE, 0x52, 0xA1, 0x37, 0xFA, 0xD6, 0x72, 0x98, 0x2E, 0xE2, 0x01, 0x6D,
    0x49, 0x51, 0xFA, 0x78, 0x9C, 0x6D, 0xCE, 0xD1, 0x0D, 0x00, 0x21, 0x08, 0x03, 0xD0, 0x6E, 0xC0,
    0xFE, 0x5B, 0xB2, 0x41, 0x25, 0x48, 0x81, 0xDC, 0xD9, 0x0F, 0xF3, 0x40, 0x82, 0x02, 0x37, 0x4E,
    0x28, 0xA4, 0x8D, 0xAD, 0x6E, 0xA9, 0x01, 0x06, 0xD5, 0xD4, 0x35, 0xA2, 0xE3, 0xF8, 0x67, 0x36,
    0xF9, 0x93, 0x5C, 0xB4, 0xDE, 0x15, 0x64, 0x7F, 0x8A, 0xFD, 0xEC, 0xD0, 0x44, 0x7F, 0x92, 0x99,
    0x0F, 0x7D, 0xD3, 0x50, 0xB3, 0x79, 0x66, 0xBD, 0x78, 0xEB, 0x9A, 0x6A, 0x1E, 0x8A, 0x9E, 0x5D,
    0xC1, 0x78, 0x9C, 0x7D, 0x8F, 0xD1, 0x11, 0x00, 0x20, 0x08, 0x42, 0xDD, 0x80, 0xFD, 0xB7, 0x64,
    0x03, 0x2A, 0x95, 0xAE, 0xEB, 0xAE, 0xFC, 0xE9, 0x09, 0xA1, 0x15, 0x71, 0x95, 0xB0, 0x49, 0x26,
    0xCA, 0x42, 0xB9, 0x94, 0x60, 0xC9, 0xB7, 0xE6, 0x81, 0x78, 0xD6, 0x8A, 0xAA, 0xA3, 0xAA, 0x21,
    0x32, 0x31, 0x4D, 0xA4, 0x84, 0xD9, 0xA1, 0x77, 0x27, 0x2D, 0xB3, 0xA2, 0xD9, 0x7E, 0x89, 0x4D,
    0x1E, 0x47, 0x9D, 0xCB, 0xE0, 0xB7, 0xA3, 0x7E, 0x31, 0x00, 0xA9, 0x8A, 0x53, 0xF8, 0x78, 0x9C,
    0x6D, 0xCF, 0xDB, 0x15, 0xC0, 0x20, 0x08, 0x03, 0xD0, 0x6C, 0x90, 0xFD, 0xB7, 0xCC, 0x06, 0xD1,
    0x96, 0x87, 0x2D, 0x2D, 0x5F, 0x57, 0x0D, 0x1C, 0x04, 0x5E, 0x65, 0xC3, 0x25, 0x87, 0x44, 0x99,
    0x18, 0xA5, 0x7C, 0xBC, 0x73, 0x75, 0x85, 0xCC, 0x89, 0xD0, 0x6C, 0xD8, 0x39, 0x76, 0xEB, 0x47,
    0x3E, 0x62, 0x0D, 0xD9, 0x72, 0x0F, 0x76, 0x6F, 0x97, 0x62, 0x4A, 0x3F, 0xB2, 0x6B, 0xF9, 0x96,
    0x1E, 0x22, 0x22, 0x37, 0x8E, 0x97, 0xE2, 0xA7, 0x31, 0xA9, 0xB4, 0x00, 0xD0, 0x8F, 0x5F, 0xBF,
    0x78, 0x9C, 0x6D, 0x8C, 0xC1, 0x11, 0x00, 0x31, 0x08, 0x02, 0xE9, 0x80, 0xFE, 0xBB, 0xA4, 0x03,
    0x2E, 0x88, 0x33, 0xB9, 0x47, 0x7C, 0xB8, 0x8A, 0x08, 0x00, 0x98, 0xE2, 0x81, 0x6C, 0x87, 0x86,
    0x8D, 0x7F, 0xED, 0xAA, 0x9E, 0xCF, 0x5A, 0xE1, 0x34, 0xE2, 0x51, 0x6E, 0x40, 0xE2, 0xF2, 0xE0,
    0x52, 0x23, 0x13, 0x9D, 0xB9, 0x16, 0x46, 0xCE, 0xAC, 0x5A, 0x9F, 0xD4, 0xD0, 0xFB, 0x7A, 0x63,
    0x19, 0x4E, 0x16, 0xF1, 0x01, 0x97, 0x6F, 0x55, 0xF6, 0x78, 0x9C, 0x7D, 0x8F, 0x01, 0x0E, 0xC0,
    0x20, 0x0C, 0x02, 0xF9, 0x01, 0xFF, 0xFF, 0x25, 0x3F, 0xE8, 0xBA, 0xA2, 0x9D, 0xD3, 0x44, 0x62,
    0xE2, 0xA5, 0x20, 0x8D, 0xC0, 0xAA, 0x88, 0xA8, 0x5B, 0x09, 0xF4, 0x00, 0x1E, 0x29, 0x0F, 0xB1,
    0x85, 0x39, 0xC3, 0x1B, 0x44, 0x03, 0x0D, 0x4A, 0x70, 0xCD, 0xEC, 0xEB, 0xE2, 0x0C, 0x14, 0xE8,
    0x80, 0x28, 0x2D, 0xA0, 0x0F, 0x58, 0x0D, 0xE7, 0xCB, 0x72, 0xBC, 0x6E, 0x00, 0xAE, 0x6A, 0x7F,
    0x7C, 0xFC, 0xDD, 0xF1, 0xB3, 0x1E, 0xA6, 0x44, 0x5E, 0xDE, 0x78, 0x9C, 0x6D, 0x8E, 0x0B, 0x0A,
    0x00, 0x20, 0x08, 0x43, 0xBD, 0xC1, 0xEE, 0x7F, 0xCB, 0xDD, 0x60, 0xCD, 0x0F, 0x45, 0xE0, 0x28,
    0x66, 0xF6, 0x94, 0x45, 0x5C, 0x51, 0x42, 0xBA, 0xAC, 0x7E, 0x8E, 0xFB, 0xF8, 0x83, 0xBE, 0x8A,
    0x45, 0xA6, 0x12, 0x2C, 0x1E, 0x3D, 0x6E, 0x67, 0xB5, 0x11, 0x5D, 0x63, 0x10, 0x64, 0x3B, 0x6B,
    0x36, 0xBA, 0x3A, 0xCB, 0x35, 0xA3, 0x6F, 0x2D, 0x2A, 0x46, 0xEE, 0xC2, 0x12, 0x83, 0xBA, 0x71,
    0x7E, 0x2F, 0xF8, 0x00, 0x5E, 0x5F, 0x5B, 0xB4, 0x78, 0x9C, 0x6D, 0xCF, 0xCB, 0x11, 0x00, 0x21,
    0x08, 0x03, 0x50, 0x3B, 0x48, 0xFF, 0x5D, 0xA6, 0x83, 0xAC, 0x2E, 0x01, 0x3F, 0x03, 0xE3, 0xE1,
    0x89, 0x88, 0x32, 0xC6, 0x13, 0x4A, 0x50, 0xC8, 0x54, 0xE5, 0x32, 0x45, 0xD0, 0x85, 0xD4, 0x5A,
    0x21, 0xE5, 0xB1, 0xF6, 0x8D, 0x26, 0xAA, 0x8C, 0x8D, 0x8E, 0x26, 0xB0, 0xE6, 0x47, 0x54, 0x8F,
    0x59, 0xDA, 0x82, 0xC5, 0x46, 0xFA, 0xE3, 0x12, 0x0F, 0xC1, 0xB3, 0x3D, 0xDB, 0xA5, 0x98, 0x3E,
    0x3A, 0xA5, 0x3E, 0xDA, 0x45, 0x5E, 0xC0, 0x78, 0x9C, 0x6D, 0x8E, 0xC1, 0x0D, 0xC0, 0x00, 0x08,
    0x02, 0xDD, 0x80, 0xFD, 0xB7, 0x64, 0x03, 0x2A, 0x60, 0xD2, 0x34, 0xA9, 0x0F, 0x51, 0x3C, 0x8D,
    0x33, 0x0E, 0x24, 0x0F, 0x55, 0x95, 0xAE, 0x8D, 0xCF, 0x69, 0xBB, 0x99, 0x36, 0xD6, 0xCD, 0x40,
    0x2A, 0x47, 0xE9, 0xF6, 0xBF, 0xB1, 0x53, 0x03, 0x34, 0x87, 0xE2, 0xAB, 0x8C, 0x8D, 0x69, 0x8D,
    0x43, 0x60, 0xDB, 0x35, 0x8B, 0xFE, 0x2A, 0xA3, 0xBA, 0xD5, 0xF7, 0x2C, 0xAC, 0xEC, 0x5B, 0x0F,
    0x31, 0xCE, 0x55, 0xE7, 0x78, 0x9C, 0x75, 0xCF, 0xCB, 0x0D, 0xC0, 0x30, 0x08, 0x03, 0x50, 0x6F,
    0xC0, 0xFE, 0x5B, 0x7A, 0x03, 0x37, 0x29, 0x38, 0x9F, 0x8A, 0xFA, 0xF4, 0xA2, 0x58, 0x20, 0x80,
    0x2B, 0x54, 0xA7, 0x30, 0x2D, 0x06, 0x21, 0xD7, 0x68, 0xC9, 0xDF, 0x43, 0xF8, 0xCF, 0xAA, 0xB1,
    0xD1, 0x31, 0x24, 0x4A, 0x63, 0xBF, 0xD6, 0xB2, 0x92, 0xB6, 0xA2, 0xC4, 0x46, 0x7A, 0x73, 0x89,
    0x87, 0x02, 0xD9, 0xFB, 0x3C, 0xA7, 0xF2, 0xE8, 0x9C, 0x64, 0x3D, 0xDA, 0x62, 0x5F, 0xA1, 0x78,
    0x9C, 0x6D, 0x8E, 0xC1, 0x09, 0x00, 0x30, 0x08, 0x03, 0xDD, 0x20, 0xFB, 0x6F, 0x99, 0x0D, 0xAC,
    0x31, 0x16, 0x29, 0x34, 0x8F, 0x9E, 0xE8, 0x29, 0x8D, 0xD8, 0x24, 0x5E, 0x32, 0x8D, 0x30, 0xEB,
    0x25, 0x3C, 0x6E, 0x23, 0x2B, 0xD6, 0xEE, 0xC2, 0x9B, 0x9A, 0x4A, 0xA0, 0x3C, 0x58, 0x2F, 0xB2,
    0xDB, 0x08, 0xD7, 0x18, 0x05, 0x6A, 0xAB, 0xA6, 0xD5, 0x2F, 0xD9, 0xCC, 0x59, 0xDD, 0xB3, 0x10,
    0xE9, 0x6F, 0x1D, 0xC4, 0xB5, 0x53, 0xF8, 0x78, 0x9C, 0x6D, 0xCF, 0xD1, 0x11, 0xC0, 0x20, 0x08,
    0x03, 0x50, 0x37, 0xC8, 0xFE, 0x5B, 0x66, 0x83, 0xD4, 0x7A, 0x09, 0x6A, 0x4B, 0xBE, 0x1E, 0x1C,
    0xE0, 0x39, 0xC6, 0x1D, 0x29, 0xE2, 0x4F, 0x84, 0xA0, 0x74, 0x18, 0x49, 0xC8, 0x6A, 0x6D, 0x34,
    0xA9, 0x31, 0x36, 0x3A, 0x8E, 0xC0, 0xE2, 0x54, 0x3D, 0x66, 0x69, 0x0B, 0x16, 0x1B, 0x69, 0xE5,
    0x12, 0x0F, 0xC1, 0xBF, 0xFC, 0x94, 0xAF, 0x56, 0xE5, 0x4B, 0xD1, 0x03, 0xAB, 0xD3, 0x5E, 0xB1,
    0x78, 0x9C, 0x6D, 0x8E, 0xD1, 0x0D, 0x40, 0x31, 0x08, 0x02, 0xDD, 0x80, 0xFD, 0xB7, 0x64, 0x03,
    0x9E, 0x48, 0x9B, 0xC6, 0xE4, 0xF1, 0x73, 0x06, 0xCF, 0xA6, 0x55, 0x2F, 0x14, 0x16, 0x6B, 0x53,
    0x14, 0x3D, 0xA8, 0x0D, 0xA4, 0x9D, 0x85, 0x3A, 0x39, 0xBB, 0xFE, 0x4E, 0x6F, 0x2D, 0xD0, 0x1E,
    0xA2, 0x37, 0x39, 0x35, 0x2A, 0x33, 0x8E, 0x02, 0xD7, 0x9E, 0x19, 0xF5, 0x97, 0x1C, 0xEA, 0x9C,
    0xBE, 0x67, 0x61, 0x32, 0xDF, 0xFA, 0x00, 0xC6, 0x31, 0x58, 0x03, 0x78, 0x9C, 0x6D, 0xCD, 0xC9,
    0x11, 0xC0, 0x20, 0x0C, 0x03, 0x40, 0x75, 0xA0, 0xFE, 0xBB, 0x54, 0x07, 0x0A, 0xF8, 0x48, 0x20,
    0x63, 0xBD, 0xD6, 0xE0, 0x03, 0x58, 0x91, 0x21, 0x44, 0x6C, 0x1A, 0xF9, 0x24, 0xA7, 0x40, 0x98,
    0xB8, 0x23, 0xEE, 0x99, 0xEC, 0x73, 0xFF, 0xBA, 0x07, 0xC6, 0xBC, 0x6D, 0x1A, 0x74, 0x2C, 0x61,
    0x49, 0x4B, 0x7D, 0x02, 0x25, 0x7F, 0x62, 0x49, 0x83, 0x1C, 0xB9, 0xA4, 0x43, 0x44, 0xF6, 0xFD,
    0xCA, 0xAD, 0xA8, 0x6A, 0x53, 0xEB, 0x01, 0x6D, 0xA5, 0x60, 0xBE, 0x78, 0x9C, 0x6D, 0x8C, 0xC1,
    0x0D, 0xC0, 0x30, 0x0C, 0x02, 0xD9, 0x80, 0xFD, 0xB7, 0x64, 0x03, 0x6A, 0x70, 0xA4, 0x54, 0x6A,
    0xFD, 0x39, 0x9B, 0x5C, 0x00, 0x00, 0x53, 0x1C, 0xC8, 0x36, 0x7B, 0xDA, 0x78, 0xCD, 0x1C, 0xDA,
    0x1C, 0xCD, 0x47, 0x2B, 0xB5, 0xFA, 0x67, 0xE6, 0x35, 0x42, 0xEA, 0x22, 0x78, 0xA9, 0xC6, 0xC4,
    0xEE, 0x3C, 0x0A, 0x13, 0x67, 0xD7, 0xAA, 0xBF, 0x54, 0xE9, 0xF3, 0xF5, 0xD6, 0x32, 0x6C, 0x17,
    0xF1, 0x00, 0x1C, 0x8F, 0x57, 0x04, 0x78, 0x9C, 0x85, 0xCE, 0xD1, 0x0D, 0xC0, 0x20, 0x08, 0x04,
    0xD0, 0xDB, 0xE0, 0xF6, 0xDF, 0x92, 0x0D, 0xAE, 0x45, 0xA8, 0x50, 0x6C, 0xD2, 0x8B, 0x1F, 0xCF,
    0x80, 0x08, 0x00, 0x18, 0x01, 0xC1, 0x63, 0xF2, 0x13, 0x92, 0x38, 0x74, 0x33, 0xD1, 0xD2, 0x8A,
    0xA7, 0xEA, 0xA9, 0xB8, 0xC7, 0x51, 0xFB, 0xB3, 0x94, 0x4A, 0x4C, 0xD9, 0x87, 0xB4, 0xF2, 0x92,
    0x35, 0x11, 0xD1, 0x37, 0xAE, 0xAE, 0x58, 0x3C, 0x26, 0x3D, 0xFA, 0x4D, 0xF5, 0xE4, 0x72, 0xEB,
    0xBB, 0x51, 0xBD, 0x00, 0x77, 0xC5, 0x61, 0xCC, 0x78, 0x9C, 0x6D, 0x8E, 0x8B, 0x0D, 0xC0, 0x40,
    0x08, 0x42, 0xD9, 0x80, 0xFD, 0xB7, 0x64, 0x03, 0xEE, 0xD0, 0xFB, 0xB4, 0x4D, 0x89, 0xC9, 0x33,
    0x88, 0x46, 0xE0, 0xC8, 0x80, 0x18, 0x32, 0x35, 0x39, 0x85, 0x07, 0xE5, 0xB2, 0x6F, 0xDE, 0xA9,
    0xD8, 0x35, 0x70, 0x53, 0x65, 0x13, 0xDD, 0x73, 0x45, 0x18, 0x3B, 0xBD, 0x3A, 0xFA, 0x4B, 0x15,
    0xBD, 0x56, 0xEF, 0x59, 0x86, 0xDA, 0x6F, 0x7D, 0x25, 0x9F, 0x77, 0xDE, 0xAC, 0xF0, 0x00, 0x80,
    0xBF, 0x58, 0xF3, 0x78, 0x9C, 0x63, 0x60, 0xF8, 0xF0, 0x1F, 0x04, 0x18, 0x18, 0xFE, 0x23, 0xD3,
    0xFC, 0x20, 0x9A, 0x01, 0x0C, 0xD0, 0xE8, 0x0F, 0x20, 0x39, 0x14, 0x1A, 0xA2, 0x1C, 0x9D, 0xC6,
    0xA1, 0x1D, 0xD3, 0x38, 0x88, 0x7A, 0x54, 0x9A, 0x01, 0x0F, 0xF8, 0x00, 0x37, 0x80, 0x1F, 0xC5,
    0x40, 0x88, 0x38, 0x00, 0x92, 0x74, 0x4D, 0x95, 0x78, 0x9C, 0x65, 0x8C, 0x01, 0x0A, 0x00, 0x30,
    0x08, 0x02, 0xEF, 0x07, 0xFD, 0xFF, 0x97, 0xFD, 0xC0, 0x95, 0x41, 0x8C, 0x2D, 0x22, 0x33, 0x35,
    0x40, 0x0A, 0x20, 0x25, 0xCD, 0x2C, 0x9A, 0x8A, 0x6A, 0xFA, 0x22, 0xF5, 0x66, 0xB0, 0xB6, 0xD0,
    0x21, 0x5E, 0x28, 0xC1, 0x66, 0xFF, 0xB4, 0x15, 0x53, 0xBE, 0xDA, 0xC4, 0x05, 0x73, 0x3C, 0xCE,
    0x28, 0x40, 0xC0, 0x78, 0x9C, 0x75, 0x8D, 0xC9, 0x11, 0x00, 0x20, 0x08, 0x03, 0xB7, 0x03, 0xFA,
    0xEF, 0xD2, 0x0E, 0xA2, 0x82, 0xE3, 0x01, 0x23, 0x9F, 0x7D, 0x64, 0x13, 0x00, 0x9A, 0x0C, 0x9C,
    0x72, 0x92, 0xB8, 0xF3, 0xC0, 0xBA, 0x61, 0x6B, 0x0A, 0xBA, 0x69, 0xA5, 0x5C, 0x46, 0xCE, 0x33,
    0xD7, 0x33, 0x3F, 0xF5, 0x3A, 0x17, 0xFE, 0x4B, 0xE8, 0x6A, 0xA3, 0x51, 0x91, 0x78, 0x9C, 0x55,
    0x4D, 0xC9, 0x0D, 0x00, 0x30, 0x08, 0x62, 0x03, 0xF7, 0xDF, 0xD2, 0x0D, 0xA8, 0x60, 0x6B, 0xAC,
    0x0F, 0x09, 0x87, 0x02, 0x00, 0x0C, 0x68, 0xC8, 0x0B, 0xA6, 0xF9, 0xD4, 0xD8, 0x5E, 0x6B, 0xDF,
    0x74, 0x3E, 0xA9, 0x88, 0x76, 0xD1, 0xBA, 0xD5, 0xB9, 0x14, 0xD2, 0x8F, 0x04, 0xF6, 0x06, 0x76,
    0xC9, 0x40, 0x19, 0x0E, 0xFB, 0xA7, 0xA3, 0x2E, 0xA8, 0x7D, 0x00, 0x44, 0x07, 0x43, 0xF9, 0x78,
    0x9C, 0x75, 0x8C, 0xDB, 0x0D, 0x00, 0x30, 0x08, 0x02, 0xD9, 0xC0, 0xFD, 0xB7, 0xEC, 0x06, 0xD4,
    0x28, 0x7D, 0xDA, 0x1A, 0x3F, 0x2E, 0x81, 0x03, 0x58, 0xD7, 0x68, 0xF0, 0x07, 0x48, 0xDA, 0x00,
    0x32, 0x12, 0x24, 0x80, 0xD1, 0x3A, 0x24, 0x75, 0x78, 0x40, 0xDA, 0xEA, 0x14, 0x98, 0x1B, 0x1B,
    0x48, 0xAA, 0xF0, 0x9F, 0x79, 0x0D, 0xCB, 0xBA, 0xC0, 0xA3, 0x0E, 0x4A, 0xA6, 0x59, 0xB6, 0x78,
    0x9C, 0x6D, 0x8D, 0xDB, 0x0D, 0x00, 0x30, 0x08, 0x02, 0xD9, 0x80, 0xFD, 0xB7, 0x74, 0x03, 0x8B,
    0x68, 0x1F, 0x1F, 0x35, 0x31, 0x47, 0x54, 0x04, 0x38, 0x95, 0xA9, 0x06, 0x42, 0x8C, 0x26, 0x83,
    0x22, 0x4B, 0x69, 0x45, 0x5C, 0x02, 0xAF, 0x8F, 0x05, 0x5D, 0xE5, 0xA0, 0x06, 0x21, 0xB7, 0xCF,
    0xD3, 0xBD, 0xB5, 0xD7, 0xD2, 0x97, 0x36, 0x7F, 0xD8, 0xE9, 0x98, 0x77, 0x6D, 0xE8, 0xB8, 0xC2,
    0x02, 0xE8, 0x3D, 0x4E, 0xC1, 0x78, 0x9C, 0x63, 0x60, 0x40, 0x07, 0xFF, 0xE1, 0x8C, 0xFF, 0x50,
    0x8A, 0x1F, 0xC2, 0xF8, 0xF0, 0x1F, 0x2A, 0xC2, 0xF0, 0x9F, 0x1F, 0x84, 0xC0, 0x62, 0x60, 0x84,
    0x02, 0x40, 0xCA, 0x20, 0x0A, 0xFF, 0xA3, 0xB2, 0xF8, 0x91, 0x0C, 0xC5, 0xCE, 0xFA, 0x00, 0x35,
    0x15, 0x95, 0x05, 0xD3, 0x8A, 0x8D, 0x85, 0xD7, 0x38, 0xEC, 0x56, 0xC0, 0xF4, 0xA2, 0xB3, 0x40,
    0xB2, 0x00, 0x95, 0x26, 0x53, 0x9E, 0x78, 0x9C, 0x6D, 0x8E, 0xC1, 0x11, 0x00, 0x21, 0x08, 0x03,
    0xE9, 0x80, 0xFE, 0xBB, 0xA4, 0x83, 0x55, 0x21, 0x71, 0x9C, 0xB9, 0xE3, 0xE3, 0x1A, 0x48, 0x20,
    0x62, 0x2A, 0xF5, 0x46, 0x61, 0x62, 0x34, 0x90, 0x54, 0x90, 0x92, 0x12, 0x4D, 0xF1, 0x38, 0xBF,
    0x85, 0x22, 0x8E, 0xF5, 0x66, 0x48, 0x2C, 0xB2, 0x86, 0x4E, 0xAB, 0xDB, 0xFD, 0x17, 0x79, 0xEE,
    0x25, 0x6F, 0xFA, 0xA7, 0x9D, 0xE7, 0x83, 0xBD, 0xB7, 0xCD, 0x3E, 0x65, 0x60, 0x01, 0x6B, 0x3C,
    0x46, 0xE7, 0x78, 0x9C, 0x75, 0x8C, 0x01, 0x0E, 0x00, 0x20, 0x08, 0x02, 0xFD, 0x81, 0xFF, 0xFF,
    0x25, 0x3F, 0xA0, 0x19, 0x5A, 0x59, 0x8B, 0xB9, 0x9D, 0x13, 0xC4, 0xAC, 0xC4, 0xA2, 0x8B, 0x70,
    0x6A, 0x05, 0xC9, 0x34, 0xE6, 0x01, 0x73, 0x96, 0xC2, 0x8E, 0x00, 0x4F, 0x7A, 0x30, 0xFB, 0x3A,
    0x91, 0xFD, 0x9B, 0x8A, 0xDF, 0xFC, 0xBC, 0xBF, 0x75, 0xCA, 0x77, 0x9A, 0x0D, 0x02, 0x9A, 0x52,
    0xAE, 0x78, 0x9C, 0x6D, 0x8D, 0x8B, 0x09, 0x00, 0x31, 0x08, 0x43, 0xB3, 0x41, 0xF6, 0xDF, 0xD2,
    0x0D, 0xD2, 0x68, 0x2C, 0x85, 0xE3, 0x04, 0x7D, 0xC1, 0x4F, 0x04, 0x36, 0xC4, 0xB0, 0x2E, 0x05,
    0xA9, 0x05, 0x4B, 0x99, 0x89, 0x69, 0xB8, 0x10, 0x3F, 0xB1, 0x6B, 0x5E, 0xD7, 0xA2, 0x1B, 0x25,
    0x1B, 0x10, 0x63, 0xE6, 0xBC, 0x7A, 0xC6, 0xD6, 0x8F, 0xDC, 0xB7, 0x5F, 0xFA, 0x9E, 0xE3, 0x1E,
    0xFF, 0x39, 0xC8, 0xBB, 0xC6, 0x01, 0xF6, 0x4B, 0x45, 0xE8, 0x78, 0x9C, 0x7D, 0x8D, 0xDB, 0x0D,
    0x00, 0x20, 0x08, 0x03, 0xD9, 0x80, 0xFD, 0xB7, 0x64, 0x83, 0x8A, 0x58, 0x11, 0x1F, 0xB1, 0xE1,
    0xE3, 0x42, 0x0B, 0x15, 0x09, 0x19, 0x84, 0x02, 0x34, 0x51, 0x87, 0x05, 0xBA, 0x70, 0xE2, 0x8A,
    0x9E, 0x58, 0xCC, 0x26, 0xCF, 0xBB, 0x98, 0xAF, 0xA4, 0x83, 0x56, 0xD1, 0x45, 0x96, 0xDD, 0x95,
    0xE6, 0xE9, 0x8B, 0xBE, 0xEF, 0xDE, 0x15, 0xF3, 0xF6, 0xA4, 0xEE, 0x36, 0x25, 0xCD, 0x58, 0x6C,
    0x78, 0x9C, 0x6D, 0x4E, 0x09, 0x0E, 0x00, 0x30, 0x04, 0xF3, 0x83, 0xFE, 0xFF, 0x97, 0x7E, 0xD0,
    0x39, 0xBA, 0xC5, 0x96, 0x49, 0x50, 0x54, 0x31, 0xBB, 0xCC, 0x09, 0x21, 0xF2, 0xB4, 0x54, 0xD6,
    0xC8, 0x49, 0x14, 0x85, 0x10, 0x23, 0x22, 0xEC, 0x6F, 0x94, 0x5A, 0x2C, 0x71, 0x67, 0xA9, 0xA0,
    0x2F, 0x65, 0x3F, 0xBD, 0xAA, 0x06, 0xE2, 0x0C, 0x80, 0xE7, 0xB7, 0x01, 0x42, 0xA7, 0xBF, 0x91,
    0x70, 0xAF, 0xE9, 0x78, 0xE5, 0x05, 0x24, 0x39, 0x48, 0xE5, 0x78, 0x9C, 0x75, 0x8D, 0x8B, 0x0D,
    0x00, 0x40, 0x04, 0x43, 0xBB, 0x81, 0xFD, 0xB7, 0xB4, 0x41, 0xCF, 0x21, 0xC2, 0x7D, 0x1A, 0x89,
    0x97, 0xA2, 0x80, 0x26, 0x12, 0xDC, 0x5D, 0x69, 0x72, 0x10, 0xA5, 0x60, 0xA8, 0x8C, 0x5C, 0x31,
    0x03, 0x61, 0xA9, 0xD7, 0x58, 0xCD, 0x1C, 0x0E, 0x90, 0xF8, 0x54, 0x2F, 0x27, 0x54, 0x7E, 0x83,
    0x3C, 0xBA, 0xE1, 0x1F, 0xF3, 0x0A, 0xCE, 0xAB, 0x03, 0x6C, 0xB4, 0x00, 0x3B, 0xFB, 0x5A, 0x6A,
    0x78, 0x9C, 0x6D, 0x8E, 0x89, 0x0D, 0xC0, 0x30, 0x08, 0x03, 0xBD, 0x81, 0xF7, 0xDF, 0x92, 0x0D,
    0xA8, 0x5D, 0x4C, 0x2B, 0x45, 0x41, 0x4A, 0x0E, 0xF3, 0x03, 0x40, 0xB3, 0x28, 0x54, 0x77, 0xC3,
    0x12, 0xC3, 0xCF, 0x22, 0x95, 0xE7, 0xC8, 0xAD, 0x03, 0x71, 0xB1, 0x94, 0x65, 0x9C, 0xE1, 0x40,
    0x69, 0x8B, 0xE9, 0xA0, 0xDE, 0xFA, 0x6F, 0x5A, 0xFE, 0x4F, 0x66, 0xD9, 0xC9, 0x5C, 0x99, 0x71,
    0xD3, 0x90, 0x73, 0xF4, 0x3F, 0x4E, 0xBA, 0x4B, 0xC4, 0x78, 0x9C, 0x7D, 0x8C, 0x81, 0x0D, 0x00,
    0x20, 0x08, 0xC3, 0xF6, 0x01, 0xFF, 0x7F, 0xC9, 0x07, 0x28, 0xC3, 0x20, 0x68, 0x74, 0x21, 0x69,
    0x94, 0x51, 0x60, 0xC7, 0xCC, 0x1C, 0x3A, 0x29, 0x7C, 0x82, 0x54, 0x4E, 0xC6, 0xD7, 0x5E, 0xB4,
    0x4A, 0x61, 0x7D, 0x59, 0x1A, 0x95, 0x8E, 0xCA, 0xA8, 0x9F, 0x7C, 0x9C, 0xDF, 0xBA, 0xE8, 0x77,
    0xE2, 0x13, 0x4D, 0x81, 0x34, 0x61, 0xFC, 0x0F, 0x64, 0x9A, 0x59, 0x7A, 0x78, 0x9C, 0x6D, 0x8E,
    0x8B, 0x11, 0x00, 0x20, 0x08, 0x42, 0xDD, 0x80, 0xFD, 0xB7, 0x74, 0x03, 0xC2, 0xE2, 0xFA, 0x73,
    0x75, 0xEF, 0xD4, 0x48, 0x22, 0xA6, 0x92, 0x44, 0x91, 0xD2, 0x28, 0x4D, 0x1D, 0x0D, 0x52, 0x97,
    0xF1, 0x91, 0x6D, 0xB9, 0xD9, 0xEA, 0x39, 0xD1, 0x6D, 0xD5, 0xA4, 0xBF, 0xE8, 0x1C, 0xF3, 0x45,
    0x78, 0xF9, 0x4D, 0xF9, 0xE1, 0x34, 0xD8, 0xE2, 0x84, 0xF1, 0xC6, 0x98, 0xC6, 0x83, 0xEE, 0x37,
    0x44, 0x05, 0x52, 0x90, 0x78, 0x9C, 0x63, 0x60, 0x60, 0xF8, 0xCF, 0xCF, 0xC0, 0xC0, 0xF0, 0xE1,
    0xFF, 0x7F, 0x20, 0xC9, 0x00, 0x21, 0x3F, 0xFC, 0x07, 0x13, 0x20, 0x71, 0x06, 0x30, 0x01, 0x01,
    0x10, 0x11, 0x64, 0x85, 0x18, 0xE4, 0x07, 0xA8, 0x61, 0xD8, 0x49, 0x12, 0xB5, 0x02, 0x00, 0x15,
    0xA6, 0x2F, 0xD1, 0x78, 0x9C, 0x63, 0x60, 0x00, 0x83, 0xFF, 0xFF, 0xC1, 0x04, 0x3F, 0x94, 0x60,
    0x80, 0x13, 0x10, 0x09, 0x06, 0x64, 0xF0, 0x01, 0x24, 0x8E, 0x46, 0x40, 0xF5, 0x63, 0x10, 0xD8,
    0xD4, 0x42, 0x09, 0xA0, 0x0A, 0x00, 0x18, 0xE3, 0x29, 0x05, 0x78, 0x9C, 0x63, 0x60, 0x60, 0xF8,
    0xFF, 0x9F, 0x81, 0xE1, 0xC3, 0x7F, 0x7E, 0xEC, 0x04, 0x48, 0x12, 0x1B, 0x41, 0xAC, 0x06, 0x34,
    0x80, 0xAE, 0x01, 0x28, 0x04, 0x00, 0x8C, 0xF8, 0x2C, 0xD4, 0x78, 0x9C, 0x63, 0x60, 0x60, 0xF8,
    0xCF, 0xCF, 0xC0, 0xF0, 0x01, 0x4E, 0x30, 0xFC, 0x67, 0x40, 0x06, 0xFF, 0xFF, 0x63, 0x10, 0x1F,
    0x50, 0x35, 0x20, 0x08, 0x2C, 0x6A, 0xA1, 0x04, 0x3F, 0x03, 0x3A, 0xF8, 0x00, 0x91, 0xE4, 0x87,
    0x12, 0x60, 0x2E, 0x00, 0xD8, 0x7B, 0x2A, 0xF4, 0x78, 0x9C, 0x95, 0x8E, 0xC9, 0x0D, 0x00, 0x20,
    0x08, 0x04, 0xA7, 0x03, 0xFB, 0xEF, 0x92, 0x0E, 0x56, 0x39, 0x7D, 0xF8, 0x92, 0x04, 0x18, 0x58,
    0x92, 0x05, 0x40, 0x5A, 0x10, 0x3D, 0x49, 0x11, 0x60, 0x67, 0xF4, 0x3C, 0xB0, 0xF2, 0xCA, 0xB7,
    0x31, 0x35, 0x84, 0xF2, 0x07, 0xBA, 0xE0, 0x0E, 0x64, 0x69, 0xAB, 0x31, 0xF7, 0x75, 0x3D, 0x66,
    0xFD, 0xE0, 0x1B, 0xA6, 0x82, 0x39, 0x19, 0x28, 0x69, 0x03, 0x56, 0x04, 0x5A, 0xD3, 0x78, 0x9C,
    0x6D, 0x8D, 0x01, 0x0A, 0x00, 0x30, 0x08, 0x02, 0xFD, 0x41, 0xFF, 0xFF, 0xA5, 0x3F, 0x70, 0x2D,
    0xDB, 0x18, 0x34, 0x41, 0x2E, 0x24, 0x14, 0x80, 0x14, 0x48, 0x51, 0x75, 0x6C, 0x48, 0x45, 0x6E,
    0xBE, 0xA6, 0x82, 0xFE, 0x31, 0x33, 0xFB, 0xD1, 0x96, 0x8B, 0xBB, 0xEE, 0xD4, 0xDF, 0xB9, 0xA1,
    0x8E, 0x39, 0x58, 0x58, 0xF7, 0x87, 0x44, 0xAD, 0x78, 0x9C, 0x95, 0x8E, 0x51, 0x0E, 0x00, 0x30,
    0x04, 0x43, 0xDD, 0xC0, 0xFD, 0x6F, 0xE9, 0x06, 0x1D, 0xC5, 0x26, 0xFE, 0xD6, 0x84, 0xBC, 0xA8,
    0x14, 0x91, 0x21, 0x03, 0x16, 0x38, 0x6D, 0x80, 0x36, 0xC8, 0x12, 0xCA, 0x02, 0x92, 0x40, 0x31,
    0x4D, 0xA3, 0x1C, 0x34, 0xB7, 0x18, 0x6F, 0x03, 0xE8, 0xFC, 0x01, 0x1E, 0xE4, 0xBF, 0x6C, 0x7D,
    0xEA, 0x1E, 0x8F, 0x71, 0x3D, 0x96, 0x86, 0x1C, 0xFF, 0x1B, 0x5E, 0xA2, 0x78, 0x9C, 0x6D, 0x8D,
    0x89, 0x0D, 0x00, 0x20, 0x08, 0x03, 0xBB, 0x81, 0xFB, 0x6F, 0xC9, 0x06, 0x15, 0x29, 0x35, 0x6A,
    0x24, 0x21, 0x57, 0xBE, 0x02, 0x00, 0x1C, 0xA8, 0x60, 0x0B, 0x33, 0xF6, 0xC0, 0xF5, 0x55, 0xBE,
    0xD1, 0x67, 0xC1, 0x12, 0x0B, 0x64, 0x31, 0x16, 0xCF, 0x4C, 0xE3, 0xD0, 0x8E, 0x98, 0xBD, 0x1F,
    0x95, 0x94, 0x71, 0xDB, 0xD9, 0xDE, 0xEF, 0x26, 0x1F, 0xE5, 0x48, 0xE5, 0x78, 0x9C, 0x9D, 0x8E,
    0xC9, 0x11, 0x00, 0x20, 0x08, 0x03, 0xD3, 0x81, 0xFD, 0x77, 0x49, 0x07, 0x51, 0x48, 0x44, 0xC7,
    0xA7, 0x3C, 0x42, 0x60, 0x87, 0x03, 0x78, 0x83, 0xDB, 0x04, 0x9D, 0x18, 0x43, 0x84, 0x6C, 0x42,
    0xB5, 0x16, 0x31, 0xBC, 0x37, 0x18, 0xE6, 0x80, 0x2C, 0x2B, 0xB4, 0x6C, 0x44, 0x35, 0x23, 0x85,
    0x12, 0x74, 0x69, 0x57, 0xD5, 0x87, 0xE3, 0xE5, 0xEA, 0x98, 0x05, 0x7D, 0xF6, 0xBC, 0x92, 0x64,
    0x7F, 0x6A, 0x86, 0x09, 0x8C, 0x1B, 0x61, 0xAE, 0x78, 0x9C, 0x75, 0x8E, 0x01, 0x0E, 0x00, 0x20,
    0x08, 0x02, 0xFD, 0x41, 0xFF, 0xFF, 0xA5, 0x3F, 0xB8, 0x86, 0x68, 0x6D, 0x6D, 0xB9, 0x32, 0x22,
    0x84, 0x22, 0x5C, 0xAB, 0xCF, 0x48, 0x06, 0x61, 0x0E, 0x9A, 0x4A, 0x58, 0x43, 0xD1, 0x2A, 0x6A,
    0xFD, 0x8A, 0xB6, 0xD0, 0xA8, 0xA1, 0x80, 0x67, 0x53, 0xBE, 0x58, 0xE5, 0xED, 0x9E, 0x12, 0x3E,
    0xAD, 0x5E, 0x7F, 0xA8, 0x6E, 0xB2, 0x9B, 0xB8, 0x13, 0x71, 0x63, 0xEF, 0x57, 0x36, 0x31, 0x55,
    0x4D, 0xB3, 0x78, 0x9C, 0x95, 0x8E, 0xD1, 0x0D, 0x40, 0x21, 0x08, 0x03, 0xD9, 0x80, 0xFD, 0xB7,
    0xEC, 0x06, 0xA7, 0x40, 0xA3, 0xBE, 0xCF, 0xD7, 0x68, 0x72, 0x69, 0xC1, 0x1A, 0x71, 0xC4, 0x81,
    0x34, 0x08, 0x61, 0x17, 0x83, 0x70, 0xAC, 0xAC, 0xF3, 0x11, 0x5E, 0xDC, 0xB3, 0x4D, 0xB4, 0x6A,
    0x87, 0xAC, 0xBB, 0x21, 0x67, 0xAA, 0x1F, 0xD3, 0x03, 0x9D, 0xFC, 0x03, 0x2E, 0x84, 0x5C, 0x63,
    0x77, 0x6A, 0xA6, 0xBC, 0x6C, 0x7F, 0x6C, 0x82, 0x58, 0x23, 0x4F, 0x61, 0xBD, 0x78, 0x9C, 0x6D,
    0x8D, 0x89, 0x0D, 0x00, 0x20, 0x08, 0x03, 0xD9, 0x80, 0xFD, 0xB7, 0x64, 0x83, 0x93, 0x57, 0x4D,
    0x94, 0x40, 0xAE, 0x81, 0xA6, 0x88, 0xA8, 0x64, 0xD1, 0x34, 0x36, 0x49, 0xA9, 0x46, 0xDD, 0xA0,
    0x16, 0x64, 0xBF, 0xD5, 0x36, 0xB7, 0x87, 0x08, 0x84, 0xDF, 0x69, 0xC1, 0x7B, 0x0C, 0x0F, 0xD5,
    0x43, 0xDF, 0xFD, 0x58, 0x43, 0x05, 0x77, 0xDC, 0xC4, 0xCF, 0xBB, 0x05, 0xD2, 0x4E, 0x4D, 0xB3,
    0x78, 0x9C, 0x95, 0x8E, 0xCB, 0x15, 0xC0, 0x40, 0x08, 0x02, 0xE9, 0xC0, 0xFE, 0xBB, 0xB4, 0x03,
    0x92, 0x45, 0x30, 0xB9, 0xAE, 0x07, 0xDF, 0x28, 0x7E, 0x00, 0x14, 0x4D, 0x20, 0x54, 0x41, 0x13,
    0x69, 0x6A, 0xD2, 0x73, 0x7C, 0xC3, 0xAD, 0x4C, 0xA1, 0xD0, 0xBB, 0xB9, 0x17, 0x22, 0xEE, 0x02,
    0x15, 0x73, 0xAC, 0x5A, 0x4D, 0x7D, 0xE4, 0x24, 0x6C, 0x69, 0x1A, 0x3B, 0xF7, 0xC4, 0x1F, 0xE9,
    0x99, 0x13, 0xF6, 0xED, 0x67, 0xE5, 0x28, 0x71, 0x6A, 0x0D, 0x0F, 0xC8, 0xE2, 0x67, 0xD5, 0x78,
    0x9C, 0x75, 0x8E, 0x89, 0x09, 0x00, 0x30, 0x08, 0x03, 0xDD, 0xC0, 0xFD, 0xB7, 0x74, 0x83, 0xD4,
    0xA7, 0x51, 0x10, 0x94, 0x22, 0xE7, 0x97, 0x54, 0x64, 0x05, 0xB4, 0x09, 0x24, 0x03, 0x1B, 0x35,
    0x35, 0x40, 0xD9, 0xE2, 0x16, 0xF2, 0x5D, 0x01, 0xCA, 0xFA, 0x69, 0x6B, 0xFC, 0x5B, 0x27, 0x2B,
    0x8A, 0x3C, 0x64, 0xB1, 0xB8, 0x52, 0x4E, 0x2F, 0xCA, 0x2A, 0xE4, 0x68, 0xD7, 0x16, 0x63, 0x3B,
    0x5F, 0x79, 0xE2, 0x61, 0x4F, 0xB1, 0x78, 0x9C, 0x95, 0x8E, 0xD9, 0x11, 0x00, 0x21, 0x0C, 0x42,
    0xE9, 0x20, 0xFD, 0x77, 0x99, 0x0E, 0x58, 0x81, 0xF5, 0xFA, 0x94, 0xD1, 0xF8, 0xC6, 0x90, 0x03,
    0x00, 0x9A, 0x68, 0x48, 0x64, 0x31, 0xD0, 0x0C, 0x14, 0x58, 0xB8, 0x34, 0x33, 0xC3, 0x9C, 0x54,
    0x8F, 0xA2, 0x40, 0xE9, 0x5C, 0xFA, 0x2D, 0xF2, 0x9A, 0x68, 0xB9, 0x49, 0xE9, 0xAA, 0x38, 0x2E,
    0x77, 0xED, 0x03, 0x9C, 0x79, 0x03, 0x6E, 0xC8, 0x9A, 0x0E, 0x73, 0xD4, 0x1A, 0xAE, 0xEF, 0xB5,
    0xBB, 0xDF, 0x0F, 0x3B, 0x9C, 0x68, 0xD4, 0x78, 0x9C, 0x6D, 0x8E, 0x51, 0x0A, 0x00, 0x30, 0x08,
    0x42, 0xBD, 0x41, 0xF7, 0xBF, 0xA5, 0x37, 0x70, 0x86, 0x32, 0xF6, 0xB1, 0xA0, 0x1E, 0x95, 0x58,
    0x00, 0xA0, 0xE1, 0x18, 0x94, 0xB4, 0x14, 0x24, 0xBC, 0xD1, 0x96, 0x59, 0xBB, 0xCD, 0xC0, 0x65,
    0xF0, 0x89, 0xCA, 0x6A, 0xB7, 0x58, 0xBD, 0xC9, 0xE5, 0x9B, 0xF4, 0xE5, 0x68, 0x42, 0xCF, 0x7E,
    0x4C, 0x2A, 0xC6, 0xB5, 0xBB, 0xDF, 0xF6, 0xDC, 0x01, 0x7B, 0x14, 0x50, 0xBF, 0x78, 0x9C, 0x95,
    0x8F, 0xDD, 0x11, 0xC0, 0x20, 0x0C, 0x82, 0xD9, 0x20, 0xFB, 0x6F, 0xC9, 0x06, 0xB4, 0x10, 0x1B,
    0x5B, 0xDF, 0xCA, 0xA9, 0xF7, 0x5D, 0x88, 0xF9, 0x01, 0x00, 0x4A, 0x88, 0x24, 0x15, 0x12, 0xA8,
    0x86, 0xDB, 0x60, 0x3C, 0x96, 0xCF, 0x47, 0x2B, 0xD7, 0x9F, 0x42, 0x8A, 0x52, 0xAD, 0x7C, 0x5D,
    0xA5, 0xB3, 0x52, 0x9E, 0x2F, 0x88, 0xF3, 0x0F, 0xB4, 0xA1, 0xE7, 0xCD, 0xF3, 0xB4, 0x9A, 0xE6,
    0x0E, 0xCF, 0x12, 0x3A, 0x26, 0x1E, 0x51, 0xC7, 0x0E, 0x1B, 0x96, 0x75, 0x01, 0x53, 0x97, 0x69,
    0xC4, 0x78, 0x9C, 0x6D, 0x8F, 0x01, 0x0A, 0x00, 0x20, 0x08, 0x03, 0xFD, 0x81, 0xFF, 0xFF, 0xA5,
    0x3F, 0x58, 0xEA, 0x46, 0x88, 0x35, 0x1A, 0x87, 0x94, 0xD3, 0xCC, 0xAE, 0x02, 0xF0, 0x22, 0x52,
    0x2C, 0xC5, 0x3C, 0x79, 0x11, 0x65, 0xFB, 0x48, 0x6D, 0xF5, 0xDE, 0xD5, 0x86, 0x66, 0x14, 0xA7,
    0x33, 0x87, 0x51, 0x22, 0x14, 0xBD, 0x48, 0x83, 0xC1, 0x18, 0xEB, 0xF8, 0x18, 0xF7, 0xAE, 0xE1,
    0xFA, 0xC5, 0x66, 0xE3, 0x00, 0x2D, 0x56, 0x56, 0x6E, 0x78, 0x9C, 0x95, 0x8E, 0xC9, 0x11, 0x00,
    0x30, 0x08, 0x02, 0xE9, 0xC0, 0xFE, 0xBB, 0xB4, 0x03, 0x92, 0x08, 0xE6, 0x78, 0xC6, 0x87, 0xB3,
    0x8A, 0x83, 0x00, 0x6F, 0x31, 0x0C, 0xD9, 0x94, 0x64, 0x64, 0x98, 0xAC, 0x27, 0xAF, 0x4B, 0xD3,
    0x3A, 0xA3, 0x60, 0x56, 0x34, 0xB0, 0x2D, 0x6A, 0x57, 0xAE, 0x54, 0xC3, 0x1E, 0x4D, 0x7A, 0xF9,
    0x4F, 0xBC, 0x48, 0x29, 0xD5, 0xB0, 0xDF, 0x9E, 0x28, 0x4B, 0xA1, 0xA3, 0x5B, 0xC3, 0x00, 0x46,
    0xCD, 0x64, 0xD8, 0x78, 0x9C, 0x65, 0x8E, 0xC1, 0x0D, 0x00, 0x20, 0x08, 0x03, 0xD9, 0xC0, 0xFD,
    0xB7, 0x64, 0x83, 0x13, 0x6B, 0xD1, 0x18, 0x7D, 0xD8, 0x4B, 0x6D, 0x91, 0x88, 0xE7, 0x0C, 0x6B,
    0xD2, 0xCA, 0xB6, 0x80, 0x36, 0x9C, 0xAA, 0x07, 0x3A, 0xFE, 0x41, 0x0A, 0xAA, 0xAC, 0x5A, 0x95,
    0x34, 0x47, 0x6A, 0x43, 0x83, 0x62, 0x5D, 0x07, 0x56, 0x29, 0x77, 0xCE, 0xD0, 0xEE, 0x0F, 0xCE,
    0x11, 0xF8, 0x27, 0x2F, 0x98, 0xDC, 0x8D, 0xA5, 0x13, 0x10, 0x2C, 0x51, 0xDC, 0x78, 0x9C, 0x9D,
    0x8E, 0xC1, 0x15, 0x00, 0x20, 0x08, 0x42, 0xD9, 0xC0, 0xFD, 0xB7, 0x64, 0x03, 0x32, 0x25, 0xEB,
    0x9C, 0x07, 0xFD, 0x22, 0xBD, 0x00, 0x00, 0xE2, 0x94, 0xC2, 0x40, 0x69, 0xB4, 0x14, 0x19, 0x47,
    0xB4, 0x23, 0xC7, 0x78, 0x4D, 0xE9, 0xA3, 0x1A, 0xA4, 0x92, 0x0A, 0xD4, 0x0F, 0x83, 0xA5, 0x71,
    0x37, 0x75, 0xC3, 0xAC, 0xA6, 0xDA, 0x3E, 0x48, 0x0F, 0x39, 0x7A, 0xE7, 0x9F, 0x6F, 0x6F, 0x94,
    0x7D, 0x91, 0xA3, 0xFB, 0x86, 0x05, 0x92, 0x36, 0x64, 0xE7, 0x78, 0x9C, 0x65, 0x8E, 0xD1, 0x11,
    0x00, 0x20, 0x08, 0x42, 0xD9, 0x80, 0xFD, 0xB7, 0x74, 0x03, 0x4B, 0x85, 0xEA, 0xAE, 0x3E, 0xF2,
    0x1D, 0x0A, 0x0A, 0x3C, 0x2F, 0x55, 0x23, 0x29, 0xC1, 0x10, 0xE9, 0x5E, 0x01, 0x47, 0x82, 0xBA,
    0x34, 0x00, 0x77, 0x9E, 0x63, 0x6F, 0xDF, 0x76, 0x77, 0x52, 0x57, 0x09, 0x93, 0x58, 0xDF, 0x81,
    0x32, 0xC5, 0xCC, 0x09, 0xAC, 0xFE, 0xA0, 0xB9, 0xD4, 0x89, 0x0E, 0xEE, 0x15, 0x7C, 0x6F, 0x5F,
    0x22, 0x29, 0x51, 0xDC, 0x78, 0x9C, 0x9D, 0xCF, 0xC1, 0x0D, 0xC0, 0x20, 0x0C, 0x43, 0x51, 0x6F,
    0x90, 0xFD, 0xB7, 0xCC, 0x06, 0xBF, 0x80, 0x31, 0x45, 0xEA, 0xAD, 0x39, 0x84, 0x17, 0x90, 0x00,
    0x4B, 0x77, 0x35, 0x7C, 0x34, 0x28, 0x55, 0x84, 0x35, 0x96, 0x48, 0x91, 0x22, 0xA8, 0xC6, 0x18,
    0x55, 0x01, 0xBE, 0xB6, 0x7A, 0xED, 0xF5, 0x6C, 0xB8, 0xE9, 0x8C, 0x5B, 0x6B, 0xFA, 0x21, 0x2E,
    0xED, 0x0C, 0x0E, 0x72, 0x9E, 0x7D, 0xBF, 0x32, 0x4F, 0x20, 0xC1, 0x8C, 0x07, 0xC8, 0xDB, 0x65,
    0xD7, 0x78, 0x9C, 0x65, 0x8E, 0xC9, 0x0D, 0x00, 0x31, 0x0C, 0x02, 0xE9, 0xC0, 0xFD, 0x77, 0x49,
    0x07, 0x6C, 0x82, 0xC9, 0xA5, 0xCD, 0xC3, 0x19, 0x21, 0xC0, 0x06, 0x00, 0x15, 0xFA, 0x49, 0x1B,
    0x22, 0xF1, 0x02, 0x56, 0x3C, 0xAD, 0x8D, 0x79, 0x82, 0x8F, 0x7D, 0xA4, 0xDD, 0x44, 0xC9, 0x45,
    0xFE, 0x23, 0xD0, 0x30, 0xC7, 0x86, 0x19, 0x62, 0xFB, 0x02, 0x4B, 0xFD, 0x43, 0x7C, 0xCA, 0x85,
    0xAB, 0xD8, 0x2B, 0xEA, 0x3E, 0xFD, 0x03, 0xC5, 0x4F, 0x52, 0xF9, 0x78, 0x9C, 0x9D, 0x8F, 0xDB,
    0x0D, 0x00, 0x20, 0x08, 0x03, 0xBB, 0x01, 0xFB, 0x6F, 0xC9, 0x06, 0x95, 0x02, 0xA2, 0xF1, 0x53,
    0x62, 0x9A, 0x2B, 0x84, 0x87, 0x00, 0x9C, 0x40, 0x3C, 0x01, 0xCD, 0x37, 0x29, 0x2C, 0x0A, 0x54,
    0x36, 0xC9, 0xC2, 0x48, 0x3B, 0x5E, 0x9A, 0xE6, 0xDD, 0x5A, 0xC0, 0x19, 0xAC, 0x9C, 0xD7, 0xCC,
    0x14, 0x8C, 0x6D, 0x4A, 0xF7, 0x41, 0xBC, 0x28, 0x97, 0xB5, 0x60, 0xD6, 0x9E, 0x53, 0xEA, 0x6B,
    0x75, 0x7A, 0xD7, 0xB0, 0x00, 0xDE, 0x39, 0x70, 0xDB, 0x78, 0x9C, 0x65, 0x8E, 0xC1, 0x15, 0x00,
    0x30, 0x04, 0x43, 0xB3, 0x81, 0xFD, 0xB7, 0xB4, 0x41, 0x2A, 0x92, 0xF6, 0x52, 0x07, 0xFE, 0x0B,
    0x01, 0xF0, 0xA2, 0x09, 0x50, 0x40, 0x96, 0x78, 0x04, 0x32, 0x20, 0x64, 0xA1, 0x4B, 0x4D, 0xC3,
    0x74, 0x06, 0xE2, 0x2C, 0xDB, 0x78, 0x6D, 0x12, 0xB6, 0x46, 0xE8, 0x05, 0xA5, 0x07, 0x32, 0xB5,
    0xE7, 0x02, 0x57, 0xFD, 0x21, 0x73, 0x04, 0x73, 0xC9, 0x8B, 0xF7, 0x84, 0x7F, 0x48, 0x3D, 0xED,
    0xF8, 0x5E, 0x75, 0x78, 0x9C, 0x9D, 0x8F, 0xCB, 0x0D, 0x00, 0x20, 0x08, 0x43, 0xD9, 0x80, 0xFD,
    0xB7, 0xEC, 0x06, 0x55, 0x7E, 0x6A, 0x24, 0x5E, 0xEC, 0xA1, 0x79, 0xD0, 0x03, 0x54, 0xE4, 0x16,
    0xB4, 0x88, 0x4F, 0x22, 0x15, 0x0C, 0x98, 0xD2, 0x02, 0x5B, 0xC1, 0x33, 0xDB, 0xC1, 0x8C, 0x61,
    0xB2, 0xC6, 0x24, 0x9F, 0x3E, 0x88, 0x07, 0xF9, 0xB1, 0x34, 0x59, 0x67, 0xF7, 0x2B, 0x96, 0x30,
    0x5F, 0x07, 0x77, 0x87, 0xAE, 0x28, 0x93, 0xCD, 0x1A, 0x55, 0x3A, 0x00, 0x97, 0x89, 0x61, 0xEA,
    0x78, 0x9C, 0x75, 0x8E, 0xC1, 0x0D, 0xC0, 0x30, 0x08, 0x03, 0xD9, 0x80, 0xFD, 0xB7, 0x64, 0x83,
    0x6B, 0x83, 0x1D, 0xD4, 0x2A, 0x8A, 0x1F, 0xF8, 0x40, 0x24, 0x38, 0x42, 0x4A, 0x3B, 0x57, 0xA8,
    0x06, 0x48, 0xE8, 0xEE, 0x55, 0xDA, 0x3D, 0xA8, 0x86, 0x55, 0x06, 0xD6, 0xA3, 0xD2, 0x9E, 0x61,
    0x4F, 0x4F, 0xF0, 0x1E, 0x81, 0x2F, 0xE9, 0xE3, 0x3E, 0xA1, 0x0C, 0x4C, 0xA8, 0x43, 0xC4, 0x37,
    0xE5, 0x1F, 0xE4, 0x0F, 0xA7, 0x1F, 0x4C, 0xD2, 0x78, 0x9C, 0x75, 0x8D, 0xC1, 0x0D, 0x00, 0x30,
    0x08, 0x02, 0x6F, 0x03, 0xF7, 0xDF, 0xD2, 0x0D, 0x68, 0x14, 0x1F, 0x6D, 0xD3, 0xF2, 0x30, 0x17,
    0x11, 0x44, 0x02, 0x52, 0xC1, 0x0D, 0x18, 0xB4, 0x41, 0xB9, 0x4F, 0x08, 0x43, 0xEE, 0xF0, 0x29,
    0xD6, 0x59, 0x5C, 0x01, 0xD1, 0x43, 0x4E, 0x96, 0x68, 0xBF, 0x17, 0x26, 0x3E, 0x9A, 0x0B, 0x97,
    0x30, 0x7F, 0x0E, 0x6B, 0x01, 0xAE, 0x18, 0x54, 0xBB, 0x78, 0x9C, 0x63, 0xF8, 0xFF, 0x9F, 0x81,
    0x01, 0x0B, 0xFE, 0xF0, 0x9F, 0x1F, 0x83, 0xC6, 0x87, 0x41, 0xDA, 0x60, 0x34, 0x04, 0xF3, 0x7F,
    0x80, 0xD0, 0x20, 0x00, 0x92, 0xFB, 0xCF, 0x0F, 0xA2, 0x41, 0x92, 0x60, 0x1A, 0x27, 0x00, 0x59,
    0xC8, 0x00, 0x31, 0x0C, 0x99, 0x66, 0x80, 0x68, 0x02, 0x00, 0x01, 0x56, 0x45, 0xCA, 0x78, 0x9C,
    0x75, 0x8F, 0xDB, 0x0D, 0xC0, 0x30, 0x08, 0x03, 0xBD, 0x01, 0xFB, 0x6F, 0xC9, 0x06, 0x57, 0x25,
    0x06, 0x89, 0xB4, 0xA9, 0x3F, 0xD0, 0x89, 0x87, 0x01, 0x69, 0x28, 0x09, 0x03, 0x0D, 0xFA, 0x40,
    0xD2, 0xCD, 0x3A, 0x04, 0x65, 0xF0, 0x86, 0x2A, 0x31, 0xC0, 0x7B, 0x2E, 0x10, 0x86, 0x9C, 0xF0,
    0x63, 0xCC, 0x69, 0xBC, 0x06, 0xD0, 0x0E, 0x78, 0x72, 0xC9, 0x87, 0xF5, 0x37, 0x95, 0x78, 0x00,
    0x19, 0x41, 0x56, 0xB9, 0x78, 0x9C, 0x63, 0x60, 0x60, 0xF8, 0xF0, 0x9F, 0x01, 0x0C, 0x3E, 0xFC,
    0xE7, 0x87, 0xD2, 0x50, 0x81, 0xFF, 0x70, 0x09, 0x54, 0x79, 0x08, 0x85, 0x06, 0x40, 0x8A, 0xB1,
    0x60, 0xB0, 0x26, 0x34, 0x1A, 0x1F, 0x06, 0x69, 0x83, 0xD1, 0x10, 0xCC, 0xFF, 0x01, 0x42, 0x83,
    0x00, 0xD8, 0x71, 0xFC, 0x60, 0x77, 0x01, 0x09, 0x10, 0x0D, 0x00, 0x92, 0x44, 0x4D, 0x86, 0x78,
    0x9C, 0x7D, 0xCF, 0xC9, 0x11, 0x00, 0x20, 0x08, 0x03, 0xC0, 0x74, 0x40, 0xFF, 0x5D, 0xD2, 0x41,
    0x34, 0x80, 0x17, 0x0F, 0xF9, 0xB8, 0x2A, 0x19, 0x05, 0x50, 0x11, 0xAB, 0x9C, 0x47, 0xB4, 0x22,
    0x39, 0x4F, 0x73, 0x27, 0x15, 0x3D, 0x9A, 0xEC, 0x4E, 0xC6, 0x6D, 0x06, 0x8B, 0x86, 0xCD, 0x13,
    0x6F, 0x7C, 0xBA, 0x3A, 0x6D, 0xD1, 0x3B, 0x3F, 0xD9, 0xFE, 0x02, 0xF4, 0x25, 0x4F, 0x6A, 0xA9,
    0xD1, 0x26, 0x49, 0xEE, 0x19, 0xDF, 0x79, 0x55, 0x03, 0x6F, 0x7E, 0x60, 0x91, 0x78, 0x9C, 0x7D,
    0x8E, 0x01, 0x0A, 0x00, 0x20, 0x08, 0x03, 0xFD, 0x81, 0xFF, 0xFF, 0xA5, 0x3F, 0x58, 0x39, 0x67,
    0x14, 0x45, 0x81, 0x79, 0x2A, 0x1B, 0x33, 0xDB, 0x1F, 0xBC, 0x7A, 0x34, 0x00, 0xD0, 0x42, 0x9B,
    0xBC, 0x84, 0x13, 0xF2, 0xDA, 0x3A, 0x3C, 0x0C, 0x00, 0xE9, 0xBB, 0x16, 0xD0, 0xFE, 0x02, 0x0E,
    0x1F, 0x38, 0x04, 0xF2, 0xF3, 0x10, 0xA0, 0x92, 0x66, 0xCE, 0x0A, 0x33, 0x7F, 0xC2, 0x00, 0x5A,
    0x3B, 0x55, 0xBA, 0x78, 0x9C, 0x7D, 0x8F, 0xC1, 0x0D, 0x00, 0x20, 0x08, 0x03, 0xD9, 0xA0, 0xFB,
    0x6F, 0xD9, 0x0D, 0x30, 0x45, 0x01, 0xE5, 0x21, 0x0F, 0xB8, 0x90, 0x16, 0x52, 0xB3, 0xA7, 0xBC,
    0x88, 0x8D, 0xEE, 0xB8, 0x58, 0x0D, 0x5B, 0x81, 0x44, 0xF9, 0xD8, 0x2A, 0x79, 0x43, 0xC8, 0xB0,
    0x1E, 0x84, 0x15, 0xF6, 0xA5, 0x81, 0x8F, 0x6A, 0x22, 0x12, 0x39, 0xF1, 0xE3, 0x9D, 0x1F, 0x22,
    0x0D, 0x37, 0x6A, 0x78, 0x86, 0x51, 0x65, 0xC6, 0x4E, 0x5C, 0xCB, 0x05, 0x9B, 0xC8, 0x5E, 0xB1,
    0x78, 0x9C, 0x7D, 0x8E, 0xDB, 0x0D, 0x00, 0x20, 0x08, 0x03, 0xD9, 0x80, 0xFD, 0xB7, 0xEC, 0x06,
    0x15, 0xA1, 0x2A, 0xC6, 0x44, 0x3E, 0xC8, 0x51, 0xCA, 0xC3, 0xEC, 0x04, 0x5C, 0x40, 0x6E, 0x90,
    0x04, 0xB6, 0x5E, 0xF9, 0x42, 0x29, 0x1F, 0xFA, 0x40, 0xF3, 0x4F, 0x91, 0x95, 0xE4, 0x58, 0x90,
    0xDB, 0x1E, 0xC8, 0xE2, 0x03, 0xD7, 0x80, 0xF6, 0x39, 0x04, 0xCC, 0x4B, 0xD1, 0xA7, 0xD7, 0x33,
    0x91, 0x13, 0x06, 0xE7, 0x28, 0x53, 0xCB, 0x78, 0x9C, 0x95, 0xCF, 0xC1, 0x0D, 0x00, 0x20, 0x08,
    0x43, 0x51, 0x36, 0x70, 0xFF, 0x2D, 0xD9, 0xE0, 0x2B, 0x08, 0xA8, 0xDC, 0xF4, 0xF4, 0x62, 0x6B,
    0x4C, 0x45, 0x9E, 0xA3, 0x8C, 0x24, 0x87, 0x62, 0xD4, 0x62, 0x94, 0x94, 0x48, 0x76, 0x76, 0x3D,
    0xB5, 0x04, 0x1C, 0xDE, 0xA1, 0xE2, 0xA0, 0x24, 0x69, 0x7C, 0x5A, 0x9D, 0x23, 0xA9, 0x9D, 0x1F,
    0x3F, 0xF8, 0xAE, 0x5A, 0x40, 0xCE, 0x5C, 0x64, 0xE7, 0xD6, 0x38, 0xDB, 0xEB, 0x72, 0x02, 0x5E,
    0xF5, 0x5E, 0x93, 0x78, 0x9C, 0x7D, 0x8E, 0x0B, 0x0A, 0x00, 0x20, 0x08, 0x43, 0x77, 0x03, 0xEF,
    0x7F, 0x4B, 0x6F, 0xB0, 0xCC, 0x29, 0x16, 0x41, 0x41, 0xF2, 0xDC, 0xFC, 0x01, 0x70, 0x42, 0xCF,
    0x69, 0x0D, 0x2D, 0x71, 0x3C, 0xC0, 0xAA, 0x26, 0x45, 0xB7, 0xC3, 0x9D, 0x46, 0xB9, 0x54, 0xD8,
    0xDF, 0x1A, 0x6A, 0xFE, 0x03, 0x99, 0x7C, 0xE0, 0x6A, 0xC8, 0x8D, 0x31, 0xD4, 0x0B, 0x48, 0x1D,
    0x13, 0x92, 0x8E, 0x89, 0x98, 0xB0, 0x00, 0x57, 0xAD, 0x55, 0xAB, 0x78, 0x9C, 0x7D, 0x8F, 0xDB,
    0x0D, 0xC0, 0x30, 0x08, 0x03, 0x6F, 0x03, 0xF6, 0xDF, 0x92, 0x0D, 0xDC, 0x9A, 0xB6, 0x44, 0x45,
    0x51, 0xFC, 0x75, 0x46, 0xBC, 0x0C, 0xA4, 0x02, 0x51, 0x92, 0x64, 0x87, 0x8B, 0x16, 0x36, 0xA9,
    0x6C, 0xBC, 0x3B, 0xDD, 0x1D, 0xBC, 0x4A, 0xD1, 0x18, 0x9E, 0xE7, 0xD9, 0xD7, 0xC8, 0x06, 0x35,
    0xF0, 0x37, 0x50, 0x18, 0x1B, 0xCC, 0x89, 0x87, 0x63, 0xF3, 0x42, 0x7D, 0xBD, 0x92, 0x95, 0x5D,
    0x21, 0xBF, 0xE8, 0x1D, 0xAB, 0x8B, 0x17, 0x78, 0x7A, 0x68, 0x98, 0x78, 0x9C, 0x6D, 0xCE, 0x8B,
    0x0D, 0x00, 0x21, 0x08, 0x03, 0xD0, 0x6E, 0xC0, 0xFE, 0x5B, 0x76, 0x83, 0x5A, 0x10, 0x34, 0x97,
    0xD3, 0xC4, 0xF8, 0x44, 0x3E, 0x02, 0x67, 0x51, 0x80, 0x12, 0x52, 0x0C, 0x94, 0x41, 0xBF, 0xD0,
    0x74, 0xD4, 0x37, 0x1F, 0x12, 0xD8, 0x9E, 0xCA, 0x28, 0x57, 0x4E, 0x03, 0x98, 0x9D, 0xAF, 0x7F,
    0xF0, 0x22, 0x5E, 0xF8, 0x14, 0xD4, 0x20, 0x37, 0x67, 0x43, 0x35, 0x20, 0x7B, 0x84, 0xFA, 0xA7,
    0x3B, 0x67, 0x01, 0xC0, 0xBC, 0x61, 0x72, 0x78, 0x9C, 0x7D, 0xD0, 0x5B, 0x12, 0x00, 0x10, 0x08,
    0x05, 0xD0, 0x76, 0x60, 0xFF, 0xBB, 0x6C, 0x07, 0x97, 0x2B, 0x85, 0x3C, 0xFA, 0x71, 0xA6, 0x32,
    0x8A, 0xC8, 0x19, 0x28, 0x17, 0xEA, 0xCA, 0x56, 0x40, 0x07, 0x93, 0x83, 0x2C, 0x0F, 0x8A, 0x13,
    0x89, 0x5B, 0x57, 0x66, 0x71, 0x6A, 0xE6, 0xE7, 0x6E, 0x7E, 0x41, 0x38, 0x92, 0x1A, 0x79, 0xC0,
    0xC6, 0x6E, 0x84, 0x25, 0xD9, 0x81, 0xD8, 0x25, 0x92, 0xAF, 0x58, 0xB7, 0xC6, 0xE4, 0xE5, 0x87,
    0x2A, 0x48, 0x99, 0x5B, 0xC3, 0x78, 0x9C, 0x7D, 0x8E, 0xD9, 0x0D, 0x00, 0x20, 0x08, 0x43, 0xD9,
    0x80, 0xFD, 0xB7, 0x64, 0x83, 0xCA, 0x51, 0x8D, 0x84, 0x28, 0x1F, 0xE4, 0x41, 0x39, 0x2A, 0xD2,
    0xC3, 0x94, 0x00, 0x0C, 0xA0, 0x64, 0x0E, 0xD1, 0x44, 0x25, 0x4E, 0x6C, 0x08, 0x75, 0x42, 0x16,
    0x1F, 0x68, 0x0B, 0xBC, 0xA7, 0x46, 0x40, 0x7E, 0x72, 0x1D, 0x5A, 0x66, 0x3C, 0x1F, 0x57, 0xCF,
    0xB8, 0xED, 0x76, 0x10, 0xEE, 0x2E, 0x43, 0x46, 0x4E, 0xD0, 0x78, 0x9C, 0x85, 0x8E, 0x51, 0x0E,
    0x00, 0x30, 0x04, 0x43, 0xDD, 0xC0, 0xFD, 0x6F, 0xB9, 0x1B, 0x74, 0xA6, 0xCA, 0xF6, 0x35, 0x89,
    0xBC, 0x48, 0xAB, 0x98, 0x75, 0x39, 0xB1, 0x40, 0x02, 0x5E, 0x33, 0x24, 0x94, 0x03, 0xB3, 0x43,
    0x57, 0x28, 0x29, 0x86, 0xF3, 0xA6, 0x3A, 0x03, 0x9A, 0x60, 0xCE, 0x21, 0x03, 0x98, 0xBF, 0xEA,
    0x9E, 0xCE, 0x0D, 0xFD, 0x43, 0x3D, 0xF2, 0x70, 0x03, 0x39, 0xDE, 0x43, 0x9F, 0x78, 0x9C, 0x75,
    0x8E, 0xC1, 0x11, 0x00, 0x20, 0x08, 0xC3, 0xD8, 0xA0, 0xFB, 0x6F, 0xC9, 0x06, 0x28, 0x08, 0xD4,
    0x93, 0x93, 0x57, 0x34, 0xB5, 0x28, 0x72, 0x8D, 0x5A, 0x82, 0x11, 0x50, 0x6A, 0xB8, 0x4E, 0xFF,
    0x26, 0x92, 0x5E, 0xE0, 0xA0, 0x84, 0x54, 0xA1, 0xFD, 0x14, 0x3B, 0x36, 0x28, 0xE1, 0xF4, 0xC3,
    0x1A, 0x90, 0x8D, 0x04, 0x79, 0x01, 0x03, 0xEA, 0x9F, 0x8F, 0xA9, 0x37, 0x5A, 0x17, 0x9D, 0x58,
    0x35, 0xE3, 0x48, 0xB8, 0x78, 0x9C, 0x85, 0xCC, 0x81, 0x09, 0x00, 0x30, 0x08, 0x03, 0xC1, 0x6C,
    0xE0, 0xFE, 0x5B, 0xBA, 0xC1, 0xD7, 0x06, 0x84, 0xB6, 0x20, 0x15, 0xE4, 0x30, 0x04, 0x21, 0xA4,
    0x24, 0x72, 0x0B, 0x3A, 0xED, 0xAD, 0xB3, 0xB2, 0x16, 0x57, 0xAC, 0xAC, 0xE3, 0x2A, 0x3A, 0xDE,
    0xEA, 0x36, 0x3E, 0x1A, 0xF1, 0x38, 0xCD, 0xF0, 0xA6, 0xF3, 0x05, 0x30, 0xD9, 0x3F, 0xC1, 0x78,
    0x9C, 0x65, 0xCE, 0xD1, 0x0D, 0x00, 0x30, 0x04, 0x45, 0xD1, 0xBB, 0x81, 0xFD, 0xB7, 0xB4, 0x81,
    0x7A, 0x24, 0x95, 0xEA, 0x97, 0xC3, 0x23, 0x01, 0x11, 0x40, 0x18, 0x05, 0x1F, 0xD0, 0xA8, 0x58,
    0x9D, 0x12, 0xC1, 0x07, 0x14, 0x2C, 0x2E, 0x94, 0xE8, 0x64, 0xC0, 0x86, 0x7D, 0xE8, 0xEA, 0x3B,
    0xD1, 0x4D, 0x7F, 0x92, 0x83, 0xE7, 0xB7, 0xDE, 0xCF, 0xE6, 0x00, 0x23, 0x44, 0x42, 0xDC, 0x78,
    0x9C, 0x85, 0x8E, 0xDB, 0x0D, 0x00, 0x30, 0x08, 0x02, 0xD9, 0xC0, 0xFD, 0xB7, 0x64, 0x03, 0xDA,
    0x42, 0x4D, 0xEC, 0x57, 0x4D, 0xCC, 0xF9, 0x20, 0x28, 0x00, 0x0A, 0x0E, 0xA9, 0x6E, 0xF1, 0xB2,
    0xF7, 0xC4, 0x08, 0x8B, 0xA9, 0xE2, 0xA1, 0x84, 0xC9, 0x4E, 0x29, 0x26, 0xA1, 0x2C, 0x31, 0x63,
    0xE0, 0xF1, 0x16, 0xE6, 0x0C, 0xD3, 0x0E, 0xD6, 0x87, 0xFD, 0xC8, 0xC3, 0x05, 0xA8, 0xC2, 0x42,
    0xA0, 0x78, 0x9C, 0x65, 0xCE, 0xC7, 0x11, 0x00, 0x20, 0x08, 0x04, 0x40, 0x3A, 0xA0, 0xFF, 0x2E,
    0xE9, 0x00, 0x25, 0x1C, 0x38, 0x27, 0x1F, 0x56, 0x09, 0x2A, 0xF2, 0x86, 0x6B, 0x65, 0x73, 0x27,
    0x5C, 0x31, 0xD0, 0x2C, 0xC8, 0x1C, 0x39, 0x1B, 0x5D, 0x01, 0x5B, 0x74, 0x29, 0xCB, 0x71, 0xCA,
    0x45, 0x17, 0xB6, 0xA8, 0x87, 0xD4, 0x07, 0xDA, 0x1B, 0x17, 0xC2, 0xD0, 0x0F, 0xF8, 0x30, 0x55,
    0x30, 0x63, 0xB8, 0x98, 0x8E, 0x03, 0x6B, 0xEA, 0x47, 0xC8, 0x78, 0x9C, 0x85, 0x8E, 0xDB, 0x09,
    0x00, 0x41, 0x08, 0x03, 0xD3, 0x41, 0xFA, 0xEF, 0x72, 0x3B, 0x98, 0x33, 0x8A, 0xB0, 0xFB, 0x75,
    0x01, 0x19, 0x0D, 0xBE, 0xA4, 0xD5, 0xC1, 0xA2, 0x08, 0x1C, 0x52, 0x46, 0x61, 0x65, 0x2E, 0x5A,
    0xB1, 0x57, 0xE3, 0xE1, 0x4C, 0x55, 0xA1, 0x9B, 0x1B, 0xF4, 0xBA, 0x25, 0xDD, 0xA2, 0xD9, 0xDE,
    0x67, 0x98, 0xB3, 0x6D, 0x87, 0x7A, 0xE9, 0x1F, 0xEE, 0x23, 0x0F, 0x3F, 0x68, 0x63, 0x4F, 0x57,
    0x78, 0x9C, 0x65, 0x8F, 0xC9, 0x0D, 0x00, 0x21, 0x0C, 0x03, 0xDD, 0x81, 0xFB, 0xEF, 0x32, 0x1D,
    0x98, 0x8D, 0x73, 0x20, 0xB1, 0xE1, 0x33, 0x1A, 0xC7, 0x20, 0x00, 0x40, 0x84, 0x27, 0x24, 0x04,
    0x1B, 0x2C, 0xC5, 0x3C, 0x86, 0xCF, 0x19, 0x1C, 0x1A, 0xB6, 0x57, 0x63, 0x9D, 0x2A, 0x21, 0x2E,
    0x74, 0xE4, 0x38, 0xA6, 0x15, 0xAA, 0x95, 0x82, 0x7A, 0x9C, 0x5A, 0x60, 0xDF, 0x78, 0x01, 0x2F,
    0xF0, 0x07, 0xF3, 0x89, 0x27, 0x99, 0x4E, 0x8C, 0xD8, 0x8D, 0x03, 0x73, 0x6E, 0x52, 0x09, 0x78,
    0x9C, 0x03, 0x00, 0x00, 0x00, 0x00, 0x01, 0x78, 0x9C, 0x03, 0x00, 0x00, 0x00, 0x00, 0x01, 0x78,
    0x9C, 0x03, 0x00, 0x00, 0x00, 0x00, 0x01, 0x78, 0x9C, 0x03, 0x00, 0x00, 0x00, 0x00, 0x01, 0x78,
    0x9C, 0x63, 0x60, 0x00, 0x82, 0x0F, 0xFF, 0xFF, 0xFF, 0x47, 0x22, 0x00, 0x63, 0xEC, 0x0B, 0xC8,
    0x78, 0x9C, 0x63, 0x60, 0x00, 0x82, 0x0F, 0xFF, 0xFF, 0xFF, 0x47, 0x22, 0x00, 0x63, 0xEC, 0x0B,
    0xC8, 0x78, 0x9C, 0x63, 0x60, 0x00, 0x83, 0x0F, 0xFF, 0xC1, 0x00, 0x85, 0xE2, 0x07, 0x00, 0xE2,
    0xCF, 0x13, 0xCF, 0x78, 0x9C, 0x63, 0x60, 0x00, 0x83, 0x0F, 0xFF, 0x41, 0x00, 0x8D, 0x02, 0x00,
    0xCB, 0xD7, 0x11, 0xC2, 0x78, 0x9C, 0x63, 0x60, 0x80, 0x83, 0x0F, 0xFF, 0x61, 0x80, 0x1F, 0x3B,
    0x13, 0x00, 0x09, 0x7B, 0x1D, 0xE3, 0x78, 0x9C, 0x63, 0x60, 0x80, 0x83, 0x0F, 0xFF, 0x61, 0x80,
    0x1F, 0x3B, 0x13, 0x00, 0x09, 0x7B, 0x1D, 0xE3, 0x78, 0x9C, 0xFB, 0xC0, 0xCF, 0xF0, 0x9F, 0xE1,
    0xC3, 0x60, 0x23, 0x00, 0xBE, 0x03, 0x3B, 0xC5, 0x78, 0x9C, 0x63, 0x60, 0x00, 0x81, 0xFF, 0x0C,
    0x0C, 0x1F, 0x80, 0xF8, 0x3F, 0x3F, 0x98, 0xFA, 0xC0, 0x0F, 0xE2, 0xF2, 0xC3, 0x31, 0x48, 0x1A,
    0x00, 0x02, 0x16, 0x0D, 0xE4, 0x78, 0x9C, 0x63, 0xF8, 0xCF, 0xFF, 0xE1, 0xFF, 0x7F, 0x20, 0x62,
    0x00, 0xA2, 0x0F, 0x40, 0xC4, 0xCF, 0xF0, 0x9F, 0x1F, 0xC4, 0x63, 0x00, 0x01, 0x00, 0x25, 0x34,
    0x0F, 0xE2, 0x78, 0x9C, 0x63, 0xF8, 0xCF, 0xFF, 0x01, 0x84, 0xFE, 0x33, 0x00, 0xD1, 0x07, 0x7E,
    0x10, 0x02, 0x33, 0xFF, 0x33, 0x80, 0x00, 0x00, 0xFE, 0x1F, 0x0D, 0xF3, 0x78, 0x9C, 0x63, 0x60,
    0x80, 0x82, 0xFF, 0x0C, 0x0C, 0x1F, 0x80, 0xE8, 0x3F, 0x10, 0xF1, 0x33, 0x40, 0x10, 0x90, 0x03,
    0x16, 0x86, 0xB0, 0x80, 0xE2, 0x1F, 0xC0, 0x82, 0x40, 0xEA, 0x3F, 0x8C, 0x02, 0xC9, 0x03, 0x05,
    0x01, 0x7E, 0x10, 0x1D, 0xB6, 0x78, 0x9C, 0x63, 0xF8, 0xCF, 0xCF, 0xF0, 0x01, 0x88, 0xFE, 0xFF,
    0x67, 0x00, 0x22, 0x28, 0xC5, 0x00, 0xA5, 0x3E, 0x80, 0x98, 0x0C, 0x10, 0x79, 0x20, 0x8B, 0x1F,
    0x8C, 0xFE, 0x23, 0x09, 0xC3, 0x00, 0x00, 0xDD, 0x0A, 0x1D, 0xC5, 0x78, 0x9C, 0x63, 0xF8, 0xCF,
    0xCF, 0x00, 0x44, 0x1F, 0x40, 0xD4, 0x7F, 0x20, 0xF5, 0x1F, 0x44, 0x31, 0x40, 0xA9, 0x0F, 0xFC,
    0x40, 0x26, 0x98, 0x82, 0xB2, 0x60, 0xAA, 0x60, 0xC2, 0x30, 0x00, 0x00, 0x64, 0x92, 0x1A, 0xF5,
    0x78, 0x9C, 0x63, 0x60, 0x60, 0xF8, 0xCF, 0xCF, 0x00, 0x02, 0x68, 0x14, 0x98, 0xFC, 0xF0, 0x1F,
    0x4C, 0x80, 0x00, 0x3F, 0x84, 0x62, 0xF8, 0x0F, 0xA1, 0xA0, 0x72, 0x40, 0x0A, 0xAB, 0x6E, 0x5C,
    0x66, 0xE1, 0xA0, 0xFE, 0xFF, 0xC7, 0xAD, 0x1B, 0x02, 0x00, 0x1F, 0xE1, 0x2D, 0x01, 0x78, 0x9C,
    0x63, 0x60, 0x60, 0x60, 0xF8, 0xCF, 0xCF, 0x00, 0x06, 0x38, 0xE8, 0x0F, 0xFF, 0x21, 0x24, 0x08,
    0xF0, 0x43, 0x69, 0xA0, 0x24, 0x94, 0x86, 0xC9, 0x13, 0x34, 0x06, 0x41, 0x33, 0x60, 0x18, 0xCB,
    0x80, 0xCD, 0x58, 0x02, 0xC6, 0x40, 0x00, 0x00, 0xE0, 0xBB, 0x38, 0x23, 0x78, 0x9C, 0x63, 0xF8,
    0xFF, 0x9F, 0xE1, 0xC3, 0xFF, 0xFF, 0xFC, 0x20, 0xFC, 0x1F, 0x02, 0x40, 0x34, 0x88, 0xCF, 0xC0,
    0xF0, 0x9F, 0x9F, 0x01, 0x00, 0x82, 0x42, 0x16, 0x09, 0x78, 0x9C, 0xFB, 0xF0, 0x9F, 0x81, 0x81,
    0xE1, 0x03, 0x3F, 0x90, 0xF8, 0xCF, 0xFF, 0xFF, 0x3F, 0x90, 0xFE, 0x0F, 0x14, 0xF8, 0x00, 0x61,
    0x7F, 0x80, 0xB0, 0xFF, 0x23, 0xB1, 0xF9, 0x3F, 0xFC, 0x07, 0x2B, 0x05, 0xB1, 0x19, 0x00, 0x77,
    0xD0, 0x1D, 0xD4, 0x78, 0x9C, 0x03, 0x00, 0x00, 0x00, 0x00, 0x01, 0x78, 0x9C, 0x65, 0x90, 0x8B,
    0x11, 0xC0, 0x20, 0x08, 0x43, 0xB3, 0x01, 0xFB, 0x6F, 0xC9, 0x06, 0xAF, 0x4D, 0xD0, 0xF6, 0x6C,
    0xD5, 0xE3, 0xE0, 0x19, 0x3E, 0x2A, 0x81, 0xEE, 0xD5, 0xA5, 0xB5, 0x1A, 0xEC, 0xB3, 0x63, 0x51,
    0xCD, 0x29, 0xF0, 0x11, 0x3F, 0xA0, 0x13, 0xBC, 0x19, 0x76, 0x6F, 0x40, 0x9D, 0x0A, 0x6F, 0x33,
    0x9B, 0x5C, 0x77, 0x31, 0x3E, 0x8C, 0x61, 0x9A, 0x4F, 0x6E, 0xDB, 0x7F, 0xA2, 0x29, 0xD6, 0xF5,
    0x01, 0xAC, 0xE6, 0x7B, 0x40, 0x77, 0xAE, 0xF4, 0x5A, 0x80, 0x1F, 0x88, 0xC8, 0x05, 0xF2, 0x8A,
    0x8C, 0xBD, 0x2B, 0x06, 0x8C, 0xCA, 0xDF, 0x94, 0xE9, 0x46, 0xE5, 0x69, 0x82, 0xA5, 0x0B, 0xAE,
    0x5B, 0x7D, 0xEC, 0x78, 0x9C, 0x63, 0xF8, 0xF0, 0x9F, 0x9F, 0x01, 0x82, 0x19, 0x18, 0xFE, 0xC3,
    0x30, 0x3F, 0x18, 0x83, 0x84, 0x60, 0x18, 0x00, 0x7D, 0x22, 0x11, 0xD1, 0x78, 0x9C, 0x63, 0xF8,
    0xF0, 0x9F, 0x9F, 0x01, 0x88, 0x80, 0xD4, 0x07, 0x30, 0xC5, 0x00, 0x16, 0x00, 0x51, 0x0C, 0x70,
    0x0A, 0x2C, 0xC0, 0x00, 0x53, 0xC8, 0x00, 0xA7, 0x18, 0x20, 0xEA, 0x19, 0x18, 0x00, 0xE0, 0xD9,
    0x21, 0xC1, 0x78, 0x9C, 0xFB, 0xF0, 0x9F, 0xFF, 0x03, 0x12, 0x62, 0x40, 0x45, 0x00, 0x13, 0x91,
    0x0F, 0x3D, 0x78, 0x9C, 0x63, 0x60, 0x00, 0x81, 0xFF, 0x0C, 0x0C, 0x1F, 0x80, 0xF8, 0x3F, 0x3F,
    0x98, 0x82, 0x32, 0xC1, 0xF8, 0x03, 0x3F, 0x84, 0x0F, 0x52, 0xC2, 0xF0, 0x01, 0xAC, 0x98, 0x01,
    0x00, 0xA4, 0xD9, 0x0E, 0xD4, 0x78, 0x9C, 0x63, 0x60, 0x00, 0x82, 0x0F, 0x20, 0xCC, 0x0F, 0xC4,
    0xFF, 0x81, 0x0C, 0x30, 0xE6, 0x87, 0x63, 0x90, 0x18, 0x94, 0x02, 0x29, 0x01, 0x01, 0x00, 0x67,
    0x17, 0x0D, 0xF3, 0x78, 0x9C, 0x63, 0x60, 0xF8, 0xFF, 0x9F, 0x01, 0x8C, 0xB1, 0x31, 0xF8, 0x21,
    0x18, 0xCE, 0xF8, 0x00, 0x24, 0x3E, 0xA0, 0x31, 0x20, 0x18, 0x2F, 0x83, 0x1F, 0x82, 0x11, 0xE6,
    0x61, 0x82, 0xFF, 0x50, 0x0C, 0x37, 0xF8, 0x3F, 0x90, 0xF8, 0x8F, 0xC2, 0x80, 0x9B, 0x07, 0x00,
    0xEA, 0x2C, 0x3D, 0xC3, 0x78, 0x9C, 0x65, 0x8B, 0xC1, 0x0D, 0x00, 0x30, 0x08, 0x02, 0xD9, 0xC0,
    0xFD, 0xB7, 0x64, 0x03, 0x0A, 0x6A, 0x9A, 0x26, 0xF5, 0x71, 0x10, 0x01, 0x40, 0x2A, 0x18, 0x16,
    0x2E, 0x63, 0xD0, 0x4F, 0x60, 0xA8, 0x72, 0x89, 0x42, 0xD3, 0x6A, 0x66, 0xC5, 0x6E, 0x30, 0x36,
    0xE9, 0xE5, 0x7B, 0x1B, 0xFE, 0x4C, 0x78, 0x00, 0xAC, 0xC3, 0x31, 0xC0, 0x78, 0x9C, 0x63, 0x60,
    0x80, 0x80, 0x0F, 0xFF, 0xC1, 0x80, 0xE1, 0x3F, 0x94, 0x06, 0x00, 0x7C, 0xAA, 0x0D, 0xE4, 0x78,
    0x9C, 0x63, 0x60, 0x80, 0x01, 0x7E, 0x30, 0xF9, 0x81, 0xE1, 0xC3, 0x7F, 0x30, 0xE3, 0x3F, 0xFF,
    0x87, 0xFF, 0xFF, 0xF9, 0x19, 0xC0, 0xC4, 0x7F, 0x08, 0x60, 0x00, 0xF1, 0xC0, 0x34, 0x84, 0x05,
    0xA4, 0x00, 0x7A, 0xFE, 0x1A, 0xC8, 0x78, 0x9C, 0x63, 0x60, 0x00, 0x83, 0xFF, 0xFC, 0x0C, 0x50,
    0x06, 0x94, 0xFE, 0x80, 0x21, 0x40, 0x2F, 0x19, 0xB8, 0x00, 0x4E, 0x19, 0x00, 0x93, 0x37, 0x17,
    0xCB, 0x78, 0x9C, 0x63, 0x60, 0x40, 0x02, 0x1F, 0xFE, 0xFF, 0xE7, 0x87, 0x91, 0xFF, 0x81, 0x00,
    0x99, 0xE4, 0x87, 0x92, 0x1F, 0x80, 0xF2, 0x30, 0x92, 0x81, 0x28, 0x12, 0x64, 0x02, 0x94, 0x24,
    0x42, 0xF8, 0xC3, 0x7F, 0x06, 0x38, 0x89, 0xA4, 0x04, 0x27, 0x00, 0x6B, 0x62, 0x20, 0xDA, 0x31,
    0xC8, 0xC6, 0x03, 0x00, 0x0C, 0x0F, 0x51, 0x91, 0x78, 0x9C, 0x6D, 0x8E, 0xD1, 0x11, 0x00, 0x20,
    0x08, 0x42, 0xDD, 0xC0, 0xFD, 0xB7, 0x74, 0x03, 0x0A, 0xC9, 0xAC, 0x2E, 0x3E, 0xB8, 0x57, 0x22,
    0xA7, 0xD9, 0x56, 0x00, 0x4E, 0x77, 0xC3, 0x54, 0x93, 0x27, 0x85, 0x1C, 0x4A, 0x9E, 0x84, 0x87,
    0xE8, 0x6C, 0xCA, 0x2F, 0x51, 0x0E, 0xAA, 0xBD, 0x28, 0xB3, 0x35, 0xD4, 0xF3, 0x23, 0x35, 0xF5,
    0xEA, 0x3A, 0x8C, 0xD7, 0xDE, 0x54, 0xE1, 0x01, 0x6E, 0xDB, 0x47, 0xAA, 0x78, 0x9C, 0x75, 0x8E,
    0x01, 0x0A, 0x00, 0x20, 0x08, 0x03, 0xF7, 0x83, 0xFD, 0xFF, 0x97, 0xFD, 0x60, 0xD9, 0x96, 0x11,
    0x41, 0x03, 0xE1, 0xD4, 0x31, 0x05, 0x2E, 0x49, 0xAB, 0xC4, 0xE0, 0x28, 0xD4, 0x83, 0xB5, 0x22,
    0xEC, 0xB0, 0xAB, 0x16, 0x74, 0x19, 0xD1, 0x28, 0xA5, 0xDD, 0x83, 0xA0, 0x03, 0x86, 0x7A, 0x18,
    0x54, 0x5C, 0x3C, 0x98, 0xE3, 0xC4, 0x57, 0x27, 0x25, 0x31, 0xFD, 0xED, 0x8B, 0xFD, 0xD1, 0xF6,
    0x4E, 0x5E, 0xA2, 0x48, 0xC7, 0x78, 0x9C, 0x45, 0xCB, 0xB1, 0x0D, 0x00, 0x30, 0x0C, 0x02, 0xC1,
    0xDF, 0x80, 0xFD, 0xB7, 0xF4, 0x06, 0x1F, 0x47, 0x14, 0x6E, 0x4E, 0x08, 0x04, 0x28, 0x8C, 0x06,
    0xA3, 0xE3, 0xE6, 0x92, 0xB6, 0x87, 0xF9, 0xD3, 0xD2, 0x07, 0x3C, 0x54, 0xA7, 0x24, 0x91, 0x78,
    0x9C, 0x63, 0xF8, 0xC0, 0xCF, 0xF0, 0x9F, 0x9F, 0x01, 0x48, 0x02, 0x01, 0x90, 0xF1, 0x9F, 0xE1,
    0x03, 0x2A, 0xFA, 0xCF, 0x0F, 0x45, 0x00, 0x68, 0x1B, 0x11, 0xEF, 0x78, 0x9C, 0x2D, 0xCA, 0xD1,
    0x11, 0x00, 0x00, 0x08, 0x01, 0x50, 0x1B, 0xD8, 0x7F, 0x4B, 0x1B, 0x48, 0xAA, 0x8F, 0xC7, 0x9D,
    0x80, 0x3F, 0x3B, 0xA8, 0xFA, 0x54, 0x14, 0xC5, 0xD4, 0xE4, 0x6E, 0x36, 0x6B, 0xFF, 0x59, 0xF1,
    0x0E, 0xE6, 0x6D, 0x1B, 0xC7, 0x78, 0x9C, 0x63, 0x60, 0xF8, 0xFF, 0xFF, 0x3F, 0x3F, 0x03, 0x88,
    0x64, 0x00, 0x92, 0x40, 0xCC, 0xF0, 0x01, 0x4A, 0xFE, 0x87, 0x90, 0xFC, 0x20, 0xDE, 0x7F, 0x14,
    0x19, 0x10, 0x82, 0x6A, 0xE2, 0x07, 0xF1, 0x81, 0x04, 0x00, 0x20, 0x8D, 0x1C, 0xC6, 0x78, 0x9C,
    0x63, 0x60, 0x00, 0x83, 0xFF, 0xFF, 0xF9, 0x19, 0x3E, 0xFC, 0xFF, 0xFF, 0x9F, 0x01, 0x48, 0x03,
    0x19, 0x0C, 0x20, 0x02, 0x26, 0xF4, 0x01, 0x24, 0xFA, 0x81, 0x1F, 0x4E, 0xFC, 0xFF, 0xF0, 0x1F,
    0x22, 0x01, 0x56, 0x08, 0x00, 0xCD, 0x07, 0x20, 0xB3, 0x78, 0x9C, 0x63, 0x60, 0x00, 0x82, 0x0F,
    0xFF, 0xFF, 0xFF, 0xE7, 0x07, 0x13, 0x20, 0x36, 0x50, 0x00, 0xC4, 0x60, 0xF8, 0xCF, 0x80, 0xC2,
    0x83, 0x11, 0x1F, 0xE0, 0xE2, 0x00, 0xBF, 0x5C, 0x14, 0xEC, 0x78, 0x9C, 0x2D, 0x89, 0x81, 0x0D,
    0x00, 0x30, 0x0C, 0x82, 0xF8, 0xC0, 0xFF, 0xBF, 0xEC, 0x07, 0xAC, 0x6E, 0x33, 0x91, 0x44, 0x84,
    0x66, 0x14, 0xD4, 0x60, 0x66, 0x41, 0x91, 0x9D, 0x3D, 0xB6, 0x4F, 0x70, 0x7F, 0x9D, 0xEF, 0x68,
    0x0F, 0xD7, 0x0C, 0x20, 0xEF, 0x78, 0x9C, 0x63, 0x60, 0x80, 0x80, 0xFF, 0xFF, 0xF9, 0x19, 0x18,
    0x3E, 0xFC, 0xFF, 0xFF, 0x1F, 0xC8, 0xE4, 0xFF, 0x00, 0x26, 0x19, 0x10, 0x6C, 0xB0, 0x38, 0x44,
    0x16, 0x44, 0x83, 0x49, 0xA0, 0xFA, 0xFF, 0x1F, 0x80, 0xAA, 0xA0, 0xC2, 0x60, 0x02, 0x00, 0xEF,
    0x69, 0x21, 0xC1, 0x78, 0x9C, 0x63, 0x60, 0xF8, 0xCF, 0x00, 0x04, 0x70, 0xE2, 0x03, 0x90, 0xF8,
    0x0F, 0x07, 0x0C, 0x68, 0xB2, 0x20, 0x02, 0x00, 0xE9, 0x56, 0x12, 0xDF, 0x78, 0x9C, 0x63, 0x60,
    0x00, 0x82, 0xFF, 0x70, 0x00, 0x00, 0x36, 0xD8, 0x09, 0xF7, 0x78, 0x9C, 0xFB, 0xFF, 0x1F, 0x06,
    0x18, 0x50, 0xC1, 0x7F, 0x54, 0x09, 0x00, 0xCA, 0x6B, 0x13, 0xED, 0x78, 0x9C, 0x63, 0x60, 0x00,
    0x81, 0xFF, 0x0C, 0x0C, 0x1F, 0x40, 0x98, 0x1F, 0xC8, 0xE4, 0x47, 0x70, 0xFF, 0x43, 0xB9, 0x38,
    0xF0, 0x07, 0x28, 0x06, 0x01, 0x00, 0xF4, 0x6F, 0x13, 0x39, 0x78, 0x9C, 0x63, 0x60, 0x00, 0x81,
    0xFF, 0x0C, 0x0C, 0x1F, 0xFE, 0x43, 0x68, 0x08, 0xE6, 0x47, 0xC3, 0x10, 0x79, 0x30, 0x46, 0x15,
    0x02, 0x31, 0x41, 0x00, 0x00, 0xCC, 0x4C, 0x14, 0x0B, 0x78, 0x9C, 0x63, 0xF8, 0xCF, 0xF0, 0x9F,
    0x9F, 0xE1, 0x3F, 0x10, 0x7C, 0xF8, 0xCF, 0x0F, 0x22, 0x18, 0x3E, 0x20, 0x08, 0xFE, 0x0F, 0x20,
    0x59, 0x90, 0x3C, 0x12, 0x01, 0x00, 0x41, 0x48, 0x1E, 0x01, 0x78, 0x9C, 0x63, 0x60, 0xF8, 0xFF,
    0x9F, 0x9F, 0x81, 0xE1, 0xC3, 0xFF, 0xFF, 0xFF, 0x19, 0x80, 0xCC, 0x0F, 0x20, 0x92, 0x1F, 0x88,
    0x20, 0x0C, 0x38, 0x89, 0x84, 0xF8, 0x41, 0xEA, 0xFF, 0x43, 0x75, 0x01, 0x09, 0x00, 0x87, 0xD4,
    0x21, 0xD0, 0x78, 0x9C, 0x63, 0xF8, 0xF0, 0x9F, 0xE1, 0xC3, 0xFF, 0xFF, 0x0C, 0xFF, 0x81, 0x18,
    0xC8, 0x60, 0x60, 0xF8, 0xCF, 0x8F, 0x81, 0x3F, 0x40, 0xA5, 0x00, 0xE1, 0x3A, 0x12, 0xEE, 0x78,
    0x9C, 0x63, 0x60, 0xF8, 0xFF, 0x9F, 0x01, 0x88, 0xFF, 0xF3, 0x33, 0x7C, 0xE0, 0x07, 0x31, 0x19,
    0x3E, 0x80, 0x09, 0x7E, 0x20, 0x01, 0x14, 0x83, 0xF0, 0x40, 0x0C, 0x90, 0xDC, 0x07, 0x90, 0x3A,
    0x30, 0x01, 0x00, 0x84, 0xEC, 0x18, 0xF7, 0x78, 0x9C, 0x3D, 0xC8, 0xC1, 0x0D, 0x00, 0x30, 0x0C,
    0x83, 0x40, 0x36, 0xF0, 0xFE, 0x5B, 0x66, 0x03, 0x1A, 0xE7, 0xD1, 0xCF, 0x09, 0x01, 0x1A, 0x46,
    0x85, 0x14, 0xCA, 0x8F, 0x35, 0xC7, 0x38, 0xA5, 0x6F, 0x83, 0x07, 0xC1, 0xAF, 0x19, 0xF6, 0x78,
    0x9C, 0x3D, 0xCA, 0x31, 0x0D, 0x00, 0x30, 0x00, 0x02, 0xC1, 0x77, 0x80, 0x7F, 0x97, 0x38, 0xA0,
    0xD0, 0x26, 0x5D, 0x6E, 0x78, 0x00, 0x12, 0xC0, 0xD7, 0x4C, 0xC7, 0xAA, 0x9A, 0x21, 0xDA, 0xD6,
    0xFE, 0xDC, 0x89, 0xAF, 0xEB, 0x01, 0xEC, 0x9D, 0x1C, 0xA8, 0x78, 0x9C, 0x63, 0x60, 0xF8, 0xFF,
    0xFF, 0x3F, 0x03, 0xC3, 0x07, 0x28, 0xC9, 0x00, 0x04, 0x1F, 0xF8, 0xC1, 0x24, 0x48, 0x00, 0x44,
    0x82, 0x79, 0x70, 0xF2, 0xC3, 0xFF, 0x0F, 0x60, 0x12, 0x2A, 0x0B, 0x14, 0x06, 0x00, 0xB2, 0x32,
    0x1B, 0xB8, 0x78, 0x9C, 0x63, 0x60, 0xF8, 0xFF, 0x9F, 0x01, 0x88, 0xFF, 0xF3, 0x7F, 0x00, 0x22,
    0x86, 0x0F, 0x40, 0x06, 0x88, 0xF7, 0x1F, 0x48, 0x7C, 0x00, 0x12, 0x40, 0x0E, 0x94, 0x00, 0x71,
    0xC1, 0xB2, 0x60, 0x0D, 0x00, 0x91, 0xB1, 0x1F, 0xE1, 0x78, 0x9C, 0xFB, 0xF0, 0xFF, 0xFF, 0x7F,
    0xFE, 0x0F, 0x20, 0x82, 0x81, 0xE1, 0xC3, 0x7F, 0x06, 0x06, 0x06, 0x10, 0x83, 0x01, 0xC4, 0x40,
    0xE2, 0xC1, 0xE4, 0x10, 0x04, 0x00, 0xCC, 0xA4, 0x15, 0xCD, 0x78, 0x9C, 0x63, 0x60, 0xF8, 0xFF,
    0x9F, 0x9F, 0xE1, 0xC3, 0xFF, 0xFF, 0xFF, 0x81, 0xC4, 0x07, 0x20, 0xC1, 0x0F, 0x21, 0xC0, 0x62,
    0x0C, 0x0C, 0xFF, 0x19, 0xFE, 0xF3, 0xC3, 0x44, 0x41, 0x2C, 0x90, 0x62, 0x10, 0x06, 0x00, 0x82,
    0x84, 0x1F, 0xB4, 0x78, 0x9C, 0x3D, 0x89, 0xC1, 0x0D, 0x00, 0x40, 0x08, 0x83, 0xD8, 0xC0, 0xFD,
    0xB7, 0x74, 0x03, 0xAE, 0x6A, 0x72, 0x8F, 0x92, 0x40, 0x41, 0x81, 0xD6, 0x02, 0x6B, 0xC4, 0x58,
    0xA8, 0x9F, 0x6C, 0x99, 0x3F, 0xEB, 0xB0, 0x2F, 0x2F, 0x1E, 0x1B, 0x5F, 0x1E, 0xD3, 0x78, 0x9C,
    0x63, 0x60, 0xF8, 0xCF, 0xCF, 0x00, 0x04, 0xE8, 0xE4, 0x87, 0xFF, 0x40, 0x00, 0x25, 0x31, 0x65,
    0x21, 0x24, 0x00, 0x36, 0x5E, 0x12, 0x49, 0x78, 0x9C, 0x63, 0x60, 0x00, 0x81, 0x0F, 0xFF, 0x81,
    0x00, 0x4A, 0x02, 0x00, 0x44, 0xBE, 0x09, 0xD9, 0x78, 0x9C, 0x63, 0x60, 0x00, 0x81, 0x0F, 0xFF,
    0x81, 0x00, 0x4A, 0x62, 0x02, 0x64, 0x59, 0x00, 0xB0, 0xE7, 0x13, 0xB1, 0x78, 0x9C, 0x63, 0x60,
    0x00, 0x81, 0xFF, 0xFC, 0x40, 0xCC, 0xC0, 0xF0, 0xE1, 0x3F, 0x94, 0x89, 0xE0, 0xE2, 0xC3, 0x20,
    0x35, 0x0C, 0x40, 0xA5, 0x00, 0x08, 0x57, 0x17, 0x9E, 0x78, 0x9C, 0x63, 0x60, 0x00, 0x81, 0xFF,
    0x20, 0xCC, 0x4F, 0x04, 0x66, 0x60, 0xF8, 0x00, 0xC2, 0x10, 0x2E, 0x88, 0xC9, 0x00, 0x64, 0x02,
    0x00, 0x2F, 0x04, 0x11, 0x77, 0x78, 0x9C, 0x1D, 0x8A, 0xC1, 0x11, 0x00, 0x00, 0x0C, 0xC1, 0xB2,
    0x81, 0xFD, 0xB7, 0xEC, 0x06, 0xA9, 0xF3, 0xE0, 0x04, 0x9C, 0x01, 0x15, 0x58, 0xC4, 0x5C, 0x31,
    0xCE, 0x82, 0x2B, 0xBA, 0xED, 0x57, 0x3D, 0x8A, 0x87, 0x19, 0x24, 0x78, 0x9C, 0x55, 0x8F, 0xC1,
    0x11, 0x00, 0x21, 0x0C, 0x02, 0xD3, 0x01, 0xFD, 0x77, 0x49, 0x07, 0x98, 0x80, 0x71, 0xEE, 0xF8,
    0xEC, 0x08, 0x4A, 0x62, 0x55, 0x0B, 0x2C, 0x0B, 0x32, 0x08, 0x18, 0x32, 0x29, 0x69, 0xA8, 0x91,
    0x8F, 0xE8, 0xC4, 0xE9, 0xF8, 0xED, 0x21, 0xB1, 0x9F, 0xB5, 0x4D, 0xFE, 0x29, 0xDE, 0xB2, 0xA5,
    0xD2, 0xBA, 0xED, 0x4B, 0x2E, 0x0B, 0x99, 0xFA, 0x1D, 0xFB, 0xD6, 0x60, 0x50, 0xBE, 0x35, 0x64,
    0xA8, 0xFC, 0xE1, 0x00, 0x2B, 0xDF, 0x50, 0xEC, 0x78, 0x9C, 0x65, 0xCE, 0xDB, 0x09, 0x00, 0x30,
    0x08, 0x03, 0xC0, 0x6C, 0x90, 0xFD, 0xB7, 0xCC, 0x06, 0x29, 0x55, 0x02, 0xDA, 0xFA, 0x75, 0xF8,
    0x06, 0x00, 0xD9, 0xA8, 0xB0, 0x5B, 0x0A, 0x6C, 0x8A, 0x8D, 0xEE, 0x90, 0xB9, 0x51, 0xAD, 0x9C,
    0xD8, 0xA5, 0xAC, 0xF5, 0x3B, 0x8E, 0x9C, 0x4C, 0x62, 0xFC, 0x70, 0xAD, 0x0F, 0x07, 0xD8, 0xF9,
    0x47, 0x5F, 0x78, 0x9C, 0x6D, 0xCC, 0xC1, 0x0D, 0x00, 0x30, 0x08, 0x02, 0x40, 0x36, 0x60, 0xFF,
    0x2D, 0xDD, 0x80, 0x4A, 0x13, 0x6A, 0x1F, 0xEA, 0xE3, 0x0C, 0x51, 0x01, 0x09, 0x10, 0xF1, 0x5B,
    0x3D, 0xC6, 0x92, 0xB8, 0xD8, 0xB8, 0x18, 0xFB, 0xD4, 0xFD, 0x72, 0x4D, 0x5E, 0xBC, 0xEF, 0xA2,
    0x57, 0xFC, 0x66, 0x91, 0xE3, 0x01, 0xFA, 0x75, 0x57, 0x6D, 0x78, 0x9C, 0x6D, 0x8D, 0xC1, 0x0D,
    0x00, 0x30, 0x08, 0x02, 0xD9, 0xC0, 0xFD, 0xB7, 0xEC, 0x06, 0x14, 0xA1, 0x26, 0x3E, 0xCA, 0xC3,
    0xD3, 0xA0, 0x08, 0x90, 0x2C, 0x48, 0x7C, 0x4D, 0x93, 0xC0, 0xD1, 0xB0, 0xC9, 0xE8, 0x04, 0x35,
    0x94, 0x2F, 0xAF, 0xDA, 0xF7, 0xEA, 0x9C, 0xEF, 0xB8, 0xC4, 0xBB, 0x66, 0xE7, 0x4B, 0xC3, 0xAF,
    0x5A, 0x17, 0xCA, 0x5B, 0x46, 0xF6, 0x78, 0x9C, 0x65, 0xCE, 0xD1, 0x0D, 0x00, 0x20, 0x08, 0x43,
    0xC1, 0x6E, 0xE0, 0xFE, 0x5B, 0xB2, 0x41, 0x7D, 0xB5, 0xFE, 0x18, 0x09, 0xC1, 0xC3, 0x08, 0x51,
    0xF2, 0x92, 0x34, 0x26, 0x03, 0x0A, 0xA0, 0x2D, 0x7C, 0xA1, 0x40, 0xC5, 0xBC, 0xE8, 0x73, 0xDA,
    0x13, 0x5C, 0x34, 0x32, 0xE5, 0x59, 0x59, 0x4A, 0x25, 0x55, 0x38, 0x70, 0x66, 0x7E, 0x9C, 0x0F,
    0x64, 0xF3, 0x0F, 0xCE, 0x0D, 0xC5, 0x99, 0x5D, 0x76, 0x78, 0x9C, 0x5D, 0x8E, 0xD1, 0x11, 0x00,
    0x20, 0x08, 0x42, 0xD9, 0xC0, 0xFD, 0xB7, 0x74, 0x03, 0xD2, 0xD0, 0xB2, 0xF8, 0xF1, 0x1D, 0x1E,
    0x22, 0x10, 0x72, 0x1A, 0x30, 0xC0, 0x19, 0x7A, 0x20, 0x71, 0x0F, 0x9A, 0x0C, 0xF6, 0x26, 0xA7,
    0x29, 0xAA, 0x74, 0xDA, 0x0D, 0xE5, 0xD8, 0x04, 0x85, 0xF0, 0x9D, 0xB9, 0x4D, 0x71, 0xA7, 0xBE,
    0xE9, 0xE2, 0x5A, 0x1D, 0x58, 0xA4, 0x7F, 0x48, 0xA9, 0x78, 0x9C, 0x45, 0x8D, 0xC1, 0x11, 0x00,
    0x30, 0x08, 0xC2, 0xB2, 0x81, 0xFB, 0x6F, 0xD9, 0x0D, 0x68, 0xAB, 0x1C, 0xFA, 0x91, 0x83, 0x28,
    0x00, 0x47, 0x82, 0xD9, 0xAA, 0x2F, 0xF4, 0xC7, 0x41, 0x3B, 0x06, 0x9E, 0x51, 0x23, 0x9A, 0xA8,
    0x39, 0x91, 0x91, 0x44, 0xE4, 0x5B, 0x7B, 0x11, 0x89, 0x16, 0x3E, 0x2B, 0x5C, 0x95, 0x72, 0x72,
    0x66, 0xFC, 0x02, 0xF6, 0x35, 0x41, 0xFB, 0x78, 0x9C, 0x65, 0xCD, 0xCB, 0x09, 0x00, 0x30, 0x08,
    0x04, 0xD1, 0xE9, 0xC0, 0xFE, 0xBB, 0xB4, 0x83, 0x0D, 0x8A, 0x1B, 0xF2, 0xF1, 0xE2, 0x43, 0x06,
    0x24, 0xD5, 0x03, 0x3F, 0x8A, 0x01, 0x2F, 0xB2, 0xE1, 0xA4, 0x10, 0x03, 0x6F, 0x11, 0x53, 0xF4,
    0x49, 0xB8, 0xCD, 0xD9, 0x6E, 0x53, 0x1B, 0xC7, 0x07, 0xDC, 0xDC, 0x58, 0x5E, 0x33, 0x43, 0x9F,
    0x78, 0x9C, 0x7D, 0x8D, 0xC1, 0x0D, 0x00, 0x30, 0x08, 0x02, 0xD9, 0xC0, 0xFD, 0xB7, 0x74, 0x03,
    0x14, 0xC5, 0xA4, 0xAF, 0xF2, 0x39, 0xD1, 0x08, 0x00, 0xC9, 0x40, 0x8B, 0x1E, 0x44, 0x02, 0xD9,
    0x46, 0xE4, 0x2A, 0xCD, 0xDB, 0xDB, 0xC7, 0x11, 0x3E, 0xDD, 0xFB, 0x1B, 0x27, 0xE4, 0x96, 0x7C,
    0x38, 0x98, 0x4A, 0xA9, 0x00, 0xDB, 0x48, 0x4C, 0xD2, 0x78, 0x9C, 0x65, 0x8E, 0x89, 0x09, 0x00,
    0x30, 0x08, 0x03, 0xB3, 0x81, 0xFB, 0x6F, 0xE9, 0x06, 0x69, 0x35, 0x3E, 0x94, 0x0A, 0x72, 0x86,
    0x04, 0x15, 0x00, 0x9C, 0xC8, 0x1A, 0x5A, 0x49, 0x9A, 0xC0, 0x30, 0x28, 0x5E, 0x99, 0x01, 0x99,
    0xC1, 0x0A, 0xDB, 0x47, 0x66, 0xA3, 0xE9, 0xAD, 0xFD, 0xA3, 0x66, 0xAF, 0xF5, 0x75, 0x66, 0xCF,
    0xDA, 0x7E, 0x33, 0xDF, 0x81, 0x0F, 0x0F, 0x13, 0x87, 0x4F, 0x93, 0x78, 0x9C, 0x5D, 0x8D, 0xC1,
    0x0D, 0x00, 0x20, 0x0C, 0x02, 0xD9, 0xA0, 0xFB, 0x6F, 0xC9, 0x06, 0x28, 0xA5, 0x31, 0x6A, 0x3F,
    0x17, 0x28, 0x04, 0x00, 0x94, 0x80, 0x86, 0x6A, 0x53, 0x3E, 0xEB, 0x9A, 0x87, 0xAD, 0x87, 0x74,
    0xAE, 0x63, 0x72, 0x46, 0x29, 0x4E, 0x2B, 0xFA, 0xF0, 0xEF, 0x36, 0x19, 0x52, 0xF7, 0xDC, 0xCC,
    0x23, 0x58, 0x11, 0x62, 0x49, 0x7B, 0x78, 0x9C, 0x7D, 0x8E, 0xC1, 0x0D, 0x00, 0x30, 0x08, 0x02,
    0xDD, 0x80, 0xFD, 0xB7, 0x74, 0x03, 0xAA, 0x54, 0xD3, 0xFA, 0x68, 0xF9, 0x9C, 0xA0, 0x89, 0x98,
    0x85, 0x68, 0x92, 0x4F, 0x92, 0x84, 0x5C, 0x68, 0xDB, 0x0C, 0x64, 0x99, 0x16, 0x5A, 0xC7, 0x4C,
    0x5D, 0xE1, 0x45, 0x6F, 0xE2, 0xCF, 0xF3, 0x0D, 0xFD, 0xAE, 0x02, 0x54, 0x9D, 0xD9, 0x12, 0x37,
    0x17, 0xEA, 0x19, 0x4E, 0xA3, 0x78, 0x9C, 0x63, 0xF8, 0x0F, 0x06, 0xFC, 0x0C, 0x30, 0x1A, 0x0D,
    0x7C, 0x80, 0x88, 0xC3, 0x69, 0xB0, 0x08, 0x54, 0x86, 0x9F, 0x00, 0x0D, 0x31, 0xE1, 0x3F, 0x21,
    0x1A, 0xAB, 0x76, 0x00, 0x9E, 0xC9, 0x33, 0xBE, 0x78, 0x9C, 0x55, 0x8C, 0xD1, 0x15, 0x00, 0x20,
    0x08, 0x02, 0x6F, 0x03, 0xF7, 0xDF, 0xD2, 0x0D, 0x2C, 0xB1, 0x1E, 0xE5, 0xCF, 0x21, 0x22, 0x64,
    0xF5, 0xC0, 0xCB, 0x00, 0x09, 0x71, 0x8B, 0xA6, 0xCE, 0x61, 0x5E, 0xBF, 0x9D, 0x98, 0x78, 0xE1,
    0xF7, 0xB3, 0xBA, 0x85, 0xD9, 0xCD, 0xFC, 0xEA, 0xCD, 0x09, 0x2C, 0xB8, 0xCA, 0x3D, 0xB4, 0x78,
    0x9C, 0x5D, 0x8D, 0x01, 0x0E, 0x00, 0x20, 0x08, 0x02, 0xF9, 0x01, 0xFF, 0xFF, 0xA5, 0x3F, 0x20,
    0x2C, 0x6A, 0x15, 0x9B, 0x3B, 0x87, 0xA8, 0x00, 0x24, 0x4C, 0x5D, 0xEC, 0xAE, 0x24, 0x6D, 0x62,
    0x31, 0x60, 0xB1, 0x53, 0x96, 0xC9, 0x85, 0x36, 0x78, 0x62, 0x8E, 0x28, 0xF4, 0xDC, 0x1E, 0x9F,
    0xEA, 0x51, 0x65, 0xFF, 0x7F, 0x93, 0x33, 0x03, 0x0B, 0xD3, 0x46, 0xBA, 0x78, 0x9C, 0x6D, 0xCB,
    0x51, 0x0E, 0x00, 0x30, 0x04, 0x03, 0xD0, 0xDE, 0xC0, 0xFD, 0x6F, 0xE9, 0x06, 0x65, 0x95, 0xC6,
    0x96, 0xEC, 0x83, 0x17, 0x05, 0x90, 0x24, 0x03, 0x90, 0xB4, 0x1D, 0xF4, 0x60, 0xF3, 0x6B, 0xC8,
    0x53, 0x8A, 0xE6, 0xCD, 0xDF, 0x73, 0xB3, 0x6A, 0xCD, 0x15, 0x6A, 0xB7, 0xCF, 0x39, 0x0A, 0x87,
    0x45, 0x46, 0xD8, 0x78, 0x9C, 0x63, 0xF8, 0xF0, 0xFF, 0x3F, 0x3F, 0x03, 0x90, 0x60, 0x60, 0x00,
    0xD2, 0x58, 0x89, 0x0F, 0x40, 0x39, 0xEC, 0x04, 0x48, 0x05, 0x00, 0x0F, 0x6B, 0x15, 0xDC, 0x78,
    0x9C, 0xFB, 0xF0, 0xFF, 0x3F, 0xFF, 0x07, 0x20, 0x66, 0xF8, 0x00, 0xC6, 0x0C, 0x18, 0x18, 0x28,
    0x8C, 0x8A, 0x19, 0x18, 0x00, 0xD9, 0xB2, 0x16, 0xDB, 0x78, 0x9C, 0x63, 0x60, 0x00, 0x82, 0x0F,
    0xFF, 0x51, 0xF1, 0x7F, 0x7E, 0x0C, 0xFC, 0x01, 0x8C, 0xFF, 0xF3, 0x83, 0x30, 0x00, 0xE6, 0xB5,
    0x14, 0xFB, 0x78, 0x9C, 0x63, 0x60, 0x00, 0x83, 0x0F, 0xFF, 0x31, 0x89, 0xFF, 0xFC, 0xD8, 0x09,
    0x90, 0xE4, 0xFF, 0xFF, 0x30, 0x02, 0x00, 0x57, 0x42, 0x14, 0xEC, 0x78, 0x9C, 0x63, 0x60, 0xC0,
    0x02, 0x3E, 0xFC, 0xC7, 0x04, 0xFC, 0xC4, 0x0B, 0x02, 0x00, 0x93, 0x9B, 0x3B, 0xC5, 0x78, 0x9C,
    0x63, 0x60, 0xC0, 0x0B, 0x3E, 0xFC, 0xC7, 0x07, 0x28, 0x94, 0x06, 0x00, 0x98, 0xD3, 0x59, 0x7A,
    0x78, 0x9C, 0x8D, 0x8E, 0xC1, 0x0D, 0x00, 0x20, 0x08, 0x03, 0xBB, 0x81, 0xFB, 0x6F, 0xD9, 0x0D,
    0xAA, 0xB4, 0xC4, 0xF8, 0x30, 0x51, 0x1E, 0x70, 0x09, 0x70, 0x29, 0xB0, 0x4A, 0x1A, 0xC8, 0x94,
    0x6A, 0xB2, 0x60, 0x64, 0x61, 0xE0, 0x6A, 0xBC, 0x43, 0x7D, 0x50, 0x08, 0xA8, 0x21, 0x1A, 0x83,
    0x35, 0xFB, 0xEE, 0xE5, 0x3A, 0xA4, 0x95, 0x85, 0x0D, 0x89, 0x13, 0xB0, 0xD8, 0x8B, 0xDC, 0xE2,
    0x13, 0x26, 0x32, 0x89, 0x62, 0xDA,
};
const EpdGlyph bold_italic_fontGlyphs[] = {
    { 0, 0, 6, 0, 0, 8, 0 }, //
    { 9, 20, 10, 1, 20, 36, 8 }, // !
    { 12, 9, 15, 3, 20, 28, 44 }, // "
    { 16, 19, 15, 0, 19, 46, 72 }, // #
    { 15, 25, 15, 0, 22, 66, 118 }, // $
    { 23, 19, 24, 1, 19, 81, 184 }, // %
    { 19, 19, 18, 0, 19, 71, 265 }, // &
    { 6, 9, 8, 3, 20, 18, 336 }, // '
    { 10, 28, 10, 1, 22, 39, 354 }, // (
    { 10, 28, 10, -1, 22, 38, 393 }, // )
    { 12, 12, 13, 2, 22, 40, 431 }, // *
    { 14, 14, 15, 1, 17, 24, 471 }, // +
    { 7, 11, 8, -1, 5, 30, 495 }, // ,
    { 9, 4, 9, 0, 10, 17, 525 }, // -
    { 6, 5, 8, 0, 5, 17, 542 }, // .
    { 15, 26, 10, -3, 21, 34, 559 }, // /
    { 14, 19, 15, 1, 19, 56, 593 }, // 0
    { 13, 19, 15, 0, 19, 39, 649 }, // 1
    { 15, 19, 15, -1, 19, 52, 688 }, // 2
    { 16, 19, 15, -1, 19, 58, 740 }, // 3
    { 15, 19, 15, 0, 19, 58, 798 }, // 4
    { 16, 19, 15, -1, 19, 58, 856 }, // 5
    { 15, 19, 15, 1, 19, 60, 914 }, // 6
    { 14, 19, 15, 2, 19, 38, 974 }, // 7
    { 15, 19, 15, 0, 19, 60, 1012 }, // 8
    { 15, 19, 15, 0, 19, 57, 1072 }, // 9
    { 8, 15, 8, 0, 15, 32, 1129 }, // :
    { 9, 21, 8, -1, 15, 44, 1161 }, // ;
    { 14, 14, 15, 1, 17, 46, 1205 }, // <
    { 14, 11, 15, 1, 15, 21, 1251 }, // =
    { 14, 14, 15, 1, 17, 40, 1272 }, // >
    { 12, 21, 13, 2, 21, 46, 1312 }, // ?
    { 24, 24, 25, 1, 19, 93, 1358 }, // @
    { 17, 19, 16, -2, 19, 57, 1451 }, // A
    { 17, 19, 18, 0, 19, 58, 1508 }, // B
    { 16, 19, 17, 1, 19, 56, 1566 }, // C
    { 18, 19, 18, 0, 19, 60, 1622 }, // D
    { 16, 19, 15, 0, 19, 44, 1682 }, // E
    { 16, 19, 15, 0, 19, 40, 1726 }, // F
    { 17, 19, 18, 1, 19, 63, 1766 }, // G
    { 20, 19, 19, 0, 19, 44, 1829 }, // H
    { 9, 19, 9, 0, 19, 26, 1873 }, // I
    { 16, 19, 14, -1, 19, 43, 1899 }, // J
    { 19, 19, 18, 0, 19, 61, 1942 }, // K
    { 13, 19, 15, 0, 19, 34, 2003 }, // L
    { 22, 19, 22, 0, 19, 71, 2037 }, // M
    { 19, 19, 19, 0, 19, 60, 2108 }, // N
    { 18, 19, 19, 1, 19, 61, 2168 }, // O
    { 18, 19, 17, 0, 19, 54, 2229 }, // P
    { 18, 24, 19, 1, 19, 68, 2283 }, // Q
    { 18, 19, 17, 0, 19, 57, 2351 }, // R
    { 16, 19, 15, 0, 19, 60, 2408 }, // S
    { 16, 19, 16, 2, 19, 35, 2468 }, // T
    { 17, 19, 19, 2, 19, 58, 2503 }, // U
    { 17, 19, 16, 2, 19, 58, 2561 }, // V
    { 23, 19, 23, 2, 19, 69, 2619 }, // W
    { 20, 19, 16, -2, 19, 65, 2688 }, // X
    { 16, 19, 15, 2, 19, 53, 2753 }, // Y
    { 18, 19, 15, -1, 19, 51, 2806 }, // Z
    { 12, 26, 10, -1, 21, 36, 2857 }, // [
    { 6, 26, 10, 2, 21, 24, 2893 }, // <backslash>
    { 11, 26, 10, -1, 21, 39, 2917 }, // ]
    { 12, 12, 15, 2, 20, 41, 2956 }, // ^
    { 15, 3, 14, -2, -1, 17, 2997 }, // _
    { 8, 9, 16, 6, 25, 27, 3014 }, // `
    { 16, 15, 16, 0, 15, 55, 3041 }, // a
    { 16, 21, 16, 0, 21, 57, 3096 }, // b
    { 14, 15, 13, 0, 15, 48, 3153 }, // c
    { 17, 21, 16, 0, 21, 63, 3201 }, // d
    { 14, 15, 14, 0, 15, 54, 3264 }, // e
    { 12, 21, 10, 1, 21, 46, 3318 }, // f
    { 17, 20, 16, -1, 15, 64, 3364 }, // g
    { 15, 21, 16, 0, 21, 53, 3428 }, // h
    { 9, 21, 8, 0, 21, 38, 3481 }, // i
    { 13, 26, 8, -4, 21, 47, 3519 }, // j
    { 17, 21, 15, 0, 21, 63, 3566 }, // k
    { 8, 21, 8, 1, 21, 26, 3629 }, // l
    { 23, 15, 24, 0, 15, 57, 3655 }, // m
    { 15, 15, 16, 0, 15, 41, 3712 }, // n
    { 15, 15, 16, 0, 15, 53, 3753 }, // o
    { 17, 20, 16, -1, 15, 54, 3806 }, // p
    { 16, 20, 16, 0, 15, 60, 3860 }, // q
    { 13, 15, 11, 0, 15, 41, 3920 }, // r
    { 14, 15, 12, -1, 15, 51, 3961 }, // s
    { 11, 19, 11, 1, 19, 43, 4012 }, // t
    { 15, 15, 16, 1, 15, 41, 4055 }, // u
    { 15, 15, 15, 1, 15, 50, 4096 }, // v
    { 21, 15, 22, 2, 15, 56, 4146 }, // w
    { 18, 15, 14, -2, 15, 54, 4202 }, // x
    { 18, 20, 15, -2, 15, 58, 4256 }, // y
    { 15, 15, 13, -1, 15, 36, 4314 }, // z
    { 11, 26, 10, 0, 21, 47, 4350 }, // {
    { 4, 30, 7, 2, 23, 13, 4397 }, // |
    { 12, 26, 10, -2, 21, 48, 4410 }, // }
    { 14, 6, 15, 1, 13, 32, 4458 }, // ~
    { 0, 0, 6, 0, 0, 8, 4490 }, //  
    { 9, 20, 10, 0, 15, 33, 4498 }, // ¡
    { 14, 21, 15, 2, 20, 58, 4531 }, // ¢
    { 17, 19, 15, -1, 19, 56, 4589 }, // £
    { 16, 16, 15, 0, 18, 56, 4645 }, // ¤
    { 17, 19, 15, 0, 19, 60, 4701 }, // ¥
    { 4, 30, 7, 2, 23, 19, 4761 }, // ¦
    { 15, 23, 15, 0, 21, 69, 4780 }, // §
    { 11, 4, 16, 5, 21, 21, 4849 }, // ¨
    { 20, 20, 20, 0, 20, 77, 4870 }, // ©
    { 11, 10, 11, 2, 21, 39, 4947 }, // ª
    { 12, 13, 13, 1, 14, 43, 4986 }, // «
    { 14, 10, 15, 1, 12, 22, 5029 }, // ¬
    { 9, 4, 9, 0, 10, 17, 5051 }, // ­
    { 12, 13, 13, 2, 22, 48, 5068 }, // ®
    { 10, 3, 16, 5, 21, 16, 5116 }, // ¯
    { 9, 8, 10, 2, 20, 36, 5132 }, // °
    { 14, 17, 15, 1, 17, 28, 5168 }, // ±
    { 11, 12, 11, 1, 23, 38, 5196 }, // ²
    { 11, 13, 11, 1, 24, 46, 5234 }, // ³
    { 9, 8, 16, 7, 25, 32, 5280 }, // ´
    { 17, 20, 16, -1, 15, 49, 5312 }, // µ
    { 16, 22, 18, 2, 19, 57, 5361 }, // ¶
    { 6, 5, 8, 2, 12, 20, 5418 }, // ·
    { 7, 7, 16, 2, 0, 26, 5438 }, // ¸
    { 7, 12, 11, 4, 23, 27, 5464 }, // ¹
    { 10, 10, 10, 2, 21, 38, 5491 }, // º
    { 13, 13, 13, 0, 14, 48, 5529 }, // »
    { 19, 20, 23, 3, 20, 75, 5577 }, // ¼
    { 21, 21, 24, 2, 20, 77, 5652 }, // ½
    { 22, 21, 23, 1, 21, 84, 5729 }, // ¾
    { 12, 20, 13, -1, 15, 49, 5813 }, // ¿
    { 17, 27, 16, -2, 27, 68, 5862 }, // À
    { 18, 26, 16, -2, 26, 68, 5930 }, // Á
    { 18, 25, 16, -2, 25, 70, 5998 }, // Â
    { 20, 26, 16, -2, 26, 77, 6068 }, // Ã
    { 19, 25, 16, -2, 25, 71, 6145 }, // Ä
    { 17, 27, 16, -2, 27, 70, 6216 }, // Å
    { 27, 19, 24, -2, 19, 72, 6286 }, // Æ
    { 16, 26, 17, 1, 19, 66, 6358 }, // Ç
    { 16, 27, 15, 0, 27, 59, 6424 }, // È
    { 16, 26, 15, 0, 26, 61, 6483 }, // É
    { 16, 25, 15, 0, 25, 60, 6544 }, // Ê
    { 16, 25, 15, 0, 25, 56, 6604 }, // Ë
    { 10, 27, 9, 0, 27, 41, 6660 }, // Ì
    { 12, 26, 9, 0, 26, 42, 6701 }, // Í
    { 12, 25, 9, 0, 25, 43, 6743 }, // Î
    { 13, 25, 9, 0, 25, 37, 6786 }, // Ï
    { 17, 19, 19, 1, 19, 61, 6823 }, // Ð
    { 19, 26, 19, 0, 26, 75, 6884 }, // Ñ
    { 18, 26, 19, 1, 26, 72, 6959 }, // Ò
    { 18, 26, 19, 1, 26, 69, 7031 }, // Ó
    { 18, 25, 19, 1, 25, 75, 7100 }, // Ô
    { 18, 26, 19, 1, 26, 75, 7175 }, // Õ
    { 18, 25, 19, 1, 25, 70, 7250 }, // Ö
    { 13, 13, 15, 1, 16, 50, 7320 }, // ×
    { 22, 22, 19, -1, 21, 81, 7370 }, // Ø
    { 17, 27, 19, 2, 27, 68, 7451 }, // Ù
    { 17, 26, 19, 2, 26, 71, 7519 }, // Ú
    { 17, 25, 19, 2, 25, 75, 7590 }, // Û
    { 17, 25, 19, 2, 25, 69, 7665 }, // Ü
    { 16, 26, 15, 2, 26, 66, 7734 }, // Ý
    { 17, 19, 17, 0, 19, 55, 7800 }, // Þ
    { 17, 21, 18, 0, 21, 70, 7855 }, // ß
    { 16, 25, 16, 0, 25, 67, 7925 }, // à
    { 16, 25, 16, 0, 25, 68, 7992 }, // á
    { 16, 23, 16, 0, 23, 70, 8060 }, // â
    { 16, 23, 16, 0, 23, 68, 8130 }, // ã
    { 16, 21, 16, 0, 21, 63, 8198 }, // ä
    { 16, 23, 16, 0, 23, 69, 8261 }, // å
    { 22, 15, 22, 0, 15, 65, 8330 }, // æ
    { 14, 22, 13, 0, 15, 57, 8395 }, // ç
    { 14, 25, 14, 0, 25, 66, 8452 }, // è
    { 16, 25, 14, 0, 25, 68, 8518 }, // é
    { 15, 23, 14, 0, 23, 67, 8586 }, // ê
    { 15, 21, 14, 0, 21, 62, 8653 }, // ë
    { 10, 25, 8, 0, 25, 42, 8715 }, // ì
    { 12, 25, 8, 0, 25, 44, 8757 }, // í
    { 12, 22, 8, 0, 22, 48, 8801 }, // î
    { 12, 21, 8, 0, 21, 37, 8849 }, // ï
    { 17, 23, 16, 0, 23, 68, 8886 }, // ð
    { 17, 22, 16, 0, 22, 68, 8954 }, // ñ
    { 15, 25, 16, 0, 25, 64, 9022 }, // ò
    { 16, 25, 16, 0, 25, 64, 9086 }, // ó
    { 16, 23, 16, 0, 23, 65, 9150 }, // ô
    { 17, 23, 16, 0, 23, 70, 9215 }, // õ
    { 16, 21, 16, 0, 21, 57, 9285 }, // ö
    { 14, 15, 15, 1, 17, 32, 9342 }, // ÷
    { 16, 17, 16, 0, 16, 58, 9374 }, // ø
    { 15, 25, 16, 1, 25, 60, 9432 }, // ù
    { 15, 25, 16, 1, 25, 60, 9492 }, // ú
    { 15, 23, 16, 1, 23, 62, 9552 }, // û
    { 15, 21, 16, 1, 21, 51, 9614 }, // ü
    { 18, 30, 15, -2, 25, 76, 9665 }, // ý
    { 17, 26, 16, -1, 21, 57, 9741 }, // þ
    { 18, 26, 15, -2, 21, 68, 9798 }, // ÿ
    { 18, 24, 16, -2, 24, 64, 9866 }, // Ā
    { 16, 21, 16, 0, 21, 61, 9930 }, // ā
    { 19, 25, 16, -2, 25, 71, 9991 }, // Ă
    { 16, 22, 16, 0, 22, 67, 10062 }, // ă
    { 17, 26, 16, -2, 19, 66, 10129 }, // Ą
    { 16, 20, 16, 0, 15, 62, 10195 }, // ą
    { 16, 26, 17, 1, 26, 61, 10257 }, // Ć
    { 15, 25, 13, 0, 25, 60, 10318 }, // ć
    { 17, 25, 17, 1, 25, 69, 10378 }, // Ĉ
    { 15, 23, 13, 0, 23, 63, 10447 }, // ĉ
    { 16, 25, 17, 1, 25, 63, 10510 }, // Ċ
    { 14, 21, 13, 0, 21, 56, 10573 }, // ċ
    { 17, 26, 17, 1, 26, 68, 10629 }, // Č
    { 16, 23, 13, 0, 23, 64, 10697 }, // č
    { 18, 25, 18, 0, 25, 75, 10761 }, // Ď
    { 21, 23, 17, 0, 23, 73, 10836 }, // ď
    { 17, 19, 19, 1, 19, 61, 10909 }, // Đ
    { 19, 21, 16, 0, 21, 67, 10970 }, // đ
    { 16, 24, 15, 0, 24, 55, 11037 }, // Ē
    { 15, 21, 14, 0, 21, 62, 11092 }, // ē
    { 17, 25, 15, 0, 25, 65, 11154 }, // Ĕ
    { 16, 22, 14, 0, 22, 68, 11219 }, // ĕ
    { 16, 25, 15, 0, 25, 52, 11287 }, // Ė
    { 14, 21, 14, 0, 21, 61, 11339 }, // ė
    { 16, 26, 15, 0, 19, 56, 11400 }, // Ę
    { 14, 20, 14, 0, 15, 59, 11456 }, // ę
    { 17, 25, 15, 0, 25, 62, 11515 }, // Ě
    { 16, 23, 14, 0, 23, 69, 11577 }, // ě
    { 17, 25, 18, 1, 25, 77, 11646 }, // Ĝ
    { 17, 28, 16, -1, 23, 81, 11723 }, // ĝ
    { 17, 26, 18, 1, 26, 80, 11804 }, // Ğ
    { 17, 27, 16, -1, 22, 74, 11884 }, // ğ
    { 17, 25, 18, 1, 25, 70, 11958 }, // Ġ
    { 17, 26, 16, -1, 21, 71, 12028 }, // ġ
    { 17, 26, 18, 1, 19, 77, 12099 }, // Ģ
    { 17, 28, 16, -1, 23, 75, 12176 }, // ģ
    { 20, 25, 19, 0, 25, 63, 12251 }, // Ĥ
    { 18, 26, 16, 0, 26, 71, 12314 }, // ĥ
    { 21, 19, 20, 1, 19, 52, 12385 }, // Ħ
    { 15, 21, 16, 0, 21, 57, 12437 }, // ħ
    { 14, 26, 9, 0, 26, 50, 12494 }, // Ĩ
    { 13, 22, 8, 0, 22, 48, 12544 }, // ĩ
    { 12, 24, 9, 0, 24, 32, 12592 }, // Ī
    { 11, 20, 8, 0, 20, 32, 12624 }, // ī
    { 13, 25, 9, 0, 25, 47, 12656 }, // Ĭ
    { 12, 22, 8, 0, 22, 43, 12703 }, // ĭ
    { 11, 26, 9, -2, 19, 38, 12746 }, // Į
    { 11, 26, 8, -2, 21, 45, 12784 }, // į
    { 10, 25, 9, 0, 25, 37, 12829 }, // İ
    { 8, 15, 8, 0, 15, 25, 12866 }, // ı
    { 18, 24, 17, 0, 19, 51, 12891 }, // Ĳ
    { 17, 26, 16, 0, 21, 63, 12942 }, // ĳ
    { 19, 25, 14, -1, 25, 65, 13005 }, // Ĵ
    { 16, 28, 8, -4, 23, 63, 13070 }, // ĵ
    { 19, 26, 18, 0, 19, 70, 13133 }, // Ķ
    { 17, 28, 15, 0, 21, 72, 13203 }, // ķ
    { 17, 15, 15, 0, 15, 59, 13275 }, // ĸ
    { 13, 26, 15, 0, 26, 50, 13334 }, // Ĺ
    { 11, 28, 8, 1, 28, 44, 13384 }, // ĺ
    { 13, 26, 15, 0, 19, 44, 13428 }, // Ļ
    { 10, 28, 8, -1, 21, 40, 13472 }, // ļ
    { 16, 22, 15, 0, 22, 50, 13512 }, // Ľ
    { 12, 23, 8, 1, 23, 44, 13562 }, // ľ
    { 15, 19, 15, 0, 19, 43, 13606 }, // Ŀ
    { 12, 21, 12, 1, 21, 41, 13649 }, // ŀ
    { 14, 19, 15, -1, 19, 44, 13690 }, // Ł
    { 12, 21, 10, 0, 21, 45, 13734 }, // ł
    { 19, 26, 19, 0, 26, 76, 13779 }, // Ń
    { 17, 25, 16, 0, 25, 67, 13855 }, // ń
    { 19, 27, 19, 0, 19, 73, 13922 }, // Ņ
    { 15, 22, 16, 0, 15, 56, 13995 }, // ņ
    { 19, 25, 19, 0, 25, 72, 14051 }, // Ň
    { 17, 23, 16, 0, 23, 67, 14123 }, // ň
    { 20, 21, 24, 3, 21, 66, 14190 }, // ŉ
    { 19, 19, 19, 0, 19, 61, 14256 }, // Ŋ
    { 15, 20, 16, 0, 15, 54, 14317 }, // ŋ
    { 18, 24, 19, 1, 24, 68, 14371 }, // Ō
    { 15, 21, 16, 0, 21, 58, 14439 }, // ō
    { 18, 26, 19, 1, 26, 77, 14497 }, // Ŏ
    { 16, 22, 16, 0, 22, 64, 14574 }, // ŏ
    { 19, 26, 19, 1, 26, 76, 14638 }, // Ő
    { 18, 24, 16, 0, 24, 71, 14714 }, // ő
    { 24, 19, 24, 1, 19, 66, 14785 }, // Œ
    { 23, 15, 23, 0, 15, 71, 14851 }, // œ
    { 18, 26, 17, 0, 26, 68, 14922 }, // Ŕ
    { 15, 25, 11, 0, 25, 59, 14990 }, // ŕ
    { 18, 26, 17, 0, 19, 68, 15049 }, // Ŗ
    { 15, 22, 11, -2, 15, 52, 15117 }, // ŗ
    { 18, 25, 17, 0, 25, 70, 15169 }, // Ř
    { 15, 23, 11, 0, 23, 59, 15239 }, // ř
    { 16, 26, 15, 0, 26, 70, 15298 }, // Ś
    { 15, 25, 12, -1, 25, 64, 15368 }, // ś
    { 16, 25, 15, 0, 25, 71, 15432 }, // Ŝ
    { 15, 23, 12, -1, 23, 63, 15503 }, // ŝ
    { 16, 26, 15, 0, 19, 71, 15566 }, // Ş
    { 14, 22, 12, -1, 15, 60, 15637 }, // ş
    { 17, 26, 15, 0, 26, 75, 15697 }, // Š
    { 16, 23, 12, -1, 23, 63, 15772 }, // š
    { 16, 26, 16, 2, 19, 50, 15835 }, // Ţ
    { 11, 26, 11, 1, 19, 55, 15885 }, // ţ
    { 16, 25, 16, 2, 25, 54, 15940 }, // Ť
    { 13, 23, 11, 1, 23, 52, 15994 }, // ť
    { 16, 19, 16, 2, 19, 45, 16046 }, // Ŧ
    { 12, 19, 11, 0, 19, 48, 16091 }, // ŧ
    { 17, 26, 19, 2, 26, 73, 16139 }, // Ũ
    { 15, 23, 16, 1, 23, 66, 16212 }, // ũ
    { 17, 24, 19, 2, 24, 64, 16278 }, // Ū
    { 15, 21, 16, 1, 21, 50, 16342 }, // ū
    { 17, 26, 19, 2, 26, 73, 16392 }, // Ŭ
    { 15, 22, 16, 1, 22, 61, 16465 }, // ŭ
    { 17, 27, 19, 2, 27, 73, 16526 }, // Ů
    { 15, 23, 16, 1, 23, 61, 16599 }, // ů
    { 19, 26, 19, 2, 26, 74, 16660 }, // Ű
    { 17, 24, 16, 1, 24, 69, 16734 }, // ű
    { 17, 26, 19, 2, 19, 66, 16803 }, // Ų
    { 15, 20, 16, 1, 15, 53, 16869 }, // ų
    { 23, 25, 23, 2, 25, 82, 16922 }, // Ŵ
    { 21, 22, 22, 2, 22, 74, 17004 }, // ŵ
    { 16, 25, 15, 2, 25, 67, 17078 }, // Ŷ
    { 18, 28, 15, -2, 23, 76, 17145 }, // ŷ
    { 16, 25, 15, 2, 25, 64, 17221 }, // Ÿ
    { 18, 26, 15, -1, 26, 66, 17285 }, // Ź
    { 16, 25, 13, -1, 25, 53, 17351 }, // ź
    { 18, 25, 15, -1, 25, 60, 17404 }, // Ż
    { 15, 21, 13, -1, 21, 47, 17464 }, // ż
    { 18, 25, 15, -1, 25, 67, 17511 }, // Ž
    { 17, 23, 13, -1, 23, 59, 17578 }, // ž
    { 16, 21, 16, 0, 21, 63, 17637 }, // ƀ
    { 18, 19, 19, 1, 19, 65, 17700 }, // Ə
    { 19, 23, 15, -2, 19, 57, 17765 }, // ƒ
    { 20, 24, 18, 1, 24, 69, 17822 }, // Ɠ
    { 20, 24, 19, 1, 24, 68, 17891 }, // Ơ
    { 18, 20, 16, 0, 20, 63, 17959 }, // ơ
    { 21, 24, 19, 2, 24, 71, 18022 }, // Ư
    { 18, 21, 17, 1, 21, 61, 18093 }, // ư
    { 14, 21, 12, -1, 21, 44, 18154 }, // ǂ
    { 9, 21, 9, 1, 21, 38, 18198 }, // ǃ
    { 19, 25, 16, -2, 25, 72, 18236 }, // Ǎ
    { 16, 23, 16, 0, 23, 72, 18308 }, // ǎ
    { 13, 25, 9, 0, 25, 43, 18380 }, // Ǐ
    { 12, 23, 8, 0, 23, 49, 18423 }, // ǐ
    { 18, 26, 19, 1, 26, 71, 18472 }, // Ǒ
    { 16, 23, 16, 0, 23, 66, 18543 }, // ǒ
    { 17, 26, 19, 2, 26, 72, 18609 }, // Ǔ
    { 15, 23, 16, 1, 23, 61, 18681 }, // ǔ
    { 17, 28, 19, 2, 28, 70, 18742 }, // Ǖ
    { 15, 25, 16, 1, 25, 60, 18812 }, // ǖ
    { 17, 30, 19, 2, 30, 73, 18872 }, // Ǘ
    { 15, 27, 16, 1, 27, 64, 18945 }, // ǘ
    { 17, 30, 19, 2, 30, 71, 19009 }, // Ǚ
    { 15, 27, 16, 1, 27, 68, 19080 }, // ǚ
    { 17, 30, 19, 2, 30, 71, 19148 }, // Ǜ
    { 15, 27, 16, 1, 27, 64, 19219 }, // ǜ
    { 27, 24, 24, -2, 24, 75, 19283 }, // Ǣ
    { 22, 21, 22, 0, 21, 74, 19358 }, // ǣ
    { 17, 26, 18, 1, 26, 76, 19432 }, // Ǧ
    { 17, 29, 16, -1, 24, 78, 19508 }, // ǧ
    { 18, 26, 19, 1, 19, 71, 19586 }, // Ǫ
    { 15, 20, 16, 0, 15, 59, 19657 }, // ǫ
    { 17, 26, 18, 1, 26, 72, 19716 }, // Ǵ
    { 17, 30, 16, -1, 25, 76, 19788 }, // ǵ
    { 19, 27, 19, 0, 27, 73, 19864 }, // Ǹ
    { 15, 25, 16, 0, 25, 62, 19937 }, // ǹ
    { 27, 27, 24, -2, 27, 83, 19999 }, // Ǽ
    { 22, 25, 22, 0, 25, 81, 20082 }, // ǽ
    { 16, 26, 15, 0, 19, 72, 20163 }, // Ș
    { 14, 22, 12, -1, 15, 61, 20235 }, // ș
    { 16, 26, 16, 2, 19, 45, 20296 }, // Ț
    { 11, 26, 11, 1, 19, 55, 20341 }, // ț
    { 12, 20, 8, -4, 15, 35, 20396 }, // ȷ
    { 19, 19, 18, -1, 19, 66, 20431 }, // Ƀ
    { 14, 15, 15, 1, 15, 50, 20497 }, // ɐ
    { 16, 15, 16, 0, 15, 54, 20547 }, // ɑ
    { 16, 15, 16, 0, 15, 51, 20601 }, // ɒ
    { 16, 21, 16, 0, 21, 65, 20652 }, // ɓ
    { 14, 15, 13, -1, 15, 44, 20717 }, // ɔ
    { 15, 17, 14, -1, 15, 62, 20761 }, // ɕ
    { 17, 26, 16, 0, 21, 69, 20823 }, // ɖ
    { 20, 21, 16, 0, 21, 67, 20892 }, // ɗ
    { 14, 15, 14, 0, 15, 53, 20959 }, // ɘ
    { 14, 15, 14, 0, 15, 51, 21012 }, // ə
    { 21, 15, 20, 0, 15, 63, 21063 }, // ɚ
    { 14, 15, 13, 0, 15, 51, 21126 }, // ɛ
    { 14, 15, 13, -1, 15, 51, 21177 }, // ɜ
    { 15, 15, 15, 0, 15, 54, 21228 }, // ɞ
    { 14, 20, 9, -4, 15, 44, 21282 }, // ɟ
    { 21, 24, 16, -1, 19, 72, 21326 }, // ɠ
    { 17, 20, 16, -1, 15, 64, 21398 }, // ɡ
    { 15, 15, 15, 0, 15, 57, 21462 }, // ɢ
    { 16, 20, 15, 0, 15, 54, 21519 }, // ɣ
    { 16, 15, 16, 1, 15, 52, 21573 }, // ɤ
    { 15, 20, 16, 1, 15, 51, 21625 }, // ɥ
    { 15, 21, 16, 0, 21, 59, 21676 }, // ɦ
    { 15, 26, 16, 0, 21, 69, 21735 }, // ɧ
    { 11, 21, 9, -1, 21, 45, 21804 }, // ɨ
    { 7, 15, 8, 1, 15, 26, 21849 }, // ɩ
    { 12, 15, 11, 0, 15, 35, 21875 }, // ɪ
    { 15, 21, 13, 0, 21, 54, 21910 }, // ɫ
    { 12, 21, 12, 0, 21, 44, 21964 }, // ɬ
    { 9, 26, 8, 0, 21, 31, 22008 }, // ɭ
    { 19, 26, 18, 0, 21, 73, 22039 }, // ɮ
    { 23, 15, 24, 1, 15, 52, 22112 }, // ɯ
    { 23, 20, 24, 1, 15, 59, 22164 }, // ɰ
    { 23, 20, 24, 0, 15, 67, 22223 }, // ɱ
    { 19, 20, 16, -4, 15, 59, 22290 }, // ɲ
    { 15, 20, 16, 0, 15, 51, 22349 }, // ɳ
    { 16, 15, 16, 0, 15, 44, 22400 }, // ɴ
    { 15, 15, 16, 0, 15, 54, 22444 }, // ɵ
    { 21, 15, 20, 0, 15, 52, 22498 }, // ɶ
    { 21, 15, 21, 0, 15, 64, 22550 }, // ɷ
    { 20, 26, 21, 0, 21, 75, 22614 }, // ɸ
    { 13, 15, 11, -2, 15, 43, 22689 }, // ɹ
    { 14, 21, 11, -2, 21, 43, 22732 }, // ɺ
    { 13, 20, 11, -2, 15, 47, 22775 }, // ɻ
    { 13, 20, 11, 0, 15, 48, 22822 }, // ɽ
    { 13, 15, 11, 0, 15, 40, 22870 }, // ɾ
    { 14, 15, 15, 0, 15, 47, 22910 }, // ʀ
    { 16, 15, 15, 0, 15, 53, 22957 }, // ʁ
    { 14, 20, 12, -1, 15, 58, 23010 }, // ʂ
    { 16, 26, 8, -4, 21, 51, 23068 }, // ʃ
    { 17, 26, 9, -4, 21, 46, 23119 }, // ʄ
    { 12, 25, 11, 0, 20, 45, 23165 }, // ʈ
    { 18, 15, 16, 0, 15, 51, 23210 }, // ʉ
    { 17, 15, 16, 0, 15, 55, 23261 }, // ʊ
    { 14, 15, 16, 1, 15, 49, 23316 }, // ʋ
    { 14, 15, 15, -1, 15, 48, 23365 }, // ʌ
    { 21, 15, 22, -1, 15, 60, 23413 }, // ʍ
    { 18, 21, 15, -1, 21, 60, 23473 }, // ʎ
    { 14, 15, 13, 1, 15, 48, 23533 }, // ʏ
    { 15, 20, 13, -1, 15, 44, 23581 }, // ʐ
    { 15, 18, 14, -1, 15, 54, 23625 }, // ʑ
    { 15, 20, 13, -2, 15, 55, 23679 }, // ʒ
    { 13, 21, 13, 1, 21, 55, 23734 }, // ʔ
    { 14, 21, 13, 1, 21, 51, 23789 }, // ʕ
    { 15, 21, 15, 0, 21, 67, 23840 }, // ʘ
    { 14, 15, 15, 0, 15, 49, 23907 }, // ʙ
    { 16, 15, 16, 0, 15, 39, 23956 }, // ʜ
    { 16, 28, 10, -4, 21, 61, 23995 }, // ʝ
    { 11, 15, 12, 0, 15, 27, 24056 }, // ʟ
    { 15, 21, 13, -1, 21, 59, 24083 }, // ʡ
    { 15, 21, 13, 0, 21, 57, 24142 }, // ʢ
    { 26, 26, 25, 0, 21, 90, 24199 }, // ʤ
    { 20, 26, 17, 1, 21, 71, 24289 }, // ʧ
    { 17, 25, 18, 0, 25, 68, 24360 }, // Ḃ
    { 16, 21, 16, 0, 21, 62, 24428 }, // ḃ
    { 17, 24, 18, 0, 19, 64, 24490 }, // Ḇ
    { 16, 26, 16, 0, 21, 62, 24554 }, // ḇ
    { 18, 25, 18, 0, 25, 68, 24616 }, // Ḋ
    { 17, 21, 16, 0, 21, 70, 24684 }, // ḋ
    { 18, 26, 18, 0, 19, 68, 24754 }, // Ḍ
    { 17, 27, 16, 0, 21, 70, 24822 }, // ḍ
    { 18, 24, 18, 0, 19, 66, 24892 }, // Ḏ
    { 17, 26, 16, 0, 21, 69, 24958 }, // ḏ
    { 17, 30, 15, 0, 30, 67, 25027 }, // Ḗ
    { 15, 27, 14, 0, 27, 71, 25094 }, // ḗ
    { 16, 25, 15, 0, 25, 51, 25165 }, // Ḟ
    { 12, 26, 10, 1, 26, 50, 25216 }, // ḟ
    { 17, 24, 18, 1, 24, 72, 25266 }, // Ḡ
    { 17, 26, 16, -1, 21, 68, 25338 }, // ḡ
    { 20, 26, 19, 0, 19, 55, 25406 }, // Ḥ
    { 15, 28, 16, 0, 21, 62, 25461 }, // ḥ
    { 20, 27, 19, 0, 19, 65, 25523 }, // Ḫ
    { 15, 28, 16, 0, 21, 68, 25588 }, // ḫ
    { 19, 26, 18, 0, 19, 71, 25656 }, // Ḳ
    { 17, 28, 15, 0, 21, 72, 25727 }, // ḳ
    { 19, 24, 18, 0, 19, 66, 25799 }, // Ḵ
    { 17, 26, 15, 0, 21, 69, 25865 }, // ḵ
    { 13, 26, 15, 0, 19, 42, 25934 }, // Ḷ
    { 9, 27, 8, 0, 21, 36, 25976 }, // ḷ
    { 13, 31, 15, 0, 24, 50, 26012 }, // Ḹ
    { 12, 32, 8, 0, 26, 46, 26062 }, // ḹ
    { 13, 24, 15, 0, 19, 42, 26108 }, // Ḻ
    { 11, 26, 8, -2, 21, 37, 26150 }, // ḻ
    { 22, 26, 22, 0, 26, 83, 26187 }, // Ḿ
    { 23, 25, 24, 0, 25, 74, 26270 }, // ḿ
    { 22, 25, 22, 0, 25, 80, 26344 }, // Ṁ
    { 23, 21, 24, 0, 21, 66, 26424 }, // ṁ
    { 22, 26, 22, 0, 19, 83, 26490 }, // Ṃ
    { 23, 22, 24, 0, 15, 67, 26573 }, // ṃ
    { 19, 25, 19, 0, 25, 71, 26640 }, // Ṅ
    { 15, 21, 16, 0, 21, 51, 26711 }, // ṅ
    { 19, 26, 19, 0, 19, 68, 26762 }, // Ṇ
    { 15, 22, 16, 0, 15, 51, 26830 }, // ṇ
    { 19, 24, 19, 0, 19, 71, 26881 }, // Ṉ
    { 15, 20, 16, 0, 15, 47, 26952 }, // ṉ
    { 18, 30, 19, 1, 30, 78, 26999 }, // Ṓ
    { 15, 27, 16, 0, 27, 67, 27077 }, // ṓ
    { 18, 25, 17, 0, 25, 62, 27144 }, // Ṗ
    { 17, 26, 16, -1, 21, 65, 27206 }, // ṗ
    { 18, 25, 17, 0, 25, 65, 27271 }, // Ṙ
    { 13, 21, 11, 0, 21, 47, 27336 }, // ṙ
    { 18, 26, 17, 0, 19, 64, 27383 }, // Ṛ
    { 14, 22, 11, -1, 15, 48, 27447 }, // ṛ
    { 18, 31, 17, 0, 24, 70, 27495 }, // Ṝ
    { 15, 27, 11, -1, 20, 56, 27565 }, // ṝ
    { 18, 24, 17, 0, 19, 64, 27621 }, // Ṟ
    { 16, 20, 11, -3, 15, 51, 27685 }, // ṟ
    { 16, 25, 15, 0, 25, 68, 27736 }, // Ṡ
    { 14, 21, 12, -1, 21, 59, 27804 }, // ṡ
    { 16, 26, 15, 0, 19, 70, 27863 }, // Ṣ
    { 14, 21, 12, -1, 15, 59, 27933 }, // ṣ
    { 16, 25, 16, 2, 25, 44, 27992 }, // Ṫ
    { 11, 26, 11, 1, 26, 49, 28036 }, // ṫ
    { 16, 26, 16, 2, 19, 43, 28085 }, // Ṭ
    { 11, 25, 11, 1, 19, 48, 28128 }, // ṭ
    { 17, 24, 16, 1, 19, 44, 28176 }, // Ṯ
    { 12, 24, 11, 0, 19, 50, 28220 }, // ṯ
    { 23, 27, 23, 2, 27, 80, 28270 }, // Ẁ
    { 21, 25, 22, 2, 25, 72, 28350 }, // ẁ
    { 23, 26, 23, 2, 26, 83, 28422 }, // Ẃ
    { 21, 25, 22, 2, 25, 73, 28505 }, // ẃ
    { 23, 25, 23, 2, 25, 78, 28578 }, // Ẅ
    { 21, 21, 22, 2, 21, 68, 28656 }, // ẅ
    { 16, 25, 15, 2, 25, 63, 28724 }, // Ẏ
    { 18, 26, 15, -2, 21, 68, 28787 }, // ẏ
    { 18, 26, 15, -1, 19, 60, 28855 }, // Ẓ
    { 15, 22, 13, -1, 15, 45, 28915 }, // ẓ
    { 18, 24, 15, -1, 19, 58, 28960 }, // Ẕ
    { 15, 20, 13, -1, 15, 41, 29018 }, // ẕ
    { 15, 26, 16, 0, 21, 60, 29059 }, // ẖ
    { 12, 25, 11, 1, 25, 53, 29119 }, // ẗ
    { 19, 19, 20, 0, 19, 68, 29172 }, // ẞ
    { 17, 26, 16, -2, 19, 66, 29240 }, // Ạ
    { 16, 21, 16, 0, 15, 62, 29306 }, // ạ
    { 17, 26, 16, -2, 26, 70, 29368 }, // Ả
    { 16, 24, 16, 0, 24, 67, 29438 }, // ả
    { 21, 27, 16, -2, 27, 74, 29505 }, // Ấ
    { 19, 24, 16, 0, 24, 76, 29579 }, // ấ
    { 18, 27, 16, -2, 27, 69, 29655 }, // Ầ
    { 16, 24, 16, 0, 24, 71, 29724 }, // ầ
    { 21, 27, 16, -2, 27, 78, 29795 }, // Ẩ
    { 19, 25, 16, 0, 25, 77, 29873 }, // ẩ
    { 19, 29, 16, -2, 29, 82, 29950 }, // Ẫ
    { 16, 25, 16, 0, 25, 73, 30032 }, // ẫ
    { 18, 32, 16, -2, 25, 81, 30105 }, // Ậ
    { 16, 29, 16, 0, 23, 78, 30186 }, // ậ
    { 19, 30, 16, -2, 30, 79, 30264 }, // Ắ
    { 16, 26, 16, 0, 26, 77, 30343 }, // ắ
    { 19, 30, 16, -2, 30, 75, 30420 }, // Ằ
    { 16, 26, 16, 0, 26, 72, 30495 }, // ằ
    { 19, 29, 16, -2, 29, 73, 30567 }, // Ẳ
    { 16, 27, 16, 0, 27, 75, 30640 }, // ẳ
    { 19, 29, 16, -2, 29, 80, 30715 }, // Ẵ
    { 16, 25, 16, 0, 25, 75, 30795 }, // ẵ
    { 19, 32, 16, -2, 25, 82, 30870 }, // Ặ
    { 16, 28, 16, 0, 22, 75, 30952 }, // ặ
    { 16, 26, 15, 0, 19, 53, 31027 }, // Ẹ
    { 14, 21, 14, 0, 15, 59, 31080 }, // ẹ
    { 16, 26, 15, 0, 26, 58, 31139 }, // Ẻ
    { 14, 24, 14, 0, 24, 66, 31197 }, // ẻ
    { 18, 26, 15, 0, 26, 64, 31263 }, // Ẽ
    { 16, 23, 14, 0, 23, 70, 31327 }, // ẽ
    { 19, 27, 15, 0, 27, 65, 31397 }, // Ế
    { 19, 24, 14, 0, 24, 76, 31462 }, // ế
    { 16, 27, 15, 0, 27, 63, 31538 }, // Ề
    { 15, 24, 14, 0, 24, 73, 31601 }, // ề
    { 19, 27, 15, 0, 27, 70, 31674 }, // Ể
    { 18, 25, 14, 0, 25, 74, 31744 }, // ể
    { 17, 29, 15, 0, 29, 70, 31818 }, // Ễ
    { 16, 25, 14, 0, 25, 73, 31888 }, // ễ
    { 16, 32, 15, 0, 25, 67, 31961 }, // Ệ
    { 15, 29, 14, 0, 23, 72, 32028 }, // ệ
    { 11, 26, 9, 0, 26, 47, 32100 }, // Ỉ
    { 10, 25, 8, 0, 25, 39, 32147 }, // ỉ
    { 10, 26, 9, -1, 19, 32, 32186 }, // Ị
    { 10, 28, 8, -1, 21, 46, 32218 }, // ị
    { 18, 25, 19, 1, 19, 70, 32264 }, // Ọ
    { 15, 21, 16, 0, 15, 58, 32334 }, // ọ
    { 18, 27, 19, 1, 27, 68, 32392 }, // Ỏ
    { 15, 24, 16, 0, 24, 64, 32460 }, // ỏ
    { 19, 27, 19, 1, 27, 76, 32524 }, // Ố
    { 19, 24, 16, 0, 24, 74, 32600 }, // ố
    { 18, 27, 19, 1, 27, 75, 32674 }, // Ồ
    { 15, 24, 16, 0, 24, 67, 32749 }, // ồ
    { 20, 28, 19, 1, 28, 79, 32816 }, // Ổ
    { 19, 25, 16, 0, 25, 71, 32895 }, // ổ
    { 18, 29, 19, 1, 29, 81, 32966 }, // Ỗ
    { 16, 25, 16, 0, 25, 70, 33047 }, // ỗ
    { 18, 31, 19, 1, 25, 84, 33117 }, // Ộ
    { 16, 29, 16, 0, 23, 72, 33201 }, // ộ
    { 20, 26, 19, 1, 26, 74, 33273 }, // Ớ
    { 18, 25, 16, 0, 25, 74, 33347 }, // ớ
    { 20, 26, 19, 1, 26, 77, 33421 }, // Ờ
    { 18, 25, 16, 0, 25, 74, 33498 }, // ờ
    { 20, 27, 19, 1, 27, 77, 33572 }, // Ở
    { 18, 24, 16, 0, 24, 74, 33649 }, // ở
    { 20, 26, 19, 1, 26, 78, 33723 }, // Ỡ
    { 18, 23, 16, 0, 23, 74, 33801 }, // ỡ
    { 20, 30, 19, 1, 24, 77, 33875 }, // Ợ
    { 18, 26, 16, 0, 20, 72, 33952 }, // ợ
    { 17, 25, 19, 2, 19, 65, 34024 }, // Ụ
    { 15, 22, 16, 1, 15, 53, 34089 }, // ụ
    { 17, 27, 19, 2, 27, 70, 34142 }, // Ủ
    { 15, 24, 16, 1, 24, 59, 34212 }, // ủ
    { 21, 26, 19, 2, 26, 78, 34271 }, // Ứ
    { 18, 25, 17, 1, 25, 70, 34349 }, // ứ
    { 21, 27, 19, 2, 27, 77, 34419 }, // Ừ
    { 18, 25, 17, 1, 25, 71, 34496 }, // ừ
    { 21, 27, 19, 2, 27, 76, 34567 }, // Ử
    { 18, 24, 17, 1, 24, 72, 34643 }, // ử
    { 21, 26, 19, 2, 26, 80, 34715 }, // Ữ
    { 18, 23, 17, 1, 23, 76, 34795 }, // ữ
    { 21, 30, 19, 2, 24, 78, 34871 }, // Ự
    { 18, 28, 17, 1, 21, 69, 34949 }, // ự
    { 16, 27, 15, 2, 27, 67, 35018 }, // Ỳ
    { 18, 30, 15, -2, 25, 71, 35085 }, // ỳ
    { 16, 26, 15, 2, 19, 59, 35156 }, // Ỵ
    { 18, 21, 15, -2, 15, 64, 35215 }, // ỵ
    { 16, 26, 15, 2, 26, 66, 35279 }, // Ỷ
    { 18, 30, 15, -2, 25, 73, 35345 }, // ỷ
    { 16, 26, 15, 2, 26, 70, 35418 }, // Ỹ
    { 18, 28, 15, -2, 23, 79, 35488 }, // ỹ
    { 0, 0, 15, 0, 0, 8, 35567 }, //  
    { 0, 0, 3, 0, 0, 8, 35575 }, //
    { 0, 0, 1, 0, 0, 8, 35583 }, //
    { 0, 0, 0, 0, 0, 8, 35591 }, // ​
    { 9, 4, 9, 0, 10, 17, 35599 }, // ‐
    { 9, 4, 9, 0, 10, 17, 35616 }, // ‑
    { 14, 4, 15, 0, 10, 18, 35633 }, // ‒
    { 13, 4, 14, 0, 10, 17, 35651 }, // –
    { 22, 4, 22, 0, 10, 18, 35668 }, // —
    { 22, 4, 22, 0, 10, 18, 35686 }, // ―
    { 9, 30, 13, 2, 23, 16, 35704 }, // ‖
    { 7, 10, 8, 2, 20, 29, 35720 }, // ‘
    { 6, 10, 8, 3, 20, 29, 35749 }, // ’
    { 6, 10, 8, 0, 5, 26, 35778 }, // ‚
    { 13, 10, 15, 2, 21, 41, 35804 }, // “
    { 13, 10, 15, 3, 21, 38, 35845 }, // ”
    { 13, 10, 15, 0, 5, 37, 35883 }, // „
    { 13, 24, 14, 2, 21, 46, 35920 }, // †
    { 15, 24, 14, 0, 21, 46, 35966 }, // ‡
    { 8, 8, 10, 1, 12, 29, 36012 }, // •
    { 24, 5, 28, 2, 5, 42, 36041 }, // …
    { 0, 0, 4, 0, 0, 8, 36083 }, //  
    { 34, 19, 35, 1, 19, 104, 36091 }, // ‰
    { 8, 10, 8, 2, 21, 25, 36195 }, // ′
    { 14, 10, 15, 2, 21, 38, 36220 }, // ″
    { 6, 10, 8, 3, 21, 16, 36258 }, // ‵
    { 7, 13, 8, 1, 14, 35, 36274 }, // ‹
    { 7, 13, 8, 0, 14, 30, 36309 }, // ›
    { 17, 20, 18, 1, 20, 49, 36339 }, // ‼
    { 12, 21, 13, 2, 21, 56, 36388 }, // ‽
    { 15, 3, 14, 2, 20, 19, 36444 }, // ‾
    { 18, 7, 16, -2, 0, 39, 36463 }, // ‿
    { 17, 20, 3, -7, 20, 27, 36502 }, // ⁄
    { 24, 21, 25, 2, 21, 55, 36529 }, // ⁇
    { 20, 21, 22, 2, 21, 68, 36584 }, // ⁈
    { 21, 21, 21, 1, 21, 73, 36652 }, // ⁉
    { 10, 12, 11, 2, 23, 42, 36725 }, // ⁰
    { 6, 14, 5, 2, 25, 28, 36767 }, // ⁱ
    { 11, 12, 11, 1, 23, 42, 36795 }, // ⁴
    { 11, 12, 11, 1, 23, 41, 36837 }, // ⁵
    { 10, 13, 11, 2, 24, 43, 36878 }, // ⁶
    { 10, 12, 11, 3, 23, 33, 36921 }, // ⁷
    { 10, 13, 11, 2, 24, 43, 36954 }, // ⁸
    { 11, 13, 11, 1, 24, 46, 36997 }, // ⁹
    { 10, 10, 11, 2, 22, 25, 37043 }, // ⁺
    { 10, 3, 11, 2, 19, 14, 37068 }, // ⁻
    { 10, 8, 11, 2, 21, 17, 37082 }, // ⁼
    { 7, 18, 7, 3, 26, 31, 37099 }, // ⁽
    { 7, 18, 7, 1, 26, 31, 37130 }, // ⁾
    { 10, 10, 11, 2, 21, 33, 37161 }, // ⁿ
    { 11, 11, 11, -2, 6, 40, 37194 }, // ₀
    { 7, 11, 11, 1, 6, 29, 37234 }, // ₁
    { 10, 11, 11, -2, 6, 40, 37263 }, // ₂
    { 10, 11, 11, -2, 6, 40, 37303 }, // ₃
    { 11, 11, 11, -2, 6, 43, 37343 }, // ₄
    { 11, 11, 11, -2, 6, 40, 37386 }, // ₅
    { 10, 11, 11, -1, 6, 39, 37426 }, // ₆
    { 10, 11, 11, 0, 6, 33, 37465 }, // ₇
    { 10, 11, 11, -2, 6, 41, 37498 }, // ₈
    { 11, 11, 11, -2, 6, 43, 37539 }, // ₉
    { 11, 10, 11, -2, 5, 25, 37582 }, // ₊
    { 11, 3, 11, -2, 2, 17, 37607 }, // ₋
    { 11, 8, 11, -2, 5, 20, 37624 }, // ₌
    { 8, 17, 7, -1, 9, 29, 37644 }, // ₍
    { 8, 17, 7, -3, 9, 28, 37673 }, // ₎
    { 9, 10, 10, 2, 21, 38, 37701 }, // ₔ
    { 16, 26, 15, 1, 23, 77, 37739 }, // ₡
    { 17, 19, 15, -1, 19, 58, 37816 }, // ₤
    { 16, 19, 15, 0, 19, 56, 37874 }, // ₦
    { 16, 19, 15, 0, 19, 60, 37930 }, // ₧
    { 18, 19, 15, -1, 19, 67, 37990 }, // ₩
    { 17, 20, 15, 0, 20, 64, 38057 }, // ₫
    { 17, 19, 15, 0, 19, 62, 38121 }, // €
    { 17, 19, 15, 0, 19, 57, 38183 }, // ₮
    { 16, 19, 15, 0, 19, 57, 38240 }, // ₱
    { 15, 25, 15, 1, 22, 66, 38297 }, // ₲
    { 15, 19, 15, 0, 19, 59, 38363 }, // ₴
    { 15, 25, 15, 1, 22, 63, 38422 }, // ₵
    { 16, 19, 15, 1, 19, 35, 38485 }, // ₸
    { 15, 19, 15, 1, 19, 55, 38520 }, // ₹
    { 16, 19, 15, 0, 19, 61, 38575 }, // ₺
    { 16, 19, 15, -1, 19, 55, 38636 }, // ₽
    { 9, 13, 10, 2, 21, 28, 38691 }, // ⸢
    { 7, 13, 10, 3, 21, 26, 38719 }, // ⸣
    { 8, 13, 10, -1, 9, 25, 38745 }, // ⸤
    { 9, 13, 10, -1, 9, 25, 38770 }, // ⸥
    { 42, 4, 42, 0, 10, 19, 38795 }, // ⸺
    { 61, 4, 62, 0, 10, 18, 38814 }, // ⸻
    { 18, 26, 17, -1, 21, 70, 38832 }, // ꞵ
};
const EpdUnicodeInterval bold_italic_fontIntervals[] = {
    { 0x20, 0x7E, 0x0 },
    { 0xA0, 0x17E, 0x5F },
    { 0x180, 0x180, 0x13E },
    { 0x18F, 0x18F, 0x13F },
    { 0x192, 0x193, 0x140 },
    { 0x1A0, 0x1A1, 0x142 },
    { 0x1AF, 0x1B0, 0x144 },
    { 0x1C2, 0x1C3, 0x146 },
    { 0x1CD, 0x1DC, 0x148 },
    { 0x1E2, 0x1E3, 0x158 },
    { 0x1E6, 0x1E7, 0x15A },
    { 0x1EA, 0x1EB, 0x15C },
    { 0x1F4, 0x1F5, 0x15E },
    { 0x1F8, 0x1F9, 0x160 },
    { 0x1FC, 0x1FD, 0x162 },
    { 0x218, 0x21B, 0x164 },
    { 0x237, 0x237, 0x168 },
    { 0x243, 0x243, 0x169 },
    { 0x250, 0x25C, 0x16A },
    { 0x25E, 0x27B, 0x177 },
    { 0x27D, 0x27E, 0x195 },
    { 0x280, 0x284, 0x197 },
    { 0x288, 0x292, 0x19C },
    { 0x294, 0x295, 0x1A7 },
    { 0x298, 0x299, 0x1A9 },
    { 0x29C, 0x29D, 0x1AB },
    { 0x29F, 0x29F, 0x1AD },
    { 0x2A1, 0x2A2, 0x1AE },
    { 0x2A4, 0x2A4, 0x1B0 },
    { 0x2A7, 0x2A7, 0x1B1 },
    { 0x1E02, 0x1E03, 0x1B2 },
    { 0x1E06, 0x1E07, 0x1B4 },
    { 0x1E0A, 0x1E0F, 0x1B6 },
    { 0x1E16, 0x1E17, 0x1BC },
    { 0x1E1E, 0x1E21, 0x1BE },
    { 0x1E24, 0x1E25, 0x1C2 },
    { 0x1E2A, 0x1E2B, 0x1C4 },
    { 0x1E32, 0x1E3B, 0x1C6 },
    { 0x1E3E, 0x1E49, 0x1D0 },
    { 0x1E52, 0x1E53, 0x1DC },
    { 0x1E56, 0x1E63, 0x1DE },
    { 0x1E6A, 0x1E6F, 0x1EC },
    { 0x1E80, 0x1E85, 0x1F2 },
    { 0x1E8E, 0x1E8F, 0x1F8 },
    { 0x1E92, 0x1E97, 0x1FA },
    { 0x1E9E, 0x1E9E, 0x200 },
    { 0x1EA0, 0x1EF9, 0x201 },
    { 0x2007, 0x2007, 0x25B },
    { 0x2009, 0x200B, 0x25C },
    { 0x2010, 0x2016, 0x25F },
    { 0x2018, 0x201A, 0x266 },
    { 0x201C, 0x201E, 0x269 },
    { 0x2020, 0x2022, 0x26C },
    { 0x2026, 0x2026, 0x26F },
    { 0x202F, 0x2030, 0x270 },
    { 0x2032, 0x2033, 0x272 },
    { 0x2035, 0x2035, 0x274 },
    { 0x2039, 0x203A, 0x275 },
    { 0x203C, 0x203F, 0x277 },
    { 0x2044, 0x2044, 0x27B },
    { 0x2047, 0x2049, 0x27C },
    { 0x2070, 0x2071, 0x27F },
    { 0x2074, 0x208E, 0x281 },
    { 0x2094, 0x2094, 0x29C },
    { 0x20A1, 0x20A1, 0x29D },
    { 0x20A4, 0x20A4, 0x29E },
    { 0x20A6, 0x20A7, 0x29F },
    { 0x20A9, 0x20A9, 0x2A1 },
    { 0x20AB, 0x20AC, 0x2A2 },
    { 0x20AE, 0x20AE, 0x2A4 },
    { 0x20B1, 0x20B2, 0x2A5 },
    { 0x20B4, 0x20B5, 0x2A7 },
    { 0x20B8, 0x20BA, 0x2A9 },
    { 0x20BD, 0x20BD, 0x2AC },
    { 0x2E22, 0x2E25, 0x2AD },
    { 0x2E3A, 0x2E3B, 0x2B1 },
    { 0xA7B5, 0xA7B5, 0x2B3 },
};
const EpdFont bold_italic_font = {
    bold_italic_fontBitmaps,
    bold_italic_fontGlyphs,
    bold_italic_fontIntervals,
    77,
    1,
    37,
    29,
    -8,
};
