#pragma once
#include "epd_driver.h"
const uint8_t bold_fontBitmaps[34171] = {
    0x78, 0x9C, 0x03, 0x00, 0x00, 0x00, 0x00, 0x01, 0x78, 0x9C, 0xFB, 0xF0, 0x9F, 0xFF, 0x03, 0x11,
    0x88, 0x01, 0x0C, 0x3E, 0xFC, 0x67, 0xF8, 0xFF, 0x9F, 0x1F, 0x82, 0x80, 0x6C, 0x00, 0x86, 0x93,
    0x23, 0xEC, 0x78, 0x9C, 0xFB, 0xFF, 0x9F, 0xE1, 0xC3, 0x7F, 0xFE, 0xFF, 0x44, 0x90, 0x1F, 0x40,
    0x24, 0x0C, 0xF1, 0x33, 0x30, 0xFC, 0x67, 0x00, 0x00, 0xC7, 0x9D, 0x25, 0x9F, 0x78, 0x9C, 0x63,
    0x60, 0xF8, 0xCF, 0xF0, 0xE1, 0x3F, 0x03, 0x03, 0x26, 0xC5, 0x0F, 0x64, 0x81, 0x01, 0x2A, 0x05,
    0x92, 0x07, 0xCA, 0x81, 0xF0, 0x7F, 0x74, 0x0A, 0xA2, 0x82, 0x1F, 0x95, 0x02, 0x4B, 0x80, 0x8C,
    0x44, 0xA5, 0x90, 0xAD, 0x03, 0x00, 0x61, 0xF2, 0x46, 0xBA, 0x78, 0x9C, 0x65, 0x8E, 0x89, 0x0D,
    0x00, 0x30, 0x08, 0x02, 0xD9, 0x80, 0xFD, 0xB7, 0x64, 0x03, 0x5A, 0x9F, 0x7E, 0xA9, 0x89, 0x5E,
    0x30, 0xA2, 0x02, 0x32, 0x22, 0x5E, 0xD8, 0xAE, 0x1A, 0x2C, 0x28, 0x92, 0x13, 0xAC, 0x39, 0xBF,
    0x70, 0xDB, 0xDC, 0x92, 0x57, 0x5B, 0x25, 0xE1, 0xE5, 0x25, 0x98, 0x50, 0x6E, 0xA7, 0xF6, 0x85,
    0x9C, 0x38, 0xB6, 0xEF, 0xB3, 0x01, 0x73, 0x5D, 0x50, 0x0B, 0x78, 0x9C, 0x65, 0x8F, 0x01, 0x0E,
    0x00, 0x20, 0x08, 0x02, 0xFD, 0x01, 0xFF, 0xFF, 0xA5, 0x3F, 0x20, 0xC1, 0xCA, 0xB6, 0xDA, 0xD2,
    0x5B, 0x21, 0x54, 0x24, 0xA3, 0x96, 0x6B, 0x92, 0x6E, 0x30, 0xFB, 0x88, 0xE8, 0xA2, 0x6E, 0x61,
    0x73, 0xBE, 0x8C, 0x61, 0x0E, 0x97, 0x44, 0x76, 0xF6, 0x49, 0xC8, 0xDA, 0x65, 0xDF, 0x94, 0x42,
    0x7B, 0xBC, 0xF2, 0xE5, 0x3F, 0xA3, 0x39, 0x2E, 0x2B, 0xF4, 0xB0, 0x42, 0x7B, 0xFC, 0xBC, 0xB1,
    0xBF, 0xB1, 0x7D, 0x11, 0x0B, 0xA6, 0x8E, 0x59, 0xE3, 0x78, 0x9C, 0x6D, 0x4D, 0x41, 0x0E, 0x00,
    0x20, 0x08, 0xE2, 0x07, 0xFE, 0xFF, 0x97, 0xFE, 0xC0, 0x48, 0x18, 0xEB, 0x90, 0xCB, 0x85, 0x08,
    0x08, 0xF4, 0x0C, 0xB6, 0x08, 0xA6, 0x82, 0x44, 0xF2, 0xEB, 0x0F, 0xCA, 0xB6, 0x1F, 0x47, 0x52,
    0x6A, 0x35, 0x50, 0x1C, 0x5B, 0x71, 0x57, 0x4A, 0x86, 0xCF, 0xC8, 0x57, 0x1E, 0xA9, 0xB5, 0x3B,
    0xAB, 0xE4, 0x9D, 0x90, 0xEB, 0xF5, 0x8D, 0x2E, 0x1C, 0x1E, 0xBB, 0x63, 0x8E, 0x78, 0x9C, 0xFB,
    0xFF, 0x9F, 0xE1, 0x3F, 0x06, 0xFA, 0x00, 0x41, 0xFC, 0x0C, 0x00, 0x3B, 0xFF, 0x12, 0xD0, 0x78,
    0x9C, 0x63, 0x60, 0x00, 0x82, 0x0F, 0xFF, 0x19, 0x18, 0xFE, 0x83, 0x30, 0x3F, 0x18, 0x83, 0xB8,
    0xC8, 0x18, 0x2A, 0x4C, 0x10, 0xA3, 0xEB, 0x43, 0x95, 0xE0, 0x07, 0xD9, 0xC4, 0x00, 0x00, 0x82,
    0xC7, 0x25, 0x18, 0x78, 0x9C, 0x63, 0x60, 0x60, 0x60, 0xF8, 0xF0, 0x1F, 0x84, 0xF9, 0x19, 0x18,
    0x60, 0x18, 0x22, 0x80, 0xC0, 0x0C, 0xC8, 0x92, 0x78, 0x30, 0xBA, 0x3E, 0x24, 0x61, 0x06, 0x10,
    0x06, 0x02, 0x00, 0x64, 0x04, 0x25, 0x18, 0x78, 0x9C, 0x63, 0x60, 0xF8, 0xCF, 0xCF, 0x00, 0x04,
    0x08, 0xF2, 0xC3, 0x7F, 0x20, 0xE0, 0xFF, 0x0F, 0x26, 0xC1, 0x6C, 0xB0, 0x10, 0x03, 0x98, 0xE4,
    0x07, 0x29, 0x01, 0x93, 0x40, 0x1E, 0x03, 0x04, 0x00, 0x00, 0xDD, 0xBB, 0x1D, 0x11, 0x78, 0x9C,
    0x63, 0x60, 0xF8, 0xF0, 0x9F, 0x01, 0x04, 0x70, 0x53, 0xFF, 0xC1, 0x80, 0x1F, 0x2B, 0x85, 0x4F,
    0x1F, 0x94, 0x02, 0x00, 0x7D, 0x91, 0x2B, 0x7B, 0x78, 0x9C, 0x63, 0xF8, 0xCF, 0xCF, 0xF0, 0xE1,
    0xFF, 0x7F, 0x10, 0xE6, 0x07, 0x61, 0x06, 0x10, 0x66, 0x00, 0x0B, 0x32, 0x80, 0xF0, 0x07, 0x18,
    0x13, 0x28, 0x0A, 0x00, 0x1B, 0x00, 0x15, 0xDC, 0x78, 0x9C, 0xFB, 0xFF, 0xFF, 0x3F, 0xFF, 0x7F,
    0x24, 0x0C, 0x00, 0x6D, 0x48, 0x0C, 0x31, 0x78, 0x9C, 0xFB, 0xF0, 0x9F, 0xE1, 0xFF, 0x7F, 0x7E,
    0x08, 0xFA, 0xF0, 0x9F, 0x01, 0x00, 0x54, 0xE7, 0x0A, 0x06, 0x78, 0x9C, 0x63, 0x60, 0x60, 0xF8,
    0xCF, 0xCF, 0x00, 0x23, 0x80, 0xF8, 0x03, 0x36, 0x02, 0xA1, 0x02, 0xAF, 0x5A, 0x6C, 0xCA, 0xF0,
    0xA9, 0x05, 0x03, 0x00, 0x40, 0x75, 0x22, 0xCF, 0x78, 0x9C, 0x63, 0x60, 0xF8, 0xFF, 0x9F, 0x9F,
    0x81, 0x81, 0xE1, 0xC3, 0x7F, 0x30, 0xFD, 0x1F, 0x04, 0xC0, 0x1C, 0x30, 0xC5, 0x0F, 0x92, 0x05,
    0x49, 0x7C, 0x40, 0xA2, 0x18, 0x08, 0x53, 0xC8, 0x1A, 0xA0, 0xA6, 0x40, 0xCD, 0x84, 0xDA, 0x00,
    0xB3, 0x0F, 0x62, 0x3B, 0x00, 0x8E, 0x5B, 0x4E, 0x0D, 0x78, 0x9C, 0x63, 0x60, 0xF8, 0xFF, 0x9F,
    0x81, 0x01, 0x48, 0x00, 0xC9, 0x0F, 0x48, 0x24, 0x03, 0x03, 0xA5, 0xE4, 0x7F, 0x1C, 0x00, 0x00,
    0x30, 0x37, 0x3A, 0xA8, 0x78, 0x9C, 0x63, 0x60, 0xF8, 0xFF, 0xFF, 0x3F, 0x03, 0x03, 0xC3, 0x07,
    0x20, 0xC5, 0x0F, 0x26, 0x81, 0x5C, 0x08, 0xC5, 0xCF, 0x00, 0x94, 0x00, 0x51, 0x60, 0x69, 0x2C,
    0xD4, 0x7F, 0x18, 0x05, 0x11, 0xFB, 0x8F, 0x10, 0xC3, 0xCE, 0xF9, 0x0F, 0xC4, 0x10, 0xA3, 0xD1,
    0x28, 0x00, 0xB1, 0x3C, 0x46, 0x8D, 0x78, 0x9C, 0x55, 0x8D, 0xD1, 0x15, 0x00, 0x20, 0x08, 0x02,
    0x6F, 0x03, 0xF7, 0xDF, 0xD2, 0x0D, 0x48, 0xB1, 0x5E, 0xF5, 0xE3, 0x3D, 0x10, 0x05, 0x24, 0x41,
    0xCF, 0x62, 0x1A, 0xC1, 0x46, 0x52, 0x4E, 0xD4, 0xF6, 0xA0, 0x4D, 0x87, 0x6C, 0xD9, 0xBB, 0x78,
    0x22, 0xD6, 0x8C, 0x64, 0x4E, 0xE6, 0xB5, 0xBE, 0x86, 0xE9, 0x85, 0x05, 0x15, 0x04, 0x46, 0xAB,
    0x78, 0x9C, 0x63, 0x60, 0x60, 0xF8, 0xFF, 0xFF, 0x3F, 0x03, 0x03, 0x8C, 0xFA, 0x80, 0x42, 0xFD,
    0x07, 0x53, 0x1F, 0xFE, 0xF3, 0x23, 0x51, 0x40, 0x8C, 0xA0, 0x80, 0x62, 0x28, 0x02, 0xB8, 0x01,
    0xC4, 0x0A, 0x06, 0xAC, 0x14, 0x00, 0x3C, 0xAD, 0x4D, 0x95, 0x78, 0x9C, 0x63, 0xF8, 0x0F, 0x02,
    0xFC, 0x0C, 0x38, 0x28, 0x06, 0x10, 0x40, 0xA7, 0x40, 0x52, 0x10, 0x25, 0x0C, 0x30, 0x95, 0x1F,
    0x40, 0x2C, 0x7E, 0x90, 0xF4, 0x07, 0x0C, 0x0A, 0xAC, 0x98, 0xFF, 0x03, 0x44, 0xE5, 0x07, 0x24,
    0x7D, 0xFC, 0x0C, 0x50, 0x5D, 0x00, 0xEE, 0x93, 0x45, 0x43, 0x78, 0x9C, 0x5D, 0xCD, 0xC1, 0x0D,
    0x00, 0x30, 0x08, 0x02, 0x40, 0x36, 0x60, 0xFF, 0x2D, 0xDD, 0x80, 0x96, 0x2A, 0x4D, 0xD3, 0x0F,
    0x67, 0x82, 0x51, 0xA0, 0x24, 0xC0, 0x69, 0x9D, 0x62, 0x33, 0xCD, 0x86, 0x46, 0x01, 0x77, 0x43,
    0x03, 0x7B, 0xA4, 0x8B, 0xFA, 0xA9, 0xF0, 0x9E, 0x3E, 0xFF, 0x98, 0xE3, 0x0B, 0x9D, 0x4C, 0x4E,
    0xFD, 0x78, 0x9C, 0xFB, 0xFF, 0x1F, 0x04, 0xF8, 0xFF, 0x63, 0xA3, 0x18, 0x80, 0xE0, 0xFF, 0x7F,
    0x06, 0x30, 0x05, 0xE6, 0x7C, 0x40, 0x15, 0xFB, 0x8F, 0x24, 0xF6, 0x01, 0xB7, 0x0A, 0xC2, 0x14,
    0x00, 0x2A, 0xB3, 0x35, 0x17, 0x78, 0x9C, 0x65, 0xCC, 0xD1, 0x0D, 0x00, 0x20, 0x08, 0x43, 0xC1,
    0xB7, 0x01, 0xFB, 0x6F, 0xC9, 0x06, 0x48, 0x0B, 0xFA, 0x63, 0x22, 0x5E, 0x20, 0x50, 0xA8, 0x0A,
    0xE8, 0xDF, 0x0E, 0x29, 0x4A, 0x74, 0xF5, 0x8B, 0xC1, 0x1D, 0xA2, 0x37, 0xB5, 0xC3, 0xE3, 0x1E,
    0x84, 0xE2, 0x34, 0xC9, 0x1F, 0x67, 0x6F, 0xF4, 0x1E, 0x58, 0x38, 0xBD, 0x68, 0x51, 0x73, 0x78,
    0x9C, 0x55, 0x8D, 0xC1, 0x0D, 0x00, 0x30, 0x08, 0x02, 0xD9, 0xC0, 0xFD, 0xB7, 0x74, 0x83, 0xAB,
    0xA2, 0x4D, 0xD3, 0x87, 0x5C, 0x22, 0x28, 0x12, 0x84, 0x54, 0x0A, 0x52, 0x36, 0x62, 0x80, 0x9D,
    0x9A, 0x31, 0x1E, 0x76, 0xE9, 0xE8, 0x24, 0x7B, 0x43, 0xFA, 0x30, 0xD2, 0xEF, 0xB4, 0xE0, 0x62,
    0x1A, 0xF8, 0x1A, 0x1C, 0x6B, 0x3D, 0xEF, 0x72, 0x4D, 0xEF, 0x78, 0x9C, 0xFB, 0xF0, 0x9F, 0xE1,
    0xFF, 0x7F, 0x7E, 0x08, 0xFA, 0xF0, 0x9F, 0x01, 0x0D, 0x7C, 0x40, 0x95, 0x05, 0x00, 0xD6, 0x82,
    0x14, 0x0B, 0x78, 0x9C, 0x63, 0xF8, 0xCF, 0xCF, 0xF0, 0xE1, 0xFF, 0x7F, 0x38, 0x66, 0x00, 0xF2,
    0xB1, 0x02, 0x84, 0x3A, 0x7E, 0x10, 0x66, 0x00, 0x61, 0x88, 0x20, 0x03, 0x08, 0x7F, 0x80, 0x31,
    0x81, 0xA2, 0x00, 0x4C, 0x6C, 0x20, 0xC2, 0x78, 0x9C, 0x63, 0x60, 0x40, 0x80, 0x0F, 0xFC, 0x20,
    0xF2, 0xFF, 0x7F, 0x7E, 0x30, 0x09, 0xA4, 0x3E, 0x00, 0xC9, 0xFF, 0x20, 0x26, 0x48, 0x08, 0xC4,
    0x84, 0x4B, 0x83, 0x05, 0x61, 0x34, 0x48, 0xE0, 0x03, 0x82, 0x06, 0xCB, 0x33, 0x40, 0x29, 0x06,
    0x7E, 0x00, 0xE3, 0x96, 0x24, 0x37, 0x78, 0x9C, 0xFB, 0xFF, 0x1F, 0x04, 0xF8, 0xFF, 0x63, 0xA3,
    0x18, 0xB0, 0x01, 0xAC, 0x2A, 0xA1, 0x14, 0x00, 0x72, 0x2E, 0x30, 0x49, 0x78, 0x9C, 0x63, 0x60,
    0x00, 0x83, 0xFF, 0xFC, 0x10, 0x0A, 0x42, 0xFF, 0x07, 0x02, 0x20, 0xF5, 0x01, 0x4A, 0x83, 0xF9,
    0xFC, 0x10, 0x01, 0x7E, 0x84, 0x32, 0xB0, 0xE0, 0x07, 0x30, 0x09, 0x55, 0x00, 0x57, 0x0E, 0x36,
    0x0C, 0x62, 0x24, 0x03, 0x00, 0x25, 0x09, 0x25, 0x36, 0x78, 0x9C, 0x5D, 0xCB, 0xDB, 0x0D, 0x00,
    0x20, 0x0C, 0x42, 0x51, 0x36, 0xE8, 0xFE, 0x5B, 0xBA, 0xC1, 0xB5, 0x22, 0x89, 0x0F, 0x3E, 0x4E,
    0x0A, 0x49, 0x25, 0x07, 0x28, 0x8D, 0x96, 0x6D, 0x09, 0x2D, 0xD5, 0xF5, 0x48, 0xF4, 0xC0, 0x3B,
    0xC8, 0x67, 0xBC, 0x93, 0x7F, 0x3E, 0xBD, 0x4F, 0x3F, 0xC9, 0x2C, 0x02, 0x78, 0x9C, 0x55, 0x50,
    0x8B, 0x0D, 0x44, 0x31, 0x08, 0x62, 0x03, 0xF7, 0xDF, 0x92, 0x0D, 0x78, 0x0A, 0x7A, 0xCD, 0x91,
    0x7E, 0x90, 0x62, 0xD4, 0x02, 0x0D, 0x49, 0x05, 0x83, 0xD2, 0x05, 0xA1, 0x09, 0xFA, 0x8A, 0xB2,
    0x87, 0xA5, 0xEC, 0x58, 0x0B, 0xE3, 0x53, 0x71, 0x88, 0x43, 0x67, 0x52, 0xB4, 0x2D, 0xBC, 0xED,
    0x94, 0xCD, 0x8C, 0x30, 0x2B, 0x3C, 0xE1, 0x3F, 0xAF, 0x70, 0x17, 0x7A, 0x9C, 0xE1, 0x8B, 0x28,
    0xC2, 0x56, 0x98, 0xAC, 0x76, 0x6F, 0x4B, 0x3F, 0x5C, 0x9F, 0xB8, 0x21, 0xC0, 0x7B, 0x90, 0xDE,
    0x10, 0x7A, 0xFF, 0x80, 0x93, 0x3F, 0x9C, 0xDB, 0x84, 0x8B, 0x78, 0x9C, 0x6D, 0xCB, 0xC1, 0x0D,
    0x00, 0x20, 0x0C, 0x02, 0x40, 0x36, 0x60, 0xFF, 0x2D, 0xD9, 0x00, 0x95, 0x6A, 0xAA, 0x89, 0x3C,
    0xC8, 0x3D, 0x00, 0x80, 0x6C, 0x24, 0xBE, 0xC0, 0x07, 0x32, 0x1B, 0x2E, 0xA0, 0xE0, 0x0B, 0xCA,
    0xE8, 0x60, 0xD5, 0x46, 0xF2, 0x83, 0x1B, 0x79, 0xB2, 0x30, 0x6F, 0x6A, 0x30, 0xF0, 0x00, 0x2A,
    0xFE, 0x54, 0x7F, 0x78, 0x9C, 0xFB, 0xFF, 0x1F, 0x08, 0x18, 0x18, 0x18, 0xFE, 0xFF, 0x87, 0x30,
    0x20, 0x34, 0x3F, 0x12, 0xCD, 0xC0, 0xF0, 0x01, 0x2B, 0x8D, 0xA4, 0x9E, 0x1F, 0x9B, 0x7E, 0x90,
    0xBA, 0xFF, 0x0C, 0x50, 0xC3, 0x51, 0x68, 0x88, 0x38, 0x44, 0x03, 0xAA, 0x7D, 0x50, 0xFD, 0x40,
    0xA5, 0x00, 0xE5, 0xEF, 0x63, 0xCA, 0x78, 0x9C, 0x63, 0x60, 0x60, 0xF8, 0xFF, 0xFF, 0x3F, 0x03,
    0x03, 0x98, 0x02, 0x31, 0x3E, 0x40, 0xE9, 0xFF, 0x10, 0xFA, 0x03, 0x58, 0x92, 0x1F, 0x48, 0xF3,
    0x33, 0x40, 0x54, 0xA1, 0xD3, 0x0C, 0x38, 0x68, 0x54, 0x75, 0x1F, 0xE0, 0x34, 0xC4, 0x3C, 0x98,
    0xF9, 0x50, 0xFB, 0xF8, 0xE1, 0xF6, 0x43, 0xDD, 0x03, 0x00, 0x54, 0x6D, 0x3F, 0xEE, 0x78, 0x9C,
    0xFB, 0xFF, 0xFF, 0xFF, 0x7F, 0x7E, 0x06, 0x06, 0x86, 0xFF, 0xFF, 0x21, 0x8C, 0xFF, 0x50, 0x06,
    0x82, 0x66, 0x60, 0xF8, 0x00, 0x24, 0x40, 0x34, 0x03, 0x82, 0xE6, 0x47, 0xA1, 0x3F, 0xE0, 0xA0,
    0xD1, 0xD5, 0x41, 0xF5, 0x43, 0xCC, 0x43, 0xB7, 0x07, 0x61, 0x3F, 0xC8, 0x3D, 0x00, 0xAA, 0x6A,
    0x58, 0x3F, 0x78, 0x9C, 0xFB, 0xFF, 0x1F, 0x17, 0x60, 0x00, 0x02, 0x54, 0x12, 0x08, 0xF8, 0xB1,
    0x91, 0x98, 0x2A, 0xE1, 0xEA, 0xB1, 0x00, 0x00, 0xB1, 0x63, 0x51, 0xEB, 0x78, 0x9C, 0xFB, 0xFF,
    0x1F, 0x17, 0x60, 0x00, 0x02, 0x6C, 0x24, 0x10, 0xF0, 0x63, 0x23, 0x71, 0xA9, 0x47, 0x27, 0x01,
    0xB0, 0xEC, 0x41, 0xFB, 0x78, 0x9C, 0x5D, 0xCD, 0xC9, 0x0D, 0x00, 0x30, 0x08, 0x03, 0x41, 0x77,
    0x40, 0xFF, 0x5D, 0xD2, 0xC1, 0x26, 0x1C, 0x0A, 0x11, 0xAF, 0x11, 0xC2, 0x06, 0x49, 0x80, 0x94,
    0x80, 0xC9, 0xDB, 0x84, 0x18, 0xEF, 0xCE, 0xDA, 0x48, 0xD9, 0x52, 0x5D, 0xD9, 0xCE, 0xA9, 0x48,
    0xF9, 0x93, 0x6A, 0x31, 0x0F, 0xAA, 0xF5, 0x85, 0x2F, 0x07, 0x3D, 0xBA, 0x58, 0xA8, 0x78, 0x9C,
    0xFB, 0xFF, 0x9F, 0x81, 0x81, 0xE1, 0xC3, 0x7F, 0xFE, 0xFF, 0x24, 0xD3, 0x60, 0x80, 0x87, 0x26,
    0xD7, 0x5C, 0x08, 0x0D, 0x00, 0x9F, 0xC0, 0x57, 0xE5, 0x78, 0x9C, 0xFB, 0xFF, 0x9F, 0xE1, 0x3F,
    0x59, 0x08, 0x00, 0x5D, 0x14, 0x25, 0xDB, 0x78, 0x9C, 0x63, 0x60, 0x60, 0x60, 0xF8, 0xFF, 0x9F,
    0x81, 0x81, 0x86, 0xD4, 0x7F, 0x30, 0xF5, 0x1F, 0x0C, 0x18, 0x3E, 0x80, 0x48, 0x7E, 0x06, 0x30,
    0x17, 0x28, 0xFF, 0x01, 0xCC, 0x01, 0x00, 0x9D, 0xFB, 0x30, 0xD0, 0x78, 0x9C, 0x5D, 0xCD, 0x01,
    0x0A, 0x00, 0x20, 0x08, 0x03, 0xC0, 0xFD, 0x60, 0xFF, 0xFF, 0xA5, 0x3F, 0x58, 0xBA, 0x06, 0x52,
    0x90, 0x1C, 0xE2, 0x52, 0x09, 0x80, 0x34, 0x0F, 0x15, 0x25, 0x46, 0x57, 0x75, 0x7B, 0x23, 0x76,
    0x52, 0xA3, 0x5B, 0xAB, 0x5F, 0xE7, 0x94, 0x7F, 0xAC, 0xDD, 0xC9, 0xDC, 0xE1, 0x73, 0x0F, 0x2B,
    0x6D, 0x0F, 0x0E, 0x69, 0x34, 0x54, 0xD9, 0x78, 0x9C, 0xFB, 0xFF, 0x9F, 0x01, 0x08, 0xFE, 0xD3,
    0x84, 0xC4, 0x0E, 0x00, 0x84, 0x6C, 0x35, 0xCB, 0x78, 0x9C, 0x75, 0xCA, 0xD1, 0x09, 0x00, 0x20,
    0x0C, 0x03, 0xD1, 0xDB, 0x20, 0xFB, 0x6F, 0xD9, 0x0D, 0x62, 0xC5, 0x8A, 0x28, 0x36, 0x5F, 0x0F,
    0x72, 0xB6, 0x80, 0xF0, 0x5C, 0xC2, 0x0D, 0x54, 0xC9, 0x07, 0xAE, 0x24, 0x12, 0x7A, 0xA0, 0x05,
    0x76, 0x75, 0x90, 0x5F, 0x07, 0x4C, 0x81, 0x0B, 0x03, 0x08, 0xF2, 0x75, 0x9A, 0x78, 0x9C, 0x5D,
    0xC5, 0xC1, 0x09, 0x00, 0x30, 0x0C, 0x03, 0x31, 0x6F, 0xE0, 0xFD, 0xB7, 0xCC, 0x06, 0x57, 0x48,
    0xC0, 0x14, 0xEB, 0x23, 0xB0, 0x34, 0x98, 0x4C, 0xEF, 0x9A, 0x7B, 0xB2, 0x77, 0x65, 0xEE, 0xC9,
    0xEC, 0xEA, 0xA7, 0xD6, 0xF7, 0x03, 0x2E, 0xA7, 0x61, 0x09, 0x78, 0x9C, 0x75, 0x8E, 0x51, 0x0A,
    0x00, 0x30, 0x08, 0x42, 0xBD, 0x41, 0xF7, 0xBF, 0x65, 0x37, 0x70, 0x68, 0x24, 0x63, 0xB0, 0x7E,
    0x7A, 0x66, 0x64, 0x00, 0x48, 0x42, 0x45, 0x0E, 0xB9, 0xB3, 0x16, 0x88, 0xD6, 0xB8, 0x0D, 0x65,
    0xBF, 0x6C, 0x4B, 0x5E, 0x80, 0x3F, 0xBC, 0xCB, 0xB9, 0x93, 0xCB, 0xC9, 0x92, 0x9A, 0xF4, 0xFC,
    0xB3, 0x1F, 0x1E, 0x4E, 0xF3, 0x59, 0xD4, 0x78, 0x9C, 0xFB, 0xFF, 0x1F, 0x08, 0x18, 0x18, 0xFE,
    0x83, 0x01, 0x94, 0xE2, 0xFF, 0x0F, 0x03, 0x0C, 0x0C, 0x1F, 0x20, 0x14, 0x03, 0x0A, 0xF5, 0x01,
    0x59, 0x13, 0x42, 0x03, 0x44, 0x80, 0x9F, 0x01, 0x4C, 0x80, 0xA4, 0x19, 0x18, 0x88, 0xA3, 0x00,
    0xB4, 0x9A, 0x4E, 0xD0, 0x78, 0x9C, 0x7D, 0x8E, 0xDB, 0x0D, 0x00, 0x30, 0x08, 0x02, 0xD9, 0xC0,
    0xFD, 0xB7, 0x74, 0x03, 0xDA, 0x88, 0xD6, 0x3E, 0x92, 0xFA, 0x61, 0x2E, 0x88, 0x0A, 0x00, 0x92,
    0x88, 0x22, 0x13, 0x03, 0x68, 0x8B, 0xA6, 0xE8, 0x5B, 0xD3, 0xC0, 0x20, 0x8B, 0x5F, 0x84, 0x2F,
    0xBD, 0x1B, 0x7D, 0xAF, 0x7F, 0x44, 0x26, 0x16, 0xB1, 0xCC, 0x95, 0x2F, 0x50, 0x99, 0xD3, 0x7F,
    0xE6, 0x97, 0xB5, 0xC5, 0x9E, 0x63, 0x00, 0x69, 0x43, 0x6E, 0x92, 0x78, 0x9C, 0xFB, 0xFF, 0x1F,
    0x08, 0x18, 0x18, 0x18, 0xFE, 0xFF, 0x87, 0x30, 0x20, 0x34, 0x3F, 0x94, 0xFE, 0xCF, 0x00, 0x95,
    0xC4, 0x4A, 0x7F, 0x00, 0xD3, 0x30, 0x75, 0xC8, 0xFA, 0xA0, 0xE6, 0xF0, 0x83, 0x95, 0x7E, 0x80,
    0xF0, 0xE1, 0x34, 0x03, 0x44, 0x1D, 0x48, 0x3F, 0x3F, 0x92, 0x39, 0x28, 0xE6, 0xF3, 0x03, 0x00,
    0x45, 0x08, 0x5F, 0xB0, 0x78, 0x9C, 0x5D, 0x4D, 0xC1, 0x11, 0x00, 0x20, 0x08, 0x62, 0x83, 0xF6,
    0xDF, 0xD2, 0x0D, 0x08, 0xC4, 0xBA, 0x2B, 0x1F, 0x02, 0x0A, 0x0A, 0x14, 0xB9, 0x00, 0x43, 0x13,
    0x76, 0x45, 0x4A, 0x0B, 0xB5, 0xF3, 0xDA, 0x26, 0x44, 0x8F, 0xBD, 0x27, 0x13, 0xBB, 0xF9, 0x90,
    0x63, 0x79, 0x32, 0x30, 0x32, 0x58, 0xDF, 0x9F, 0xFC, 0x9D, 0x83, 0xEA, 0x1B, 0xCD, 0x86, 0x4F,
    0x57, 0x78, 0x9C, 0xFB, 0xFF, 0x1F, 0x0C, 0xF8, 0xFF, 0xE3, 0xA0, 0x19, 0x18, 0x3E, 0x80, 0x08,
    0x06, 0x7A, 0xD3, 0x00, 0x3A, 0x1B, 0x3A, 0x03, 0x78, 0x9C, 0xFB, 0xFF, 0x9F, 0x81, 0x81, 0xE1,
    0xC3, 0x7F, 0xFE, 0xFF, 0x34, 0xA3, 0xF9, 0x51, 0xE8, 0x0F, 0x20, 0xFA, 0x3F, 0x88, 0x06, 0x03,
    0x10, 0x1B, 0x42, 0x83, 0x05, 0xF8, 0xC1, 0x9A, 0x40, 0x14, 0x00, 0x50, 0x40, 0x50, 0xCE, 0x78,
    0x9C, 0x65, 0xCB, 0xCB, 0x09, 0x00, 0x40, 0x08, 0x43, 0xC1, 0x74, 0x90, 0xFE, 0xBB, 0xB4, 0x83,
    0xF8, 0xC9, 0x41, 0xD9, 0x3D, 0x08, 0x83, 0xBC, 0x84, 0x08, 0x20, 0xC4, 0x90, 0x0C, 0x0C, 0xB4,
    0xC0, 0x05, 0x8D, 0xEE, 0xFA, 0x2E, 0x64, 0xE0, 0x62, 0x96, 0x8B, 0xFA, 0x2F, 0x68, 0xE8, 0x41,
    0xA5, 0x93, 0x7C, 0x48, 0x25, 0x7B, 0x49, 0xC6, 0x78, 0x9C, 0x7D, 0xCD, 0xC1, 0x0D, 0x00, 0x20,
    0x08, 0x43, 0xD1, 0x6E, 0xD0, 0xFD, 0xB7, 0x64, 0x83, 0x6F, 0x04, 0x35, 0x84, 0x83, 0x97, 0xF6,
    0x1D, 0x08, 0x05, 0x4B, 0x20, 0x05, 0x8E, 0x8F, 0x83, 0x8C, 0x61, 0xCA, 0xFB, 0x6E, 0x18, 0x32,
    0xCA, 0xEE, 0x8E, 0x61, 0xEF, 0x8D, 0x6E, 0xF2, 0xF3, 0xB5, 0xBA, 0xF5, 0xB1, 0x74, 0xEA, 0xD9,
    0xC7, 0x0B, 0xE4, 0x21, 0x80, 0x8F, 0x78, 0x9C, 0x65, 0x8E, 0xD1, 0x0D, 0xC0, 0x40, 0x08, 0x42,
    0xD9, 0xC0, 0xFD, 0xB7, 0x64, 0x03, 0x4E, 0x20, 0xED, 0x35, 0xE9, 0x87, 0xE6, 0xE1, 0x33, 0x51,
    0x4A, 0x00, 0xB7, 0xB1, 0x30, 0x80, 0xB6, 0xB9, 0x92, 0x3C, 0xB5, 0x8B, 0xB6, 0xCB, 0x8A, 0x41,
    0x85, 0x15, 0x31, 0x86, 0xF9, 0x41, 0x95, 0xBE, 0x30, 0x31, 0xC3, 0x0B, 0xC2, 0x73, 0x34, 0xD0,
    0xF0, 0xFE, 0xC3, 0xBE, 0x22, 0x1C, 0xFB, 0xC1, 0x51, 0x73, 0x78, 0x9C, 0xFB, 0xFF, 0x9F, 0x9F,
    0x81, 0xE1, 0xC3, 0xFF, 0xFF, 0x40, 0x0C, 0x66, 0xF0, 0x83, 0x39, 0x10, 0x1E, 0x88, 0x01, 0xC2,
    0x40, 0x82, 0x1F, 0xC2, 0x00, 0x0A, 0x7F, 0x40, 0x30, 0x80, 0x4A, 0x40, 0x72, 0x70, 0x06, 0x58,
    0x06, 0x6C, 0x1A, 0x9C, 0x01, 0x96, 0x81, 0x18, 0x00, 0x65, 0x30, 0x90, 0xCD, 0x00, 0x00, 0xAD,
    0xD6, 0x3D, 0xB4, 0x78, 0x9C, 0xFB, 0xF0, 0x1F, 0x0C, 0x3E, 0x60, 0xA1, 0xF8, 0x19, 0x80, 0x00,
    0x42, 0x01, 0x05, 0x18, 0xC0, 0x14, 0x25, 0x62, 0xB8, 0x01, 0x00, 0xDC, 0x1C, 0x50, 0x74, 0x78,
    0x9C, 0xFB, 0xFF, 0x1F, 0x0C, 0xF8, 0x19, 0x28, 0x42, 0x60, 0xC0, 0xC0, 0xC0, 0x00, 0x00, 0x8B,
    0xAE, 0x22, 0x1B, 0x78, 0x9C, 0xFB, 0xF0, 0x9F, 0x81, 0x81, 0xE1, 0x03, 0x9C, 0x60, 0x80, 0x10,
    0xFC, 0x28, 0xC4, 0x07, 0x7E, 0x14, 0x35, 0xC8, 0xAA, 0xF9, 0x89, 0x53, 0x8D, 0xD5, 0x58, 0x30,
    0xC1, 0xC0, 0x00, 0x00, 0xBD, 0x8E, 0x22, 0xED, 0x78, 0x9C, 0xFB, 0xFF, 0x1F, 0x04, 0x18, 0x3E,
    0x50, 0x84, 0x20, 0x80, 0x81, 0x81, 0x01, 0x00, 0x56, 0xC2, 0x34, 0x90, 0x78, 0x9C, 0x63, 0x60,
    0x80, 0x82, 0x0F, 0xFF, 0xF9, 0x41, 0xD4, 0x7F, 0x18, 0xF5, 0x1F, 0x2C, 0x06, 0xA5, 0x3E, 0xC0,
    0x28, 0x7E, 0x90, 0x14, 0x03, 0x98, 0xE2, 0x07, 0xB1, 0x40, 0x22, 0x1F, 0x90, 0x28, 0xB0, 0x39,
    0x00, 0x28, 0xDB, 0x24, 0xA0, 0x78, 0x9C, 0x63, 0x60, 0x00, 0x83, 0xFF, 0x28, 0x00, 0x00, 0x68,
    0xAC, 0x0D, 0xF3, 0x78, 0x9C, 0x63, 0x60, 0x00, 0x82, 0x0F, 0x40, 0xFC, 0x9F, 0x9F, 0xE1, 0xC3,
    0xFF, 0xFF, 0x40, 0x1A, 0xCE, 0xE0, 0x87, 0x48, 0x30, 0x30, 0x00, 0x00, 0xDB, 0xDE, 0x0B, 0xE6,
    0x78, 0x9C, 0x4D, 0xCB, 0x81, 0x09, 0x00, 0x30, 0x08, 0x03, 0xC1, 0xDF, 0xC0, 0xFD, 0xB7, 0x74,
    0x83, 0x34, 0x9A, 0x52, 0x0A, 0xC2, 0xA9, 0x51, 0x90, 0x0A, 0x5A, 0x1A, 0x7F, 0x04, 0x0E, 0x06,
    0x42, 0x67, 0x99, 0xCC, 0x03, 0x5B, 0x15, 0x08, 0x9B, 0xE9, 0x9D, 0xDC, 0x07, 0xB7, 0x1C, 0xF5,
    0xD0, 0x42, 0xA0, 0x78, 0x9C, 0xFB, 0xFF, 0x9F, 0x01, 0x04, 0xFE, 0x13, 0x45, 0x81, 0x58, 0xFF,
    0x41, 0x80, 0x1F, 0x42, 0xFD, 0x87, 0x52, 0xFC, 0x10, 0x11, 0x7E, 0x90, 0xFC, 0x07, 0xC2, 0x14,
    0x58, 0x25, 0x92, 0x76, 0x84, 0x99, 0x60, 0x1B, 0x00, 0xB7, 0x40, 0x52, 0x09, 0x78, 0x9C, 0x5D,
    0x8B, 0xC1, 0x09, 0x00, 0x20, 0x10, 0xC3, 0xB2, 0xC1, 0xED, 0xBF, 0xE5, 0x6D, 0x10, 0x2D, 0x27,
    0x88, 0x7E, 0x42, 0x9B, 0x52, 0x68, 0x25, 0xB0, 0x30, 0x4C, 0x74, 0x8B, 0x02, 0x7C, 0xC8, 0x67,
    0xFA, 0xF0, 0x7E, 0xA7, 0x64, 0x97, 0x05, 0x4F, 0x8A, 0x2E, 0xFF, 0x78, 0x9C, 0x63, 0x60, 0x00,
    0x82, 0xFF, 0xFF, 0x19, 0x88, 0xA1, 0x80, 0x18, 0x8C, 0x40, 0x00, 0x4A, 0x7D, 0x80, 0x51, 0xFC,
    0x0C, 0x60, 0x11, 0x28, 0xC5, 0x80, 0x8D, 0x82, 0x2B, 0xF9, 0x80, 0xA4, 0x0F, 0xD9, 0x30, 0xA8,
    0x0D, 0x00, 0x2D, 0x15, 0x57, 0x9A, 0x78, 0x9C, 0x63, 0x60, 0xF8, 0xF0, 0xFF, 0x3F, 0x03, 0x03,
    0x88, 0x04, 0xD1, 0x20, 0xF2, 0x3F, 0x3F, 0x94, 0xFA, 0x00, 0x64, 0x01, 0x99, 0x70, 0x0A, 0x0C,
    0xD0, 0x29, 0xA0, 0x1C, 0x03, 0xD4, 0x0C, 0xA8, 0x76, 0xB8, 0x29, 0x1F, 0x20, 0x14, 0x88, 0xE6,
    0x67, 0x00, 0x00, 0x9E, 0x80, 0x45, 0x8E, 0x78, 0x9C, 0x63, 0x60, 0x80, 0x80, 0xFF, 0xFF, 0xFF,
    0x33, 0x30, 0x7C, 0x40, 0x22, 0xFF, 0xFF, 0xE7, 0x07, 0x0B, 0x33, 0xC0, 0x48, 0xA0, 0x28, 0x50,
    0x08, 0x93, 0x44, 0x56, 0x43, 0x1E, 0x09, 0x00, 0x4B, 0xB1, 0x36, 0xF7, 0x78, 0x9C, 0x5D, 0x8C,
    0x89, 0x09, 0x00, 0x30, 0x0C, 0x02, 0x6F, 0x83, 0xEE, 0xBF, 0xA5, 0x1B, 0xA4, 0x95, 0x3C, 0x84,
    0x0A, 0x51, 0x38, 0x25, 0x28, 0xAC, 0xF4, 0x8E, 0x11, 0xBC, 0x8B, 0x38, 0x0E, 0x0D, 0x31, 0x20,
    0x5D, 0x0F, 0xB0, 0xA2, 0x60, 0x6E, 0xBE, 0x9F, 0x55, 0x74, 0xEF, 0x89, 0x56, 0x01, 0x17, 0x56,
    0x29, 0x64, 0x33, 0x78, 0x9C, 0xFB, 0xFF, 0x9F, 0x01, 0x04, 0xFE, 0x13, 0x45, 0xFD, 0xFF, 0xCF,
    0x0F, 0xC4, 0x20, 0x80, 0x4A, 0xF1, 0x43, 0x24, 0xF8, 0x41, 0x2A, 0x3F, 0x50, 0x4C, 0x01, 0x00,
    0xA9, 0xE4, 0x4D, 0xEF, 0x78, 0x9C, 0x63, 0x60, 0x60, 0xF8, 0xFF, 0x1F, 0x81, 0x20, 0x00, 0x59,
    0x84, 0x20, 0x02, 0x00, 0x8C, 0xED, 0x25, 0xDB, 0x78, 0x9C, 0x63, 0x60, 0x00, 0x83, 0xFF, 0xFF,
    0x31, 0x09, 0x04, 0xC0, 0x26, 0x4B, 0x01, 0xF1, 0x1F, 0x48, 0x7C, 0x80, 0x12, 0xFC, 0x20, 0x82,
    0x81, 0x01, 0x00, 0xC7, 0x00, 0x34, 0xAE, 0x78, 0x9C, 0xFB, 0xFF, 0x9F, 0x01, 0x0C, 0xFE, 0x93,
    0x40, 0x7F, 0xF8, 0xCF, 0x0F, 0xA6, 0xFF, 0x43, 0xE8, 0x0F, 0x10, 0x36, 0x98, 0x0B, 0xA1, 0xC1,
    0xEA, 0xC0, 0x5C, 0xAC, 0x34, 0x4C, 0x1E, 0xA2, 0x9E, 0xFF, 0x03, 0x54, 0x1F, 0x12, 0xE6, 0x47,
    0xB1, 0x07, 0x64, 0x01, 0x00, 0x37, 0x88, 0x4C, 0x0F, 0x78, 0x9C, 0xFB, 0xFF, 0x9F, 0x81, 0xE1,
    0x3F, 0xC5, 0x98, 0x1F, 0x88, 0xFF, 0x33, 0x7C, 0x80, 0x0A, 0x00, 0x00, 0x2A, 0xE6, 0x2B, 0xD5,
    0x78, 0x9C, 0xFB, 0xFF, 0x9F, 0xE1, 0xFF, 0x7F, 0x7E, 0x86, 0x0F, 0x40, 0xFC, 0xFF, 0xFF, 0x87,
    0xFF, 0x10, 0x0C, 0x64, 0xC2, 0x00, 0x3F, 0x0A, 0x93, 0x1F, 0xAA, 0x18, 0xA4, 0x06, 0xAC, 0x87,
    0x3E, 0x4C, 0x00, 0x0F, 0x61, 0x70, 0x18, 0x78, 0x9C, 0xFB, 0xFF, 0x9F, 0xE1, 0xFF, 0x7F, 0x7E,
    0x20, 0xFE, 0xF0, 0xFF, 0x3F, 0x88, 0xF9, 0x1F, 0x41, 0xF1, 0x43, 0x24, 0x80, 0x14, 0x03, 0xC3,
    0x07, 0x8A, 0x29, 0x00, 0x9D, 0xCC, 0x41, 0xEC, 0x78, 0x9C, 0x63, 0x60, 0xF8, 0xF0, 0x9F, 0x9F,
    0x81, 0x01, 0x48, 0xFE, 0x07, 0xD1, 0xFF, 0x41, 0x00, 0xCC, 0x01, 0x72, 0x41, 0x32, 0x40, 0xFC,
    0x1F, 0x4C, 0x81, 0xC4, 0x21, 0xF2, 0xA8, 0x14, 0x58, 0x0E, 0xAA, 0x12, 0xAA, 0x0F, 0x6A, 0x0A,
    0xCC, 0x4C, 0x88, 0x0D, 0x00, 0x40, 0x3A, 0x3F, 0xC1, 0x78, 0x9C, 0xFB, 0xFF, 0x9F, 0xE1, 0xFF,
    0x7F, 0x06, 0x20, 0x06, 0x02, 0x7E, 0x08, 0xF5, 0x1F, 0x4A, 0xF1, 0x43, 0x44, 0xF8, 0x41, 0xF2,
    0x1F, 0x08, 0x53, 0x60, 0x95, 0x48, 0xDA, 0x11, 0x66, 0x42, 0x6D, 0x60, 0x00, 0x01, 0x7C, 0x14,
    0x00, 0x12, 0x7F, 0x50, 0x0B, 0x78, 0x9C, 0x63, 0x60, 0xF8, 0xFF, 0x9F, 0xFF, 0xFF, 0x7F, 0x20,
    0x09, 0x02, 0x50, 0xEA, 0x03, 0x8C, 0xE2, 0x67, 0x00, 0x8B, 0x40, 0x29, 0x06, 0x6C, 0x14, 0x5C,
    0xC9, 0x07, 0x24, 0x7D, 0xC8, 0x86, 0x81, 0xE4, 0x19, 0xC0, 0xCA, 0x19, 0x08, 0x50, 0x00, 0x5D,
    0x15, 0x55, 0xAB, 0x78, 0x9C, 0xFB, 0xFF, 0x9F, 0xE1, 0x3F, 0x10, 0x7C, 0xF8, 0x0F, 0x06, 0xFC,
    0x50, 0x82, 0x9F, 0x81, 0x01, 0x4A, 0x30, 0x10, 0x4F, 0x00, 0x00, 0xEB, 0x86, 0x27, 0x07, 0x78,
    0x9C, 0x63, 0x60, 0xF8, 0xFF, 0x9F, 0x9F, 0x01, 0x48, 0x00, 0xA9, 0x0F, 0x20, 0xF2, 0xFF, 0x07,
    0x28, 0x1B, 0x28, 0xCA, 0x00, 0x64, 0x03, 0x49, 0x90, 0x2C, 0x84, 0x03, 0xA5, 0x60, 0x52, 0x60,
    0x8D, 0x10, 0x5D, 0xFF, 0x11, 0x26, 0xF0, 0x43, 0x94, 0x00, 0x00, 0xA9, 0x11, 0x37, 0xBA, 0x78,
    0x9C, 0x63, 0xF8, 0xF0, 0x9F, 0x01, 0x08, 0x20, 0xE4, 0x7F, 0x04, 0xF9, 0x1F, 0x04, 0xB0, 0x90,
    0xC8, 0x6A, 0xF0, 0x90, 0xFC, 0x50, 0x23, 0x40, 0x26, 0x23, 0x48, 0x10, 0xC5, 0x00, 0x00, 0x9D,
    0x41, 0x38, 0x8C, 0x78, 0x9C, 0xFB, 0xFF, 0x9F, 0x81, 0xE1, 0xC3, 0x7F, 0xFE, 0xFF, 0x94, 0x52,
    0xFC, 0x0C, 0xFF, 0x41, 0x14, 0x08, 0xF0, 0x7F, 0x40, 0x50, 0x1F, 0x20, 0x12, 0x40, 0x0A, 0x00,
    0xED, 0xBA, 0x41, 0xEC, 0x78, 0x9C, 0x5D, 0xCB, 0xC1, 0x0D, 0x00, 0x20, 0x0C, 0x02, 0x40, 0x36,
    0xE8, 0xFE, 0x5B, 0xB2, 0x01, 0x0A, 0x9A, 0x60, 0x7C, 0x94, 0x7B, 0x40, 0xA9, 0x01, 0xA8, 0xA1,
    0x95, 0x50, 0x15, 0xCF, 0xFD, 0xDD, 0xF3, 0x13, 0x11, 0x3D, 0xF5, 0xF8, 0x2A, 0xD7, 0x95, 0x75,
    0xE7, 0x02, 0xDD, 0x9C, 0x36, 0xD9, 0x78, 0x9C, 0x75, 0xCD, 0xC1, 0x09, 0x00, 0x30, 0x08, 0x03,
    0x40, 0x37, 0xC8, 0xFE, 0x5B, 0xBA, 0x41, 0x1A, 0x23, 0x15, 0x1F, 0x2D, 0xA2, 0x39, 0x50, 0x30,
    0x89, 0x48, 0x75, 0x90, 0x69, 0x72, 0xB3, 0xD2, 0xF1, 0x22, 0x49, 0x5C, 0xA2, 0x18, 0xDA, 0x2C,
    0xC2, 0x65, 0xF6, 0xC9, 0x90, 0x43, 0x0D, 0xFD, 0x8E, 0x1F, 0xD1, 0x3C, 0x42, 0x25, 0x61, 0x90,
    0x78, 0x9C, 0xFB, 0xF0, 0xFF, 0x3F, 0x03, 0x03, 0x14, 0x7F, 0x80, 0xD0, 0xFC, 0x1F, 0xFE, 0xF3,
    0x33, 0x00, 0x39, 0xFC, 0x20, 0x2E, 0x48, 0x10, 0x4C, 0x03, 0x25, 0x40, 0xC2, 0x08, 0xFA, 0x03,
    0x44, 0x18, 0x5D, 0x1C, 0xA6, 0x0F, 0x48, 0xC0, 0x68, 0x90, 0x79, 0x1F, 0xA0, 0xE6, 0x83, 0xCD,
    0x06, 0xD2, 0x00, 0x58, 0x4E, 0x3B, 0xB6, 0x78, 0x9C, 0x6D, 0xCC, 0x81, 0x09, 0x00, 0x30, 0x08,
    0x03, 0xC1, 0x6C, 0xE0, 0xFE, 0x5B, 0x66, 0x83, 0xAF, 0x55, 0x10, 0x0B, 0x15, 0xE4, 0x82, 0x8A,
    0x26, 0x24, 0x13, 0xBE, 0x42, 0x46, 0xCA, 0xDD, 0xDE, 0x37, 0x8F, 0xCA, 0x22, 0x68, 0x69, 0xF3,
    0x43, 0xFC, 0x54, 0xAF, 0x47, 0xF7, 0x18, 0x46, 0xBD, 0x16, 0x07, 0x41, 0xB1, 0x41, 0xBF, 0x78,
    0x9C, 0xFB, 0xF0, 0x1F, 0x04, 0x3E, 0xA0, 0x93, 0xFC, 0x0C, 0x0C, 0x0C, 0x60, 0x12, 0xC8, 0x83,
    0x31, 0x31, 0x04, 0x20, 0x4C, 0x88, 0x2E, 0x4C, 0x00, 0x00, 0x2B, 0xBA, 0x3F, 0x94, 0x78, 0x9C,
    0x63, 0x60, 0xF8, 0xCF, 0xCF, 0xF0, 0x01, 0x88, 0xFF, 0xFF, 0x67, 0x20, 0x84, 0xFF, 0xC3, 0x95,
    0xF1, 0x13, 0x54, 0x0B, 0x57, 0x08, 0x32, 0x1B, 0x08, 0x00, 0x47, 0x44, 0x31, 0x0C, 0x78, 0x9C,
    0xFB, 0xCF, 0xFF, 0x9F, 0x6C, 0x08, 0x00, 0xD3, 0x83, 0x1F, 0xA5, 0x78, 0x9C, 0xFB, 0xFF, 0x9F,
    0x81, 0xE1, 0xFF, 0x7F, 0x7E, 0x86, 0x0F, 0xFF, 0xC1, 0x0C, 0xFC, 0xF8, 0x03, 0x50, 0x21, 0x03,
    0x58, 0x31, 0x3F, 0x41, 0xB5, 0x40, 0xFC, 0x1F, 0x8C, 0x81, 0x5A, 0x80, 0x00, 0x00, 0xD9, 0x75,
    0x32, 0xEC, 0x78, 0x9C, 0x63, 0x60, 0x80, 0x82, 0x0F, 0xFF, 0xFF, 0x33, 0x30, 0xF0, 0x33, 0x30,
    0xFC, 0x07, 0x03, 0x10, 0x17, 0x4C, 0x33, 0x80, 0x99, 0xFC, 0x60, 0x25, 0x20, 0x2E, 0x00, 0xE6,
    0x75, 0x15, 0xDC, 0x78, 0x9C, 0x03, 0x00, 0x00, 0x00, 0x00, 0x01, 0x78, 0x9C, 0xFB, 0xF0, 0x9F,
    0xE1, 0xFF, 0x7F, 0x7E, 0x08, 0xFA, 0xF0, 0x9F, 0x01, 0x02, 0x3E, 0x80, 0xD8, 0x84, 0x11, 0x00,
    0x29, 0x96, 0x23, 0xEC, 0x78, 0x9C, 0x63, 0x60, 0x60, 0xF8, 0xCF, 0x00, 0x02, 0x48, 0xE4, 0xFF,
    0xFF, 0x40, 0xEA, 0xC3, 0x7F, 0x10, 0x05, 0x22, 0xF8, 0x21, 0xCC, 0x0F, 0xFF, 0xF9, 0xFF, 0x83,
    0xE4, 0x20, 0x24, 0x03, 0x06, 0x89, 0x90, 0xFD, 0x80, 0xD0, 0xC5, 0x0F, 0x36, 0xE1, 0x3F, 0xD4,
    0x4C, 0x0C, 0xBB, 0x00, 0x4D, 0xA9, 0x3D, 0xE1, 0x78, 0x9C, 0x63, 0x60, 0xF8, 0xF0, 0xFF, 0x3F,
    0x03, 0x10, 0xFC, 0xFF, 0x0F, 0xA2, 0x3F, 0x80, 0x28, 0x7E, 0x30, 0xE7, 0x3F, 0x48, 0x8C, 0x1F,
    0x22, 0xC5, 0x80, 0x41, 0xFD, 0x47, 0x52, 0x08, 0xA7, 0x80, 0xDA, 0xC1, 0x1A, 0x3E, 0xC0, 0xF4,
    0x21, 0x69, 0xFF, 0x00, 0x51, 0xF3, 0x1F, 0x1B, 0x05, 0x00, 0x7D, 0x8D, 0x48, 0x22, 0x78, 0x9C,
    0x63, 0x60, 0x80, 0x02, 0x7E, 0x08, 0xF1, 0xE1, 0x3F, 0xC3, 0x7F, 0x7E, 0x20, 0xF1, 0xE1, 0x3F,
    0x18, 0x30, 0x30, 0x80, 0x29, 0x7E, 0x38, 0x0D, 0x14, 0x87, 0x62, 0xB0, 0x18, 0x12, 0x0D, 0xC1,
    0x58, 0xD4, 0x83, 0xCD, 0x01, 0xAA, 0x03, 0xC2, 0xFF, 0x70, 0x7B, 0x60, 0x00, 0x00, 0x31, 0xB7,
    0x3F, 0xDF, 0x78, 0x9C, 0xFB, 0xF0, 0x9F, 0x9F, 0x81, 0xE1, 0xC3, 0x7F, 0x20, 0x02, 0xD2, 0xFF,
    0xFF, 0xA3, 0x61, 0xB0, 0x18, 0xFF, 0x07, 0x88, 0x1A, 0x20, 0xCD, 0x00, 0xA6, 0x41, 0x52, 0x20,
    0x09, 0x90, 0x30, 0x8C, 0xFE, 0xF0, 0x1F, 0x0C, 0xE0, 0x34, 0x03, 0xC4, 0x04, 0x38, 0x4D, 0x48,
    0x1E, 0x9D, 0x06, 0x00, 0xCB, 0x98, 0x48, 0x9A, 0x78, 0x9C, 0xFB, 0xCF, 0xFF, 0x1F, 0x07, 0x64,
    0x80, 0x02, 0x5C, 0xF2, 0xFF, 0xF9, 0x01, 0x50, 0xF7, 0x1B, 0x6D, 0x78, 0x9C, 0x55, 0x8D, 0x89,
    0x11, 0x00, 0x21, 0x08, 0x03, 0xB7, 0x03, 0xFA, 0xEF, 0x92, 0x0E, 0x22, 0x01, 0x1C, 0xEF, 0x9C,
    0x89, 0x6B, 0x78, 0x0C, 0x48, 0x01, 0x75, 0x37, 0x0D, 0x91, 0xE3, 0xD2, 0xC2, 0x0E, 0x66, 0x64,
    0x21, 0xEE, 0x48, 0x3D, 0xD5, 0x72, 0x21, 0xA6, 0x11, 0xBB, 0xEB, 0xCA, 0xE0, 0x6D, 0xD0, 0x74,
    0xE0, 0xE7, 0xDB, 0x52, 0xBB, 0xFC, 0xA5, 0x6F, 0xD0, 0x9E, 0x03, 0xCF, 0x7D, 0x5E, 0x66, 0x78,
    0x9C, 0xFB, 0xF0, 0x9F, 0xE1, 0xC3, 0x7F, 0x86, 0xFF, 0x48, 0xE8, 0x03, 0x18, 0x01, 0x00, 0xCC,
    0x1E, 0x0F, 0xB5, 0x78, 0x9C, 0x8D, 0x8E, 0xB9, 0x11, 0xC0, 0x40, 0x08, 0x03, 0xD5, 0x01, 0xFD,
    0x77, 0xA9, 0x0E, 0xD6, 0x20, 0xCE, 0xE3, 0x0B, 0x4D, 0x00, 0xCB, 0x88, 0x47, 0x92, 0x0C, 0x4A,
    0x34, 0x2C, 0x9A, 0x92, 0x82, 0x03, 0x9B, 0x49, 0x31, 0x72, 0xB5, 0xD4, 0x38, 0xE4, 0x43, 0x44,
    0xE8, 0xC5, 0xE2, 0xAC, 0xFC, 0xA0, 0x7D, 0x55, 0xDF, 0x95, 0xEB, 0x32, 0x71, 0x65, 0x6E, 0x07,
    0xD3, 0x6D, 0x9A, 0x31, 0x56, 0x78, 0xDD, 0x3F, 0xC7, 0x4B, 0x51, 0xBE, 0x78, 0x9C, 0x25, 0xC8,
    0x41, 0x11, 0x00, 0x30, 0x10, 0xC2, 0xC0, 0x38, 0xC0, 0xBF, 0x4B, 0x1C, 0xA4, 0xDC, 0xF4, 0x93,
    0x59, 0x40, 0xA1, 0x1A, 0x9A, 0xE3, 0x0C, 0x4E, 0x3A, 0x99, 0xCB, 0x9F, 0x4B, 0xEF, 0x7B, 0xE1,
    0x7B, 0x1F, 0xA5, 0x78, 0x9C, 0x2D, 0x8B, 0x41, 0x11, 0x00, 0x00, 0x08, 0xC2, 0xD6, 0xC0, 0xFE,
    0x2D, 0x69, 0x80, 0x1E, 0xB8, 0xDB, 0x43, 0x50, 0x21, 0x68, 0x10, 0x78, 0x4E, 0x99, 0xD3, 0x6E,
    0x8A, 0xC4, 0x0E, 0xE9, 0x7B, 0xF3, 0xEB, 0xFE, 0x86, 0x05, 0x65, 0xF3, 0x1C, 0x12, 0x78, 0x9C,
    0xFB, 0xF0, 0x1F, 0x0C, 0x3E, 0x60, 0xA3, 0x18, 0x40, 0xE0, 0x03, 0x61, 0x8A, 0x81, 0x01, 0x00,
    0xF3, 0xE2, 0x25, 0x54, 0x78, 0x9C, 0xFB, 0xFF, 0xFF, 0x3F, 0xFF, 0x7F, 0x24, 0x0C, 0x00, 0x6D,
    0x48, 0x0C, 0x31, 0x78, 0x9C, 0x35, 0x8B, 0x89, 0x0D, 0x00, 0x40, 0x08, 0xC2, 0xBA, 0x01, 0xFB,
    0x6F, 0xE9, 0x06, 0x3D, 0xEE, 0x23, 0x95, 0x10, 0x15, 0x50, 0x40, 0xA6, 0x84, 0xCE, 0x60, 0x26,
    0x52, 0xFC, 0x6E, 0x4E, 0xCE, 0xDB, 0xE4, 0x7E, 0xB6, 0xB5, 0x19, 0x7B, 0xBE, 0x5A, 0x18, 0xE5,
    0x1E, 0x3D, 0x78, 0x9C, 0xFB, 0xFF, 0xFF, 0xFF, 0x7F, 0xFE, 0xFF, 0x70, 0x02, 0x00, 0x66, 0xB7,
    0x0C, 0x22, 0x78, 0x9C, 0x63, 0x60, 0x00, 0x81, 0xFF, 0xFF, 0x19, 0x18, 0x3E, 0xFC, 0xFF, 0xCF,
    0xCF, 0xF0, 0x9F, 0xFF, 0xC3, 0x7F, 0x06, 0x20, 0x07, 0x46, 0x80, 0xB8, 0x60, 0x09, 0xB0, 0x12,
    0x00, 0xA4, 0x5A, 0x13, 0xED, 0x78, 0x9C, 0x63, 0x60, 0xF8, 0xF0, 0x9F, 0x01, 0x04, 0x70, 0x53,
    0xFF, 0xC1, 0x80, 0x1F, 0x2B, 0x85, 0x43, 0x1F, 0x18, 0xE0, 0xD3, 0x07, 0x00, 0x08, 0x26, 0x3F,
    0xC1, 0x78, 0x9C, 0x63, 0xF8, 0xF0, 0x9F, 0x9F, 0xE1, 0xC3, 0xFF, 0xFF, 0xFF, 0x81, 0x04, 0x88,
    0xC9, 0xCF, 0x00, 0x24, 0x18, 0x10, 0xC4, 0x87, 0xFF, 0x20, 0xC6, 0x7F, 0x10, 0x83, 0x1F, 0xC4,
    0x80, 0x28, 0xE6, 0x07, 0x13, 0x00, 0x4E, 0x18, 0x1D, 0x02, 0x78, 0x9C, 0x63, 0xF8, 0xF0, 0x9F,
    0x9F, 0xE1, 0xC3, 0xFF, 0xFF, 0xFF, 0x81, 0x04, 0x88, 0xC9, 0xC0, 0x00, 0x22, 0xFE, 0x43, 0x08,
    0x06, 0x28, 0x01, 0x93, 0x00, 0x2B, 0x01, 0x2B, 0x06, 0xAB, 0x00, 0x00, 0x91, 0x4D, 0x1D, 0xE3,
    0x78, 0x9C, 0x63, 0x60, 0x00, 0x81, 0xFF, 0x0C, 0x0C, 0x1F, 0xFE, 0xF3, 0x33, 0xFC, 0x87, 0x60,
    0x10, 0xF3, 0x03, 0x50, 0x88, 0x81, 0x1F, 0x2C, 0xC9, 0x00, 0x00, 0xDB, 0xFC, 0x0B, 0x14, 0x78,
    0x9C, 0xFB, 0xFF, 0x9F, 0x81, 0xE1, 0xC3, 0x7F, 0x7E, 0x86, 0xFF, 0x54, 0xA3, 0x61, 0x18, 0x0C,
    0xF8, 0x91, 0x69, 0x7E, 0x28, 0x0D, 0x52, 0x08, 0x52, 0x0F, 0x02, 0x84, 0x68, 0x00, 0xF4, 0xDC,
    0x50, 0x0B, 0x78, 0x9C, 0x63, 0x60, 0xF8, 0xFF, 0x9F, 0xFF, 0xFF, 0x7F, 0x06, 0x20, 0x05, 0xA6,
    0x3F, 0xA0, 0xD1, 0xFF, 0x89, 0xA4, 0x61, 0xEA, 0x61, 0xE6, 0x80, 0x04, 0xC0, 0x34, 0x90, 0x01,
    0xA1, 0x19, 0x40, 0x72, 0x14, 0xD3, 0x00, 0x4C, 0x12, 0x59, 0x20, 0x78, 0x9C, 0xFB, 0xF0, 0x9F,
    0xE1, 0xFF, 0x7F, 0x7E, 0x08, 0xFA, 0xF0, 0x9F, 0x01, 0x00, 0x54, 0xE7, 0x0A, 0x06, 0x78, 0x9C,
    0x63, 0xF8, 0xCF, 0xF0, 0x01, 0x84, 0xF8, 0x21, 0xD4, 0xFF, 0xFF, 0xFC, 0xFF, 0xFF, 0x33, 0x00,
    0x00, 0x85, 0x80, 0x0C, 0xD6, 0x78, 0x9C, 0x63, 0xF8, 0xF0, 0x9F, 0xE1, 0xC3, 0x7F, 0x08, 0x06,
    0x12, 0x78, 0x31, 0x00, 0x2A, 0x1E, 0x17, 0x44, 0x78, 0x9C, 0x63, 0xF8, 0xF0, 0x9F, 0x81, 0xE1,
    0xC3, 0xFF, 0xFF, 0xFF, 0x81, 0x04, 0x90, 0xF9, 0x9F, 0x1F, 0x88, 0xD0, 0x08, 0xB0, 0x04, 0x58,
    0x09, 0x03, 0x48, 0x31, 0x00, 0xD4, 0xA6, 0x1B, 0xE5, 0x78, 0x9C, 0x63, 0x60, 0x00, 0x81, 0x0F,
    0xFC, 0x0C, 0x1F, 0x80, 0xE4, 0x7F, 0x86, 0xFF, 0xFC, 0x0C, 0x40, 0x0C, 0x64, 0x30, 0xFC, 0x07,
    0x73, 0x60, 0x42, 0x60, 0x15, 0x60, 0x12, 0x22, 0x0E, 0x56, 0x03, 0x91, 0x84, 0xE8, 0x85, 0x00,
    0x00, 0xA4, 0xC3, 0x1D, 0xD4, 0x78, 0x9C, 0x6D, 0xCE, 0xD1, 0x0D, 0x00, 0x21, 0x08, 0x03, 0x50,
    0x36, 0xE8, 0xFE, 0x5B, 0xB2, 0x41, 0x85, 0x16, 0x3D, 0x3E, 0xCE, 0x18, 0x7D, 0x31, 0xA5, 0x31,
    0x92, 0x51, 0x2B, 0xD1, 0x07, 0x65, 0x3F, 0x2C, 0x87, 0x32, 0x8A, 0xFC, 0xD8, 0x11, 0x39, 0xB7,
    0xF1, 0x99, 0xA8, 0x0B, 0xE3, 0xDA, 0xE3, 0xDC, 0xAE, 0x08, 0xE8, 0x19, 0x6E, 0xF7, 0xB6, 0x3D,
    0x31, 0xEE, 0x46, 0x6A, 0xD8, 0xED, 0xD7, 0xB7, 0xE0, 0x7D, 0xC6, 0x7E, 0xC5, 0x07, 0xFF, 0xBE,
    0x4D, 0x68, 0x78, 0x9C, 0x55, 0x8E, 0xD9, 0x01, 0x00, 0x30, 0x04, 0x43, 0x6D, 0x60, 0xFF, 0x2D,
    0x6D, 0x90, 0xA6, 0x71, 0x54, 0x7D, 0xD4, 0x43, 0x2A, 0xCC, 0x5E, 0x04, 0xEE, 0x0B, 0x11, 0xBA,
    0x2E, 0xF4, 0x11, 0x60, 0xE1, 0x7C, 0x8B, 0x85, 0x3E, 0x48, 0x29, 0x6A, 0x08, 0x12, 0x4B, 0x62,
    0x08, 0x95, 0x29, 0x45, 0xB7, 0xFE, 0x03, 0xCA, 0x5B, 0xAB, 0x64, 0x28, 0x5C, 0x73, 0xEC, 0x5B,
    0xDB, 0x55, 0x7B, 0x53, 0x9F, 0x38, 0x71, 0x00, 0x45, 0x61, 0x4F, 0xCF, 0x78, 0x9C, 0x65, 0x8E,
    0xD1, 0x11, 0xC0, 0x30, 0x08, 0x42, 0xD9, 0xA0, 0xFB, 0x6F, 0xC9, 0x06, 0x54, 0xC1, 0xE4, 0xEC,
    0xF5, 0xC7, 0xBC, 0x03, 0xC4, 0x80, 0x7A, 0x00, 0x50, 0x1E, 0xD2, 0x61, 0xC8, 0x86, 0x4D, 0xE4,
    0x1D, 0x6E, 0x3D, 0x91, 0x92, 0x84, 0x2F, 0x4F, 0xBC, 0xB3, 0xDA, 0xDC, 0xDD, 0xE5, 0xD6, 0x2E,
    0x87, 0x65, 0x01, 0x3E, 0x29, 0xC7, 0xA9, 0x5B, 0x85, 0xCB, 0x8C, 0xF3, 0xE3, 0x34, 0xE4, 0xC6,
    0xE2, 0x7C, 0x20, 0x99, 0xCD, 0x53, 0x20, 0xBC, 0xFF, 0x9A, 0x5A, 0x2E, 0x78, 0x9C, 0x63, 0x60,
    0xF8, 0xCF, 0xCF, 0xC0, 0xC0, 0xF0, 0xE1, 0xFF, 0x7F, 0x34, 0x12, 0x22, 0x8E, 0x02, 0x20, 0x22,
    0x50, 0xF5, 0x08, 0x12, 0xAA, 0x09, 0xC2, 0x84, 0x0B, 0x80, 0xD9, 0xFC, 0x40, 0x12, 0x08, 0x40,
    0x46, 0x42, 0x49, 0x7E, 0xA8, 0xF9, 0x00, 0xA4, 0xCB, 0x2B, 0xF3, 0x78, 0x9C, 0x6D, 0xCE, 0xDB,
    0x0D, 0x00, 0x20, 0x08, 0x03, 0x40, 0x36, 0x60, 0xFF, 0x2D, 0xD9, 0xA0, 0xA2, 0x3C, 0x8A, 0xC6,
    0x7E, 0xE8, 0x85, 0x40, 0x40, 0x84, 0xD1, 0xFC, 0x0D, 0x5A, 0x40, 0x96, 0xC0, 0x52, 0x77, 0xC9,
    0x93, 0xEE, 0xC6, 0x80, 0x5E, 0xF0, 0x69, 0x02, 0x01, 0x09, 0x60, 0x20, 0x96, 0x14, 0xF6, 0x93,
    0x38, 0xF9, 0x01, 0x44, 0x5E, 0x7B, 0xE0, 0x63, 0x46, 0x68, 0x1C, 0xB9, 0x00, 0x36, 0x6F, 0x5E,
    0x75, 0x78, 0x9C, 0x6D, 0xCE, 0xC1, 0x0D, 0x00, 0x20, 0x08, 0x03, 0x40, 0x36, 0x60, 0xFF, 0x2D,
    0xBB, 0x41, 0x55, 0x28, 0x01, 0x8D, 0x7D, 0x90, 0x4B, 0x83, 0x06, 0xB3, 0x19, 0xB8, 0x40, 0x01,
    0xA4, 0x8A, 0x6A, 0xAA, 0x30, 0xDA, 0x93, 0xB1, 0xDB, 0xF0, 0x0B, 0xA0, 0x37, 0x98, 0xD0, 0x8F,
    0x1C, 0x40, 0x2C, 0x15, 0xCE, 0x10, 0x22, 0x3F, 0xB0, 0xA1, 0x63, 0x03, 0xFB, 0x19, 0x1A, 0x9E,
    0x47, 0x2E, 0x3A, 0xD4, 0x5E, 0x84, 0x78, 0x9C, 0x6D, 0xCE, 0x8B, 0x09, 0xC0, 0x20, 0x10, 0x03,
    0xD0, 0x6C, 0x90, 0xFD, 0xB7, 0xBC, 0x0D, 0xD2, 0xFB, 0xD9, 0xB4, 0x60, 0x10, 0x7D, 0xC2, 0x45,
    0x04, 0x1C, 0x49, 0x7D, 0x46, 0x82, 0x83, 0x5A, 0x85, 0xBC, 0x12, 0xBF, 0xC4, 0x0E, 0xBF, 0x2D,
    0x9C, 0x16, 0x5C, 0xA7, 0xA1, 0x7D, 0x70, 0xA0, 0x0F, 0xA2, 0x87, 0x0E, 0x6A, 0x5B, 0x74, 0x6E,
    0x90, 0xD1, 0x4D, 0x0E, 0xB2, 0x16, 0x06, 0xE7, 0x93, 0x0F, 0x82, 0xF1, 0x60, 0x64, 0x78, 0x9C,
    0x6D, 0xCE, 0xDB, 0x0D, 0x00, 0x20, 0x08, 0x03, 0xC0, 0x6E, 0xD0, 0xFD, 0xB7, 0x64, 0x83, 0xCA,
    0x2B, 0x2A, 0x51, 0x7E, 0x3C, 0x03, 0x45, 0x81, 0x5D, 0x12, 0x4D, 0x05, 0x2F, 0x3F, 0xED, 0x20,
    0x9A, 0xD1, 0x22, 0x6A, 0x04, 0x23, 0x36, 0x61, 0x15, 0x1A, 0xE8, 0x94, 0x1C, 0x9C, 0x20, 0x12,
    0x71, 0xED, 0xB7, 0x5E, 0x44, 0xB1, 0xFF, 0xF5, 0x45, 0x2E, 0xF3, 0xB9, 0x02, 0x6E, 0xA8, 0xC1,
    0x05, 0xD4, 0x1B, 0x63, 0xCA, 0x78, 0x9C, 0x6D, 0x8D, 0xC1, 0x0D, 0x00, 0x20, 0x08, 0x03, 0xD9,
    0x80, 0xFD, 0xB7, 0x74, 0x83, 0x6A, 0x45, 0x11, 0xB5, 0x0D, 0x8F, 0x4B, 0x80, 0xAB, 0x59, 0x03,
    0x87, 0x01, 0xC9, 0x6F, 0x3A, 0x5B, 0x99, 0x86, 0xBD, 0x04, 0xE2, 0x41, 0xD2, 0x90, 0xAD, 0x43,
    0x4D, 0x7F, 0xEF, 0x43, 0x88, 0x2E, 0x46, 0x91, 0xCF, 0xAE, 0xA4, 0xB0, 0x17, 0x4A, 0x41, 0x91,
    0x76, 0x30, 0xBD, 0x66, 0x31, 0x78, 0x9C, 0x75, 0x8D, 0xC9, 0x11, 0x00, 0x20, 0x08, 0x03, 0xD3,
    0x01, 0xFD, 0x77, 0x99, 0x0E, 0xA2, 0x82, 0x0A, 0xE3, 0x91, 0x8F, 0x2B, 0x13, 0x16, 0x00, 0x90,
    0x21, 0x42, 0x69, 0x92, 0x6C, 0x0D, 0x05, 0xDA, 0x39, 0xCB, 0x5E, 0xEE, 0x66, 0x8A, 0x45, 0xDB,
    0x72, 0x13, 0xBB, 0x4F, 0x5F, 0xEA, 0x0F, 0xA3, 0xF8, 0x24, 0xF3, 0x9F, 0xDF, 0x1A, 0x79, 0x91,
    0x57, 0x92, 0xC2, 0x5E, 0x88, 0xAB, 0x5C, 0xF4, 0x0D, 0x7D, 0x2C, 0x62, 0xDA, 0x78, 0x9C, 0x6D,
    0xCE, 0xC1, 0x0D, 0x00, 0x20, 0x0C, 0x02, 0x40, 0x36, 0xE8, 0xFE, 0x5B, 0xB2, 0x01, 0x9A, 0x6A,
    0x6A, 0x51, 0x79, 0x1D, 0x0F, 0x12, 0x00, 0x80, 0xCA, 0x04, 0x2E, 0xEB, 0x6F, 0x2A, 0x24, 0xAC,
    0x74, 0x4F, 0xB8, 0x95, 0x95, 0xE6, 0x28, 0xCB, 0xBC, 0x51, 0x07, 0x1E, 0xCB, 0x7C, 0x36, 0xCD,
    0x34, 0x47, 0x79, 0x00, 0xFB, 0x86, 0x80, 0x71, 0x78, 0x9C, 0x75, 0x8E, 0xC1, 0x0D, 0x00, 0x30,
    0x08, 0x02, 0xD9, 0xC0, 0xFD, 0xB7, 0x74, 0x03, 0x5A, 0xD4, 0x9A, 0xDA, 0xA4, 0xAF, 0x13, 0x85,
    0x20, 0x00, 0x92, 0x40, 0x40, 0x83, 0x07, 0x2D, 0x25, 0x25, 0xF7, 0xCD, 0x8A, 0x72, 0xD9, 0x43,
    0x7C, 0x38, 0x7D, 0xDE, 0x94, 0x81, 0x55, 0x47, 0xEB, 0xBE, 0xD3, 0xDF, 0xFF, 0x84, 0x2B, 0x23,
    0xB8, 0xA2, 0x63, 0x31, 0xAB, 0x84, 0x05, 0xBD, 0xD1, 0x4E, 0xC1, 0x78, 0x9C, 0x63, 0x60, 0x00,
    0x83, 0x0F, 0x60, 0xF2, 0xFF, 0x7F, 0x10, 0xF3, 0xFF, 0x7F, 0x7E, 0x30, 0xFB, 0x3F, 0x5C, 0x88,
    0x81, 0x81, 0x9F, 0x01, 0x0A, 0xFE, 0xE3, 0x04, 0x08, 0xD5, 0x30, 0x12, 0x08, 0xF8, 0xB1, 0x91,
    0x98, 0x2A, 0xF1, 0x99, 0x0C, 0x00, 0xB5, 0xD4, 0x5C, 0xE0, 0x78, 0x9C, 0x63, 0x60, 0x80, 0x81,
    0xFF, 0x20, 0xE2, 0x03, 0x98, 0xFC, 0xFF, 0x9F, 0x1F, 0xC4, 0xFC, 0x0F, 0x16, 0xE0, 0x07, 0x91,
    0xFC, 0x70, 0x55, 0x38, 0x01, 0x44, 0x16, 0x99, 0x04, 0x02, 0x7E, 0x6C, 0x24, 0xA6, 0x4A, 0x7C,
    0x26, 0x03, 0x00, 0x8D, 0x66, 0x5C, 0xD1, 0x78, 0x9C, 0x63, 0x60, 0x00, 0x83, 0x0F, 0xFF, 0xFF,
    0xFF, 0x67, 0x60, 0xF8, 0x0F, 0x21, 0xF9, 0xC1, 0x08, 0x28, 0x08, 0x91, 0x03, 0x0B, 0x63, 0x07,
    0x10, 0x59, 0x64, 0x12, 0x08, 0xF8, 0xB1, 0x91, 0x98, 0x2A, 0xF1, 0x99, 0x0C, 0x00, 0xF9, 0x1B,
    0x5D, 0xDF, 0x78, 0x9C, 0xFB, 0xF0, 0x9F, 0x81, 0xE1, 0x3F, 0xFF, 0x07, 0x14, 0x04, 0x12, 0x61,
    0x40, 0x02, 0xFF, 0x71, 0x02, 0x88, 0x2C, 0x32, 0x09, 0x12, 0x04, 0x93, 0xFC, 0xA8, 0x24, 0xA6,
    0x4A, 0x7C, 0x26, 0x03, 0x00, 0x41, 0x68, 0x5F, 0xCE, 0x78, 0x9C, 0x63, 0x60, 0x00, 0x02, 0x7E,
    0x06, 0x86, 0x0F, 0xFF, 0x19, 0x18, 0xFE, 0xFF, 0xFF, 0x0F, 0xA4, 0xFF, 0xF3, 0x03, 0x09, 0x90,
    0x08, 0x03, 0x18, 0x7C, 0x80, 0xF2, 0xA9, 0x80, 0x01, 0x9B, 0x22, 0x30, 0xC1, 0x78, 0x9C, 0x63,
    0x60, 0x00, 0x83, 0x0F, 0xFC, 0x40, 0xE2, 0x3F, 0x90, 0xF8, 0xF0, 0xFF, 0x3F, 0x90, 0x01, 0x64,
    0x7D, 0xF8, 0x0F, 0x16, 0x62, 0x80, 0x82, 0x0F, 0x10, 0x49, 0x5A, 0x11, 0x00, 0xD5, 0xA6, 0x2F,
    0xE0, 0x78, 0x9C, 0x63, 0x60, 0x00, 0x83, 0xFF, 0xFF, 0xFF, 0x33, 0x30, 0x7C, 0x00, 0x92, 0xFC,
    0x40, 0x12, 0x8C, 0xF8, 0x19, 0x18, 0xF8, 0x19, 0xA0, 0xE0, 0xC3, 0x7F, 0x7E, 0xFA, 0x92, 0x00,
    0xE8, 0xBD, 0x31, 0xC0, 0x78, 0x9C, 0xFB, 0xF0, 0x9F, 0xE1, 0xC3, 0x7F, 0x86, 0xFF, 0x20, 0x92,
    0x1F, 0x42, 0x7E, 0x00, 0x8B, 0xA0, 0x00, 0xA0, 0x28, 0x7D, 0x49, 0x00, 0x2C, 0x0E, 0x35, 0x8F,
    0x78, 0x9C, 0x63, 0xF8, 0x0F, 0x04, 0xFC, 0x0C, 0x40, 0xF0, 0x1F, 0xC6, 0xFA, 0x0F, 0x63, 0x21,
    0x31, 0x18, 0x18, 0x3E, 0x80, 0x08, 0x10, 0x66, 0x40, 0x62, 0xF0, 0xC3, 0x19, 0x60, 0xA5, 0x40,
    0x45, 0x08, 0x06, 0x44, 0xEA, 0x03, 0x92, 0x1A, 0x0C, 0x06, 0x8A, 0xC9, 0x98, 0x96, 0x22, 0xB9,
    0x07, 0x44, 0x03, 0x00, 0xEB, 0xCD, 0x5E, 0x39, 0x78, 0x9C, 0x5D, 0xCA, 0xC1, 0x0D, 0x00, 0x31,
    0x0C, 0x02, 0x41, 0x3A, 0xA0, 0xFF, 0x2E, 0xDD, 0xC1, 0xE6, 0x62, 0x27, 0xCE, 0xC9, 0x7C, 0x46,
    0x02, 0xA4, 0x93, 0x00, 0xE1, 0x94, 0x2D, 0x57, 0xEF, 0xE5, 0xEB, 0x9D, 0xF3, 0x0D, 0xF5, 0xF5,
    0x93, 0xA9, 0x87, 0x94, 0xD1, 0x3A, 0x55, 0x4B, 0x19, 0x2D, 0xA9, 0xA6, 0x31, 0xD4, 0xCF, 0x05,
    0x81, 0xC9, 0x75, 0x13, 0x78, 0x9C, 0x75, 0x8E, 0xDB, 0x0D, 0x00, 0x20, 0x08, 0x03, 0xBB, 0x01,
    0xFB, 0x6F, 0xC9, 0x06, 0x95, 0x87, 0x34, 0x91, 0x44, 0x3E, 0xE4, 0x94, 0xDA, 0x02, 0xA8, 0xDC,
    0x2E, 0x90, 0x36, 0xC0, 0xFD, 0xE4, 0xC4, 0xAA, 0x11, 0x91, 0x4D, 0xD5, 0x53, 0xDE, 0xC0, 0xF8,
    0x42, 0xD4, 0xE1, 0x65, 0x12, 0xB3, 0x76, 0xF3, 0x07, 0xF0, 0x87, 0x2D, 0x96, 0x8F, 0x9C, 0x95,
    0x95, 0xB7, 0x4E, 0xD7, 0x3E, 0xB3, 0xE1, 0x01, 0x3A, 0x8A, 0x63, 0xD9, 0x78, 0x9C, 0x75, 0x8E,
    0xDB, 0x09, 0x00, 0x30, 0x08, 0x03, 0xB3, 0x41, 0xF7, 0xDF, 0xD2, 0x0D, 0x52, 0x9F, 0x81, 0x0A,
    0xCD, 0x8F, 0x27, 0xCA, 0x29, 0xE0, 0x31, 0x74, 0x78, 0xAA, 0x5A, 0x83, 0x51, 0xA0, 0x09, 0x56,
    0x48, 0x4E, 0x4D, 0xCA, 0x1A, 0xEB, 0x05, 0x0C, 0x49, 0x9A, 0x5A, 0xE2, 0xB3, 0xB2, 0xDA, 0x03,
    0xF8, 0xC3, 0x5E, 0x96, 0x47, 0x66, 0xDD, 0x8A, 0xAE, 0xAE, 0xEB, 0x9F, 0xF9, 0xF0, 0x02, 0xFC,
    0x04, 0x64, 0xBA, 0x78, 0x9C, 0x75, 0x8E, 0x81, 0x0D, 0xC0, 0x40, 0x08, 0x02, 0xD9, 0xC0, 0xFD,
    0xB7, 0x74, 0x03, 0xAA, 0xD0, 0x92, 0xB6, 0xC9, 0x1B, 0x5F, 0x2F, 0x2F, 0x41, 0x01, 0x90, 0x85,
    0x8D, 0x26, 0x19, 0xD0, 0xD7, 0x54, 0x43, 0x4F, 0x5A, 0x94, 0x78, 0xC4, 0xA4, 0x49, 0x7D, 0xD5,
    0x06, 0xAE, 0x8B, 0xAC, 0xE6, 0x95, 0xE6, 0x65, 0xD7, 0xFE, 0x00, 0xCE, 0xF0, 0x17, 0xC7, 0x27,
    0xCE, 0xD9, 0xA5, 0x93, 0x79, 0xCF, 0x5F, 0x97, 0x4D, 0xBD, 0x00, 0x83, 0x62, 0x67, 0xD5, 0x78,
    0x9C, 0x75, 0x8E, 0x01, 0x0E, 0xC0, 0x30, 0x08, 0x02, 0xF9, 0x01, 0xFF, 0xFF, 0xE5, 0x7E, 0xC0,
    0x14, 0xAB, 0x31, 0xCB, 0x4A, 0x62, 0xBC, 0x54, 0x42, 0x01, 0x1E, 0x01, 0x44, 0x48, 0x52, 0x72,
    0x3C, 0xA4, 0x1A, 0x68, 0x40, 0xC1, 0x9F, 0xCA, 0xEB, 0x6D, 0xF2, 0x4E, 0x77, 0x81, 0x32, 0xC6,
    0x59, 0x31, 0xF4, 0x9D, 0x9D, 0xBA, 0x01, 0x77, 0xF8, 0x9A, 0x27, 0x67, 0x92, 0xE7, 0xAF, 0x53,
    0x9E, 0xAB, 0x4F, 0x37, 0x7C, 0x01, 0x46, 0xCE, 0x6F, 0xA0, 0x78, 0x9C, 0x75, 0x8E, 0x01, 0x0A,
    0x00, 0x20, 0x08, 0x03, 0xF7, 0x83, 0xFE, 0xFF, 0xCB, 0x7E, 0xB0, 0x9C, 0xE2, 0x90, 0x28, 0x09,
    0xBD, 0x70, 0x6C, 0x02, 0x5C, 0x7A, 0xC0, 0x16, 0x70, 0x82, 0x57, 0xAF, 0x62, 0x49, 0x34, 0x93,
    0x72, 0x4A, 0x5D, 0xC0, 0xB0, 0x21, 0xB2, 0xED, 0xF4, 0x88, 0x1D, 0x3B, 0x67, 0x00, 0xFE, 0x70,
    0x8B, 0xED, 0x63, 0x67, 0x67, 0xE9, 0x57, 0xE9, 0xBE, 0xA7, 0x2F, 0x3C, 0x36, 0x47, 0x66, 0x04,
    0x78, 0x9C, 0x2D, 0x8C, 0xC1, 0x11, 0x00, 0x30, 0x08, 0xC2, 0xB2, 0x81, 0xFB, 0x6F, 0xC9, 0x06,
    0x54, 0xA1, 0xDE, 0xE5, 0x11, 0x51, 0xA0, 0x33, 0x8B, 0x91, 0x39, 0xE4, 0xC1, 0x41, 0xCE, 0xE6,
    0x64, 0xF3, 0x13, 0xA8, 0xA8, 0xE6, 0x64, 0x77, 0xE6, 0xFE, 0x2D, 0x4A, 0xF0, 0x8B, 0x79, 0x04,
    0xA1, 0x2A, 0xB8, 0x78, 0x9C, 0x5D, 0x8F, 0x01, 0x0E, 0x00, 0x20, 0x08, 0x02, 0xFD, 0x01, 0xFF,
    0xFF, 0xA5, 0x3F, 0x20, 0x1D, 0x58, 0x2E, 0x56, 0x7A, 0xD5, 0x86, 0x14, 0xB1, 0x94, 0x24, 0xA2,
    0x56, 0x43, 0xEB, 0xC2, 0xA3, 0x7A, 0xDC, 0x45, 0xF7, 0x5D, 0x36, 0x51, 0x84, 0xDE, 0xA6, 0x6A,
    0x22, 0x1F, 0x52, 0xAE, 0x26, 0x7B, 0xCD, 0x20, 0x13, 0x57, 0x14, 0xC8, 0xF5, 0x8B, 0x92, 0x54,
    0xE6, 0x12, 0xE6, 0x13, 0x07, 0x60, 0x7E, 0x75, 0x4F, 0x78, 0x9C, 0x63, 0x60, 0x80, 0x81, 0xFF,
    0x10, 0xEA, 0xC3, 0x7F, 0x7E, 0x28, 0x0D, 0x15, 0xF8, 0x0F, 0x17, 0xE0, 0x87, 0xAA, 0x60, 0x40,
    0x02, 0x60, 0x55, 0x40, 0x29, 0xDA, 0xD1, 0xFC, 0x28, 0x34, 0xD8, 0x15, 0xFF, 0x41, 0x34, 0x18,
    0x80, 0xD8, 0x10, 0x1A, 0x2C, 0xC0, 0x0F, 0x71, 0x38, 0x90, 0x02, 0x00, 0x3E, 0x6C, 0x5B, 0xB4,
    0x78, 0x9C, 0xB5, 0xCE, 0xC1, 0x0D, 0x00, 0x30, 0x08, 0x02, 0x40, 0x37, 0x60, 0xFF, 0x2D, 0xD9,
    0x80, 0x56, 0xF0, 0x61, 0x07, 0x28, 0x9F, 0x33, 0x24, 0x24, 0x56, 0xAD, 0x20, 0x48, 0x86, 0xA3,
    0x84, 0x5D, 0x17, 0xF7, 0xC4, 0x25, 0x85, 0x7F, 0xE2, 0x91, 0xAD, 0x5A, 0xA7, 0xEF, 0xE8, 0x02,
    0x79, 0xFB, 0x72, 0x00, 0x6D, 0x6B, 0x5A, 0xC4, 0x78, 0x9C, 0xB5, 0x8E, 0xC1, 0x0D, 0x00, 0x20,
    0x0C, 0x02, 0xBB, 0x01, 0xFB, 0x6F, 0xD9, 0x0D, 0xCE, 0x82, 0xFA, 0x70, 0x00, 0x2F, 0x24, 0x97,
    0xC0, 0x87, 0xAA, 0x86, 0x32, 0x80, 0x46, 0x8D, 0x52, 0x34, 0xCE, 0xA0, 0xE4, 0x72, 0x36, 0xFD,
    0xB3, 0x1E, 0xB7, 0x8D, 0x1D, 0x72, 0x33, 0x4E, 0xB1, 0x0F, 0x5B, 0x0B, 0x53, 0x27, 0x5E, 0xC0,
    0x78, 0x9C, 0x63, 0xF8, 0xF0, 0x9F, 0x01, 0x88, 0x18, 0x18, 0xFE, 0x83, 0x68, 0x7E, 0x04, 0x0D,
    0x13, 0x47, 0x03, 0xFF, 0x41, 0x62, 0x40, 0x05, 0xB4, 0xA3, 0xF9, 0x51, 0x68, 0xA8, 0x9B, 0x80,
    0x34, 0x18, 0x80, 0xD8, 0x10, 0x1A, 0x2C, 0xC0, 0x0F, 0xD6, 0x04, 0xA2, 0x00, 0xA9, 0xCF, 0x60,
    0x82, 0x78, 0x9C, 0x9D, 0x8E, 0xDB, 0x15, 0x00, 0x30, 0x04, 0x43, 0x6D, 0x90, 0xFD, 0xB7, 0xB4,
    0x81, 0x36, 0x1E, 0xC5, 0x6F, 0xFD, 0xB8, 0x72, 0x12, 0x88, 0xCC, 0xB2, 0xEC, 0x5A, 0x60, 0x86,
    0x14, 0xAC, 0x84, 0xB2, 0x60, 0x27, 0x69, 0xA4, 0x4B, 0x03, 0x10, 0x11, 0x9F, 0x08, 0x9E, 0xA3,
    0xC9, 0xE1, 0xCA, 0xDA, 0x80, 0x58, 0xF0, 0x20, 0x6F, 0xE8, 0x00, 0xEC, 0x77, 0xFA, 0x8D, 0x0F,
    0x38, 0x7E, 0x18, 0x48, 0x9A, 0x78, 0x9C, 0xFB, 0xFF, 0x9F, 0x01, 0x0C, 0xFE, 0xC3, 0xE9, 0xFF,
    0xFC, 0x50, 0xFA, 0x3F, 0x48, 0x0C, 0x42, 0xF3, 0x43, 0xE9, 0xFF, 0x60, 0x75, 0x1F, 0xA0, 0x34,
    0x03, 0x01, 0x1A, 0xA2, 0x0E, 0x59, 0x3F, 0x94, 0xE6, 0x47, 0xB6, 0x07, 0xDD, 0x7E, 0x08, 0x0D,
    0x00, 0x89, 0xAB, 0x4D, 0xEF, 0x78, 0x9C, 0x5D, 0x8D, 0x89, 0x09, 0x00, 0x31, 0x0C, 0xC3, 0xB4,
    0x81, 0xF7, 0xDF, 0x32, 0x1B, 0xB8, 0x6D, 0xEA, 0x94, 0xE3, 0x02, 0x46, 0x84, 0x3C, 0x02, 0xDB,
    0xEC, 0xDA, 0xB0, 0xA0, 0x0E, 0x3D, 0x14, 0xDF, 0x54, 0x93, 0xF4, 0x4C, 0xEA, 0x51, 0x3F, 0xBE,
    0xB9, 0xC9, 0x4F, 0xB5, 0x2C, 0x8E, 0x2B, 0x19, 0x79, 0x94, 0x97, 0xEA, 0x93, 0xEC, 0x1F, 0xDF,
    0x02, 0xF1, 0x01, 0x64, 0xAB, 0x78, 0x9C, 0x65, 0xCD, 0x89, 0x0D, 0x00, 0x20, 0x08, 0x03, 0xC0,
    0x6E, 0xC0, 0xFE, 0x5B, 0xB2, 0x41, 0x95, 0x16, 0x09, 0x89, 0x84, 0xE4, 0x7C, 0x8A, 0x02, 0xAE,
    0x0C, 0x41, 0x36, 0xB1, 0x78, 0xA7, 0x69, 0x10, 0xF8, 0x4B, 0xD1, 0x24, 0xCB, 0x0D, 0x15, 0x9F,
    0x67, 0x3B, 0x53, 0xCB, 0xE2, 0x6E, 0xA0, 0x0E, 0x03, 0xA3, 0x3B, 0x4E, 0xA4, 0x07, 0xEA, 0xFF,
    0x03, 0x52, 0xEF, 0x4D, 0xB3, 0x78, 0x9C, 0x55, 0x8D, 0x01, 0x0E, 0x00, 0x20, 0x08, 0x02, 0xF9,
    0x81, 0xFF, 0xFF, 0x65, 0x3F, 0x20, 0x05, 0xB3, 0x62, 0x6E, 0x27, 0x13, 0x26, 0x30, 0x5A, 0x06,
    0x43, 0x86, 0x94, 0xB1, 0xB3, 0xE9, 0xD3, 0x09, 0x7E, 0x52, 0x30, 0x4B, 0xC5, 0x17, 0x59, 0x8C,
    0xDB, 0x67, 0x67, 0x6A, 0x2D, 0xD4, 0x17, 0x4D, 0x18, 0x30, 0x74, 0xE3, 0x44, 0xBA, 0x90, 0x2B,
    0x36, 0x1F, 0xAA, 0x4D, 0x95, 0x78, 0x9C, 0x5D, 0x8D, 0x81, 0x0D, 0x00, 0x20, 0x08, 0xC3, 0xF6,
    0xC1, 0xFE, 0xFF, 0xD2, 0x0F, 0xE6, 0x18, 0x44, 0x8D, 0x84, 0x58, 0x91, 0x2E, 0x02, 0x53, 0x92,
    0x7C, 0xAE, 0x0B, 0xFA, 0x8D, 0xA8, 0x71, 0xB9, 0x89, 0xBF, 0x62, 0x94, 0x68, 0xBE, 0x70, 0xA0,
    0xA2, 0x1A, 0x69, 0x9C, 0x7C, 0x60, 0x78, 0x40, 0x9A, 0x0D, 0x34, 0xB2, 0xD3, 0x51, 0x26, 0xE0,
    0x2B, 0x36, 0x8E, 0x67, 0x52, 0x81, 0x78, 0x9C, 0x45, 0x8B, 0x81, 0x09, 0x00, 0x40, 0x08, 0x02,
    0xDD, 0xC0, 0xFD, 0xB7, 0x74, 0x03, 0xBF, 0xD7, 0x20, 0x89, 0xC3, 0x4A, 0x81, 0xC8, 0x86, 0x3C,
    0xA4, 0x2C, 0x7F, 0xC9, 0xCC, 0x36, 0x67, 0x36, 0x32, 0x6E, 0x6C, 0xBE, 0x25, 0x9B, 0xEC, 0x67,
    0xA9, 0x76, 0x97, 0x48, 0x0C, 0x57, 0x39, 0x6D, 0x37, 0xF3, 0x00, 0x82, 0xBF, 0x5D, 0x0D, 0x78,
    0x9C, 0x5D, 0x8D, 0x01, 0x0E, 0x00, 0x30, 0x04, 0x03, 0xFD, 0xC0, 0xFF, 0x7F, 0xE9, 0x07, 0x37,
    0x45, 0x6C, 0x99, 0x48, 0x2A, 0x75, 0xC5, 0x70, 0x0B, 0xCC, 0x40, 0xBD, 0xD2, 0xE6, 0x57, 0xA4,
    0x9D, 0x3E, 0xD4, 0xFA, 0x4A, 0x92, 0x5E, 0xD1, 0x86, 0x86, 0xD1, 0x28, 0x89, 0xBE, 0x29, 0xFA,
    0x7D, 0x52, 0x3B, 0x16, 0x99, 0x80, 0xDE, 0x1E, 0x3A, 0x63, 0x50, 0x92, 0x78, 0x9C, 0x55, 0x8E,
    0x81, 0x0D, 0x00, 0x20, 0x08, 0xC3, 0xF6, 0x01, 0xFF, 0x7F, 0xE9, 0x07, 0x73, 0x83, 0x69, 0x94,
    0x10, 0x1B, 0xA4, 0x10, 0x80, 0xC5, 0x82, 0x82, 0xA4, 0xDE, 0x45, 0xB8, 0x0C, 0xF2, 0x79, 0x94,
    0x3F, 0x38, 0x22, 0xCD, 0x17, 0x9A, 0x28, 0x77, 0x23, 0xC5, 0xE9, 0x5D, 0x82, 0x0A, 0x74, 0xD6,
    0x00, 0x83, 0xEE, 0xF1, 0x2A, 0x19, 0xF0, 0x1D, 0x1B, 0xBB, 0x0D, 0x52, 0x90, 0x78, 0x9C, 0x4D,
    0x8D, 0x81, 0x0D, 0x00, 0x30, 0x04, 0x04, 0x6F, 0x03, 0xFB, 0x6F, 0xD9, 0x0D, 0xD4, 0x3F, 0xA9,
    0x4A, 0x70, 0x89, 0x03, 0x64, 0x06, 0xA7, 0xB2, 0x4A, 0x85, 0x4A, 0x34, 0x3A, 0x7E, 0xA4, 0xA4,
    0x67, 0x6B, 0x80, 0xF1, 0x19, 0xB1, 0xAE, 0x90, 0x41, 0xAD, 0xC8, 0x05, 0xB7, 0xF4, 0x36, 0xAB,
    0x2E, 0xF6, 0xB7, 0x3E, 0x33, 0xA2, 0xBF, 0x5C, 0x07, 0xB6, 0x6E, 0xA1, 0x78, 0x9C, 0x55, 0x8C,
    0xC1, 0x0D, 0x00, 0x30, 0x08, 0x02, 0x6F, 0x03, 0xF7, 0xDF, 0xD2, 0x0D, 0xA8, 0xA8, 0x49, 0xDB,
    0x87, 0x17, 0x45, 0x00, 0x52, 0xC2, 0x50, 0x20, 0xD3, 0xAB, 0x4A, 0x08, 0x40, 0x1F, 0x79, 0x68,
    0x25, 0x97, 0x0A, 0x31, 0xD9, 0xED, 0xF1, 0xE1, 0x4F, 0xB4, 0xB7, 0x39, 0x5E, 0x2E, 0x73, 0x9B,
    0x6A, 0x0E, 0x5D, 0xCB, 0x37, 0x15, 0x78, 0x9C, 0x65, 0x8D, 0xC1, 0x0D, 0x00, 0x30, 0x08, 0x02,
    0xD9, 0xC0, 0xFD, 0xB7, 0x74, 0x03, 0xAA, 0x60, 0x9A, 0xC6, 0xF2, 0xE0, 0x42, 0x82, 0x02, 0x8C,
    0x42, 0x9E, 0x14, 0xC8, 0x70, 0x5A, 0xD1, 0x25, 0xE2, 0x97, 0xAB, 0xE5, 0xCD, 0xF6, 0xEA, 0x1A,
    0xBA, 0x22, 0x2F, 0xA4, 0x8D, 0x35, 0xF7, 0x7E, 0x49, 0xA3, 0x19, 0x38, 0x56, 0xF8, 0x51, 0x91,
    0x78, 0x9C, 0x65, 0x8C, 0xC1, 0x0D, 0x00, 0x30, 0x08, 0x02, 0xD9, 0x80, 0xFD, 0xB7, 0x74, 0x03,
    0xAA, 0xD2, 0x68, 0xD2, 0xF2, 0xE0, 0x42, 0x02, 0x00, 0xA3, 0xA0, 0xA1, 0x86, 0xC4, 0x0E, 0xDA,
    0x00, 0x07, 0x04, 0x7E, 0xB9, 0x98, 0x5E, 0x2C, 0xCF, 0x85, 0x11, 0xB5, 0x95, 0x06, 0xAD, 0x17,
    0xDC, 0x8F, 0x3B, 0x9F, 0x97, 0x30, 0x8A, 0xC4, 0x01, 0xD3, 0x99, 0x52, 0x72, 0x78, 0x9C, 0x5D,
    0x8E, 0x01, 0x0A, 0x00, 0x30, 0x08, 0x02, 0xFD, 0x41, 0xFF, 0xFF, 0xA5, 0x3F, 0x70, 0xCE, 0x45,
    0x83, 0x84, 0xB8, 0x8A, 0x94, 0x80, 0x96, 0xA4, 0x46, 0x01, 0x54, 0x46, 0x17, 0x3D, 0xD2, 0x1B,
    0x61, 0x8B, 0x31, 0xCC, 0x65, 0x8C, 0x0F, 0xD7, 0xE3, 0x76, 0x10, 0x6D, 0xD4, 0xCF, 0x68, 0xFB,
    0xA4, 0x50, 0xF3, 0x45, 0xE1, 0x00, 0xB6, 0x1F, 0x56, 0x7D, 0x78, 0x9C, 0x5D, 0x8C, 0x89, 0x0D,
    0x00, 0x30, 0x08, 0x02, 0xD9, 0xC0, 0xFD, 0xB7, 0x64, 0x03, 0x0B, 0xD5, 0xDA, 0x44, 0x42, 0x3C,
    0xE2, 0x07, 0x26, 0x64, 0x64, 0xDA, 0x0F, 0xDD, 0x5C, 0xA2, 0x47, 0xAE, 0xB5, 0x29, 0x45, 0x83,
    0x4A, 0x8A, 0x83, 0xAB, 0x8D, 0xF8, 0x3F, 0xFA, 0x7C, 0xBE, 0xB0, 0x60, 0x06, 0x0E, 0xCF, 0x62,
    0x55, 0x42, 0x78, 0x9C, 0x63, 0x60, 0x00, 0x81, 0xFF, 0xFC, 0x0C, 0x0C, 0x1F, 0x20, 0xC4, 0x7F,
    0x10, 0x17, 0x89, 0xC9, 0xCF, 0x80, 0x01, 0xA0, 0x6A, 0x28, 0x27, 0x00, 0x57, 0x95, 0x29, 0xE6,
    0x78, 0x9C, 0x63, 0x60, 0x00, 0x81, 0xFF, 0x0C, 0x0C, 0x1F, 0xFE, 0xF3, 0x33, 0xFC, 0xFF, 0xCF,
    0xFF, 0xE1, 0xFF, 0x7F, 0x30, 0xF3, 0x03, 0x50, 0x88, 0x81, 0x9F, 0x01, 0x0E, 0x80, 0xC2, 0x64,
    0x63, 0x00, 0x98, 0xB5, 0x29, 0xD7, 0x78, 0x9C, 0x63, 0x60, 0xF8, 0xFF, 0x9F, 0x9F, 0x81, 0xE1,
    0xC3, 0xFF, 0xFF, 0xFF, 0x19, 0x80, 0x4C, 0x20, 0xE7, 0x03, 0x90, 0x0F, 0x44, 0x20, 0x41, 0x20,
    0x46, 0x06, 0x20, 0x25, 0xB4, 0x20, 0x01, 0xDD, 0xB9, 0x2C, 0x02, 0x78, 0x9C, 0xFB, 0xF0, 0x9F,
    0xE1, 0xC3, 0x7F, 0x86, 0xFF, 0x48, 0xE8, 0x03, 0x18, 0xA1, 0x80, 0x0F, 0xFF, 0xF9, 0x69, 0x43,
    0x02, 0x00, 0x7A, 0xBB, 0x2D, 0x97, 0x78, 0x9C, 0x3D, 0x4D, 0x81, 0x11, 0x00, 0x31, 0x0C, 0xB1,
    0x41, 0xF6, 0xDF, 0x32, 0x1B, 0x78, 0x44, 0xDF, 0xF5, 0xEA, 0x22, 0x04, 0x50, 0x10, 0xD8, 0xC1,
    0x72, 0xF4, 0x44, 0x82, 0xC4, 0xCD, 0x8F, 0x1B, 0x48, 0xAF, 0x6C, 0x3C, 0x55, 0x34, 0x4F, 0xB5,
    0xDF, 0xD1, 0xA0, 0xC4, 0x77, 0x28, 0xAE, 0x9E, 0xF8, 0x29, 0xBB, 0xEB, 0x6A, 0xAE, 0x57, 0xD2,
    0xEA, 0xCC, 0xD5, 0x7E, 0x77, 0x88, 0x5C, 0x95, 0x78, 0x9C, 0xA5, 0x8A, 0x81, 0x09, 0x00, 0x30,
    0x0C, 0xC2, 0xFC, 0xC0, 0xFF, 0xBF, 0xF4, 0x03, 0xA7, 0xED, 0x60, 0x07, 0x4C, 0x0A, 0x11, 0x1B,
    0x60, 0x23, 0x13, 0x39, 0xD9, 0x85, 0x9B, 0x0E, 0x01, 0x82, 0xCE, 0x37, 0x15, 0xC6, 0x90, 0xA7,
    0xFA, 0x81, 0xFB, 0x60, 0x65, 0x7D, 0xE3, 0x00, 0xC5, 0x17, 0x56, 0x05, 0x78, 0x9C, 0x65, 0x8D,
    0xC1, 0x0D, 0x00, 0x30, 0x08, 0x02, 0xD9, 0xC0, 0xFD, 0xB7, 0x74, 0x03, 0xAA, 0x40, 0xFB, 0x29,
    0x89, 0xB9, 0x10, 0x05, 0x01, 0xAB, 0x4B, 0x20, 0x03, 0xD9, 0x7E, 0xD6, 0x37, 0x06, 0x0A, 0xBF,
    0x5A, 0x89, 0x09, 0x2C, 0xB9, 0x92, 0x19, 0xBB, 0x9B, 0x19, 0x0A, 0x54, 0xD5, 0x0F, 0xED, 0x72,
    0x99, 0x5C, 0x5A, 0x6E, 0xA7, 0x3F, 0x1C, 0x1B, 0xCB, 0x4B, 0xB5, 0x78, 0x9C, 0x65, 0x8D, 0xC1,
    0x0D, 0x00, 0x30, 0x08, 0x02, 0xD9, 0xC0, 0xFD, 0xB7, 0x74, 0x03, 0xAA, 0x60, 0xDB, 0x87, 0x24,
    0xCD, 0x85, 0xA2, 0x08, 0x3C, 0x65, 0x08, 0xA4, 0x8C, 0x41, 0xC6, 0xFF, 0x83, 0x0D, 0x12, 0x5B,
    0xA9, 0xAC, 0xB6, 0x9A, 0x6C, 0xC9, 0x94, 0xED, 0xA4, 0x1E, 0x05, 0xAA, 0x69, 0x43, 0xD9, 0x4C,
    0xCE, 0xDE, 0xB4, 0xDC, 0x4E, 0x5F, 0x38, 0x05, 0xE1, 0x4B, 0xB5, 0x78, 0x9C, 0x65, 0x8D, 0x01,
    0x0A, 0x00, 0x30, 0x08, 0x02, 0xFB, 0x41, 0xFF, 0xFF, 0xA5, 0x3F, 0x70, 0x56, 0x6E, 0x83, 0x2D,
    0xA8, 0x83, 0x34, 0x8B, 0x70, 0x91, 0xD4, 0x84, 0x90, 0x07, 0x5A, 0xD5, 0x16, 0x12, 0x32, 0xDE,
    0x42, 0x39, 0xAE, 0xB3, 0xEE, 0xD1, 0xC8, 0x52, 0xD4, 0x6C, 0x4C, 0xEE, 0x8F, 0xD6, 0xEC, 0xF4,
    0x9D, 0x53, 0x76, 0xE6, 0x7C, 0x58, 0xE9, 0x84, 0x4F, 0xB1, 0x78, 0x9C, 0x65, 0x4D, 0xC9, 0x0D,
    0x00, 0x30, 0x08, 0x62, 0x03, 0xF7, 0xDF, 0xD2, 0x0D, 0xA8, 0x80, 0xF1, 0x53, 0x62, 0x3C, 0x11,
    0x80, 0xA0, 0x59, 0x98, 0x68, 0xD2, 0x9D, 0xA0, 0xC5, 0x14, 0x80, 0x5A, 0xE3, 0x20, 0x82, 0xB2,
    0x18, 0x61, 0x7A, 0x98, 0xB1, 0xAD, 0x50, 0x8C, 0x90, 0x7F, 0xFE, 0x72, 0x26, 0xAD, 0x87, 0x35,
    0xCA, 0x7D, 0x35, 0xE3, 0xF0, 0x00, 0xE0, 0x2A, 0x54, 0xBB, 0x78, 0x9C, 0x5D, 0x4D, 0x81, 0x09,
    0x00, 0x30, 0x08, 0xF2, 0x83, 0xFE, 0xFF, 0xB2, 0x0F, 0x5C, 0x5A, 0x0D, 0xB6, 0x88, 0x44, 0x4B,
    0x03, 0x03, 0x49, 0x80, 0x54, 0x5F, 0x68, 0xF1, 0xAB, 0x2C, 0x59, 0x93, 0x42, 0xAA, 0x4C, 0x8A,
    0xA6, 0x0D, 0x41, 0x83, 0xF4, 0xDE, 0xBF, 0xE0, 0xDD, 0x5C, 0x8E, 0x6F, 0x52, 0x36, 0xB3, 0x3F,
    0x1C, 0x84, 0xBE, 0x4D, 0xB3, 0x78, 0x9C, 0x63, 0x60, 0x60, 0xF8, 0xCF, 0x00, 0x02, 0x1F, 0xFE,
    0xF3, 0x63, 0x52, 0x60, 0xB9, 0xFF, 0x60, 0xC0, 0x8F, 0x95, 0x62, 0x80, 0x03, 0x42, 0xA6, 0x00,
    0x00, 0xB2, 0x09, 0x28, 0x15, 0x78, 0x9C, 0x55, 0x8D, 0x81, 0x0D, 0x00, 0x30, 0x08, 0xC2, 0xF8,
    0x80, 0xFF, 0xBF, 0xF4, 0x03, 0xA6, 0xA8, 0x5B, 0x46, 0xA2, 0x8D, 0x68, 0x10, 0x58, 0x85, 0x04,
    0x19, 0x29, 0xC0, 0xE0, 0x8C, 0x45, 0x96, 0x05, 0x5D, 0x22, 0xD8, 0xEC, 0x36, 0xA6, 0xFA, 0xC0,
    0x69, 0x53, 0xB6, 0xFE, 0xBC, 0x7C, 0xC3, 0xDA, 0x3E, 0x1D, 0x16, 0x8A, 0x4E, 0x94, 0x78, 0x9C,
    0x63, 0x60, 0x80, 0x80, 0x0F, 0xFC, 0x60, 0xEA, 0xFF, 0x7F, 0x30, 0xE7, 0xFF, 0x7F, 0x7E, 0x08,
    0x8D, 0x2C, 0x0A, 0x53, 0x83, 0x05, 0x80, 0x14, 0x00, 0x15, 0x53, 0x4C, 0xF1, 0x03, 0x4D, 0x02,
    0x52, 0x20, 0xC0, 0xFF, 0x01, 0x41, 0x7D, 0x80, 0x48, 0x00, 0x29, 0x00, 0x51, 0x96, 0x4C, 0xE1,
    0x78, 0x9C, 0x63, 0x60, 0x80, 0x83, 0xFF, 0x60, 0xF2, 0xC3, 0xFF, 0xFF, 0x48, 0xD4, 0xFF, 0xFF,
    0xFC, 0x60, 0x0E, 0x3F, 0x92, 0x0A, 0x2C, 0x00, 0xA4, 0x18, 0xA8, 0x88, 0x62, 0x8A, 0x1F, 0x64,
    0xE1, 0x7F, 0x30, 0xE0, 0xFF, 0x80, 0xA0, 0x3E, 0x40, 0x24, 0x80, 0x14, 0x00, 0xCE, 0x91, 0x4D,
    0xD1, 0x78, 0x9C, 0xA5, 0x8D, 0xC1, 0x09, 0x00, 0x30, 0x0C, 0x02, 0xDD, 0xC0, 0xFD, 0xB7, 0x74,
    0x03, 0xAB, 0x24, 0x50, 0xFA, 0xEE, 0x3D, 0x72, 0x68, 0x02, 0x01, 0x16, 0xDB, 0x99, 0x1A, 0xD9,
    0x32, 0x23, 0xA2, 0xB1, 0x0D, 0xF1, 0xD2, 0x3E, 0x37, 0xDF, 0xEA, 0x87, 0xA8, 0x50, 0x57, 0x9A,
    0x45, 0x74, 0x00, 0x1B, 0x62, 0x50, 0xEC, 0x78, 0x9C, 0x63, 0xF8, 0xCF, 0xCF, 0x00, 0x44, 0x1F,
    0x40, 0xD4, 0x7F, 0x18, 0xC5, 0x00, 0x11, 0x44, 0x05, 0x20, 0x71, 0xA0, 0x3C, 0xC5, 0x14, 0xC8,
    0x06, 0x20, 0x05, 0x02, 0xFC, 0x1F, 0x10, 0x14, 0xC4, 0x6A, 0x20, 0x93, 0x1F, 0x00, 0x4E, 0xF5,
    0x4E, 0x1C, 0x78, 0x9C, 0x6D, 0xCE, 0x8B, 0x09, 0x00, 0x20, 0x08, 0x04, 0x50, 0x37, 0x70, 0xFF,
    0x2D, 0xDD, 0xE0, 0x92, 0xF3, 0x97, 0x91, 0x50, 0x0F, 0x41, 0xF1, 0x44, 0xA6, 0x0C, 0xA5, 0x52,
    0x84, 0x06, 0xDC, 0x6D, 0x8F, 0x7D, 0x8B, 0xBB, 0xFE, 0x51, 0x5F, 0xE4, 0xF2, 0xF3, 0xD6, 0xCC,
    0x92, 0x67, 0x34, 0xEE, 0x01, 0xA1, 0x4D, 0x8C, 0xA5, 0x64, 0xAC, 0x32, 0x53, 0x03, 0xAD, 0x6C,
    0xC9, 0x01, 0xB6, 0x37, 0x4E, 0xA3, 0x78, 0x9C, 0xFB, 0xFF, 0x9F, 0x01, 0x04, 0xFE, 0x13, 0x45,
    0x81, 0x58, 0xFF, 0x41, 0x80, 0x1F, 0x42, 0xFD, 0x87, 0x52, 0xFC, 0x10, 0x11, 0x7E, 0x90, 0xFC,
    0x07, 0xC2, 0x14, 0x58, 0x25, 0x92, 0x76, 0x84, 0x99, 0x50, 0x1B, 0x08, 0xBA, 0x05, 0x00, 0xBB,
    0x62, 0x5B, 0xFF, 0x78, 0x9C, 0x75, 0xCC, 0x01, 0x0A, 0x00, 0x20, 0x08, 0x03, 0xC0, 0xFD, 0xC0,
    0xFF, 0xFF, 0xD2, 0x1F, 0xCC, 0x44, 0xC5, 0x15, 0x14, 0xC6, 0xE1, 0x14, 0x01, 0x5A, 0x16, 0x9C,
    0xE6, 0xEA, 0xE4, 0xCF, 0xDB, 0x1D, 0x56, 0x93, 0xEA, 0x9F, 0x4C, 0xEE, 0xB4, 0x5C, 0xEB, 0x12,
    0x2F, 0xCF, 0xC0, 0x3E, 0x42, 0xF4, 0x8E, 0xB9, 0xEA, 0x56, 0x00, 0x26, 0xE4, 0x4C, 0xFF, 0x78,
    0x9C, 0x63, 0x60, 0xF8, 0xF0, 0x1F, 0x08, 0x18, 0x40, 0x00, 0x1B, 0x0B, 0x2B, 0xF8, 0x00, 0x97,
    0x04, 0x2A, 0xE3, 0xC7, 0xC9, 0xFA, 0xF0, 0x9F, 0x1F, 0x6E, 0x1E, 0x36, 0x16, 0x88, 0x03, 0xD1,
    0x80, 0x87, 0x05, 0x76, 0x0A, 0x58, 0x0B, 0x36, 0x16, 0x84, 0x01, 0x52, 0x08, 0x95, 0x40, 0x66,
    0x7D, 0x80, 0x29, 0x46, 0x18, 0xC5, 0x00, 0x00, 0xC1, 0x15, 0x65, 0x32, 0x78, 0x9C, 0x63, 0xF8,
    0x0F, 0x04, 0xFC, 0x0C, 0x0C, 0xA8, 0x14, 0x76, 0x00, 0x96, 0xFA, 0x00, 0x51, 0x82, 0x4C, 0xFD,
    0x87, 0xCA, 0xC2, 0xA9, 0x0F, 0x10, 0x41, 0x88, 0x1C, 0x90, 0xC3, 0x00, 0x46, 0xFC, 0x10, 0x8A,
    0x01, 0x42, 0x81, 0xE5, 0xFE, 0xC3, 0x95, 0x40, 0x35, 0x00, 0x99, 0x0C, 0x00, 0x75, 0x38, 0x4E,
    0xB2, 0x78, 0x9C, 0x65, 0xCE, 0x81, 0x0D, 0x00, 0x21, 0x08, 0x03, 0xC0, 0x6E, 0xD0, 0xFD, 0xB7,
    0x64, 0x83, 0x5A, 0xAC, 0x06, 0x3F, 0x4F, 0x8C, 0x5C, 0x8C, 0x55, 0x80, 0x22, 0x20, 0xB8, 0x4A,
    0xBD, 0x36, 0x5C, 0x0D, 0xB8, 0x13, 0x39, 0x4A, 0x9F, 0xAA, 0x73, 0x05, 0x7A, 0xC0, 0x0F, 0x1C,
    0x1A, 0xDC, 0x2F, 0x02, 0x3D, 0xC8, 0xDB, 0x17, 0xBD, 0x1D, 0x28, 0x73, 0xFC, 0xA1, 0xC1, 0x4E,
    0x32, 0x70, 0xAC, 0x06, 0xCC, 0x90, 0x0B, 0xBF, 0x57, 0x64, 0x51, 0x78, 0x9C, 0x45, 0x8E, 0x81,
    0x0D, 0x00, 0x40, 0x04, 0x03, 0x6D, 0x60, 0xFF, 0x2D, 0x6D, 0xD0, 0x6F, 0xCB, 0x23, 0x92, 0x13,
    0x5A, 0x44, 0x74, 0x20, 0xA3, 0x40, 0x40, 0xC9, 0x12, 0x6C, 0x7C, 0x90, 0x19, 0x17, 0x3B, 0xB2,
    0xE7, 0x40, 0x5F, 0x7A, 0x43, 0x8B, 0x46, 0xA3, 0x52, 0xA8, 0x5E, 0x2D, 0xF5, 0x1C, 0x31, 0x3C,
    0xC3, 0x4A, 0xC6, 0xA0, 0x5F, 0x1E, 0xA1, 0x5C, 0x53, 0x8F, 0x78, 0x9C, 0x6D, 0xCF, 0xDB, 0x0D,
    0x00, 0x20, 0x08, 0x03, 0xC0, 0x6E, 0xC0, 0xFE, 0x5B, 0xB2, 0x41, 0x0D, 0xF2, 0x10, 0x09, 0x7E,
    0x90, 0x8B, 0x5A, 0x50, 0x00, 0x24, 0xE1, 0xEB, 0x93, 0x0C, 0x69, 0x93, 0x94, 0x10, 0x11, 0x76,
    0x69, 0x48, 0xEC, 0xAA, 0x07, 0x4A, 0x8C, 0x36, 0x2E, 0xFA, 0x84, 0x45, 0xB7, 0x58, 0x8C, 0xA3,
    0x41, 0x57, 0xBE, 0x36, 0xA1, 0x6F, 0x6B, 0xD3, 0xF2, 0x51, 0x3B, 0x3E, 0x2A, 0x4D, 0x5C, 0xE0,
    0x78, 0x9C, 0x45, 0xCD, 0x01, 0x0A, 0x00, 0x30, 0x08, 0x02, 0x40, 0x7F, 0xD0, 0xFF, 0x7F, 0xE9,
    0x0F, 0xDC, 0xD2, 0xDA, 0x20, 0x3A, 0xC8, 0x28, 0x40, 0x2A, 0x80, 0x52, 0x6B, 0xB4, 0xE0, 0x06,
    0x0D, 0x02, 0x33, 0x7C, 0x2B, 0x70, 0x55, 0x40, 0x70, 0xA6, 0x7F, 0x85, 0x09, 0x38, 0x57, 0xDC,
    0xB9, 0x68, 0xA8, 0xF9, 0x70, 0x00, 0x23, 0xCA, 0x4E, 0x58, 0x78, 0x9C, 0x75, 0x8E, 0xD9, 0x0D,
    0x00, 0x30, 0x08, 0x42, 0xD9, 0xC0, 0xFD, 0xB7, 0x74, 0x03, 0x7A, 0x80, 0x36, 0x4D, 0x53, 0x7E,
    0x9E, 0xF1, 0x00, 0x81, 0xA9, 0x84, 0x44, 0x21, 0x19, 0x42, 0x31, 0xDC, 0xC6, 0x25, 0x92, 0xC6,
    0x2A, 0xD2, 0xA4, 0x98, 0x7B, 0x18, 0x7D, 0xCC, 0x87, 0xF8, 0xF0, 0xDE, 0x3B, 0xE1, 0xF2, 0x2B,
    0x7F, 0xE7, 0x45, 0xE7, 0xFB, 0x9F, 0x01, 0xFA, 0x52, 0x4A, 0xC5, 0x78, 0x9C, 0x65, 0x8C, 0xC1,
    0x0D, 0x00, 0x20, 0x0C, 0x02, 0xD9, 0xA0, 0xFB, 0x6F, 0xD9, 0x0D, 0xD0, 0x42, 0xAA, 0x36, 0xF2,
    0xE0, 0x02, 0x21, 0x00, 0x47, 0x19, 0x02, 0xA9, 0x60, 0x90, 0x71, 0x3B, 0x38, 0x20, 0xF1, 0xCB,
    0xFB, 0xED, 0xB5, 0xA1, 0x50, 0x81, 0xD5, 0xC5, 0x78, 0x1A, 0x87, 0xA3, 0xCC, 0xC6, 0xFB, 0xD2,
    0x37, 0x90, 0x2F, 0x86, 0xFA, 0x3A, 0xF3, 0x78, 0x9C, 0x75, 0x8E, 0x01, 0x0A, 0x00, 0x20, 0x08,
    0x03, 0xF7, 0x03, 0xFF, 0xFF, 0xCB, 0xFD, 0x60, 0x99, 0xCE, 0xA0, 0x20, 0x11, 0x4F, 0x74, 0x4C,
    0x01, 0x48, 0x81, 0x0C, 0x4A, 0x1A, 0xEE, 0x41, 0x96, 0x22, 0x33, 0x4B, 0x30, 0x61, 0x9D, 0x54,
    0x0D, 0x4D, 0x35, 0x59, 0xCB, 0x48, 0x86, 0xC5, 0x2F, 0xF1, 0xE1, 0xAD, 0xE3, 0x61, 0xFB, 0x8D,
    0xBF, 0xEF, 0xC5, 0xB9, 0xEF, 0x7F, 0x16, 0x44, 0xA3, 0x4D, 0xEF, 0x78, 0x9C, 0x63, 0x60, 0x80,
    0x82, 0xFF, 0xFF, 0xFF, 0x03, 0xC9, 0x0F, 0x40, 0x8A, 0x1F, 0x4E, 0x01, 0x85, 0x40, 0xA2, 0x1F,
    0x40, 0xD2, 0x0C, 0xE8, 0xE0, 0x03, 0xB2, 0x86, 0xFF, 0x60, 0x0A, 0xC4, 0x01, 0xA9, 0x07, 0x89,
    0x80, 0xC4, 0x50, 0x29, 0x06, 0x4C, 0xC1, 0x0F, 0x30, 0x0A, 0xD9, 0x14, 0x98, 0x31, 0x10, 0x27,
    0x01, 0x00, 0xDC, 0x1C, 0x3F, 0xDF, 0x78, 0x9C, 0x75, 0x8E, 0xD9, 0x0D, 0x00, 0x30, 0x08, 0x42,
    0xD9, 0xC0, 0xFD, 0xB7, 0x74, 0x03, 0x5A, 0xCF, 0xA6, 0x97, 0x3F, 0x2F, 0x0A, 0x41, 0x00, 0x80,
    0xF0, 0x51, 0xCA, 0x93, 0xA5, 0x9F, 0x43, 0x32, 0x61, 0x46, 0x35, 0x32, 0xD6, 0x49, 0x75, 0x51,
    0x3A, 0x84, 0x17, 0xF1, 0xE1, 0xEE, 0x5B, 0x65, 0x22, 0xAF, 0xF2, 0xF3, 0x5F, 0x1D, 0xBA, 0xCF,
    0x00, 0xB0, 0x53, 0x46, 0xF6, 0x78, 0x9C, 0x63, 0x60, 0x80, 0x80, 0x0F, 0xFF, 0xF9, 0xB1, 0x92,
    0xC8, 0xE0, 0xC3, 0xFF, 0xFF, 0x60, 0x02, 0x28, 0xF1, 0x1F, 0x44, 0x82, 0x98, 0xFF, 0xA1, 0xEA,
    0xFE, 0xA3, 0x90, 0x0C, 0x68, 0x22, 0x30, 0x13, 0x11, 0x7A, 0xA1, 0xE6, 0x80, 0x38, 0x0C, 0x00,
    0xD9, 0x45, 0x36, 0x07, 0x78, 0x9C, 0x75, 0x8E, 0xC1, 0x0D, 0x00, 0x20, 0x08, 0x03, 0xD9, 0x80,
    0xFD, 0xB7, 0xEC, 0x06, 0xA7, 0x42, 0x35, 0x31, 0x46, 0x3E, 0x07, 0x29, 0xB4, 0x44, 0xEC, 0x22,
    0x43, 0xB9, 0x88, 0x58, 0x14, 0xD0, 0x42, 0x8D, 0x6F, 0x59, 0x87, 0x6A, 0x64, 0xD2, 0x54, 0x89,
    0xD3, 0xD2, 0xC7, 0x3C, 0x8C, 0x0F, 0xEF, 0x3D, 0x1D, 0xB6, 0xDF, 0xF6, 0x77, 0x5E, 0x9E, 0x7C,
    0xFF, 0x33, 0x00, 0xFD, 0x30, 0x4B, 0xF1, 0x78, 0x9C, 0x75, 0x8D, 0xC1, 0x0D, 0x00, 0x20, 0x08,
    0x03, 0x6F, 0x03, 0xF6, 0xDF, 0xB2, 0x1B, 0x54, 0x40, 0x4D, 0x8C, 0x46, 0x3E, 0x47, 0x81, 0x16,
    0x04, 0x04, 0x38, 0x90, 0x13, 0x0E, 0x27, 0xE4, 0x6C, 0x28, 0x99, 0xE2, 0x53, 0xEA, 0xDD, 0xBA,
    0x74, 0xA3, 0x44, 0xBB, 0xCB, 0x8B, 0x2F, 0xF0, 0x0E, 0xB5, 0x71, 0xA6, 0xEC, 0x98, 0xF9, 0x7D,
    0x00, 0x11, 0xD8, 0x3D, 0xFF, 0x78, 0x9C, 0x75, 0x4E, 0x81, 0x09, 0x00, 0x30, 0x08, 0xF2, 0x83,
    0xFE, 0xFF, 0xB2, 0x0F, 0x5C, 0x2E, 0x21, 0x16, 0x2C, 0x02, 0x95, 0x4A, 0x43, 0x06, 0x50, 0x0D,
    0x52, 0x0D, 0x24, 0x49, 0xE9, 0x52, 0x92, 0xBB, 0xE8, 0x31, 0x4D, 0x68, 0x32, 0x78, 0x2D, 0xDA,
    0x6B, 0x30, 0x1E, 0xCC, 0x0F, 0xEE, 0x3D, 0xDF, 0xB7, 0xDF, 0xCE, 0x99, 0x7C, 0xFD, 0x73, 0x00,
    0x45, 0xAB, 0x64, 0x42, 0x78, 0x9C, 0x63, 0x60, 0x00, 0x83, 0x0F, 0xFF, 0x19, 0x50, 0x18, 0xFF,
    0xFF, 0x63, 0x61, 0xF0, 0xE3, 0x64, 0x40, 0x49, 0x30, 0xE3, 0x3F, 0x18, 0x20, 0x31, 0x3E, 0x20,
    0x18, 0xFC, 0x10, 0xC5, 0xFF, 0x11, 0x0C, 0x06, 0xDC, 0x0C, 0x24, 0xC5, 0x1F, 0xD0, 0xCC, 0x41,
    0xB7, 0x02, 0x6E, 0x3B, 0x00, 0x00, 0xD9, 0x62, 0x53, 0x78, 0x9C, 0x63, 0xF8, 0x0F, 0x04, 0xFC,
    0x0C, 0x40, 0xF0, 0x1F, 0xC6, 0xFA, 0x0F, 0x63, 0x21, 0x31, 0x18, 0x18, 0x3E, 0x80, 0x08, 0x10,
    0x66, 0x40, 0x62, 0xF0, 0xC3, 0x19, 0x60, 0xA5, 0x40, 0x45, 0x08, 0x06, 0x44, 0xEA, 0x03, 0x92,
    0x1A, 0x0C, 0x06, 0x8A, 0xC9, 0x98, 0x96, 0x22, 0xB9, 0x07, 0x44, 0x03, 0x00, 0xEB, 0xCD, 0x5E,
    0x39, 0x78, 0x9C, 0x63, 0x60, 0x00, 0x82, 0xFF, 0xFF, 0x19, 0x18, 0xE0, 0xF4, 0x87, 0xFF, 0x20,
    0x80, 0xA0, 0xD1, 0xE5, 0x61, 0x34, 0x90, 0x00, 0xD1, 0xFF, 0x21, 0xCA, 0x3E, 0xA0, 0xD1, 0xFF,
    0xFF, 0xF3, 0x83, 0xD8, 0x60, 0x1A, 0xA6, 0x14, 0x95, 0xE6, 0x87, 0xD3, 0x1F, 0xB0, 0xE8, 0x87,
    0x99, 0x0B, 0xD3, 0x04, 0x00, 0x4A, 0xAB, 0x5F, 0x65, 0x78, 0x9C, 0x63, 0xF8, 0x0F, 0x04, 0xFC,
    0x0C, 0xC8, 0x24, 0x12, 0xF8, 0x8F, 0x13, 0x40, 0x64, 0x91, 0x49, 0x90, 0x5E, 0x6C, 0x24, 0xA6,
    0x4A, 0x7C, 0x26, 0x03, 0x00, 0x1C, 0xF1, 0x5E, 0x0C, 0x78, 0x9C, 0x63, 0xF8, 0xF0, 0x1F, 0x08,
    0x18, 0x18, 0x50, 0x29, 0xEC, 0xE0, 0x03, 0x58, 0x0A, 0xAA, 0x04, 0x44, 0xFE, 0xE7, 0x87, 0x52,
    0x1F, 0x80, 0x2C, 0x20, 0x13, 0x4E, 0x81, 0x01, 0x3A, 0xC5, 0x8F, 0x30, 0x03, 0xAA, 0x1D, 0x6E,
    0xCA, 0x07, 0x08, 0x05, 0xA2, 0xF9, 0x19, 0x00, 0x85, 0xAC, 0x54, 0x52, 0x78, 0x9C, 0x63, 0xF8,
    0xCF, 0xC0, 0xF0, 0x81, 0x9F, 0xE1, 0x3F, 0x04, 0x01, 0x01, 0x3F, 0xC3, 0x07, 0x20, 0xC9, 0xC0,
    0xC0, 0x00, 0x26, 0xC0, 0xE0, 0x3F, 0x4E, 0xC0, 0x00, 0x57, 0x07, 0x23, 0x41, 0x26, 0x60, 0x23,
    0x31, 0x55, 0xE2, 0x33, 0x19, 0x00, 0x18, 0x28, 0x5F, 0xFB, 0x78, 0x9C, 0x65, 0x8C, 0xC1, 0x0D,
    0x00, 0x30, 0x08, 0x02, 0xD9, 0xC0, 0xFD, 0xB7, 0x74, 0x03, 0xAA, 0xA0, 0x69, 0x93, 0xF2, 0x39,
    0xC5, 0x78, 0x80, 0xC3, 0x40, 0x52, 0x60, 0x21, 0xC9, 0x9A, 0x16, 0xC5, 0xC0, 0x4D, 0x4E, 0xA7,
    0x1B, 0x3B, 0x5A, 0x84, 0xB6, 0x84, 0x0D, 0xA1, 0xEE, 0xC7, 0xE3, 0xD8, 0xBF, 0xB1, 0x78, 0x75,
    0x0D, 0x1C, 0xD2, 0xEE, 0x51, 0xAF, 0x78, 0x9C, 0x63, 0x60, 0xF8, 0xC0, 0xCF, 0x00, 0x04, 0xFF,
    0xFF, 0xA3, 0x93, 0x10, 0x71, 0x08, 0x1F, 0x17, 0xC0, 0xD4, 0x09, 0x04, 0xFC, 0xD8, 0x48, 0xEC,
    0x76, 0xE0, 0x32, 0x17, 0x00, 0xEA, 0x68, 0x59, 0xE3, 0x78, 0x9C, 0x63, 0x60, 0x80, 0x82, 0x0F,
    0xFF, 0xF9, 0x71, 0x52, 0xA8, 0xE0, 0xC3, 0xFF, 0xFF, 0x10, 0x12, 0x44, 0x83, 0x48, 0xA0, 0x22,
    0x08, 0x05, 0x56, 0xFE, 0xFF, 0x3F, 0x9C, 0x02, 0x03, 0x74, 0x8A, 0x1F, 0x61, 0x06, 0x54, 0x3B,
    0xDC, 0x94, 0x0F, 0x10, 0x0A, 0x44, 0xF3, 0x33, 0x00, 0x00, 0xCA, 0x45, 0x4D, 0x86, 0x78, 0x9C,
    0xFB, 0xFF, 0x1F, 0x04, 0x18, 0xFE, 0x63, 0xA7, 0x18, 0x40, 0x00, 0x9D, 0x02, 0x02, 0x7E, 0x5C,
    0x14, 0x56, 0x0D, 0x08, 0x7D, 0x38, 0x2C, 0x02, 0xCB, 0x83, 0xC9, 0x0F, 0xFC, 0x10, 0x0E, 0x2A,
    0x05, 0x51, 0xF2, 0x01, 0xA6, 0x92, 0x9F, 0x01, 0x00, 0x7C, 0x9B, 0x5C, 0xFE, 0x78, 0x9C, 0x65,
    0x8C, 0xB1, 0x11, 0x00, 0x30, 0x08, 0x02, 0xD9, 0x20, 0xFB, 0x6F, 0xE9, 0x06, 0x04, 0x50, 0x2F,
    0x45, 0x1A, 0x1E, 0x45, 0x04, 0x8A, 0x04, 0xAC, 0xA6, 0x95, 0x67, 0x50, 0x72, 0xB2, 0x89, 0x7E,
    0x28, 0x73, 0x6D, 0x40, 0xEC, 0x93, 0xF7, 0xA5, 0x1A, 0x66, 0xAE, 0x90, 0x23, 0x8D, 0x83, 0x6C,
    0x37, 0x54, 0xEF, 0x02, 0xA1, 0x3C, 0x4F, 0x66, 0x78, 0x9C, 0x63, 0xF8, 0xCF, 0xC0, 0xF0, 0x81,
    0x81, 0xE1, 0x3F, 0x3F, 0x18, 0x01, 0x01, 0x90, 0x0B, 0x26, 0x91, 0xC0, 0x7F, 0x9C, 0x00, 0x22,
    0x8B, 0x4C, 0x02, 0x01, 0x3F, 0x36, 0x12, 0x53, 0x25, 0x3E, 0x93, 0x01, 0x11, 0xC6, 0x5D, 0xDF,
    0x78, 0x9C, 0x75, 0x8C, 0x01, 0x0A, 0x00, 0x30, 0x08, 0x02, 0xFD, 0x41, 0xFF, 0xFF, 0xA5, 0x3F,
    0x68, 0x5A, 0xD1, 0x60, 0xB0, 0xC0, 0xCE, 0x08, 0x05, 0x01, 0x48, 0x99, 0x60, 0x86, 0x25, 0xE7,
    0x53, 0x47, 0x01, 0xBF, 0x61, 0xFD, 0xB4, 0x4D, 0x6F, 0x25, 0x1A, 0x2E, 0x92, 0x5D, 0xD4, 0xBC,
    0x88, 0xDB, 0x31, 0xF1, 0x6D, 0x61, 0xC3, 0x0C, 0x1C, 0x84, 0x6F, 0x55, 0x6F, 0x78, 0x9C, 0x5D,
    0x8D, 0xC1, 0x0D, 0x00, 0x20, 0x08, 0x03, 0xBB, 0x01, 0xFB, 0x6F, 0xC9, 0x06, 0xA7, 0x42, 0x23,
    0x46, 0x3E, 0x17, 0xC2, 0xB5, 0x48, 0x4A, 0xD0, 0x19, 0x20, 0x54, 0xAB, 0xA9, 0x3A, 0xE4, 0x5E,
    0x5A, 0xF0, 0xD0, 0x3E, 0x94, 0x98, 0x66, 0x01, 0x97, 0xC5, 0x53, 0x1A, 0x1F, 0xE5, 0xC8, 0xCF,
    0xA9, 0x3A, 0x56, 0x5E, 0xD2, 0x29, 0xE6, 0x41, 0xA7, 0x1E, 0x79, 0x63, 0x01, 0x72, 0x23, 0x68,
    0x89, 0x78, 0x9C, 0x5D, 0x8D, 0x81, 0x0D, 0x00, 0x21, 0x0C, 0x02, 0xD9, 0xA0, 0xFB, 0x6F, 0xC9,
    0x06, 0x3C, 0x54, 0xDB, 0x98, 0x27, 0x5A, 0x62, 0x21, 0x27, 0x20, 0x15, 0x2C, 0x49, 0x9E, 0x54,
    0x3F, 0x29, 0xC6, 0x7C, 0xB3, 0xA5, 0x4F, 0x77, 0x5E, 0xA5, 0x29, 0x9D, 0x39, 0xB6, 0x0A, 0xAE,
    0xC1, 0x36, 0xEE, 0xA6, 0xD1, 0xF3, 0xC1, 0x85, 0x2C, 0xAB, 0x06, 0x59, 0xF8, 0x31, 0x6F, 0x30,
    0x79, 0x2A, 0x7C, 0x02, 0xE0, 0x03, 0xA7, 0xB8, 0x76, 0x21, 0x78, 0x9C, 0x6D, 0x8D, 0x01, 0x0A,
    0x00, 0x30, 0x08, 0x02, 0xFD, 0x41, 0xFF, 0xFF, 0x65, 0x3F, 0x68, 0xBA, 0xA2, 0x82, 0x2D, 0x84,
    0x03, 0x51, 0x03, 0xDC, 0x00, 0x0A, 0x1E, 0x92, 0xC8, 0x23, 0x41, 0xC8, 0x97, 0x81, 0xDF, 0x4D,
    0x4C, 0x41, 0x2F, 0x5E, 0x44, 0x95, 0xAC, 0xCB, 0xB5, 0xB5, 0x58, 0x9F, 0x1E, 0xCE, 0x94, 0x52,
    0xDE, 0x8C, 0x6C, 0xC5, 0x3C, 0xC8, 0xD6, 0x0A, 0x13, 0x07, 0xC6, 0xD6, 0x68, 0x7A, 0x78, 0x9C,
    0x5D, 0x8C, 0xDB, 0x0D, 0x00, 0x30, 0x08, 0x02, 0xD9, 0xC0, 0xFD, 0xB7, 0x74, 0x03, 0xEA, 0xA3,
    0x90, 0xA6, 0x7C, 0x78, 0x8D, 0xD8, 0x03, 0x36, 0x0C, 0x24, 0x07, 0x2C, 0x24, 0x59, 0x2F, 0xA1,
    0x18, 0x70, 0x7A, 0x49, 0xEE, 0x14, 0x1C, 0xF4, 0x77, 0xAE, 0x25, 0xBD, 0x19, 0x8B, 0x94, 0x57,
    0x62, 0x57, 0x48, 0x19, 0xF8, 0x9C, 0xB7, 0x50, 0xDF, 0x27, 0xF9, 0x14, 0xC0, 0x01, 0xB0, 0x41,
    0x74, 0x32, 0x78, 0x9C, 0x6D, 0xCD, 0xDB, 0x0D, 0x00, 0x20, 0x08, 0x43, 0xD1, 0x6E, 0xC0, 0xFE,
    0x5B, 0xB2, 0xC1, 0x15, 0x14, 0x1F, 0x21, 0xF2, 0x73, 0x62, 0x68, 0x45, 0x92, 0xD0, 0x1C, 0xC7,
    0xBE, 0xEE, 0x7D, 0x1F, 0xA0, 0x20, 0x92, 0x5E, 0x4E, 0xC8, 0x67, 0xEC, 0xAC, 0xCC, 0x94, 0x35,
    0x55, 0x95, 0xEE, 0xFD, 0x2A, 0x53, 0x7E, 0x64, 0xB5, 0xB8, 0x07, 0x56, 0xEB, 0x09, 0x07, 0x03,
    0x1B, 0x0F, 0x60, 0xA0, 0x78, 0x9C, 0x75, 0x8C, 0x81, 0x09, 0x00, 0x30, 0x08, 0xC3, 0xF2, 0x81,
    0xFF, 0x7F, 0xD9, 0x0F, 0x9C, 0x32, 0x95, 0x6D, 0xB0, 0x80, 0x16, 0x5A, 0x2D, 0x14, 0x72, 0xFB,
    0xCA, 0x85, 0x3C, 0xD9, 0xBB, 0x65, 0x80, 0x18, 0x8F, 0xAF, 0x10, 0x8D, 0x93, 0x06, 0x7B, 0xCB,
    0xAB, 0x64, 0xBA, 0xAC, 0x2B, 0x8D, 0xA7, 0xB3, 0x82, 0xCE, 0xF3, 0x44, 0x47, 0x00, 0x0B, 0x98,
    0xE5, 0x6C, 0x2B, 0x78, 0x9C, 0x5D, 0x8E, 0xDB, 0x15, 0x00, 0x30, 0x04, 0x43, 0xB3, 0x81, 0xFD,
    0xB7, 0xB4, 0x41, 0xEA, 0x55, 0x5A, 0x7E, 0x2E, 0x47, 0x12, 0x00, 0x90, 0x04, 0x02, 0xA4, 0x40,
    0x8B, 0x01, 0xFA, 0x68, 0x3B, 0x29, 0xBA, 0x4A, 0x16, 0x51, 0x96, 0xCD, 0x89, 0x72, 0x95, 0x36,
    0x99, 0x2E, 0xCE, 0x81, 0x74, 0x3D, 0xE2, 0xCA, 0xBE, 0x95, 0x97, 0xFB, 0x05, 0x6B, 0x3E, 0xF6,
    0x2B, 0x8E, 0x03, 0xB2, 0x78, 0x63, 0x8E, 0x78, 0x9C, 0x6D, 0x8C, 0xD1, 0x11, 0x80, 0x30, 0x0C,
    0x42, 0xDF, 0x06, 0xDD, 0x7F, 0x4B, 0x36, 0x88, 0x44, 0x4C, 0xAF, 0x7A, 0xF2, 0x01, 0x17, 0x20,
    0x00, 0x5A, 0x18, 0xAA, 0x6A, 0x09, 0x53, 0x8B, 0xE3, 0x52, 0xE4, 0x0F, 0x7E, 0x33, 0xC2, 0x23,
    0x1B, 0xF7, 0x40, 0x79, 0xCB, 0xA2, 0xED, 0xB4, 0x41, 0x58, 0xAF, 0x7D, 0x8D, 0x99, 0xCE, 0x67,
    0xF3, 0x09, 0x26, 0xEF, 0x8A, 0x8E, 0x00, 0x2E, 0x1C, 0x5E, 0x6F, 0x19, 0x78, 0x9C, 0x63, 0x60,
    0x80, 0x81, 0xFF, 0xFF, 0xFF, 0xC3, 0x68, 0x7E, 0x20, 0xF5, 0xE1, 0x3F, 0x08, 0x01, 0x01, 0x3F,
    0x18, 0x21, 0x54, 0x81, 0xE5, 0xF8, 0x49, 0xA7, 0xC1, 0x00, 0x0F, 0x4D, 0xAE, 0xB9, 0x10, 0x1A,
    0x00, 0xAC, 0xBE, 0x61, 0xEA, 0x78, 0x9C, 0x63, 0x60, 0xF8, 0xF0, 0xFF, 0x3F, 0x03, 0x10, 0xFC,
    0xFF, 0xFF, 0x9F, 0x9F, 0x01, 0xC8, 0x61, 0x00, 0x71, 0x3F, 0xF0, 0x83, 0x10, 0x14, 0x40, 0xE4,
    0x89, 0xA4, 0x40, 0xA6, 0xFC, 0x07, 0x03, 0x54, 0x8A, 0x1F, 0x22, 0xC1, 0x0F, 0x36, 0x9D, 0x62,
    0x0A, 0x00, 0x86, 0x14, 0x59, 0xD4, 0x78, 0x9C, 0x63, 0xF8, 0xFF, 0x9F, 0x81, 0x81, 0xE1, 0xC3,
    0x7F, 0x7E, 0x06, 0x06, 0x38, 0xEB, 0x3F, 0x0C, 0xF0, 0x63, 0x63, 0x31, 0x60, 0xD1, 0xC1, 0x00,
    0x97, 0x24, 0xC8, 0xC2, 0xA6, 0x97, 0x6C, 0x16, 0x00, 0x68, 0xB3, 0x67, 0x03, 0x78, 0x9C, 0x63,
    0xF8, 0xFF, 0x9F, 0x01, 0x0C, 0xA0, 0xF4, 0x7F, 0x10, 0xE0, 0xC7, 0xA4, 0x19, 0xD0, 0xD4, 0x21,
    0xD1, 0x1F, 0x10, 0x0A, 0xFF, 0xC3, 0x68, 0x7E, 0x06, 0x04, 0x66, 0x60, 0xF8, 0x40, 0x39, 0x0D,
    0x00, 0x22, 0xD5, 0x52, 0x09, 0x78, 0x9C, 0x63, 0x60, 0x00, 0x81, 0x0F, 0xFF, 0xFF, 0x33, 0x7C,
    0xE0, 0x07, 0x92, 0xFF, 0xFF, 0xF3, 0xFF, 0x87, 0x90, 0xFC, 0x10, 0x31, 0x86, 0xFF, 0xFC, 0x0C,
    0x30, 0x00, 0x14, 0xA0, 0x2B, 0x09, 0x00, 0x3C, 0x3E, 0x39, 0xD6, 0x78, 0x9C, 0x63, 0x60, 0x00,
    0x81, 0x0F, 0xFF, 0xFF, 0x33, 0x7C, 0xE0, 0x07, 0x92, 0xFC, 0x40, 0x08, 0x02, 0x40, 0x1A, 0x24,
    0xF6, 0x9F, 0x9F, 0x01, 0x48, 0xC2, 0x00, 0x84, 0x49, 0x7D, 0x12, 0x00, 0x1F, 0xB1, 0x31, 0xED,
    0x78, 0x9C, 0xFB, 0xFF, 0xFF, 0xFF, 0x7F, 0xFE, 0xFF, 0x70, 0x82, 0x01, 0x01, 0xFE, 0xFF, 0xA7,
    0x25, 0x01, 0x00, 0x8D, 0x2A, 0x31, 0xFC, 0x78, 0x9C, 0xFB, 0xFF, 0xFF, 0xFF, 0x7F, 0xFE, 0xFF,
    0x70, 0x82, 0x01, 0x0D, 0xFC, 0xFF, 0x4F, 0x2D, 0x02, 0x00, 0x29, 0xAF, 0x2A, 0x04, 0x78, 0x9C,
    0xFB, 0xC0, 0xCF, 0xC0, 0xF0, 0x9F, 0xE1, 0x03, 0x14, 0xFD, 0xFF, 0x0F, 0xE2, 0x82, 0xC9, 0x0F,
    0x20, 0x02, 0x0A, 0x20, 0x6C, 0x3A, 0x92, 0x00, 0x95, 0x00, 0x34, 0xBD, 0x78, 0x9C, 0x63, 0x60,
    0x00, 0x82, 0xFF, 0xFC, 0x0C, 0x1F, 0xFE, 0x03, 0x89, 0xFF, 0xFF, 0x81, 0xD4, 0x7F, 0x7E, 0x30,
    0x01, 0x14, 0xE1, 0x67, 0x80, 0x00, 0x30, 0x8B, 0x2A, 0x04, 0x00, 0x55, 0x3C, 0x2D, 0xE2, 0x78,
    0x9C, 0xFB, 0xF0, 0x9F, 0x9F, 0xE1, 0x03, 0x95, 0x30, 0xC3, 0x7F, 0x06, 0x86, 0x0F, 0x20, 0x0A,
    0x86, 0xFF, 0xFF, 0x07, 0x8A, 0xFF, 0x07, 0x73, 0x00, 0x8A, 0xC4, 0x30, 0xEE, 0x78, 0x9C, 0x63,
    0x60, 0x60, 0xF8, 0xF0, 0x9F, 0x1F, 0x8E, 0x18, 0xC0, 0x00, 0x59, 0x84, 0x08, 0xC4, 0x00, 0xD4,
    0xF7, 0xFF, 0x3F, 0xFF, 0xFF, 0xFF, 0xFF, 0x81, 0x5C, 0x00, 0x10, 0x76, 0x2F, 0xE0, 0x78, 0x9C,
    0xFB, 0xC0, 0xCF, 0xF0, 0xFF, 0x3F, 0x14, 0x7D, 0xE0, 0x67, 0x00, 0x02, 0x38, 0x97, 0x54, 0x04,
    0x00, 0x80, 0x01, 0x2D, 0xD3, 0x78, 0x9C, 0xFB, 0xFF, 0x9F, 0xE1, 0x3F, 0xD1, 0x08, 0x00, 0xBE,
    0x8A, 0x1D, 0xE3, 0x78, 0x9C, 0xFB, 0xFF, 0x9F, 0x81, 0xE1, 0xC3, 0x7F, 0xFE, 0xFF, 0x03, 0x4A,
    0x31, 0x00, 0xC1, 0x7F, 0x30, 0xF5, 0x1F, 0x4E, 0x31, 0x20, 0x53, 0x0C, 0x0C, 0x00, 0x2E, 0xF1,
    0x58, 0xC6, 0x78, 0x9C, 0x63, 0x60, 0x00, 0x83, 0xFF, 0xFF, 0x19, 0x18, 0x3E, 0xFC, 0xE7, 0xC7,
    0x4A, 0x31, 0xA0, 0x00, 0x7C, 0x2A, 0xA9, 0x4A, 0x41, 0x2C, 0xE3, 0x07, 0x93, 0x20, 0xEA, 0xC3,
    0x7F, 0x90, 0x04, 0x12, 0xC5, 0xC0, 0x00, 0x00, 0x2F, 0xF5, 0x5B, 0x96, 0x78, 0x9C, 0xBD, 0x8E,
    0xC1, 0x11, 0x00, 0x30, 0x08, 0xC2, 0xD8, 0xA0, 0xFB, 0x6F, 0xE9, 0x06, 0xA9, 0x05, 0x1F, 0x4E,
    0x50, 0x3E, 0x81, 0xD3, 0x47, 0x24, 0x15, 0x1C, 0xC9, 0xE4, 0x11, 0x0A, 0xCF, 0xAE, 0x3E, 0x74,
    0xD7, 0x4E, 0xDE, 0x3E, 0x91, 0x10, 0x27, 0x92, 0xB6, 0x62, 0x6C, 0xC7, 0xFE, 0x02, 0xC1, 0x1E,
    0x3F, 0x94, 0x78, 0x9C, 0x63, 0x60, 0xF8, 0xFF, 0x9F, 0x9F, 0x81, 0xE1, 0xC3, 0xFF, 0xFF, 0xFF,
    0x19, 0x80, 0x4C, 0x20, 0xF9, 0xE1, 0x3F, 0x3F, 0x18, 0x01, 0xB9, 0xFC, 0x0C, 0x20, 0x29, 0x06,
    0x54, 0x00, 0x52, 0x48, 0x43, 0x12, 0xEC, 0x90, 0x0F, 0x30, 0x12, 0xE2, 0x34, 0xA0, 0x30, 0x00,
    0x5F, 0x9E, 0x3E, 0xA4, 0x78, 0x9C, 0x65, 0x8D, 0x81, 0x09, 0x00, 0x31, 0x08, 0x03, 0xDD, 0xA0,
    0xFB, 0x6F, 0x99, 0x0D, 0xAE, 0x6F, 0x54, 0xB0, 0x7C, 0x91, 0x9E, 0xC4, 0x44, 0x21, 0x22, 0x20,
    0x2B, 0xC4, 0x31, 0x29, 0xAA, 0x7A, 0xCB, 0x63, 0xF9, 0x3E, 0x35, 0xD3, 0xF5, 0x72, 0xF4, 0xF2,
    0xD3, 0xB9, 0xA3, 0xB5, 0x73, 0xEF, 0xF7, 0x01, 0xD6, 0xFD, 0x1C, 0x98, 0x4E, 0xFE, 0xDE, 0x88,
    0xE2, 0x21, 0xAD, 0x3B, 0x19, 0x17, 0xD7, 0x28, 0x5B, 0xE1, 0x78, 0x9C, 0x8D, 0x8D, 0xD9, 0x0D,
    0x00, 0x30, 0x08, 0x42, 0xD9, 0xC0, 0xFD, 0xB7, 0x74, 0x03, 0x8A, 0x57, 0x7A, 0x7C, 0xD5, 0x44,
    0x9F, 0x68, 0x44, 0x12, 0x11, 0xFC, 0x03, 0x69, 0x82, 0x2B, 0x13, 0x86, 0xEA, 0x94, 0x21, 0x04,
    0x0E, 0x70, 0xA9, 0xC6, 0x38, 0xD8, 0x71, 0xBE, 0x2D, 0xC2, 0x3A, 0xA7, 0x4F, 0x78, 0xFD, 0x47,
    0x6F, 0x0A, 0x6C, 0x44, 0x5D, 0xED, 0xC4, 0x51, 0x37, 0x78, 0x9C, 0xFB, 0xFF, 0x9F, 0x81, 0xE1,
    0xC3, 0x7F, 0xFE, 0xFF, 0x40, 0x0A, 0x88, 0x81, 0xE8, 0x03, 0x84, 0xFA, 0xFF, 0x9F, 0x1F, 0x2A,
    0x00, 0xC4, 0x20, 0x0E, 0x16, 0x0A, 0x2A, 0x07, 0x56, 0xC9, 0xFF, 0x01, 0xA2, 0xE1, 0x03, 0x5C,
    0x13, 0x98, 0x82, 0x1A, 0x0D, 0x14, 0x05, 0x00, 0x68, 0xB7, 0x40, 0xED, 0x78, 0x9C, 0x63, 0x60,
    0x80, 0x80, 0xFF, 0x20, 0xE2, 0x03, 0x98, 0xFC, 0xFF, 0x9F, 0x1F, 0xC4, 0xFC, 0x0F, 0x63, 0x32,
    0x7C, 0xE0, 0x67, 0x80, 0x83, 0xFF, 0xFF, 0x69, 0x47, 0x62, 0x07, 0x00, 0x7D, 0xF7, 0x40, 0xC0,
    0x78, 0x9C, 0x63, 0x60, 0x00, 0x81, 0xFF, 0x0C, 0x0C, 0x1F, 0x80, 0xF8, 0xFF, 0x7F, 0xFE, 0x0F,
    0xFF, 0xFF, 0x83, 0x28, 0x86, 0x0F, 0xFC, 0x0C, 0x10, 0x99, 0xFF, 0xD4, 0xC0, 0xFC, 0x40, 0xFC,
    0x9F, 0xE1, 0x03, 0x54, 0x00, 0x00, 0x7A, 0x2B, 0x36, 0xCA, 0x78, 0x9C, 0xFB, 0xFF, 0x9F, 0x01,
    0x08, 0xFE, 0xD3, 0x84, 0xC4, 0x0E, 0x18, 0x50, 0x00, 0x94, 0xFF, 0x9F, 0x1F, 0x46, 0x7E, 0x00,
    0x8B, 0x7C, 0x00, 0x31, 0x01, 0xDA, 0xFA, 0x3E, 0xD1, 0x78, 0x9C, 0xFB, 0xF0, 0x9F, 0x9F, 0xE1,
    0x03, 0xC5, 0xF8, 0x3F, 0x08, 0xF3, 0x33, 0xFC, 0x87, 0x0A, 0x80, 0xC0, 0x07, 0x20, 0x05, 0x14,
    0x07, 0x12, 0x20, 0x06, 0x3F, 0x44, 0x0D, 0x03, 0x03, 0x00, 0x69, 0x46, 0x35, 0xCB, 0x78, 0x9C,
    0x63, 0x60, 0x60, 0x60, 0xF8, 0xCF, 0xCF, 0x80, 0x44, 0xFE, 0xFF, 0x8F, 0x46, 0x32, 0x20, 0x48,
    0x06, 0x0A, 0x49, 0xEC, 0x00, 0x00, 0xA5, 0x5A, 0x3D, 0x0F, 0x78, 0x9C, 0x63, 0x60, 0xF8, 0xF0,
    0x9F, 0x01, 0x88, 0xFF, 0xFF, 0x47, 0xC1, 0xFC, 0x10, 0xCC, 0xC0, 0x40, 0x1A, 0xE6, 0x07, 0xE2,
    0xFF, 0x20, 0xD3, 0xC0, 0x02, 0x00, 0xC6, 0x40, 0x37, 0x7E, 0x78, 0x9C, 0xFB, 0xFF, 0x9F, 0x01,
    0x08, 0xFE, 0x13, 0x49, 0xFE, 0xE7, 0x07, 0x92, 0x1F, 0xFE, 0xFF, 0x47, 0x23, 0x21, 0xE2, 0x18,
    0xEA, 0x81, 0x80, 0xFF, 0x3F, 0x06, 0x00, 0x00, 0xD4, 0xBF, 0x3F, 0xC1, 0x78, 0x9C, 0xFB, 0xFF,
    0x9F, 0x01, 0x08, 0xFE, 0x93, 0x42, 0x7E, 0xF8, 0x0F, 0x22, 0xFF, 0xFF, 0xE7, 0x47, 0x23, 0x21,
    0xE2, 0x38, 0x74, 0xF1, 0x83, 0x49, 0x10, 0xE7, 0x03, 0x92, 0x04, 0x00, 0x3F, 0xE6, 0x35, 0xDA,
    0x78, 0x9C, 0x63, 0x60, 0xF8, 0xFF, 0x9F, 0x01, 0x0C, 0x88, 0xA1, 0xF9, 0x21, 0x34, 0x58, 0xE8,
    0x3F, 0x08, 0x40, 0x69, 0x88, 0x38, 0x32, 0xF5, 0xE1, 0x3F, 0x54, 0x1F, 0x8C, 0xE6, 0xC7, 0x34,
    0x0F, 0x62, 0x00, 0x76, 0x1A, 0x00, 0x32, 0xBF, 0x41, 0xFB, 0x78, 0x9C, 0x63, 0x60, 0xF8, 0xFF,
    0x9F, 0x01, 0x08, 0x08, 0x91, 0x1F, 0xF8, 0x41, 0xE4, 0x7F, 0x08, 0xF9, 0x9F, 0xE1, 0x03, 0x8C,
    0xE0, 0x87, 0x30, 0xC1, 0xC2, 0xF8, 0x4D, 0xE0, 0x87, 0x2B, 0xFA, 0x00, 0x97, 0x00, 0x00, 0x63,
    0x0E, 0x36, 0xBB, 0x78, 0x9C, 0x5D, 0xCB, 0xD1, 0x09, 0x00, 0x41, 0x0C, 0x02, 0x51, 0x3B, 0xB0,
    0xFF, 0x2E, 0xED, 0x60, 0x0E, 0x92, 0x25, 0x17, 0xE2, 0xCF, 0x03, 0x45, 0x69, 0xC5, 0x0D, 0x14,
    0x79, 0x82, 0x77, 0xAD, 0xEC, 0x4B, 0x8D, 0xC1, 0xBF, 0x5C, 0x7D, 0xA4, 0xCD, 0xE8, 0x52, 0x23,
    0x6D, 0x46, 0x4A, 0x5D, 0x73, 0xD4, 0xF2, 0x03, 0x4B, 0xD2, 0x6A, 0xFF, 0x78, 0x9C, 0x63, 0x60,
    0x80, 0x83, 0x0F, 0xFC, 0x60, 0xEA, 0xFF, 0x7F, 0x30, 0x07, 0x85, 0x82, 0x90, 0x0C, 0xFF, 0x21,
    0x2A, 0x3E, 0x30, 0xA0, 0x03, 0xA0, 0xFC, 0x7F, 0xA0, 0xE4, 0xFF, 0xFF, 0x40, 0xF5, 0x20, 0xE6,
    0x7F, 0x04, 0xC5, 0x0F, 0x91, 0xE0, 0x07, 0x19, 0xF1, 0x81, 0x62, 0x0A, 0x00, 0xE0, 0x23, 0x4E,
    0xC1, 0x78, 0x9C, 0x65, 0xCE, 0xD1, 0x0D, 0x00, 0x30, 0x04, 0x04, 0xD0, 0xDB, 0xC0, 0xFE, 0x5B,
    0xDE, 0x06, 0xD7, 0x52, 0x6D, 0x50, 0x1F, 0x9E, 0x90, 0x4B, 0x48, 0x06, 0x50, 0xA6, 0xA7, 0xAE,
    0x36, 0x54, 0x77, 0xB7, 0x26, 0x62, 0x2C, 0xD2, 0xB3, 0x45, 0x4C, 0x99, 0x62, 0x4A, 0x7F, 0xE6,
    0xAB, 0x38, 0xC5, 0x60, 0x55, 0xE6, 0xFE, 0x84, 0x16, 0xFB, 0xBF, 0x6B, 0x1D, 0x78, 0x9C, 0xFB,
    0xFF, 0x9F, 0xE1, 0xFF, 0x7F, 0x7E, 0x20, 0xFE, 0xF0, 0xFF, 0x3F, 0x88, 0xF9, 0x1F, 0x41, 0xF1,
    0x43, 0x24, 0x80, 0x14, 0x03, 0xC3, 0x07, 0x8A, 0x29, 0x06, 0x34, 0xF0, 0xE1, 0x3F, 0x84, 0x86,
    0xCA, 0x80, 0xA9, 0x0F, 0xFF, 0xFF, 0x43, 0xA4, 0x40, 0x1C, 0x00, 0xD6, 0xB7, 0x4A, 0xE3, 0x78,
    0x9C, 0x5D, 0xC8, 0x81, 0x09, 0x00, 0x31, 0x0C, 0x42, 0x51, 0x37, 0xC8, 0xFE, 0x5B, 0xBA, 0xC1,
    0xBF, 0x26, 0x81, 0x5C, 0x1B, 0x11, 0x1E, 0x2A, 0x85, 0xB2, 0x32, 0xD9, 0x13, 0x20, 0xF7, 0x59,
    0xED, 0x9B, 0x3A, 0x4D, 0xFC, 0xB2, 0x8D, 0x25, 0xAD, 0xC7, 0x28, 0x35, 0xD2, 0x7A, 0xA4, 0xD4,
    0xD6, 0x4B, 0x5D, 0x7E, 0x4D, 0x48, 0x6B, 0x0E, 0x78, 0x9C, 0x63, 0x60, 0x80, 0x80, 0x0F, 0xFC,
    0x0C, 0x0C, 0xFF, 0x81, 0xE8, 0x3F, 0x08, 0x31, 0x7C, 0xF8, 0xFF, 0xFF, 0x3F, 0x50, 0x80, 0x01,
    0x4A, 0x7D, 0x00, 0x89, 0xA1, 0x02, 0xB0, 0x42, 0x7E, 0x20, 0x06, 0x29, 0x05, 0xA9, 0x43, 0x50,
    0xFC, 0x10, 0x09, 0x7E, 0x88, 0x41, 0x94, 0x52, 0x00, 0x20, 0xF1, 0x51, 0xDC, 0x78, 0x9C, 0xFB,
    0xF0, 0x9F, 0x01, 0x06, 0x3E, 0xFC, 0xE7, 0x27, 0x9A, 0xC9, 0xF0, 0x01, 0x85, 0xF9, 0xFF, 0x3F,
    0x10, 0x01, 0x45, 0x80, 0x86, 0xFD, 0xFF, 0xFF, 0xE1, 0x3F, 0x90, 0xFB, 0x01, 0xCC, 0x04, 0x01,
    0x7E, 0x90, 0x52, 0x28, 0x13, 0xA4, 0x1C, 0x44, 0x7D, 0x80, 0x31, 0x19, 0xE8, 0xC4, 0x04, 0x00,
    0xE0, 0x22, 0x51, 0xBE, 0x78, 0x9C, 0xFB, 0xFF, 0x9F, 0xE1, 0xC3, 0xFF, 0xFF, 0x0C, 0x0C, 0xFF,
    0xFF, 0x03, 0x29, 0x20, 0xE3, 0x3F, 0x04, 0xC0, 0x68, 0xFE, 0xFF, 0x10, 0x49, 0x20, 0xCD, 0xCF,
    0xC0, 0x00, 0x51, 0x82, 0xA0, 0x19, 0x88, 0xA4, 0xD1, 0xF5, 0x7D, 0x00, 0x99, 0x07, 0x96, 0x45,
    0xA7, 0x81, 0x18, 0xE2, 0x1E, 0x00, 0xCA, 0xEC, 0x5E, 0x84, 0x78, 0x9C, 0xFB, 0xFF, 0x9F, 0xE1,
    0xFF, 0x7F, 0x7E, 0x20, 0xFE, 0xF0, 0xFF, 0x3F, 0x88, 0xF9, 0x1F, 0x41, 0xF1, 0x43, 0x24, 0x80,
    0x14, 0x03, 0xC3, 0x07, 0x8A, 0x29, 0x06, 0x20, 0xF8, 0x0F, 0xA6, 0xFE, 0xC3, 0x29, 0x06, 0x64,
    0x8A, 0x81, 0x01, 0x00, 0x80, 0xC6, 0x4E, 0xFD, 0x78, 0x9C, 0x63, 0x60, 0xF8, 0x0F, 0x04, 0xFC,
    0x0C, 0x40, 0x80, 0xC9, 0xC0, 0x07, 0x80, 0x6A, 0x60, 0x34, 0x98, 0x05, 0xA6, 0x41, 0xDA, 0x20,
    0x8C, 0xFF, 0x0C, 0x1F, 0x40, 0xC2, 0x1F, 0xC0, 0x0C, 0x7E, 0xB0, 0x3C, 0x3F, 0xC4, 0xD4, 0x0F,
    0x28, 0x0C, 0x06, 0xDC, 0x0C, 0x74, 0xC5, 0x70, 0x73, 0xE0, 0x26, 0xC3, 0xED, 0x02, 0xF1, 0xA0,
    0x8E, 0x86, 0xB9, 0x07, 0xE6, 0x42, 0x00, 0x60, 0xB3, 0x65, 0xF5, 0x78, 0x9C, 0x63, 0xF8, 0xF0,
    0x1F, 0x08, 0x18, 0x18, 0x50, 0x29, 0xEC, 0xE0, 0xC3, 0x7F, 0x7E, 0x06, 0x88, 0x12, 0x20, 0xFD,
    0x1F, 0xAC, 0x12, 0xAC, 0xFE, 0x3F, 0x3F, 0x48, 0x06, 0x88, 0xFF, 0x83, 0x29, 0x88, 0x09, 0x98,
    0x14, 0x58, 0x0E, 0xAA, 0x12, 0xAA, 0x0F, 0x6A, 0x0A, 0xCC, 0x4C, 0x88, 0x0D, 0x00, 0x27, 0x66,
    0x4E, 0x85, 0x78, 0x9C, 0x75, 0x8E, 0x89, 0x0D, 0x00, 0x20, 0x08, 0x03, 0xBB, 0x01, 0xFB, 0x6F,
    0xC9, 0x06, 0xD8, 0x82, 0x12, 0x35, 0x81, 0xF8, 0x5C, 0xB4, 0x9E, 0x00, 0x0E, 0xB8, 0x81, 0x15,
    0xA6, 0x21, 0x60, 0x25, 0x38, 0x01, 0xA8, 0x23, 0xC3, 0x50, 0x27, 0xA3, 0x57, 0x71, 0x76, 0xC5,
    0x0B, 0x42, 0x96, 0x54, 0x71, 0x5A, 0xA9, 0xCA, 0xE6, 0x0F, 0x60, 0x86, 0x3F, 0xDC, 0x9E, 0x36,
    0xF7, 0x5F, 0xD9, 0x72, 0xEC, 0xFB, 0xAB, 0x33, 0xAE, 0x0B, 0xE9, 0x14, 0x67, 0xE4, 0x78, 0x9C,
    0x55, 0x8D, 0x01, 0x0E, 0x00, 0x20, 0x08, 0x02, 0xF9, 0x81, 0xFF, 0xFF, 0xA5, 0x3F, 0x20, 0x44,
    0x5A, 0x8B, 0xB9, 0x5D, 0x82, 0x29, 0xB0, 0x62, 0xA1, 0x29, 0x70, 0x4A, 0x4F, 0xCA, 0xB8, 0x10,
    0x0B, 0x4F, 0x1D, 0xCF, 0x19, 0x47, 0x6E, 0xD4, 0xB6, 0xB7, 0x14, 0x8D, 0xF1, 0x37, 0xFF, 0xE1,
    0x2C, 0x93, 0xF9, 0x97, 0x2D, 0xFF, 0xBD, 0x03, 0xEB, 0xB7, 0x50, 0xB0, 0x78, 0x9C, 0x75, 0x8E,
    0xC1, 0x0D, 0xC0, 0x30, 0x08, 0x03, 0xBD, 0x01, 0xFB, 0x6F, 0xC9, 0x06, 0xD7, 0x62, 0x12, 0x52,
    0x55, 0x0A, 0x0F, 0x38, 0x84, 0x31, 0x48, 0x27, 0x12, 0x65, 0x14, 0x80, 0x68, 0x88, 0x34, 0xD4,
    0x04, 0x6B, 0x62, 0x49, 0x4E, 0x00, 0xBB, 0x9A, 0x5C, 0x6B, 0xAB, 0xA1, 0x36, 0x91, 0x53, 0x7B,
    0xBD, 0x33, 0x96, 0xE9, 0x17, 0x74, 0x87, 0xBF, 0x78, 0x7C, 0xC6, 0x79, 0x6E, 0x55, 0xD7, 0xD7,
    0xE7, 0x9F, 0xFD, 0xE1, 0x03, 0x73, 0xA8, 0x67, 0xC6, 0x78, 0x9C, 0x5D, 0x4D, 0x81, 0x0D, 0x00,
    0x30, 0x04, 0xEB, 0x07, 0xFE, 0xFF, 0xD2, 0x07, 0x9D, 0x16, 0x59, 0xB6, 0x26, 0x14, 0x2D, 0x80,
    0x45, 0x20, 0x2B, 0x27, 0x41, 0x36, 0x05, 0x2A, 0xAA, 0xB8, 0x84, 0x0C, 0xFC, 0x48, 0xF9, 0x2A,
    0xD3, 0x7E, 0xC1, 0x0D, 0xB5, 0x13, 0x52, 0x69, 0xD2, 0xBC, 0xF5, 0x97, 0xAC, 0x8D, 0x73, 0xF6,
    0xE6, 0xCA, 0xDE, 0xEC, 0x0F, 0x07, 0xE5, 0x44, 0x4F, 0xA2, 0x78, 0x9C, 0x63, 0x60, 0x60, 0xF8,
    0x0F, 0x05, 0x0C, 0x08, 0x26, 0x90, 0xFD, 0x01, 0x89, 0xFD, 0x1F, 0xC1, 0xFE, 0x00, 0x91, 0xE3,
    0x07, 0x2A, 0x86, 0x50, 0x50, 0xF6, 0x7F, 0x4C, 0xF6, 0x7F, 0x10, 0x0D, 0x36, 0x96, 0x20, 0x1B,
    0xBB, 0x39, 0x1F, 0x50, 0xD8, 0x08, 0x7B, 0x91, 0xDD, 0x83, 0xE2, 0x4E, 0x64, 0xF7, 0x23, 0xF9,
    0x0B, 0x00, 0x56, 0x35, 0x83, 0x7D, 0x78, 0x9C, 0x6D, 0x8E, 0xDB, 0x09, 0x00, 0x30, 0x08, 0x03,
    0x6F, 0x03, 0xF7, 0xDF, 0xD2, 0x0D, 0xD2, 0xFA, 0x40, 0x2C, 0xD4, 0x8F, 0x33, 0x90, 0xA0, 0x01,
    0xC9, 0xB8, 0x00, 0x5C, 0x77, 0x29, 0x90, 0xCC, 0x31, 0xDF, 0xD2, 0x22, 0x53, 0x6E, 0x48, 0xA3,
    0xE3, 0x13, 0xFA, 0xCB, 0xCE, 0xC2, 0x5C, 0x58, 0xE6, 0xF3, 0xAD, 0x3A, 0xB8, 0xBA, 0x54, 0xE3,
    0x00, 0x4E, 0xC9, 0x6E, 0x83, 0x78, 0x9C, 0x6D, 0x8E, 0xC1, 0x0D, 0x00, 0x20, 0x08, 0x03, 0xBB,
    0x01, 0xFB, 0x6F, 0xC9, 0x06, 0x35, 0xD2, 0x2A, 0x98, 0xE8, 0xE7, 0x04, 0x8E, 0x06, 0xA0, 0x5F,
    0x9A, 0x0C, 0x81, 0xAC, 0x2E, 0x55, 0xA7, 0xDB, 0xE0, 0x58, 0xD9, 0x52, 0x69, 0xF4, 0x47, 0x0C,
    0x93, 0xF0, 0xF0, 0xCB, 0x2C, 0x1E, 0x6F, 0xEE, 0x39, 0x27, 0x4A, 0x4D, 0xD5, 0x97, 0x90, 0xA7,
    0x8B, 0x3A, 0xE7, 0xC9, 0x8F, 0x05, 0x20, 0x0B, 0x6A, 0xA5, 0x78, 0x9C, 0x63, 0x60, 0x80, 0x82,
    0x0F, 0xFC, 0x60, 0xF2, 0x3F, 0x88, 0xFC, 0xFF, 0x9F, 0x1F, 0xC4, 0xFC, 0x0F, 0x63, 0x32, 0x80,
    0x99, 0x0C, 0x1F, 0x18, 0x50, 0x01, 0x50, 0x14, 0x8C, 0x3E, 0x80, 0x49, 0x90, 0x4A, 0x18, 0xC9,
    0x8F, 0xA6, 0x93, 0x54, 0x12, 0x00, 0x89, 0x4A, 0x33, 0xEB, 0x78, 0x9C, 0x6D, 0x8C, 0xC9, 0x11,
    0x00, 0x30, 0x08, 0x02, 0xE9, 0xC0, 0xFE, 0xBB, 0xA4, 0x03, 0x92, 0x11, 0xCD, 0x31, 0x89, 0x9F,
    0x55, 0x39, 0xA4, 0x39, 0x00, 0x24, 0x2F, 0x66, 0x14, 0x85, 0x12, 0xBF, 0x64, 0xB2, 0x7D, 0x67,
    0xAE, 0x7A, 0x22, 0xAD, 0xF4, 0xBD, 0x08, 0xFB, 0x36, 0x79, 0xF5, 0xC1, 0xC2, 0x33, 0xEC, 0x27,
    0x75, 0xB1, 0xCD, 0x99, 0xC4, 0x00, 0x49, 0x53, 0x6A, 0x96, 0x78, 0x9C, 0x63, 0xF8, 0xFF, 0x9F,
    0x01, 0x8C, 0x3E, 0x80, 0xC9, 0xFF, 0xFF, 0xF9, 0x11, 0x24, 0x03, 0x03, 0x03, 0x88, 0x05, 0x22,
    0x19, 0xC8, 0x20, 0x91, 0x01, 0x54, 0x04, 0x6C, 0x1A, 0x98, 0xFC, 0x00, 0x16, 0xF9, 0x00, 0x16,
    0x00, 0x00, 0x84, 0xE1, 0x30, 0xFD, 0x78, 0x9C, 0x75, 0x8C, 0x89, 0x09, 0x00, 0x20, 0x0C, 0x03,
    0xB3, 0x41, 0xF6, 0xDF, 0xB2, 0x1B, 0xC4, 0x7E, 0x4A, 0x15, 0x2C, 0xC2, 0x79, 0x25, 0x0D, 0x0C,
    0x30, 0x02, 0x90, 0xE2, 0xB9, 0x48, 0x0A, 0x77, 0x0B, 0x7D, 0x47, 0xAA, 0xBD, 0xFA, 0x53, 0x64,
    0xB3, 0x3B, 0x3E, 0xB4, 0xE4, 0xCE, 0xCD, 0xBB, 0xEE, 0x61, 0x46, 0xAD, 0xFC, 0x10, 0x95, 0x8B,
    0x7B, 0x8E, 0x9E, 0xAB, 0x9F, 0x0B, 0x8C, 0x6F, 0x6C, 0x94, 0x78, 0x9C, 0x9D, 0x8A, 0xC9, 0x09,
    0x00, 0x30, 0x0C, 0xC3, 0xBC, 0x41, 0xF6, 0xDF, 0xD2, 0x1B, 0xA8, 0x71, 0x42, 0xA1, 0xEF, 0x0A,
    0x23, 0x9C, 0x43, 0x0A, 0x2E, 0x09, 0x81, 0x9C, 0x34, 0x3D, 0x42, 0x2F, 0x9D, 0xFA, 0x02, 0x1B,
    0x8F, 0xF3, 0x73, 0x5D, 0x73, 0x5D, 0xEB, 0xC3, 0x07, 0x10, 0xE2, 0x37, 0xD8, 0x78, 0x9C, 0x5D,
    0x4E, 0xC1, 0x11, 0x00, 0x20, 0x08, 0x72, 0x03, 0xF7, 0xDF, 0xD2, 0x0D, 0xC8, 0x80, 0xBA, 0x8C,
    0x47, 0xC8, 0x01, 0x5A, 0x44, 0x23, 0x83, 0x28, 0x33, 0x20, 0x69, 0x36, 0x5D, 0xDB, 0x68, 0x3B,
    0x45, 0x1C, 0x40, 0x48, 0xB6, 0x66, 0xB9, 0xB6, 0x9D, 0x63, 0x59, 0x29, 0xAD, 0xFC, 0xDB, 0xD7,
    0x70, 0x22, 0xA3, 0xC3, 0x1F, 0x40, 0x5C, 0xDF, 0x1D, 0xDD, 0xF5, 0xC2, 0x7E, 0x17, 0x1D, 0xFE,
    0x58, 0x4E, 0x78, 0x9C, 0x55, 0x8C, 0xDB, 0x0D, 0x00, 0x30, 0x08, 0x02, 0xDD, 0x80, 0xFD, 0xB7,
    0x74, 0x03, 0x1A, 0x2A, 0xF4, 0xC1, 0x87, 0x17, 0x02, 0x52, 0x75, 0x44, 0x03, 0xBA, 0xCD, 0x6D,
    0xB9, 0x9D, 0x4D, 0x4F, 0x94, 0xE2, 0xA7, 0x29, 0x92, 0x62, 0x0B, 0x1C, 0x20, 0x5F, 0xDE, 0x50,
    0xC5, 0x36, 0xBC, 0x31, 0x14, 0xE7, 0x9D, 0xCF, 0x18, 0x52, 0x5C, 0x92, 0x29, 0x44, 0xAD, 0x78,
    0x9C, 0x5D, 0x4D, 0x89, 0x11, 0x00, 0x20, 0x08, 0x72, 0x83, 0xF6, 0xDF, 0x92, 0x0D, 0x48, 0x44,
    0xAF, 0x87, 0xF3, 0x24, 0x0D, 0x30, 0x02, 0x64, 0x08, 0x24, 0x57, 0xB3, 0x16, 0xA0, 0x2A, 0x91,
    0x4B, 0x0B, 0x1A, 0xB0, 0x0E, 0xB4, 0x81, 0x05, 0x8F, 0x39, 0x57, 0x1A, 0xF4, 0xBD, 0x46, 0x3D,
    0x7C, 0xE2, 0x6F, 0xBF, 0x1F, 0x23, 0x79, 0x3C, 0x21, 0xA6, 0x19, 0xDF, 0x1D, 0xDF, 0xED, 0xC0,
    0xEC, 0x1B, 0x67, 0x6C, 0x5E, 0x39, 0x78, 0x9C, 0x5D, 0x4C, 0x81, 0x09, 0x00, 0x30, 0x08, 0xF2,
    0x03, 0xFF, 0xFF, 0xB2, 0x0F, 0x5C, 0xAE, 0xA2, 0x31, 0xA9, 0x44, 0x52, 0x81, 0x86, 0xC4, 0xBC,
    0x21, 0xE9, 0x0A, 0xCB, 0xC8, 0xB5, 0xCC, 0x09, 0xE2, 0x47, 0x05, 0xC6, 0x69, 0x14, 0x55, 0xAE,
    0xBA, 0xDA, 0x28, 0x6C, 0xB5, 0x79, 0xDF, 0xF4, 0x7B, 0xE2, 0x7A, 0xCA, 0x38, 0xC6, 0x03, 0xF3,
    0x5E, 0x47, 0xB9, 0x78, 0x9C, 0x5D, 0x8E, 0xC1, 0x11, 0x00, 0x31, 0x08, 0x02, 0xB7, 0x83, 0xEB,
    0xBF, 0x4B, 0x3B, 0xF0, 0x54, 0x48, 0x66, 0x4C, 0x3E, 0x2B, 0x11, 0x54, 0x88, 0xCC, 0x0F, 0x1A,
    0x53, 0xE4, 0x3C, 0xC9, 0xD2, 0xC5, 0xEA, 0x75, 0xBB, 0x4D, 0x48, 0xDB, 0x3E, 0x3F, 0x8E, 0xDD,
    0xBC, 0x8A, 0x63, 0x59, 0x19, 0x9A, 0x29, 0xC6, 0xB3, 0x47, 0x7B, 0x3D, 0xD0, 0x6E, 0x9C, 0x66,
    0x4F, 0x89, 0x4D, 0xDF, 0x81, 0xF0, 0x03, 0xA3, 0x4E, 0x5C, 0x2C, 0x78, 0x9C, 0x55, 0x8B, 0xC9,
    0x11, 0x00, 0x30, 0x08, 0x02, 0xE9, 0xC0, 0xFE, 0xBB, 0xA4, 0x03, 0x22, 0x18, 0x67, 0x92, 0xCF,
    0xCA, 0x21, 0x80, 0x54, 0x68, 0xF8, 0x98, 0x62, 0x34, 0x9D, 0xA2, 0x75, 0xD3, 0xF9, 0x18, 0x8D,
    0xF9, 0x2A, 0xCA, 0x7A, 0x57, 0x69, 0x79, 0x5F, 0x2A, 0x1F, 0x43, 0xBD, 0xA6, 0x76, 0x4F, 0xE3,
    0x00, 0xE6, 0xF4, 0x40, 0xC0, 0x78, 0x9C, 0x6D, 0x8E, 0xC1, 0x0D, 0xC0, 0x30, 0x08, 0x03, 0xBD,
    0x41, 0xF6, 0xDF, 0x92, 0x0D, 0xAE, 0xD4, 0x26, 0x69, 0x2B, 0xD5, 0x8F, 0x18, 0x44, 0x7C, 0x20,
    0x8D, 0x0A, 0x09, 0xFB, 0xE2, 0x76, 0x01, 0x2B, 0x03, 0xF4, 0xA7, 0xCA, 0xBC, 0xCD, 0x05, 0x56,
    0xDA, 0xEE, 0x9D, 0x2A, 0xE3, 0xF4, 0xA6, 0xD4, 0xC6, 0x4E, 0xEC, 0xE4, 0x53, 0xEC, 0x2F, 0x9F,
    0x8C, 0x98, 0xDB, 0x0E, 0xFF, 0xD9, 0x93, 0xBD, 0x03, 0xEC, 0xF7, 0x02, 0x23, 0x6E, 0x5C, 0x3B,
    0x78, 0x9C, 0x6D, 0x8C, 0xDB, 0x09, 0x00, 0x30, 0x08, 0x03, 0xB3, 0x41, 0xF6, 0xDF, 0xD2, 0x0D,
    0x52, 0xA3, 0x15, 0xFB, 0x51, 0x41, 0xF4, 0xC8, 0x03, 0x04, 0x40, 0x84, 0x08, 0x09, 0xB9, 0xFE,
    0x12, 0x0D, 0x46, 0xCB, 0xFF, 0x69, 0x2D, 0x8D, 0x62, 0xF9, 0x33, 0x11, 0x43, 0x95, 0x8A, 0xEE,
    0xC0, 0xED, 0x8A, 0xBD, 0x2B, 0xD3, 0xF2, 0xC4, 0xF5, 0x94, 0x71, 0x8C, 0x07, 0x30, 0xE5, 0x45,
    0xCA, 0x78, 0x9C, 0xFB, 0xFF, 0x1F, 0x0C, 0xF8, 0xFF, 0xE3, 0xA0, 0x19, 0x18, 0x3E, 0x80, 0x08,
    0x86, 0x81, 0xA0, 0x19, 0xD0, 0x68, 0x7E, 0x74, 0x01, 0x30, 0xF5, 0x1F, 0x2A, 0xFE, 0x1F, 0xCC,
    0x05, 0x00, 0x7A, 0xC8, 0x47, 0xC8, 0x78, 0x9C, 0x63, 0xF8, 0xF0, 0x9F, 0x01, 0x08, 0x20, 0xE4,
    0x7F, 0x04, 0xF9, 0x1F, 0x04, 0xB0, 0x90, 0xC8, 0x6A, 0xF0, 0x90, 0xFC, 0x10, 0x23, 0xC0, 0x26,
    0x83, 0xA8, 0x0F, 0x70, 0x0E, 0x88, 0xE4, 0x07, 0x2B, 0xE2, 0x47, 0x28, 0x65, 0x40, 0x90, 0x50,
    0x25, 0x20, 0x02, 0x00, 0x76, 0xB5, 0x42, 0xA0, 0x78, 0x9C, 0x63, 0xF8, 0xC0, 0xCF, 0xC0, 0x00,
    0x44, 0x0C, 0x1F, 0xFE, 0x83, 0x10, 0x88, 0xFE, 0xFF, 0x1F, 0xC4, 0x67, 0x00, 0xD2, 0x0C, 0x98,
    0xE0, 0x3F, 0x04, 0xF0, 0xE3, 0xA2, 0x41, 0x06, 0x80, 0xB5, 0xD3, 0x99, 0x06, 0x00, 0xBF, 0x18,
    0x45, 0xE8, 0x78, 0x9C, 0x63, 0x60, 0x60, 0xF8, 0xF0, 0x9F, 0x01, 0x8D, 0xF8, 0xF0, 0x1F, 0x46,
    0xFC, 0x87, 0x10, 0x0C, 0x40, 0x8C, 0x09, 0xC0, 0x12, 0xF8, 0x08, 0x7E, 0x88, 0x3E, 0xA0, 0x51,
    0x30, 0x02, 0xC4, 0x07, 0x00, 0x8A, 0xF7, 0x46, 0x24, 0x78, 0x9C, 0xFB, 0xFF, 0x1F, 0x0C, 0xF8,
    0xFF, 0xE3, 0xA0, 0x19, 0x18, 0x3E, 0x80, 0x08, 0x06, 0x9C, 0x34, 0x4C, 0x19, 0x3A, 0x4D, 0x48,
    0x1F, 0x01, 0x1A, 0x00, 0xF6, 0xE3, 0x43, 0x27, 0x78, 0x9C, 0x63, 0xF8, 0xF0, 0x9F, 0x01, 0x08,
    0x20, 0xE4, 0x7F, 0x04, 0xF9, 0x1F, 0x04, 0xB0, 0x90, 0xF8, 0xD5, 0xC0, 0x65, 0xF9, 0xA1, 0xD2,
    0x20, 0x93, 0x11, 0x24, 0x88, 0x62, 0x00, 0x00, 0x36, 0xC4, 0x41, 0x83, 0x78, 0x9C, 0xB5, 0x8F,
    0xB1, 0x0D, 0x00, 0x30, 0x08, 0xC3, 0xFC, 0x01, 0xFF, 0x7F, 0x99, 0x0F, 0x52, 0x0A, 0x65, 0x68,
    0xF7, 0x66, 0x31, 0x8A, 0x14, 0xC9, 0x80, 0x03, 0x01, 0xB2, 0x23, 0x4F, 0xBC, 0x33, 0xCC, 0xDE,
    0xA1, 0xE2, 0x93, 0xEA, 0x94, 0x93, 0x6F, 0x8C, 0x8B, 0x6A, 0xA7, 0x2D, 0xD3, 0x62, 0x43, 0x1D,
    0xDF, 0x7A, 0x00, 0x16, 0xF3, 0xF3, 0x64, 0xD8, 0x78, 0x9C, 0xA5, 0x8D, 0xD1, 0x0D, 0x00, 0x40,
    0x0C, 0x41, 0x6D, 0x60, 0xFF, 0x2D, 0x6D, 0xE0, 0x68, 0x93, 0x2E, 0x70, 0x7E, 0x5E, 0x68, 0x03,
    0xB0, 0xB2, 0x29, 0x17, 0x0E, 0xE4, 0x2A, 0x68, 0x8C, 0x09, 0x88, 0x7B, 0x44, 0xED, 0x37, 0xD8,
    0xEE, 0xD9, 0xE9, 0xF2, 0x41, 0x7B, 0x08, 0x1E, 0x8B, 0xC9, 0x58, 0xA8, 0x78, 0x9C, 0x63, 0xF8,
    0xF0, 0x1F, 0x08, 0x18, 0x18, 0x18, 0xD0, 0x69, 0x1C, 0x00, 0xAA, 0x86, 0x9F, 0x76, 0x34, 0x3F,
    0x0A, 0xFD, 0x01, 0x44, 0xFF, 0x07, 0xD1, 0xFF, 0x21, 0x0E, 0x83, 0xD1, 0x60, 0x01, 0x7E, 0x88,
    0x83, 0x81, 0x14, 0x00, 0x37, 0x6F, 0x5F, 0x92, 0x78, 0x9C, 0x63, 0xF8, 0x0F, 0x04, 0xFC, 0x0C,
    0x0C, 0xA8, 0x14, 0x36, 0xF0, 0xFF, 0x3F, 0x03, 0xC3, 0x87, 0xFF, 0xFC, 0x14, 0x53, 0xFC, 0x40,
    0x93, 0xF8, 0xFF, 0x83, 0x01, 0xFF, 0x07, 0x04, 0xF5, 0x01, 0x22, 0x01, 0xA4, 0x00, 0x71, 0x96,
    0x4E, 0x0D, 0x78, 0x9C, 0xB5, 0xCE, 0xC1, 0x09, 0x00, 0x30, 0x0C, 0x42, 0xD1, 0xBF, 0x81, 0xFB,
    0x6F, 0x99, 0x0D, 0x6C, 0x52, 0xE9, 0xA1, 0xF4, 0x5C, 0x09, 0x3C, 0x90, 0x1C, 0x04, 0x81, 0x81,
    0xF2, 0xDC, 0xD8, 0x69, 0x69, 0x44, 0x0A, 0xDE, 0x38, 0xBF, 0xFA, 0xA7, 0x2E, 0x6B, 0xF4, 0xE8,
    0x0C, 0x3C, 0xEE, 0x42, 0xD9, 0xD9, 0x2C, 0xE5, 0x6E, 0x60, 0xA0, 0x78, 0x9C, 0x63, 0x60, 0x80,
    0x80, 0xFF, 0x0C, 0x0C, 0x1F, 0x80, 0xF8, 0x3F, 0x3F, 0xC3, 0x7F, 0x30, 0xF3, 0x3F, 0x90, 0x05,
    0xA3, 0x80, 0x34, 0x3F, 0x03, 0x0C, 0x40, 0xA4, 0xF9, 0x29, 0xA6, 0x40, 0x16, 0x01, 0x29, 0x10,
    0xE0, 0xFF, 0x80, 0xA0, 0x3E, 0x40, 0x24, 0x80, 0x14, 0x00, 0x0F, 0x67, 0x51, 0xDC, 0x78, 0x9C,
    0xB5, 0xCF, 0xC1, 0x0D, 0x00, 0x30, 0x08, 0x02, 0x40, 0x36, 0x60, 0xFF, 0x2D, 0xD9, 0x80, 0x56,
    0xEA, 0x87, 0x01, 0xCA, 0xE7, 0x12, 0x83, 0x89, 0x02, 0x30, 0x31, 0x91, 0x1D, 0x0D, 0xB1, 0xF4,
    0x16, 0x96, 0x4E, 0x96, 0x64, 0xFE, 0x93, 0xA5, 0x46, 0x8F, 0x49, 0xCE, 0x8B, 0x19, 0xF0, 0xFD,
    0x71, 0x39, 0x68, 0xC8, 0x5C, 0xE0, 0x78, 0x9C, 0x63, 0x60, 0xF8, 0xF0, 0x9F, 0x9F, 0x01, 0x08,
    0xFE, 0xFF, 0xFF, 0x0F, 0x24, 0x3F, 0xFC, 0x67, 0x00, 0x71, 0xA1, 0x14, 0x54, 0x10, 0xA6, 0x04,
    0x19, 0x80, 0x24, 0x80, 0xC2, 0x14, 0x53, 0xFC, 0x40, 0x93, 0x80, 0x14, 0x08, 0xF0, 0x7F, 0x40,
    0x50, 0x1F, 0x20, 0x12, 0x40, 0x57, 0x00, 0x00, 0xB0, 0x27, 0x50, 0xEC, 0x78, 0x9C, 0xB5, 0x8E,
    0xC1, 0x0D, 0x00, 0x30, 0x08, 0x02, 0x6F, 0x03, 0xF7, 0xDF, 0xD2, 0x0D, 0xA8, 0xD0, 0x3E, 0xDA,
    0x01, 0x4A, 0x4C, 0x0E, 0x88, 0x26, 0x02, 0x95, 0x01, 0x55, 0x6B, 0x4C, 0x9B, 0x8E, 0xC2, 0x91,
    0x13, 0x69, 0x6E, 0xC9, 0xDD, 0xAC, 0xFE, 0x63, 0x3D, 0xCC, 0x6B, 0x32, 0x23, 0xFB, 0xCD, 0x14,
    0x95, 0x23, 0x63, 0x01, 0x62, 0xF2, 0x5E, 0xDE, 0x78, 0x9C, 0x63, 0x60, 0x80, 0x82, 0x0F, 0xFC,
    0x0C, 0xFF, 0xF9, 0x19, 0x18, 0xFE, 0xFF, 0x87, 0x50, 0xFC, 0x1F, 0xFE, 0x33, 0xC0, 0xA8, 0x0F,
    0x10, 0x31, 0x06, 0x7E, 0x90, 0x22, 0x54, 0xF0, 0x1F, 0x2C, 0xCD, 0x4F, 0x31, 0x05, 0xB4, 0x1C,
    0x44, 0x81, 0x00, 0xD0, 0x4A, 0x38, 0xF5, 0x01, 0x22, 0x01, 0xA4, 0x00, 0x47, 0x01, 0x51, 0x0A,
    0x78, 0x9C, 0xB5, 0xCA, 0xC1, 0x0D, 0x00, 0x20, 0x10, 0x02, 0x41, 0x3A, 0xB8, 0xFE, 0xBB, 0xBC,
    0x0E, 0x56, 0x41, 0x8D, 0x36, 0x20, 0x9F, 0x09, 0x04, 0x90, 0xD4, 0x14, 0xDF, 0xAD, 0xD8, 0x16,
    0xCB, 0xAC, 0xD1, 0xF1, 0xC6, 0xFE, 0xA4, 0xCA, 0x8B, 0x96, 0x15, 0x7A, 0xD7, 0x2B, 0xC7, 0xE7,
    0x30, 0x00, 0xEE, 0x99, 0x61, 0x72, 0x78, 0x9C, 0xFB, 0xFF, 0x9F, 0x81, 0xE1, 0xC3, 0x7F, 0xFE,
    0xFF, 0x94, 0x52, 0xFC, 0x0C, 0xFF, 0x41, 0x14, 0x08, 0xF0, 0x7F, 0x40, 0x50, 0x1F, 0x20, 0x12,
    0x20, 0x0A, 0x08, 0x20, 0xE4, 0x87, 0xFF, 0x0C, 0x10, 0x0A, 0xCC, 0x85, 0x52, 0x20, 0x55, 0x00,
    0x96, 0xEE, 0x4C, 0xF0, 0x78, 0x9C, 0x7D, 0xCF, 0xD1, 0x11, 0xC0, 0x20, 0x08, 0x03, 0xD0, 0x6C,
    0x90, 0xFD, 0xB7, 0x64, 0x83, 0x54, 0x28, 0x78, 0x14, 0xCF, 0xF2, 0xE3, 0x3B, 0x0D, 0xA8, 0xC0,
    0xB7, 0x4C, 0x62, 0x59, 0xAB, 0xF6, 0x36, 0x6D, 0x1F, 0xAC, 0x55, 0xA3, 0x0D, 0xD1, 0xE6, 0xF1,
    0x4A, 0x5E, 0x1C, 0xF3, 0x0F, 0xEB, 0xB5, 0xE7, 0x86, 0xE3, 0x0D, 0x65, 0x76, 0xDB, 0x30, 0xFD,
    0x8E, 0x6E, 0xC5, 0xE4, 0x32, 0xBA, 0xF1, 0xE3, 0xFC, 0x79, 0x33, 0xD3, 0x0F, 0x72, 0xBF, 0x8C,
    0x92, 0x78, 0x9C, 0x75, 0xCE, 0x01, 0x0E, 0xC0, 0x20, 0x08, 0x03, 0xC0, 0xFE, 0x80, 0xFF, 0xFF,
    0xB2, 0x3F, 0xE8, 0x5A, 0x51, 0x43, 0xB2, 0x0D, 0x63, 0xB8, 0xA0, 0x28, 0x00, 0x40, 0x09, 0x3B,
    0x24, 0x55, 0xCB, 0xC5, 0x53, 0x76, 0xE6, 0x26, 0x7D, 0x7A, 0x2F, 0xBF, 0x82, 0x6E, 0xCE, 0x76,
    0x47, 0x53, 0x93, 0xC9, 0x2B, 0x7D, 0x31, 0x1F, 0x1F, 0x56, 0x98, 0xD7, 0x06, 0x6B, 0x2D, 0xF5,
    0x5C, 0x98, 0xD4, 0x25, 0x7B, 0xF8, 0x3F, 0x56, 0xF3, 0x01, 0x6D, 0x75, 0x72, 0x61, 0x78, 0x9C,
    0x9D, 0x8D, 0xC1, 0x0D, 0x00, 0x30, 0x08, 0x02, 0xD9, 0x80, 0xFD, 0xB7, 0x74, 0x03, 0xAA, 0x68,
    0x53, 0xDF, 0xF5, 0x61, 0x0E, 0x45, 0x01, 0x42, 0x22, 0xAA, 0x12, 0x64, 0x90, 0x42, 0x3D, 0x20,
    0x66, 0x97, 0x02, 0xAB, 0x7C, 0x92, 0x7E, 0x5B, 0xDC, 0x4A, 0xB4, 0x2A, 0xF0, 0xA3, 0x32, 0x19,
    0x72, 0x1C, 0x0F, 0x78, 0x23, 0x06, 0x26, 0x34, 0x16, 0x70, 0xA5, 0x34, 0xE0, 0x1B, 0x0E, 0xA6,
    0x62, 0x4C, 0x87, 0x78, 0x9C, 0x65, 0x8E, 0x01, 0x0E, 0x00, 0x30, 0x04, 0x03, 0xFB, 0x83, 0xFD,
    0xFF, 0x97, 0x7E, 0xD0, 0x51, 0x23, 0xB3, 0x35, 0xE1, 0x88, 0x26, 0x05, 0x94, 0x8C, 0x5C, 0x41,
    0xBA, 0xB4, 0xAE, 0xC3, 0x18, 0x7D, 0xF0, 0x32, 0x7C, 0xD2, 0xCD, 0x9B, 0xC8, 0xF0, 0x52, 0xBC,
    0x6B, 0x78, 0x06, 0x95, 0x97, 0x39, 0x95, 0xDB, 0x7F, 0xBC, 0x44, 0x9E, 0x9B, 0xD6, 0xEF, 0x16,
    0x31, 0x29, 0x6C, 0x96, 0xCC, 0x51, 0xA0, 0x78, 0x9C, 0x63, 0x60, 0xF8, 0xCF, 0x0F, 0x42, 0x0C,
    0x0C, 0x1F, 0x40, 0x8C, 0xFF, 0xC8, 0x0C, 0xB8, 0x14, 0x06, 0xF8, 0x00, 0x16, 0x06, 0x2A, 0xFA,
    0x00, 0x52, 0x08, 0x26, 0x20, 0x0C, 0x7E, 0x08, 0xE3, 0x3F, 0x84, 0x81, 0x6E, 0x20, 0x50, 0x21,
    0x44, 0x27, 0x03, 0x12, 0x03, 0x62, 0x15, 0x48, 0x0E, 0xCE, 0x80, 0xDA, 0x89, 0xC4, 0x60, 0x20,
    0x9B, 0x01, 0x00, 0x87, 0xEC, 0x49, 0xE4, 0x78, 0x9C, 0x63, 0x60, 0x80, 0x83, 0x0F, 0xFC, 0x60,
    0xEA, 0xFF, 0x7F, 0x30, 0x07, 0x42, 0xFD, 0xFF, 0xCF, 0x8F, 0x10, 0x63, 0xF8, 0x80, 0xA4, 0xF8,
    0x3F, 0x18, 0x60, 0xA3, 0xF8, 0x11, 0x1A, 0x3F, 0xC0, 0x0C, 0xA3, 0x44, 0x0C, 0x37, 0x00, 0x00,
    0xB7, 0xCC, 0x5B, 0x5A, 0x78, 0x9C, 0x63, 0x60, 0x80, 0x83, 0xFF, 0xFC, 0x20, 0xF2, 0xC3, 0xFF,
    0xFF, 0x60, 0x0E, 0x8C, 0xE2, 0x07, 0x8B, 0xF1, 0x43, 0x54, 0x30, 0xE0, 0x00, 0x40, 0x4D, 0x20,
    0x0D, 0x58, 0x28, 0x7E, 0x64, 0x53, 0x90, 0x8C, 0xC4, 0x26, 0x06, 0xE5, 0x40, 0xB5, 0xFF, 0xC7,
    0x46, 0x01, 0x00, 0x15, 0x2C, 0x4B, 0x97, 0x78, 0x9C, 0x63, 0x60, 0x60, 0xF8, 0xCF, 0x00, 0x02,
    0x1F, 0xFE, 0xF3, 0x63, 0x52, 0x50, 0x39, 0xA8, 0x02, 0x30, 0xC0, 0x46, 0x81, 0xD5, 0x42, 0x28,
    0xA0, 0x00, 0x82, 0x43, 0x58, 0xEC, 0x03, 0x56, 0x31, 0xDC, 0x00, 0x00, 0xD3, 0x68, 0x58, 0x8A,
    0x78, 0x9C, 0x63, 0x60, 0x80, 0x80, 0xFF, 0xFF, 0xB1, 0x93, 0x08, 0xF0, 0xE1, 0x3F, 0x08, 0x60,
    0x90, 0xFC, 0x60, 0xA5, 0xFC, 0x60, 0x79, 0x54, 0x26, 0x36, 0x01, 0xAC, 0x00, 0x00, 0xE5, 0xF9,
    0x48, 0x6D, 0x78, 0x9C, 0x63, 0x60, 0xE0, 0x67, 0x00, 0xA1, 0x0F, 0xFF, 0x41, 0x08, 0x88, 0xFF,
    0xFF, 0x07, 0xF2, 0x18, 0xA0, 0x14, 0x32, 0x00, 0x49, 0x01, 0x01, 0x36, 0x0A, 0xAC, 0x14, 0x42,
    0x01, 0x05, 0x20, 0x8A, 0x29, 0x11, 0xC3, 0x0D, 0x00, 0xB2, 0x0F, 0x5B, 0x78, 0x78, 0x9C, 0x65,
    0x8B, 0x01, 0x0A, 0x00, 0x30, 0x08, 0x02, 0xFD, 0x81, 0xFF, 0xFF, 0xA5, 0x3F, 0x70, 0xB6, 0x18,
    0xC4, 0x3A, 0x44, 0xC4, 0x12, 0xB8, 0x18, 0x10, 0x65, 0xC2, 0x8E, 0x9C, 0xA0, 0x78, 0x1D, 0x12,
    0x27, 0x55, 0xDB, 0xCB, 0xF9, 0x5E, 0x35, 0x56, 0x7F, 0xD1, 0xB1, 0x57, 0x9B, 0x03, 0x83, 0x04,
    0x4F, 0x93, 0x78, 0x9C, 0x63, 0xF8, 0xFF, 0x9F, 0x01, 0x0C, 0xA0, 0xF4, 0x7F, 0x10, 0xE0, 0xC7,
    0xA4, 0x19, 0xD0, 0xD4, 0x81, 0x68, 0x30, 0x13, 0xAC, 0xE0, 0x3F, 0x3A, 0xCD, 0xCF, 0x80, 0xC0,
    0x0C, 0x0C, 0x1F, 0xF0, 0xD2, 0x30, 0x0C, 0xD3, 0x87, 0x64, 0x0E, 0x3F, 0xDC, 0x1E, 0x00, 0xD4,
    0x22, 0x5A, 0x3D, 0x78, 0x9C, 0x63, 0x60, 0xF8, 0xF0, 0xFF, 0xFF, 0x7F, 0x06, 0x20, 0x00, 0xD1,
    0x60, 0x16, 0x98, 0xFE, 0xCF, 0x0F, 0x13, 0x01, 0x31, 0x20, 0x1C, 0x06, 0x08, 0x40, 0x62, 0xF0,
    0x43, 0x94, 0x00, 0x19, 0xFF, 0xF1, 0x31, 0x20, 0xC6, 0xF3, 0x83, 0xCD, 0x82, 0xE8, 0x82, 0x30,
    0x20, 0x86, 0x82, 0x09, 0xB8, 0xA5, 0x68, 0xB6, 0xC3, 0x5C, 0x06, 0xA4, 0x00, 0xBB, 0x56, 0x65,
    0xB9, 0x78, 0x9C, 0x63, 0x60, 0x60, 0x60, 0xF8, 0xF0, 0xFF, 0x3F, 0x03, 0x08, 0xFC, 0x87, 0xD0,
    0x1F, 0xA0, 0xF4, 0x7F, 0x38, 0xCD, 0x0F, 0x95, 0x66, 0x40, 0xA6, 0x41, 0xCA, 0xF8, 0x21, 0x14,
    0x36, 0x1A, 0xC8, 0xE0, 0x87, 0xAA, 0x23, 0x8E, 0x46, 0xB5, 0xE6, 0x03, 0xC2, 0x31, 0xFC, 0xC8,
    0x34, 0x0C, 0x00, 0x00, 0x95, 0x64, 0x40, 0xB1, 0x78, 0x9C, 0x6D, 0xCE, 0xDB, 0x0D, 0x00, 0x20,
    0x08, 0x03, 0x40, 0x36, 0x60, 0xFF, 0x2D, 0xD9, 0xA0, 0x12, 0xA8, 0x3C, 0xA2, 0xFC, 0x70, 0x31,
    0x14, 0x14, 0x59, 0x65, 0x40, 0x02, 0x84, 0x3F, 0x28, 0xA1, 0x32, 0xE1, 0x03, 0x01, 0x10, 0x76,
    0x11, 0x1D, 0x2B, 0x59, 0x3B, 0xF5, 0x41, 0x06, 0xBF, 0xD0, 0x46, 0x4C, 0x5A, 0x03, 0xCC, 0x62,
    0x1C, 0x4B, 0xD4, 0x7F, 0x42, 0xDE, 0x0F, 0xFB, 0x1A, 0x66, 0x9A, 0x78, 0x9C, 0x75, 0x8E, 0xDB,
    0x0D, 0x00, 0x20, 0x08, 0x03, 0xD9, 0x80, 0xFD, 0xB7, 0x64, 0x83, 0x93, 0x97, 0x41, 0x13, 0xE5,
    0x83, 0x1E, 0xA5, 0x41, 0x45, 0xEE, 0x32, 0x1A, 0x78, 0x03, 0x60, 0x68, 0x2A, 0x61, 0x94, 0xEA,
    0x80, 0x85, 0x1B, 0x2D, 0x63, 0x6E, 0x6B, 0xAE, 0x63, 0x3C, 0x40, 0xFE, 0x70, 0x85, 0xBD, 0xDB,
    0x40, 0x5F, 0xEE, 0xB7, 0x6A, 0x62, 0x07, 0xE9, 0x8F, 0x96, 0x2E, 0x72, 0xE6, 0x63, 0xD9, 0x78,
    0x9C, 0x63, 0x60, 0x40, 0x06, 0x1F, 0xF8, 0x21, 0xF4, 0xFF, 0xFF, 0xB8, 0xE9, 0x0F, 0xFF, 0x81,
    0x80, 0x1F, 0x46, 0x31, 0x80, 0x28, 0x98, 0x28, 0x58, 0x18, 0x82, 0xA1, 0x4A, 0x20, 0x3A, 0xB1,
    0xD2, 0x10, 0xF9, 0x0F, 0x70, 0x3D, 0xA8, 0xE6, 0x81, 0x05, 0xC0, 0xAE, 0xF9, 0x00, 0xA6, 0x00,
    0xC2, 0x1C, 0x4C, 0xB4, 0x78, 0x9C, 0x63, 0x60, 0x40, 0x07, 0xFF, 0xF9, 0xA1, 0x8C, 0x0F, 0x04,
    0x58, 0x0C, 0xFF, 0xFF, 0x83, 0xE9, 0xFF, 0x08, 0x16, 0x03, 0x8C, 0xC5, 0x4F, 0x5B, 0x16, 0x3F,
    0x06, 0x0B, 0x99, 0x0B, 0x06, 0x60, 0xAF, 0xC0, 0x59, 0x60, 0x41, 0x7E, 0xA8, 0xC3, 0x21, 0x0C,
    0x00, 0xC4, 0x97, 0x5C, 0xA4, 0x78, 0x9C, 0x63, 0x60, 0x00, 0x03, 0x7E, 0x08, 0xF5, 0xFF, 0x3F,
    0x5E, 0xFA, 0xC3, 0x7F, 0x7E, 0x10, 0xEB, 0x03, 0x90, 0x80, 0xD0, 0xFC, 0x54, 0xA0, 0x61, 0x18,
    0x04, 0xF8, 0x41, 0x66, 0xC3, 0x69, 0x90, 0x3C, 0x48, 0x12, 0x44, 0x03, 0x00, 0xAF, 0x12, 0x4C,
    0xE1, 0x78, 0x9C, 0x63, 0x60, 0xF8, 0xFF, 0x9F, 0x01, 0x08, 0xF0, 0x91, 0xFF, 0x31, 0x00, 0x79,
    0x6A, 0x30, 0x49, 0x00, 0x50, 0x0F, 0x41, 0xBF, 0x78, 0x9C, 0xFB, 0xF0, 0x9F, 0xFF, 0x03, 0x01,
    0xC4, 0x00, 0x41, 0x10, 0x00, 0x64, 0xFC, 0xFF, 0xCF, 0x0F, 0x41, 0x40, 0x36, 0x00, 0xFE, 0x96,
    0x25, 0xBD, 0x78, 0x9C, 0x75, 0xCE, 0x8B, 0x09, 0x00, 0x21, 0x0C, 0x03, 0xD0, 0x6C, 0x90, 0xFD,
    0xB7, 0xCC, 0x06, 0x39, 0x4D, 0x95, 0x2A, 0x78, 0xA5, 0x94, 0x47, 0x3F, 0x22, 0x00, 0x26, 0x01,
    0x79, 0x66, 0x60, 0xA7, 0x83, 0x01, 0xFC, 0x84, 0xF6, 0xC8, 0x07, 0x78, 0x41, 0x66, 0x63, 0xBD,
    0x8C, 0x82, 0x0F, 0x28, 0x4B, 0x1B, 0xB3, 0x2C, 0x24, 0x5E, 0x70, 0x23, 0x97, 0x2C, 0x8C, 0x33,
    0x35, 0x58, 0x9F, 0xFC, 0x00, 0xE7, 0x9C, 0x5F, 0x74, 0x78, 0x9C, 0x75, 0x8E, 0xC1, 0x0D, 0x00,
    0x20, 0x08, 0x03, 0x6F, 0x03, 0xF6, 0xDF, 0x92, 0x0D, 0x6A, 0x05, 0xD4, 0x97, 0x84, 0xE4, 0x0A,
    0x14, 0x02, 0x09, 0x04, 0x28, 0x48, 0x19, 0x4A, 0x2B, 0x4B, 0x6D, 0xB8, 0x74, 0xEF, 0x13, 0x3A,
    0xC6, 0x5A, 0x7D, 0x50, 0xDF, 0xD3, 0x98, 0xC6, 0x53, 0xB7, 0x0C, 0x17, 0x54, 0x46, 0x83, 0x46,
    0xCD, 0x74, 0x2D, 0xB3, 0xB0, 0x5F, 0x5A, 0x3F, 0xC5, 0x51, 0x91, 0x78, 0x9C, 0xFB, 0xC0, 0xCF,
    0xC0, 0xC0, 0xCF, 0xF0, 0xFF, 0x3F, 0xC3, 0x07, 0x10, 0xFA, 0xFF, 0x1F, 0xC8, 0x05, 0x92, 0x0C,
    0xA8, 0xE0, 0x03, 0x48, 0x98, 0x9E, 0x24, 0x00, 0x15, 0x18, 0x31, 0xCF, 0x78, 0x9C, 0x63, 0x60,
    0x00, 0x81, 0x0F, 0xFF, 0x81, 0x98, 0xFF, 0xC3, 0x7F, 0x10, 0x62, 0xF8, 0x0F, 0x04, 0x20, 0x21,
    0x10, 0x09, 0xE4, 0xF0, 0x33, 0xA0, 0x02, 0xB0, 0x30, 0x0D, 0x48, 0x00, 0x1E, 0x8C, 0x2E, 0xC3,
    0x78, 0x9C, 0x75, 0x8E, 0xC1, 0x0D, 0xC0, 0x20, 0x0C, 0x03, 0xBD, 0x01, 0xFB, 0x6F, 0x99, 0x0D,
    0xAE, 0x60, 0xD3, 0xA8, 0xAD, 0x68, 0x1E, 0x70, 0xC2, 0xD6, 0x11, 0xA9, 0x87, 0xA1, 0x1A, 0x06,
    0x0A, 0x43, 0x01, 0x3B, 0xCB, 0xC3, 0x69, 0xEE, 0x0E, 0x84, 0x7C, 0xAF, 0x7A, 0x80, 0x65, 0xB1,
    0x4A, 0xB1, 0xCE, 0x2C, 0xB6, 0x7A, 0x81, 0xFE, 0xE1, 0x5B, 0x6E, 0x4F, 0x9B, 0xFB, 0x2F, 0xAF,
    0xCC, 0xCE, 0x1F, 0x9B, 0xCD, 0xF3, 0x02, 0x12, 0x29, 0x65, 0xD7, 0x78, 0x9C, 0x75, 0x8D, 0xC9,
    0x11, 0x00, 0x20, 0x0C, 0x02, 0xB7, 0x03, 0xFA, 0xEF, 0x92, 0x0E, 0x62, 0xC4, 0xBC, 0x74, 0xE4,
    0x43, 0x0E, 0x0E, 0x0C, 0x08, 0x4A, 0xB8, 0x9A, 0x36, 0xE8, 0xB1, 0xFA, 0x90, 0x95, 0x1F, 0x1C,
    0xC5, 0x28, 0x8F, 0xCF, 0x21, 0x39, 0x61, 0xAA, 0xD0, 0x89, 0x78, 0x29, 0xBF, 0x51, 0x8E, 0xEF,
    0x6E, 0x4F, 0xC3, 0x02, 0x17, 0xBF, 0x4F, 0xB1, 0x78, 0x9C, 0xB5, 0xCE, 0xB1, 0x11, 0x00, 0x20,
    0x0C, 0x42, 0x51, 0x36, 0x60, 0xFF, 0x2D, 0xDD, 0xE0, 0x6B, 0x88, 0x85, 0x9E, 0xB5, 0x34, 0xEF,
    0x2E, 0xA4, 0x40, 0xDA, 0x19, 0x48, 0x44, 0x53, 0x0A, 0x70, 0x17, 0xE8, 0x0D, 0xE7, 0xEF, 0x17,
    0x7D, 0x39, 0x4A, 0xCA, 0x24, 0xF3, 0x62, 0x0E, 0xEE, 0x9D, 0x8B, 0x09, 0xA6, 0x19, 0x5D, 0xB2,
    0x78, 0x9C, 0xA5, 0x8D, 0xC1, 0x09, 0x00, 0x30, 0x0C, 0x02, 0xDD, 0x20, 0xFB, 0x6F, 0xE9, 0x06,
    0xF6, 0x6C, 0x1F, 0xFD, 0xF4, 0x57, 0x21, 0x5C, 0x44, 0x41, 0x8D, 0x24, 0x2E, 0xA3, 0x04, 0xC4,
    0x7C, 0x72, 0x6A, 0x6A, 0x37, 0x1E, 0x6A, 0x40, 0xF5, 0x1B, 0x9D, 0x05, 0xD5, 0xF8, 0xC2, 0x27,
    0x00, 0x0B, 0xAB, 0xE1, 0x4F, 0xFC, 0x78, 0x9C, 0x63, 0x60, 0x80, 0x82, 0x0F, 0xFF, 0x81, 0x00,
    0x89, 0x46, 0x07, 0x40, 0xC1, 0x0F, 0xFF, 0xF9, 0x11, 0xF4, 0x07, 0x10, 0x1B, 0xAB, 0x32, 0x90,
    0x19, 0xFC, 0xB4, 0xA3, 0xF9, 0x51, 0x68, 0xA8, 0x9B, 0xF8, 0xC1, 0xCE, 0x06, 0x29, 0x82, 0xD1,
    0x60, 0x01, 0x7E, 0x88, 0x87, 0x80, 0x14, 0x00, 0xC3, 0xE0, 0x64, 0x9C, 0x78, 0x9C, 0x63, 0xF8,
    0x0F, 0x04, 0xFC, 0x0C, 0x0C, 0x50, 0x0A, 0x15, 0xFC, 0x67, 0x60, 0xF8, 0xC0, 0xCF, 0xF0, 0x01,
    0x28, 0xF1, 0xFF, 0x3F, 0x8C, 0xC2, 0x0A, 0x40, 0xE2, 0x40, 0x79, 0x8A, 0x29, 0x90, 0x0D, 0xFC,
    0xFF, 0xC1, 0x80, 0xFF, 0x03, 0x82, 0x82, 0x58, 0x0D, 0x64, 0xF2, 0x03, 0x00, 0x90, 0x44, 0x53,
    0xF8, 0x78, 0x9C, 0x63, 0x60, 0x40, 0x80, 0xFF, 0x30, 0x9A, 0x1F, 0x4C, 0x7D, 0x80, 0xD2, 0xFF,
    0xFF, 0xA3, 0x08, 0xC3, 0x14, 0xFD, 0x87, 0x28, 0x80, 0xD1, 0x1F, 0xF8, 0x11, 0x06, 0xA0, 0x2A,
    0x03, 0x9B, 0x44, 0x3B, 0x9A, 0x1F, 0x85, 0x86, 0xBA, 0x09, 0x48, 0x83, 0x01, 0x88, 0x0D, 0xA1,
    0xC1, 0x02, 0xFC, 0x60, 0x4D, 0x20, 0x0A, 0x00, 0x7E, 0x1A, 0x61, 0xDB, 0x78, 0x9C, 0x63, 0x60,
    0x80, 0x81, 0x0F, 0xFC, 0x60, 0xEA, 0x3F, 0x94, 0x82, 0x88, 0xFD, 0x67, 0x40, 0x80, 0xFF, 0x60,
    0x35, 0x1F, 0x80, 0x0A, 0xFE, 0xFF, 0x87, 0x51, 0x58, 0x01, 0x48, 0x1C, 0x28, 0x4F, 0x31, 0x05,
    0xB2, 0x01, 0x48, 0x81, 0x00, 0xFF, 0x07, 0x04, 0x05, 0xB1, 0x1A, 0xC8, 0xE4, 0x07, 0x00, 0x78,
    0x5D, 0x50, 0xDD, 0x78, 0x9C, 0x63, 0x60, 0x80, 0x82, 0x0F, 0xFF, 0x41, 0x08, 0x08, 0xFE, 0xFF,
    0xFF, 0xCF, 0x0F, 0x11, 0xF8, 0xCF, 0x80, 0x05, 0xFC, 0x07, 0xA9, 0xE3, 0x47, 0xD0, 0x1F, 0x40,
    0x6C, 0xAC, 0xCA, 0x40, 0x46, 0xF0, 0xD3, 0x8E, 0xE6, 0x47, 0xA1, 0xA1, 0x6E, 0x02, 0xD2, 0x60,
    0x00, 0xF6, 0x06, 0x98, 0x06, 0x0B, 0xF0, 0x43, 0xFC, 0x03, 0xA4, 0x00, 0xF2, 0xC8, 0x64, 0x9C,
    0x78, 0x9C, 0xA5, 0x8D, 0xC1, 0x0D, 0x00, 0x20, 0x0C, 0x02, 0xD9, 0x80, 0xFD, 0xB7, 0xEC, 0x06,
    0x08, 0xAD, 0xD1, 0x8F, 0x3F, 0x2F, 0x4D, 0xA0, 0xF0, 0x00, 0x18, 0xAA, 0x0F, 0x52, 0x89, 0xB6,
    0x92, 0xD0, 0x2F, 0x71, 0x70, 0x52, 0x44, 0x7A, 0x97, 0x5B, 0x9E, 0x24, 0x77, 0xFF, 0x2D, 0x59,
    0xB0, 0x04, 0xD6, 0x95, 0x99, 0xB6, 0xE5, 0x02, 0x08, 0x9B, 0x57, 0xB8, 0x78, 0x9C, 0x63, 0x60,
    0x80, 0x81, 0x0F, 0xFC, 0x10, 0xFA, 0x3F, 0x8C, 0xFE, 0x0F, 0x15, 0xFF, 0x8F, 0x26, 0x01, 0x97,
    0x06, 0xCB, 0xC0, 0x68, 0x90, 0xF6, 0xFF, 0x0C, 0x18, 0x00, 0x6C, 0x0A, 0x50, 0x01, 0xED, 0x68,
    0x7E, 0x14, 0x1A, 0xEA, 0x26, 0x20, 0x0D, 0x06, 0x20, 0x36, 0x84, 0x06, 0x0B, 0xF0, 0x83, 0x35,
    0x81, 0x28, 0x00, 0x86, 0x21, 0x61, 0xDB, 0x78, 0x9C, 0x63, 0x60, 0x80, 0x82, 0xFF, 0x50, 0x8A,
    0x1F, 0x4C, 0x7D, 0xE0, 0x47, 0x11, 0x85, 0xB1, 0x81, 0xC2, 0x1F, 0x80, 0x2A, 0xFE, 0xFF, 0x87,
    0x51, 0x58, 0x01, 0x48, 0x1C, 0x28, 0x4F, 0x31, 0x05, 0xB2, 0x01, 0x48, 0x81, 0x00, 0xFF, 0x07,
    0x04, 0x05, 0xB1, 0x1A, 0xC8, 0xE4, 0x07, 0x00, 0xE6, 0x4A, 0x4F, 0xED, 0x78, 0x9C, 0x7D, 0xCE,
    0xDB, 0x09, 0x00, 0x20, 0x0C, 0x43, 0xD1, 0x6E, 0xD0, 0xFD, 0xB7, 0xEC, 0x06, 0xD7, 0x07, 0x12,
    0x0D, 0x8A, 0xF9, 0x3A, 0x85, 0x04, 0x1A, 0x31, 0x42, 0x4F, 0x46, 0x7C, 0xFD, 0x4E, 0x81, 0x4A,
    0xA7, 0x79, 0xBB, 0x48, 0xD0, 0x74, 0xBB, 0xC3, 0xCD, 0x3C, 0xCB, 0x9C, 0x32, 0xE6, 0x05, 0x3D,
    0x70, 0x19, 0xF3, 0xDE, 0x1C, 0x2E, 0x73, 0xCA, 0x0D, 0xB4, 0xB1, 0x8C, 0x92, 0x78, 0x9C, 0x85,
    0x8E, 0xC1, 0x0D, 0x00, 0x20, 0x08, 0x03, 0xBB, 0x01, 0xFB, 0x6F, 0xC9, 0x06, 0x68, 0x5B, 0x22,
    0x3E, 0x4C, 0xEC, 0xEB, 0x12, 0xAE, 0x00, 0x80, 0xDA, 0x09, 0x28, 0x6F, 0xFC, 0xA5, 0x0A, 0x48,
    0xCA, 0xC9, 0x52, 0xAA, 0x28, 0x54, 0x6E, 0x44, 0xD0, 0x0E, 0xDB, 0x1C, 0xB8, 0x78, 0x8C, 0x18,
    0x97, 0x88, 0x46, 0x56, 0xE8, 0xF6, 0xAD, 0x7E, 0x6C, 0xD4, 0x41, 0x5F, 0xF3, 0x9A, 0x16, 0x45,
    0x0B, 0x34, 0xC1, 0x7A, 0xC2, 0x78, 0x9C, 0x6D, 0xCD, 0xC1, 0x0D, 0x00, 0x20, 0x08, 0x03, 0xC0,
    0x6E, 0xC0, 0xFE, 0x5B, 0xB2, 0x41, 0xA5, 0x82, 0x60, 0x8C, 0x3C, 0xBC, 0x18, 0x5B, 0x04, 0xCE,
    0xB8, 0xC1, 0x29, 0x09, 0xCA, 0x38, 0x69, 0x25, 0x7E, 0xC3, 0x8E, 0x29, 0xE8, 0xE5, 0x86, 0xBA,
    0xC6, 0x9B, 0x95, 0x4A, 0xD9, 0x23, 0xAA, 0xF2, 0x3A, 0xAB, 0x94, 0xF2, 0x96, 0xD9, 0xE2, 0x7C,
    0x90, 0xAD, 0x2B, 0x1C, 0x2C, 0x83, 0xEE, 0x65, 0x8C, 0x78, 0x9C, 0x7D, 0x8C, 0xC1, 0x0D, 0xC0,
    0x30, 0x08, 0x03, 0x6F, 0x03, 0xF6, 0xDF, 0xD2, 0x1B, 0xB8, 0x10, 0x02, 0xAA, 0xFA, 0x28, 0x42,
    0x18, 0x6C, 0x74, 0x08, 0x08, 0x70, 0x60, 0x83, 0xAC, 0xDC, 0x52, 0xEA, 0x48, 0xB7, 0xE5, 0xA7,
    0xEA, 0xD3, 0xEE, 0x39, 0xB2, 0x55, 0x80, 0xEC, 0x83, 0xD6, 0x3A, 0x65, 0xD0, 0x53, 0xBE, 0x90,
    0x65, 0xC5, 0x20, 0x83, 0x0F, 0xF3, 0x06, 0x93, 0xD7, 0x8B, 0x5E, 0x01, 0x3C, 0x09, 0xAA, 0x73,
    0x15, 0x78, 0x9C, 0x75, 0x8F, 0xD9, 0x0D, 0x00, 0x20, 0x08, 0x43, 0xBB, 0x01, 0xFB, 0x6F, 0xC9,
    0x06, 0x55, 0xCA, 0xA1, 0x31, 0x91, 0x1F, 0x1E, 0xE5, 0x06, 0x40, 0x12, 0x61, 0x64, 0x92, 0x0B,
    0xAC, 0x84, 0x2D, 0x79, 0xC8, 0x2E, 0x30, 0xD5, 0x99, 0xD2, 0x11, 0x5E, 0x80, 0x3F, 0xBC, 0xC5,
    0x33, 0x47, 0x93, 0x0B, 0x2C, 0xF7, 0xB0, 0xB7, 0xCF, 0x19, 0x68, 0x8F, 0x3A, 0x40, 0x90, 0x1E,
    0x2D, 0x5C, 0x50, 0xEF, 0x1C, 0xC8, 0xAE, 0x05, 0xE1, 0x6A, 0x67, 0xF3, 0x78, 0x9C, 0x55, 0xCC,
    0xD1, 0x0D, 0x00, 0x20, 0x08, 0x43, 0xC1, 0xB7, 0x01, 0xFB, 0x6F, 0xC9, 0x06, 0x15, 0x4B, 0x63,
    0xE2, 0xD7, 0x59, 0x0B, 0x80, 0x24, 0xA0, 0x87, 0xE2, 0x86, 0x89, 0x6D, 0xEA, 0xFE, 0xF8, 0x19,
    0xD8, 0xFE, 0xC7, 0x5D, 0x9B, 0xCA, 0x5E, 0xAE, 0x90, 0xD3, 0xD3, 0x60, 0xCA, 0x28, 0xAC, 0x6F,
    0x64, 0xD2, 0x01, 0x43, 0xAA, 0x49, 0xC6, 0x78, 0x9C, 0x5D, 0x8D, 0xDB, 0x11, 0x00, 0x40, 0x04,
    0x03, 0x75, 0xA0, 0xFF, 0x2E, 0x75, 0x90, 0x3B, 0xE2, 0x35, 0xF2, 0xB3, 0x83, 0x24, 0x44, 0x96,
    0xA0, 0x01, 0x03, 0x38, 0x92, 0x35, 0xD6, 0xB9, 0xDD, 0xDC, 0xC3, 0xA5, 0xEE, 0x0A, 0x06, 0x90,
    0x21, 0x5D, 0x5D, 0x7A, 0x28, 0x19, 0xB9, 0x9C, 0x2A, 0x77, 0x59, 0x13, 0x4C, 0x61, 0x1E, 0x30,
    0xB5, 0xCC, 0x1F, 0x0F, 0xEB, 0x6A, 0x63, 0x9D, 0x78, 0x9C, 0x65, 0x8C, 0xDB, 0x0D, 0x00, 0x30,
    0x08, 0x02, 0xD9, 0xC0, 0xFD, 0xB7, 0x64, 0x03, 0xEB, 0x03, 0x4D, 0xD3, 0xF2, 0x01, 0x41, 0xCC,
    0x01, 0x2B, 0x57, 0x58, 0x3A, 0xBD, 0xAA, 0x57, 0x53, 0xD1, 0x04, 0xE2, 0x53, 0x7C, 0x84, 0xDA,
    0x27, 0x56, 0x89, 0x29, 0x52, 0x04, 0xF7, 0x52, 0xE8, 0x76, 0xBA, 0x20, 0xCB, 0xB2, 0x41, 0x1A,
    0x1E, 0xA6, 0x86, 0xD9, 0xF3, 0x85, 0xD7, 0x00, 0x1C, 0xAD, 0x6A, 0x70, 0x27, 0x78, 0x9C, 0x5D,
    0xCA, 0xD1, 0x11, 0x00, 0x20, 0x08, 0x02, 0x50, 0x36, 0x70, 0xFF, 0x2D, 0xD9, 0x80, 0xBA, 0x34,
    0x2D, 0xFC, 0x79, 0x07, 0x08, 0xDC, 0x63, 0xA9, 0xC8, 0x28, 0x55, 0xEE, 0x22, 0xFE, 0xC7, 0x59,
    0xF7, 0x34, 0xCA, 0x0D, 0x53, 0x29, 0xDB, 0x38, 0xA2, 0x55, 0xCA, 0x56, 0x47, 0xB8, 0x34, 0xF1,
    0xB8, 0x00, 0x56, 0x22, 0x6A, 0xF0, 0x78, 0x9C, 0x63, 0x60, 0x80, 0x02, 0x7E, 0x30, 0xF9, 0xE1,
    0x3F, 0x98, 0xFA, 0xFF, 0x9F, 0x1F, 0xC2, 0x43, 0xE3, 0x22, 0x2B, 0x45, 0x06, 0x40, 0x75, 0x20,
    0x35, 0xFF, 0xFF, 0x03, 0x75, 0x80, 0x98, 0xFF, 0x11, 0x14, 0x3F, 0x44, 0x82, 0x1F, 0x64, 0xD4,
    0x07, 0x8A, 0x29, 0x00, 0xDB, 0x56, 0x4C, 0xF0, 0x78, 0x9C, 0x6D, 0xCE, 0xD1, 0x0D, 0x00, 0x30,
    0x04, 0x04, 0x50, 0x1B, 0xD8, 0x7F, 0x4B, 0x1B, 0x5C, 0x45, 0x9A, 0xE3, 0x5A, 0xBE, 0x1E, 0x39,
    0xC2, 0x6C, 0x29, 0x34, 0x03, 0xDE, 0xE3, 0x76, 0x00, 0x6B, 0xC4, 0x06, 0x47, 0xA0, 0xCA, 0x5F,
    0x63, 0x77, 0xDE, 0xE3, 0xF5, 0xE9, 0x84, 0x1A, 0xD5, 0x86, 0xD8, 0x69, 0x88, 0x2F, 0xF8, 0xC0,
    0x67, 0x88, 0x7B, 0x67, 0x38, 0xC4, 0x4E, 0x1F, 0xCA, 0x58, 0x8A, 0x76, 0x78, 0x9C, 0x6D, 0x8E,
    0xC1, 0x0D, 0x00, 0x30, 0x08, 0x02, 0xDD, 0xC0, 0xFD, 0xB7, 0x74, 0x03, 0x5A, 0xD4, 0x28, 0x69,
    0xEA, 0xA3, 0x25, 0xE4, 0x10, 0xCD, 0x9E, 0x89, 0x95, 0xF0, 0x31, 0x81, 0x31, 0xC7, 0x15, 0x53,
    0x50, 0x5D, 0xF0, 0x19, 0xC6, 0x83, 0xF4, 0x4D, 0x03, 0x7C, 0xBC, 0x64, 0x8E, 0x4A, 0x73, 0xA1,
    0xAB, 0x2C, 0x14, 0xF6, 0x65, 0x29, 0xAD, 0x25, 0x23, 0x7D, 0x18, 0xBF, 0x3E, 0x77, 0xD1, 0x95,
    0xD5, 0x56, 0x6B, 0x1A, 0xCC, 0x96, 0x03, 0x82, 0x9F, 0x7A, 0x86, 0x78, 0x9C, 0x5D, 0x8E, 0xD1,
    0x11, 0x00, 0x20, 0x08, 0x42, 0xD9, 0xA0, 0xFD, 0xB7, 0x74, 0x03, 0x52, 0xC1, 0xEE, 0xCC, 0x9F,
    0x27, 0x0A, 0x19, 0x10, 0xE4, 0x01, 0x0A, 0xDD, 0xB0, 0x4B, 0x32, 0x75, 0x32, 0x77, 0xB5, 0x2E,
    0x13, 0xA4, 0x6D, 0xEF, 0x89, 0x63, 0x2F, 0xAF, 0x66, 0x2C, 0x2B, 0x83, 0x22, 0xC5, 0xF8, 0xEE,
    0xE8, 0xAE, 0x1F, 0xC4, 0xAA, 0x91, 0x33, 0x8F, 0x4D, 0xFF, 0x03, 0xC2, 0x05, 0x1F, 0xC3, 0x59,
    0x4D, 0x78, 0x9C, 0x45, 0x8C, 0xD9, 0x01, 0x00, 0x20, 0x08, 0x42, 0xD9, 0xC0, 0xFD, 0xB7, 0x64,
    0x03, 0xC2, 0xD0, 0xF2, 0xE3, 0x81, 0x17, 0x80, 0x54, 0x30, 0x2C, 0x6C, 0x8A, 0xE3, 0x3D, 0x85,
    0xBD, 0xD9, 0xDB, 0x34, 0x23, 0xBB, 0xBA, 0x8F, 0xF9, 0xD2, 0x4F, 0xA8, 0x3D, 0x49, 0xB1, 0x12,
    0x11, 0x79, 0xE4, 0x84, 0x19, 0x07, 0x74, 0x0C, 0x41, 0xBF, 0x78, 0x9C, 0xFB, 0xFF, 0x1F, 0x0C,
    0xF8, 0xFF, 0xE3, 0xA0, 0x19, 0x18, 0x3E, 0x80, 0x08, 0x06, 0xFA, 0xD3, 0xE8, 0x00, 0x2E, 0xFE,
    0xE1, 0x3F, 0x0A, 0xFD, 0x1F, 0x2A, 0xFE, 0x1F, 0xCC, 0x05, 0x00, 0xBB, 0x5B, 0x43, 0xEA, 0x78,
    0x9C, 0x63, 0xF8, 0xF0, 0x9F, 0x01, 0x08, 0x20, 0xE4, 0x7F, 0x04, 0xF9, 0x1F, 0x04, 0xB0, 0x90,
    0xC8, 0x6A, 0xF0, 0x90, 0xFC, 0x50, 0x23, 0x40, 0x26, 0x23, 0x48, 0x10, 0xC5, 0x00, 0x03, 0x1F,
    0xF8, 0x11, 0x4A, 0x19, 0x10, 0xE4, 0x07, 0xA8, 0x42, 0x20, 0x01, 0x00, 0x8A, 0xB0, 0x42, 0x91,
    0x78, 0x9C, 0x63, 0x60, 0xF8, 0xFF, 0x9F, 0x81, 0x81, 0x8A, 0xC4, 0x7F, 0x20, 0xF1, 0x01, 0x4A,
    0xF0, 0x83, 0x08, 0x06, 0x06, 0x00, 0x0A, 0x70, 0x2C, 0xB6, 0x78, 0x9C, 0x5D, 0x8E, 0xC1, 0x0D,
    0x00, 0x30, 0x08, 0x02, 0x6F, 0x03, 0xF7, 0xDF, 0xD2, 0x0D, 0xAC, 0xC6, 0xD2, 0x1A, 0xFD, 0x78,
    0x21, 0x20, 0x12, 0x35, 0x06, 0x84, 0x68, 0x41, 0x14, 0x80, 0x0B, 0xF8, 0xCA, 0xF3, 0x28, 0xBE,
    0xEE, 0x74, 0xAA, 0x1D, 0x29, 0x35, 0xB8, 0xA0, 0x4C, 0x37, 0x6A, 0xEA, 0xB2, 0x59, 0x3A, 0xDF,
    0xC8, 0x7D, 0x00, 0xED, 0x31, 0x6D, 0x1B, 0x78, 0x9C, 0x55, 0x8B, 0xC1, 0x0D, 0x00, 0x30, 0x08,
    0x02, 0xD9, 0xC0, 0xFD, 0xB7, 0x64, 0x83, 0x6B, 0xA9, 0xFA, 0x68, 0xA2, 0x1E, 0xC9, 0x21, 0x08,
    0xEA, 0xAE, 0x21, 0x91, 0x0F, 0x11, 0x99, 0x81, 0xD7, 0x95, 0xFA, 0xBE, 0x8A, 0x06, 0x15, 0x9F,
    0xE4, 0x7E, 0xDF, 0x4E, 0xDB, 0x03, 0xC5, 0x68, 0x41, 0x1A, 0x78, 0x9C, 0x63, 0x60, 0xF8, 0xFF,
    0x1F, 0x84, 0x80, 0x18, 0x04, 0xE0, 0xF4, 0x07, 0x38, 0xCD, 0xCF, 0x00, 0x51, 0x02, 0xA3, 0x19,
    0x70, 0xD0, 0x08, 0x75, 0x1F, 0x10, 0xFA, 0xF9, 0x61, 0x34, 0xD8, 0x5C, 0x98, 0x61, 0x0C, 0xFF,
    0xF9, 0x01, 0xB7, 0x73, 0x4A, 0xD4, 0x78, 0x9C, 0xFB, 0xF0, 0x9F, 0x81, 0xE1, 0xFF, 0x7F, 0x7E,
    0x86, 0x0F, 0xFF, 0xF9, 0xFF, 0x03, 0x01, 0x90, 0x06, 0x03, 0x7E, 0x18, 0x0D, 0x95, 0xFC, 0x0F,
    0xA4, 0x19, 0xE0, 0x34, 0x03, 0x0E, 0x1A, 0xA1, 0x0E, 0xA4, 0x0F, 0xA6, 0x1F, 0x6C, 0x2E, 0x03,
    0x94, 0x0B, 0x53, 0x0A, 0x00, 0x6F, 0xD8, 0x4B, 0xB5, 0x78, 0x9C, 0x63, 0x60, 0x80, 0x80, 0xFF,
    0xFF, 0xFF, 0x03, 0xC9, 0x0F, 0x28, 0xD4, 0xFF, 0xFF, 0xFC, 0x0C, 0xC8, 0x14, 0x54, 0x21, 0x98,
    0xF5, 0x1F, 0x04, 0xF8, 0x21, 0xD4, 0x7F, 0x28, 0xC5, 0x0F, 0x11, 0xE1, 0x07, 0xC9, 0x7F, 0x20,
    0x44, 0x41, 0x55, 0x22, 0x69, 0x47, 0x98, 0x09, 0xB6, 0x01, 0x00, 0x5A, 0xDD, 0x57, 0x13, 0x78,
    0x9C, 0x63, 0xF8, 0xF0, 0xFF, 0x3F, 0x03, 0x03, 0x03, 0x90, 0x04, 0xD1, 0x60, 0x8A, 0x9F, 0x81,
    0x01, 0x4A, 0x81, 0x05, 0x40, 0x14, 0x03, 0x61, 0x0A, 0xAC, 0x12, 0xA2, 0xEF, 0x03, 0x12, 0x05,
    0x37, 0x03, 0x00, 0x4B, 0xC8, 0x31, 0x93, 0x78, 0x9C, 0x4D, 0x8C, 0xC1, 0x11, 0x00, 0x30, 0x08,
    0xC2, 0xB2, 0x81, 0xFB, 0x6F, 0xE9, 0x06, 0x54, 0xB0, 0xD7, 0xEB, 0xC7, 0x28, 0x20, 0xD0, 0x12,
    0x78, 0x9A, 0x0A, 0x72, 0xD4, 0x75, 0xF0, 0xFA, 0x63, 0xF4, 0x1A, 0x38, 0xB4, 0x79, 0x55, 0xDB,
    0x0C, 0xF2, 0xF8, 0xC4, 0x2D, 0x4B, 0x4F, 0xE7, 0x1B, 0x16, 0x07, 0x9A, 0x27, 0x43, 0xAE, 0x78,
    0x9C, 0x63, 0x60, 0x00, 0x82, 0xFF, 0xFF, 0x19, 0x20, 0x80, 0x78, 0x06, 0x90, 0x04, 0x33, 0xFE,
    0x83, 0x01, 0x12, 0xE3, 0x03, 0x82, 0xC1, 0x0F, 0x51, 0xFC, 0x1F, 0xC1, 0x60, 0xC0, 0xCD, 0x40,
    0x52, 0xFC, 0x01, 0xCD, 0x1C, 0x74, 0x2B, 0x10, 0xB6, 0xA3, 0x39, 0xEC, 0x3F, 0x1A, 0xE3, 0x03,
    0xD8, 0x58, 0x88, 0x10, 0x3F, 0x00, 0x09, 0xB5, 0x64, 0x9C, 0x78, 0x9C, 0x63, 0x60, 0x40, 0x01,
    0xFF, 0xFF, 0xF3, 0x83, 0xE9, 0x0F, 0x30, 0xC6, 0xFF, 0xFF, 0xFF, 0x51, 0x65, 0x18, 0x60, 0x02,
    0x50, 0x06, 0x90, 0x04, 0x33, 0xFE, 0x83, 0x01, 0x12, 0xE3, 0x03, 0x82, 0xC1, 0x0F, 0x51, 0xFC,
    0x1F, 0xC1, 0x60, 0xC0, 0xCD, 0x40, 0x52, 0xFC, 0x01, 0xCD, 0x1C, 0x74, 0x2B, 0xE0, 0xB6, 0x03,
    0x00, 0xF4, 0x1F, 0x59, 0xB6, 0x78, 0x9C, 0x5D, 0x8C, 0xB1, 0x0D, 0x00, 0x30, 0x0C, 0xC2, 0xFC,
    0x41, 0xFE, 0xFF, 0x32, 0x1F, 0xD0, 0x40, 0xBA, 0xB4, 0x0B, 0x96, 0x40, 0x18, 0xA4, 0x82, 0x49,
    0x09, 0xDA, 0xA8, 0x85, 0x70, 0x73, 0xD1, 0xAA, 0x74, 0x3F, 0xE6, 0xE9, 0x8D, 0x18, 0xD6, 0xA2,
    0xC7, 0x92, 0xDD, 0x79, 0x00, 0x96, 0x5C, 0x40, 0xCF, 0x78, 0x9C, 0x63, 0xF8, 0xF0, 0xFF, 0x3F,
    0x3F, 0x03, 0x03, 0x90, 0xFC, 0xFF, 0x9F, 0x81, 0x81, 0x01, 0x44, 0xF1, 0x43, 0x28, 0x10, 0x17,
    0xC4, 0x02, 0x53, 0x1F, 0xFE, 0xF3, 0x83, 0xC5, 0x30, 0x29, 0xA8, 0x1C, 0x58, 0xE5, 0x07, 0x88,
    0xBE, 0x0F, 0x48, 0xA6, 0x40, 0xCC, 0x00, 0x72, 0x00, 0x2B, 0xE5, 0x3F, 0xEE, 0x78, 0x9C, 0x55,
    0xCC, 0xD9, 0x01, 0x00, 0x20, 0x08, 0x02, 0x50, 0x36, 0x70, 0xFF, 0x2D, 0xD9, 0x80, 0x82, 0xB2,
    0xC3, 0xAF, 0x67, 0x81, 0xA0, 0x54, 0xC8, 0x4C, 0xB5, 0x43, 0x81, 0xDE, 0x42, 0x76, 0xE8, 0x66,
    0x2E, 0x9D, 0x2E, 0x6A, 0x3D, 0xD1, 0x14, 0x52, 0x9F, 0xDF, 0x21, 0xB0, 0xFB, 0xE6, 0x53, 0xF2,
    0xFA, 0xF3, 0xBD, 0x8F, 0xA3, 0x01, 0x2F, 0x7A, 0x4C, 0xB4, 0x78, 0x9C, 0x63, 0x60, 0xF8, 0xFF,
    0x9F, 0x9F, 0x01, 0x48, 0x00, 0xA9, 0x0F, 0x08, 0x92, 0xE1, 0x03, 0x48, 0x14, 0x4A, 0x82, 0x64,
    0xF9, 0xA1, 0xE4, 0x07, 0x30, 0x09, 0xE6, 0xC3, 0x49, 0x84, 0x5E, 0x88, 0x39, 0x60, 0x45, 0x0C,
    0x00, 0x0B, 0xA0, 0x34, 0x27, 0x78, 0x9C, 0x63, 0xF8, 0xF0, 0xFF, 0x3F, 0x3F, 0x03, 0x90, 0xF8,
    0xFF, 0x1F, 0x42, 0xF2, 0x33, 0x40, 0x48, 0x06, 0x20, 0x17, 0x46, 0x82, 0x24, 0x18, 0x90, 0x48,
    0x88, 0xF8, 0x7F, 0x08, 0x09, 0xD6, 0x05, 0x21, 0xF9, 0x21, 0xE6, 0x30, 0x80, 0x95, 0x00, 0x00,
    0xEA, 0x48, 0x39, 0x7C, 0x78, 0x9C, 0x63, 0x60, 0xF8, 0xF0, 0xFF, 0x3F, 0x3F, 0x03, 0x03, 0x88,
    0xFA, 0xFF, 0x1F, 0x48, 0x83, 0x28, 0xA0, 0xC0, 0x07, 0x38, 0x0D, 0xC1, 0xFF, 0xE1, 0x34, 0x48,
    0x8A, 0x01, 0x8D, 0x86, 0xC8, 0x83, 0x38, 0x30, 0x1A, 0xA2, 0xFF, 0x3F, 0xD4, 0xBC, 0xFF, 0x50,
    0xF3, 0xA1, 0x16, 0x01, 0x29, 0x00, 0x9B, 0x72, 0x46, 0xBA, 0x78, 0x9C, 0x63, 0x60, 0xF8, 0xFF,
    0x9F, 0x81, 0x01, 0x0B, 0xF1, 0xE1, 0x3F, 0x10, 0x20, 0x08, 0x6C, 0x4A, 0xD0, 0x89, 0x0F, 0x50,
    0x6D, 0x20, 0x82, 0x1F, 0x28, 0x02, 0x26, 0xF8, 0x19, 0x18, 0x00, 0x7E, 0xEA, 0x35, 0x9E, 0x78,
    0x9C, 0x75, 0x8E, 0xD1, 0x11, 0x00, 0x30, 0x04, 0x43, 0xB3, 0x81, 0xFD, 0xB7, 0xB4, 0x41, 0xAA,
    0x54, 0x39, 0xBD, 0xFA, 0xE0, 0xE1, 0x2E, 0x09, 0xB0, 0x8B, 0x14, 0x9F, 0x9A, 0x40, 0x12, 0x0D,
    0xAC, 0xF9, 0xB4, 0x7F, 0x1E, 0x02, 0xB4, 0x40, 0xF6, 0x72, 0xA4, 0x02, 0xF0, 0x07, 0x29, 0xD0,
    0xA1, 0x33, 0x2D, 0xCA, 0x3D, 0x02, 0x3C, 0xEE, 0xD2, 0x72, 0xDD, 0xE4, 0x0B, 0x72, 0x58, 0x6F,
    0x55, 0x78, 0x9C, 0x6D, 0x8C, 0xC1, 0x0D, 0x00, 0x30, 0x08, 0x02, 0x6F, 0x03, 0xF6, 0xDF, 0x92,
    0x0D, 0x68, 0xD4, 0x98, 0xF8, 0xA8, 0x0F, 0x2E, 0x01, 0x04, 0x12, 0x25, 0x38, 0x75, 0xB4, 0xC6,
    0x0B, 0x8D, 0x2F, 0x3A, 0xE0, 0x07, 0x2D, 0x7C, 0xFE, 0xEE, 0x58, 0xE5, 0x74, 0xBD, 0x2A, 0x63,
    0xCA, 0x17, 0xB3, 0x04, 0x0F, 0xB3, 0xF9, 0x63, 0x70, 0x78, 0x9C, 0x65, 0x8C, 0xB1, 0x01, 0x00,
    0x20, 0x08, 0xC3, 0xF2, 0x41, 0xFF, 0xFF, 0xD2, 0x0F, 0x6A, 0xAD, 0x32, 0xB9, 0x10, 0x08, 0x14,
    0x58, 0x36, 0x9C, 0x7A, 0xE8, 0xA2, 0x83, 0x02, 0x65, 0x13, 0xA7, 0x08, 0x5D, 0xFF, 0xA1, 0x67,
    0x0F, 0xCD, 0xA5, 0xF5, 0xE4, 0x3D, 0xBF, 0x61, 0x03, 0xAE, 0x17, 0x42, 0xBE, 0x78, 0x9C, 0x5D,
    0xCC, 0x8B, 0x09, 0x00, 0x30, 0x08, 0x43, 0x41, 0x37, 0x70, 0xFF, 0x2D, 0xBB, 0xC1, 0x6B, 0xB4,
    0x94, 0x40, 0x40, 0x3D, 0xF0, 0x07, 0x5D, 0x75, 0x50, 0x48, 0x46, 0xD6, 0x97, 0xBF, 0xB7, 0x3B,
    0x6D, 0xCB, 0x6A, 0x61, 0xDA, 0xF6, 0x84, 0x31, 0xCF, 0x7B, 0x0B, 0xC4, 0x1F, 0xD5, 0x0B, 0x8C,
    0x57, 0x48, 0x9A, 0x78, 0x9C, 0x5D, 0x8C, 0xC1, 0x0D, 0x00, 0x30, 0x08, 0x02, 0xD9, 0xC0, 0xFD,
    0xB7, 0x64, 0x03, 0xAA, 0xA8, 0x49, 0xDB, 0x87, 0x70, 0x41, 0x91, 0x12, 0x80, 0x14, 0x2A, 0xA5,
    0xA6, 0x44, 0x17, 0x04, 0x7C, 0x60, 0xEB, 0xAB, 0x85, 0xD9, 0xD0, 0x11, 0x5D, 0x37, 0x04, 0xFE,
    0x44, 0x53, 0x7B, 0xA0, 0x3F, 0xB6, 0x1F, 0x31, 0xAB, 0x46, 0x8D, 0x78, 0x9C, 0xFB, 0xFF, 0x9F,
    0x81, 0xE1, 0xC3, 0x7F, 0xFE, 0xFF, 0x94, 0x52, 0xFC, 0x0C, 0xFF, 0x41, 0x14, 0x08, 0xF0, 0x7F,
    0x40, 0x50, 0x1F, 0x20, 0x12, 0x20, 0x8A, 0x01, 0xAC, 0x12, 0x1F, 0x05, 0x00, 0x95, 0x59, 0x4B,
    0xE2, 0x78, 0x9C, 0x63, 0x60, 0x80, 0x80, 0xFF, 0xFF, 0xFF, 0xF3, 0x33, 0x30, 0x7C, 0x00, 0x52,
    0x0C, 0x70, 0x0A, 0x2C, 0x84, 0x44, 0x41, 0x15, 0x02, 0xA5, 0xF9, 0x41, 0xEA, 0x41, 0x8A, 0x50,
    0x28, 0xFE, 0xFF, 0x60, 0x09, 0x7E, 0x90, 0xCA, 0x0F, 0x14, 0x53, 0x00, 0x4D, 0xF9, 0x52, 0xEA,
    0x78, 0x9C, 0xA5, 0xCD, 0xC1, 0x0D, 0x00, 0x20, 0x08, 0x04, 0xC1, 0xED, 0x80, 0xFE, 0xBB, 0xA4,
    0x83, 0x13, 0xD0, 0x20, 0xBE, 0xE5, 0x33, 0x09, 0x6C, 0x02, 0xEC, 0x91, 0x64, 0xE0, 0x01, 0x4D,
    0xAD, 0x06, 0x27, 0x8C, 0xB3, 0x65, 0x9F, 0xD1, 0x83, 0xA9, 0x0E, 0x96, 0xA5, 0x7F, 0x73, 0x5F,
    0xAB, 0x61, 0x02, 0x0B, 0x83, 0xCB, 0x5F, 0xFB, 0x78, 0x9C, 0x63, 0x60, 0x00, 0x81, 0x0F, 0xFF,
    0xF9, 0x31, 0x08, 0x04, 0xC0, 0x26, 0x0B, 0x27, 0xFE, 0x03, 0x01, 0x3F, 0x82, 0xC0, 0xAF, 0x18,
    0x00, 0x66, 0xF0, 0x2C, 0x02, 0x78, 0x9C, 0xFB, 0xFF, 0x9F, 0x81, 0xE1, 0x3F, 0xD1, 0x98, 0x1F,
    0x88, 0xFF, 0x33, 0x7C, 0x80, 0x0A, 0x00, 0x00, 0xBC, 0x04, 0x1F, 0xE1, 0x78, 0x9C, 0xFB, 0xFF,
    0x1F, 0x15, 0x30, 0x00, 0x11, 0x2E, 0x8C, 0xA6, 0xF4, 0x3F, 0x00, 0x76, 0x0C, 0x2D, 0xD3, 0x78,
    0x9C, 0x63, 0x60, 0xF8, 0xF0, 0x9F, 0x9F, 0x01, 0x08, 0x88, 0xA6, 0xFE, 0xFF, 0xFF, 0xCF, 0xFF,
    0x01, 0xC8, 0x06, 0x51, 0xFC, 0x20, 0x0A, 0xC4, 0x80, 0x52, 0x60, 0x06, 0x3F, 0x48, 0xE5, 0x7F,
    0xC2, 0x86, 0x41, 0x95, 0x40, 0xB8, 0xFF, 0x11, 0x92, 0x00, 0x83, 0x95, 0x3C, 0xB5, 0x78, 0x9C,
    0x63, 0x60, 0xF8, 0xF0, 0x9F, 0x9F, 0x01, 0x08, 0x08, 0x52, 0x1F, 0xFE, 0xFF, 0x07, 0x51, 0xFF,
    0xA1, 0x14, 0x3F, 0x94, 0xFA, 0x00, 0x13, 0xFC, 0xFF, 0x1F, 0xAC, 0x04, 0x48, 0x31, 0x40, 0x29,
    0xA2, 0x8D, 0x46, 0xA5, 0x00, 0x65, 0xD1, 0x3A, 0xF3, 0x78, 0x9C, 0xFB, 0xFF, 0x9F, 0x81, 0xE1,
    0x3F, 0x4D, 0xF0, 0x7F, 0x86, 0x0F, 0xFF, 0xFF, 0xF3, 0x83, 0x30, 0x90, 0xC1, 0x0F, 0x00, 0xEF,
    0x8C, 0x36, 0xCA, 0x78, 0x9C, 0x8D, 0x8D, 0xC1, 0x0D, 0x00, 0x30, 0x08, 0x02, 0xD9, 0xC0, 0xFD,
    0xB7, 0x74, 0x03, 0x5A, 0xC0, 0xA4, 0xFD, 0x34, 0xA9, 0x0F, 0x4F, 0x22, 0x22, 0x09, 0x17, 0xBF,
    0xE9, 0xAA, 0x37, 0x81, 0xDE, 0x2D, 0x2C, 0x93, 0x61, 0x67, 0x16, 0xAD, 0xE5, 0x1F, 0x9D, 0xBB,
    0x84, 0xC3, 0x01, 0xF9, 0x77, 0xB4, 0x9F, 0xF7, 0xA4, 0x2B, 0x20, 0xE6, 0xBA, 0xCC, 0xDE, 0x2E,
    0xF1, 0x68, 0x72, 0x7F, 0x78, 0x9C, 0xFB, 0xFF, 0x9F, 0x81, 0xE1, 0xC3, 0x7F, 0x7E, 0x20, 0x06,
    0x02, 0x3A, 0x30, 0xF9, 0x19, 0xFE, 0xC3, 0x98, 0x70, 0xF0, 0x01, 0x95, 0xC9, 0x00, 0x52, 0x06,
    0xA6, 0xF8, 0xC1, 0xFA, 0xFE, 0xFF, 0x07, 0x00, 0xBC, 0x8A, 0x71, 0x08, 0x78, 0x9C, 0xFB, 0xFF,
    0x9F, 0x81, 0xE1, 0xC3, 0x7F, 0x7E, 0x20, 0x06, 0x02, 0x3A, 0x30, 0xF9, 0x19, 0xFE, 0xC3, 0x98,
    0x70, 0xF0, 0x01, 0x95, 0xC9, 0x00, 0x61, 0x42, 0x15, 0xF2, 0x7F, 0x00, 0xE9, 0x87, 0x00, 0x12,
    0x99, 0x00, 0xDD, 0x1D, 0x81, 0x8E, 0x78, 0x9C, 0xFB, 0xFF, 0x9F, 0xE1, 0xFF, 0x7F, 0x7E, 0x86,
    0x0F, 0x40, 0xFC, 0xFF, 0xFF, 0x87, 0xFF, 0x10, 0x0C, 0x64, 0xC2, 0x00, 0x3F, 0x0A, 0x93, 0x1F,
    0xAA, 0x18, 0xA4, 0x06, 0xAC, 0x87, 0x3E, 0x4C, 0x06, 0x28, 0x40, 0x30, 0x3F, 0x80, 0xDC, 0x81,
    0x8D, 0x89, 0x50, 0xCA, 0xCF, 0x00, 0x00, 0x92, 0x74, 0x7D, 0xEC, 0x78, 0x9C, 0x63, 0xF8, 0xF0,
    0x9F, 0xFF, 0xC3, 0xFF, 0xFF, 0x0C, 0x0C, 0x40, 0xFA, 0xFF, 0xFF, 0xFF, 0xFC, 0x40, 0xFA, 0x3F,
    0x12, 0xFD, 0x1F, 0x44, 0x43, 0x31, 0x3F, 0x03, 0x03, 0xB5, 0x69, 0x90, 0xB5, 0xA8, 0x34, 0xC8,
    0x4A, 0x08, 0x0D, 0xE6, 0x32, 0x00, 0x00, 0x39, 0xD1, 0x51, 0x91, 0x78, 0x9C, 0xFB, 0xFF, 0x9F,
    0xE1, 0xFF, 0x7F, 0x7E, 0x06, 0x20, 0xF1, 0xE1, 0xFF, 0xFF, 0xFF, 0x20, 0xFA, 0x3F, 0x12, 0xCD,
    0xCF, 0x80, 0xC0, 0x0C, 0x0C, 0x1F, 0xA8, 0x48, 0x83, 0x00, 0x82, 0x86, 0x30, 0x60, 0x34, 0x03,
    0xD8, 0x05, 0x10, 0x01, 0x00, 0x0C, 0xD2, 0x4F, 0xCF, 0x78, 0x9C, 0xFB, 0xFF, 0x9F, 0x9F, 0xE1,
    0xC3, 0x7F, 0xFE, 0xFF, 0x30, 0xEA, 0x3F, 0x2A, 0xC5, 0x8F, 0x42, 0xFD, 0x07, 0x53, 0x1F, 0x60,
    0xD4, 0x7F, 0x10, 0xC5, 0x80, 0x4A, 0x7D, 0x40, 0xA1, 0x18, 0x10, 0x14, 0x00, 0x7C, 0x65, 0x4A,
    0x20, 0x78, 0x9C, 0x63, 0x60, 0xF8, 0xFF, 0xFF, 0x3F, 0x03, 0x03, 0xC3, 0x07, 0x20, 0xC5, 0xCF,
    0x00, 0xE2, 0x00, 0xB9, 0x1F, 0xC0, 0x14, 0xFF, 0x07, 0xA0, 0x08, 0x10, 0x83, 0xE5, 0xFF, 0xE3,
    0x02, 0x60, 0x39, 0xA8, 0x4A, 0xA8, 0x3E, 0xA8, 0x29, 0x30, 0x33, 0x21, 0x36, 0x00, 0x00, 0x1B,
    0x7B, 0x48, 0xB8, 0x78, 0x9C, 0x63, 0x60, 0xF8, 0xF0, 0x1F, 0x0C, 0xF8, 0x61, 0x0C, 0x20, 0xEB,
    0x3F, 0x8C, 0xF5, 0x01, 0x89, 0x05, 0x52, 0xC0, 0xCF, 0xC0, 0xC0, 0xF0, 0x1F, 0x89, 0xC5, 0x00,
    0xD1, 0x84, 0x83, 0x85, 0xA9, 0x03, 0x61, 0x1E, 0xC2, 0x0E, 0x24, 0x7B, 0xE1, 0x6E, 0x01, 0x00,
    0xD4, 0xE0, 0x64, 0xBA, 0x78, 0x9C, 0x6D, 0x8D, 0xC1, 0x0D, 0x00, 0x30, 0x08, 0x02, 0x6F, 0x03,
    0xF7, 0xDF, 0xD2, 0x0D, 0xA8, 0x4A, 0xED, 0xAB, 0x24, 0x26, 0x27, 0x10, 0x05, 0x54, 0xA2, 0x25,
    0x5D, 0x34, 0x28, 0x1E, 0x89, 0x74, 0xA7, 0xCC, 0xF1, 0x29, 0x63, 0x68, 0xA2, 0xE8, 0xD0, 0xA5,
    0x3F, 0x45, 0x6E, 0x6F, 0x4F, 0xE7, 0x23, 0x76, 0xC5, 0x4F, 0x7A, 0x0E, 0x58, 0xB9, 0x61, 0x9F,
    0x78, 0x9C, 0x63, 0x60, 0x60, 0x60, 0xF8, 0xFF, 0x9F, 0x01, 0x0A, 0x48, 0x65, 0x7D, 0xF8, 0x0F,
    0x04, 0xFC, 0x30, 0x06, 0x58, 0xF4, 0x3F, 0x14, 0xC0, 0x84, 0xC0, 0x2C, 0x7E, 0x90, 0x0E, 0xA0,
    0xCA, 0xFF, 0x10, 0xD6, 0x07, 0x54, 0x16, 0x03, 0x16, 0x16, 0x4C, 0x16, 0xA1, 0x17, 0x61, 0x1E,
    0xC2, 0x0E, 0x24, 0x7B, 0x11, 0x6E, 0x21, 0xD9, 0x1F, 0x00, 0xC3, 0x14, 0x79, 0x96, 0x78, 0x9C,
    0x63, 0x60, 0x60, 0xF8, 0xFF, 0x9F, 0x81, 0x81, 0x4C, 0xF2, 0x03, 0x90, 0x04, 0x62, 0x24, 0x92,
    0xFF, 0x03, 0x88, 0x04, 0x21, 0x00, 0xE2, 0x72, 0x28, 0x7E, 0x78, 0x9C, 0x63, 0x60, 0x60, 0xF8,
    0xFF, 0x9F, 0x81, 0x81, 0x86, 0xE4, 0x07, 0x20, 0x09, 0xC4, 0x48, 0x24, 0xFF, 0x07, 0x10, 0x09,
    0x42, 0x00, 0xE7, 0xD7, 0x34, 0x72, 0x78, 0x9C, 0x63, 0x60, 0x60, 0xF8, 0xFF, 0x9F, 0x01, 0x04,
    0x28, 0xA3, 0x3E, 0x80, 0x28, 0x20, 0x81, 0x42, 0xF1, 0x43, 0x28, 0x34, 0x0D, 0x1F, 0xE0, 0x3A,
    0xF8, 0x11, 0x14, 0x48, 0x35, 0x00, 0x59, 0x62, 0x35, 0x80, 0x78, 0x9C, 0xFB, 0xFF, 0x9F, 0xE1,
    0x3F, 0x10, 0x7C, 0xF8, 0x0F, 0x06, 0xFC, 0x50, 0x82, 0x9F, 0x81, 0x01, 0x4A, 0x30, 0x90, 0x4C,
    0x00, 0xC9, 0x0F, 0x20, 0xCD, 0x60, 0x02, 0x48, 0xF2, 0x33, 0x00, 0x00, 0x70, 0x52, 0x33, 0xFA,
    0x78, 0x9C, 0x63, 0xF8, 0xF0, 0xFF, 0x3F, 0x3F, 0xC3, 0x7F, 0x20, 0xF1, 0x01, 0x44, 0xFC, 0x87,
    0x10, 0xFC, 0x0C, 0x0C, 0x50, 0x82, 0x81, 0x78, 0x02, 0x00, 0x1F, 0x35, 0x24, 0x19, 0x78, 0x9C,
    0xFB, 0xFF, 0xFF, 0xFF, 0x7F, 0x7E, 0x06, 0x86, 0xFF, 0xFF, 0xC1, 0x34, 0x32, 0xF5, 0x1F, 0x48,
    0x31, 0x7C, 0x80, 0x50, 0x0C, 0xC8, 0x3C, 0x84, 0x12, 0x06, 0x04, 0x05, 0x53, 0xF5, 0x01, 0x2C,
    0x87, 0xA6, 0x0F, 0x88, 0xF9, 0x01, 0x19, 0x9B, 0x45, 0xD9, 0x78, 0x9C, 0xFB, 0xFF, 0x9F, 0x81,
    0xE1, 0xFF, 0x7F, 0xFE, 0xFF, 0x60, 0x0A, 0x84, 0x3E, 0xC0, 0x28, 0x7E, 0x88, 0x00, 0x88, 0xFA,
    0x0F, 0x91, 0x46, 0x50, 0xFC, 0x48, 0x2A, 0x51, 0xF4, 0x81, 0xD5, 0xC0, 0x95, 0xC0, 0x29, 0x7E,
    0x06, 0x06, 0x00, 0x42, 0xBE, 0x45, 0xE8, 0x78, 0x9C, 0x63, 0x60, 0xF8, 0xFF, 0x9F, 0x9F, 0x01,
    0x48, 0x00, 0xA9, 0x0F, 0x20, 0xF2, 0xFF, 0x07, 0x28, 0x1B, 0x28, 0xCA, 0x00, 0x64, 0x43, 0x48,
    0x54, 0x8A, 0x1F, 0x41, 0xFD, 0x47, 0x06, 0xFC, 0x08, 0x92, 0x9F, 0x01, 0xAC, 0x98, 0x01, 0x59,
    0x0F, 0x5C, 0x27, 0x90, 0x04, 0x00, 0x87, 0x58, 0x46, 0xC9, 0x78, 0x9C, 0x63, 0x60, 0x80, 0x82,
    0xFF, 0xFF, 0xFF, 0x33, 0x30, 0x7C, 0xF8, 0xFF, 0x9F, 0x1F, 0x46, 0x82, 0x09, 0x06, 0x90, 0x28,
    0x9D, 0x48, 0x98, 0x0B, 0x90, 0xDD, 0x01, 0x14, 0x06, 0x00, 0xEA, 0x97, 0x3B, 0xB6, 0x78, 0x9C,
    0x63, 0x60, 0x80, 0x80, 0x0F, 0xFF, 0xFF, 0xF3, 0xC3, 0xC8, 0xFF, 0xFF, 0xFF, 0x33, 0x80, 0x48,
    0x06, 0x12, 0x48, 0xA0, 0x4E, 0x20, 0x85, 0x4C, 0x92, 0x60, 0xC2, 0x07, 0x98, 0x09, 0x48, 0x2E,
    0x00, 0x93, 0x40, 0x82, 0x01, 0x00, 0xDA, 0x2C, 0x44, 0x8F, 0x78, 0x9C, 0x63, 0x60, 0x00, 0x83,
    0x0F, 0xFF, 0x11, 0xE4, 0x7F, 0x04, 0xF9, 0x1F, 0x04, 0xB0, 0x90, 0xC8, 0x6A, 0xC8, 0x26, 0xF9,
    0xA1, 0x16, 0x80, 0xEC, 0x45, 0x90, 0x20, 0x8A, 0x01, 0x00, 0x14, 0xC9, 0x42, 0x82, 0x78, 0x9C,
    0x63, 0xF8, 0xF0, 0x9F, 0x9F, 0x01, 0x84, 0x19, 0x70, 0x33, 0xFE, 0xE3, 0x06, 0x78, 0x74, 0x41,
    0xB5, 0x82, 0x19, 0x20, 0x80, 0xCC, 0x00, 0x19, 0xC9, 0x0F, 0x66, 0x80, 0x15, 0xF1, 0x33, 0x00,
    0x00, 0x68, 0x73, 0x4D, 0xEF, 0x78, 0x9C, 0xFB, 0xFF, 0xFF, 0x3F, 0xC3, 0x7F, 0x1C, 0xF8, 0x03,
    0x18, 0xF3, 0xC3, 0x31, 0x03, 0x58, 0x9C, 0x01, 0x07, 0xCD, 0x0F, 0xA7, 0x21, 0xFA, 0xC0, 0x00,
    0x4A, 0x03, 0xE5, 0xC0, 0x0C, 0x06, 0xB0, 0x62, 0x10, 0x05, 0x00, 0x2F, 0x37, 0x49, 0x99, 0x78,
    0x9C, 0xFB, 0xFF, 0x9F, 0xE1, 0xFF, 0x7F, 0x7E, 0x20, 0x66, 0xF8, 0xF0, 0xFF, 0x3F, 0x94, 0xE2,
    0x47, 0x50, 0x40, 0x9A, 0x00, 0xC5, 0x0F, 0xA3, 0x80, 0x18, 0xA8, 0xE9, 0x3F, 0x44, 0x2F, 0x88,
    0x62, 0x00, 0x91, 0xFC, 0x0C, 0x0C, 0x60, 0x0B, 0x18, 0x00, 0xD9, 0x55, 0x40, 0xED, 0x78, 0x9C,
    0x63, 0x60, 0xF8, 0xF0, 0xFF, 0x3F, 0x03, 0x08, 0xC0, 0xE8, 0xFF, 0xFF, 0xFF, 0xF3, 0xA3, 0xD0,
    0xFC, 0x60, 0xFA, 0x03, 0x90, 0xFE, 0x8F, 0x42, 0x83, 0x10, 0x48, 0x19, 0x48, 0x08, 0x83, 0xC6,
    0x26, 0x86, 0x44, 0xF3, 0x03, 0x00, 0xF2, 0x89, 0x35, 0xDA, 0x78, 0x9C, 0x6D, 0xCD, 0xC1, 0x0D,
    0x00, 0x20, 0x08, 0x03, 0xC0, 0x6E, 0xC0, 0xFE, 0x5B, 0x76, 0x83, 0x5A, 0x40, 0x13, 0x25, 0xF2,
    0xE1, 0x4A, 0x02, 0x00, 0x52, 0x80, 0x12, 0x5C, 0x72, 0x63, 0xE6, 0x9B, 0x1C, 0xD4, 0x26, 0xCD,
    0xC8, 0xBD, 0x64, 0x34, 0x55, 0xB3, 0x1F, 0xEB, 0x46, 0x3C, 0xEC, 0xB7, 0x26, 0x27, 0x2B, 0x1E,
    0x7A, 0x61, 0x01, 0xCF, 0x4E, 0x60, 0xA0, 0x78, 0x9C, 0x55, 0x8C, 0xC1, 0x0D, 0x00, 0x30, 0x08,
    0x02, 0xDD, 0x80, 0xFD, 0xB7, 0x64, 0x03, 0x6A, 0xD1, 0xD8, 0xEA, 0xC3, 0x0B, 0x28, 0x44, 0xBC,
    0xA1, 0x64, 0xAA, 0x98, 0x12, 0x25, 0xD1, 0x76, 0xFC, 0x64, 0xDB, 0x1C, 0xBD, 0xD2, 0x97, 0x15,
    0x87, 0x99, 0xEF, 0x3E, 0x50, 0xB1, 0x98, 0xCB, 0x4D, 0x43, 0xB8, 0x69, 0x7B, 0x43, 0x1C, 0xB8,
    0x21, 0x42, 0xBE, 0x78, 0x9C, 0xFB, 0xFF, 0x9F, 0x9F, 0x81, 0xE1, 0xFF, 0x7F, 0x86, 0x0F, 0x40,
    0xFA, 0x03, 0x98, 0x86, 0xB0, 0x41, 0x62, 0xFF, 0xE1, 0x34, 0x03, 0x03, 0x48, 0x10, 0x4A, 0x83,
    0x85, 0x41, 0x12, 0x70, 0x1A, 0x44, 0x81, 0x75, 0x42, 0x68, 0x7E, 0x22, 0x68, 0x00, 0xA8, 0xE0,
    0x30, 0xD0, 0x78, 0x9C, 0xFB, 0xF0, 0x1F, 0x04, 0x18, 0x18, 0x3E, 0x60, 0xA3, 0xF9, 0x19, 0x40,
    0x00, 0xC4, 0x65, 0x00, 0x8B, 0x40, 0xB9, 0x44, 0x0A, 0xE3, 0x36, 0x17, 0xA2, 0x84, 0x01, 0x41,
    0xFF, 0x47, 0xA1, 0x3F, 0x20, 0x99, 0x05, 0x00, 0x9B, 0xCD, 0x4B, 0x4C, 0x78, 0x9C, 0x6D, 0x8C,
    0xC1, 0x0D, 0x00, 0x20, 0x0C, 0x02, 0xD9, 0xA0, 0xFB, 0x6F, 0xC9, 0x06, 0x58, 0x8A, 0xD1, 0x98,
    0xC8, 0xE7, 0x02, 0xB4, 0x50, 0xAD, 0x02, 0xF8, 0x23, 0x46, 0x9B, 0x74, 0x7C, 0xAD, 0x99, 0xC3,
    0xA2, 0x23, 0x5B, 0x07, 0x12, 0xCD, 0xF9, 0xD7, 0x61, 0xF6, 0xBA, 0x0E, 0x33, 0x00, 0x3C, 0x1C,
    0x2D, 0x8A, 0x78, 0x46, 0x9C, 0x78, 0x9C, 0xFB, 0xF0, 0x1F, 0x04, 0x18, 0x3E, 0x60, 0x52, 0xFC,
    0x0C, 0x40, 0x00, 0xE4, 0x00, 0xC1, 0x07, 0x18, 0x85, 0x2A, 0xF6, 0x1F, 0x4A, 0xF1, 0x43, 0x28,
    0xB0, 0x30, 0x03, 0x5C, 0x23, 0x3F, 0x8A, 0x16, 0x7E, 0x06, 0x7E, 0x30, 0x05, 0xB5, 0xE1, 0x3F,
    0xAA, 0x45, 0x1F, 0xC0, 0x24, 0x00, 0x8E, 0xE8, 0x4A, 0x98, 0x78, 0x9C, 0x63, 0x60, 0x80, 0x80,
    0xFF, 0x40, 0xC0, 0xC0, 0xF0, 0x01, 0x44, 0xF1, 0x83, 0x39, 0x40, 0xEE, 0x07, 0x10, 0x02, 0x72,
    0xF9, 0x41, 0xD2, 0xFC, 0x20, 0x55, 0x1F, 0x50, 0x28, 0x88, 0xE0, 0x07, 0x90, 0x46, 0xB0, 0x01,
    0x10, 0x0E, 0x3F, 0x9C, 0x03, 0xD3, 0x05, 0xE1, 0x90, 0x4A, 0x01, 0x00, 0x88, 0x1D, 0x39, 0xE5,
    0x78, 0x9C, 0x63, 0x60, 0x80, 0x80, 0x0F, 0xFF, 0xFF, 0xFF, 0xE7, 0x67, 0x60, 0xF8, 0x0F, 0x02,
    0x60, 0x0E, 0x90, 0x0B, 0x61, 0x32, 0x80, 0x25, 0xF8, 0x81, 0x14, 0x58, 0x21, 0x9C, 0xE2, 0x87,
    0x6A, 0x83, 0x52, 0xFC, 0x10, 0x51, 0x34, 0x2E, 0x54, 0x11, 0x39, 0x14, 0x00, 0xBB, 0x35, 0x39,
    0xE5, 0x78, 0x9C, 0x55, 0x8E, 0xD1, 0x11, 0x00, 0x20, 0x08, 0x42, 0xD9, 0xC0, 0xFD, 0xB7, 0x6C,
    0x03, 0x42, 0x32, 0x33, 0x3F, 0x7C, 0x9C, 0x1E, 0x22, 0x70, 0x6A, 0x91, 0x14, 0xD4, 0x19, 0x17,
    0x9A, 0x49, 0x09, 0x01, 0xAB, 0x9C, 0x44, 0x03, 0x1F, 0xD2, 0xFF, 0x00, 0xCE, 0xDD, 0xF4, 0xD5,
    0xB1, 0x06, 0x9D, 0x5B, 0xB1, 0xF5, 0x84, 0xA3, 0xB0, 0x01, 0x89, 0x60, 0x59, 0xE3, 0x78, 0x9C,
    0xFB, 0xFF, 0xFF, 0xFF, 0x7F, 0x7E, 0x06, 0x86, 0xFF, 0xFF, 0xC1, 0x34, 0x98, 0xFA, 0x0F, 0xA4,
    0x18, 0x3E, 0x40, 0x28, 0x06, 0x64, 0x1E, 0x42, 0x09, 0x92, 0x06, 0x98, 0x12, 0x14, 0x0A, 0x6A,
    0x0A, 0xB2, 0x06, 0x00, 0x12, 0x66, 0x47, 0xE6, 0x78, 0x9C, 0xFB, 0xFF, 0x9F, 0x81, 0xE1, 0xC3,
    0x7F, 0xFE, 0xFF, 0xC4, 0x50, 0x20, 0x80, 0x8B, 0x22, 0xA8, 0x1D, 0x00, 0x16, 0xBD, 0x43, 0xF9,
    0x78, 0x9C, 0x63, 0x60, 0x80, 0x81, 0xFF, 0xFF, 0x71, 0x53, 0xA8, 0x00, 0x9F, 0x4A, 0xF2, 0xA8,
    0xFF, 0xFF, 0x41, 0xD4, 0x07, 0x08, 0xF5, 0x1F, 0x4A, 0xF1, 0x7F, 0x80, 0xF3, 0xF8, 0x61, 0x14,
    0x48, 0xC9, 0x07, 0xB0, 0x28, 0xFF, 0x07, 0xA8, 0xD3, 0xF8, 0x61, 0xCE, 0x02, 0x00, 0x6F, 0x64,
    0x45, 0xBB, 0x78, 0x9C, 0xFB, 0xFF, 0x9F, 0x81, 0x81, 0xE1, 0x3F, 0x19, 0x04, 0x26, 0x00, 0x00,
    0x0E, 0x83, 0x29, 0xD7, 0x78, 0x9C, 0x65, 0x8C, 0xC1, 0x0D, 0x00, 0x30, 0x08, 0x02, 0xD9, 0x80,
    0xFD, 0xB7, 0x74, 0x03, 0x2A, 0xA1, 0x26, 0x35, 0xE5, 0xE1, 0x19, 0xBD, 0x00, 0x24, 0xEA, 0x00,
    0x65, 0x30, 0x50, 0xC3, 0x1B, 0x41, 0xBF, 0x69, 0xAB, 0x16, 0x34, 0xC8, 0x4D, 0x99, 0x4C, 0xDB,
    0x27, 0x60, 0x84, 0x54, 0xBF, 0xD8, 0xCA, 0xC5, 0x01, 0xA7, 0x75, 0x44, 0x9E, 0x78, 0x9C, 0x6D,
    0x8C, 0xD1, 0x11, 0x00, 0x20, 0x08, 0x42, 0xD9, 0x80, 0xFD, 0xB7, 0x6C, 0x03, 0x32, 0xA4, 0xEE,
    0xEA, 0xE2, 0xE7, 0x89, 0x82, 0x40, 0x6B, 0x48, 0x22, 0xA0, 0x25, 0x9B, 0xB2, 0x3D, 0xC2, 0x07,
    0x16, 0x1C, 0x3C, 0x60, 0xD7, 0x82, 0xBD, 0x55, 0x2C, 0x7F, 0x21, 0x22, 0xAF, 0x1F, 0xDC, 0x91,
    0x60, 0x02, 0xE1, 0xC2, 0x44, 0xAD, 0x78, 0x9C, 0xA5, 0x8F, 0x4B, 0x0E, 0x00, 0x21, 0x0C, 0x42,
    0xB9, 0x01, 0xF7, 0xBF, 0x65, 0x6F, 0x80, 0xA9, 0xF4, 0xE3, 0x66, 0x56, 0x43, 0x62, 0xF4, 0xC5,
    0x40, 0x0B, 0x00, 0x84, 0x88, 0xD1, 0x4F, 0x90, 0x42, 0x56, 0xBE, 0x47, 0x88, 0x0F, 0x20, 0xF2,
    0xDC, 0x00, 0x5B, 0x0C, 0x61, 0x40, 0x01, 0x17, 0xF2, 0x6E, 0x08, 0xF9, 0x87, 0x05, 0x95, 0x26,
    0x43, 0xCF, 0x21, 0x6E, 0xDC, 0x00, 0x66, 0x37, 0xBE, 0x51, 0x0D, 0x56, 0xAD, 0x50, 0xF5, 0xDC,
    0x67, 0xE1, 0xA9, 0xBB, 0x96, 0x72, 0x1C, 0x69, 0xB4, 0x9B, 0x56, 0x78, 0x9C, 0x63, 0x60, 0x40,
    0x05, 0x1F, 0xFE, 0xFF, 0x87, 0xB2, 0xFE, 0x83, 0x58, 0x1F, 0xC0, 0x18, 0x89, 0x05, 0x96, 0x00,
    0xB1, 0xF8, 0x91, 0x59, 0xFF, 0x21, 0x80, 0x20, 0x0B, 0x9B, 0x5E, 0x12, 0x58, 0xFC, 0x0C, 0x30,
    0x53, 0x60, 0xE6, 0x7D, 0xC0, 0xC2, 0x02, 0x29, 0x82, 0xE8, 0x80, 0x72, 0xE0, 0xFE, 0xE1, 0x47,
    0xF2, 0x19, 0xD4, 0xB3, 0x08, 0x16, 0x88, 0x02, 0x00, 0x72, 0x12, 0x75, 0xB8, 0x78, 0x9C, 0x63,
    0x60, 0x60, 0xF8, 0xCF, 0x00, 0x06, 0x1F, 0xFE, 0xF3, 0x63, 0xA5, 0x61, 0xF2, 0x50, 0x0E, 0x08,
    0xC0, 0xE8, 0xFF, 0x30, 0x9A, 0x1F, 0x89, 0xE6, 0x07, 0xEB, 0xC4, 0xA4, 0x91, 0xD4, 0xF3, 0x63,
    0xD3, 0x0F, 0x52, 0xF7, 0x9F, 0x01, 0x2A, 0x89, 0x85, 0x86, 0x68, 0x40, 0xB5, 0x0F, 0xE1, 0x1E,
    0x00, 0x88, 0xC2, 0x6B, 0x3B, 0x78, 0x9C, 0x63, 0x60, 0x00, 0x83, 0xFF, 0xFF, 0x19, 0x3E, 0xFC,
    0xE7, 0xC7, 0x49, 0x41, 0x95, 0x40, 0x29, 0x10, 0xEB, 0x3F, 0x08, 0xF0, 0x43, 0xA8, 0xFF, 0x50,
    0x8A, 0x1F, 0x22, 0xC2, 0x0F, 0x92, 0xFF, 0x40, 0x98, 0x02, 0xAB, 0x44, 0xD2, 0x8E, 0x30, 0x13,
    0x6C, 0x03, 0x00, 0xDA, 0xE3, 0x5A, 0x01, 0x78, 0x9C, 0xFB, 0xFF, 0x1F, 0x08, 0x18, 0x18, 0x18,
    0xFE, 0xFF, 0x87, 0x30, 0x20, 0x34, 0x3F, 0x12, 0xCD, 0xC0, 0xF0, 0x01, 0x8D, 0x46, 0xC8, 0x43,
    0xD5, 0xF3, 0xA3, 0xEB, 0xFB, 0xCF, 0x00, 0x35, 0x14, 0x2B, 0xFD, 0x01, 0x4C, 0xC3, 0xD4, 0x21,
    0xEB, 0x83, 0x9A, 0xC3, 0x80, 0x05, 0x40, 0xED, 0x41, 0xA7, 0x01, 0x36, 0x4D, 0x70, 0x09, 0x78,
    0x9C, 0xFB, 0xFF, 0x9F, 0x01, 0x04, 0xFE, 0x13, 0x45, 0x81, 0x58, 0xFF, 0x41, 0x80, 0x1F, 0x42,
    0xFD, 0x87, 0x52, 0xFC, 0x10, 0x11, 0x7E, 0x90, 0xFC, 0x07, 0xC2, 0x14, 0x58, 0x25, 0x92, 0x76,
    0xB8, 0x99, 0xFC, 0x30, 0xBB, 0x90, 0x01, 0x44, 0x0E, 0x95, 0x02, 0x00, 0x53, 0xCA, 0x5D, 0x3A,
    0x78, 0x9C, 0x63, 0x60, 0x60, 0xF8, 0xCF, 0x00, 0x06, 0x1F, 0xFE, 0xF3, 0x63, 0xA5, 0x61, 0xF2,
    0x50, 0x0E, 0x10, 0xF0, 0x43, 0x69, 0x10, 0xE3, 0x3F, 0x94, 0x81, 0xA0, 0x41, 0x3A, 0xFF, 0x83,
    0x69, 0x06, 0x04, 0xCD, 0x8F, 0x42, 0x7F, 0xC0, 0x41, 0xA3, 0xAB, 0x83, 0xEA, 0x87, 0x98, 0x87,
    0x6E, 0x0F, 0xC2, 0x7E, 0x90, 0x7B, 0x00, 0x4F, 0xEF, 0x60, 0x37, 0x78, 0x9C, 0x63, 0x60, 0x80,
    0x80, 0x0F, 0xFF, 0xF9, 0x19, 0xFE, 0xFF, 0xC7, 0x4E, 0x81, 0x00, 0x12, 0x05, 0xC4, 0x60, 0x04,
    0x02, 0x50, 0xEA, 0x03, 0x8C, 0xE2, 0x67, 0x00, 0x8B, 0x40, 0x29, 0x06, 0x6C, 0x14, 0x5C, 0xC9,
    0x07, 0x24, 0x7D, 0xC8, 0x86, 0x41, 0x6D, 0x00, 0x00, 0x60, 0xA8, 0x5F, 0x92, 0x78, 0x9C, 0x75,
    0x8E, 0xC1, 0x09, 0x00, 0x30, 0x08, 0x03, 0xB3, 0x81, 0xFB, 0x6F, 0xE9, 0x06, 0xD7, 0x96, 0x08,
    0x52, 0x69, 0x7D, 0x78, 0x81, 0xA8, 0x11, 0x20, 0x24, 0x81, 0x05, 0x25, 0x9A, 0x52, 0xEE, 0x76,
    0xA8, 0x66, 0x5C, 0xCC, 0x0F, 0xE7, 0x5C, 0xED, 0xFB, 0xDE, 0xCC, 0xE9, 0xFC, 0xF3, 0xCF, 0xA3,
    0x30, 0xB2, 0xFC, 0x49, 0xFB, 0x0B, 0xA3, 0x59, 0x60, 0x37, 0x78, 0x9C, 0x63, 0x60, 0x00, 0x82,
    0xFF, 0xFF, 0x19, 0x88, 0xA1, 0x80, 0x18, 0x8C, 0x40, 0x00, 0x4A, 0x7D, 0x80, 0x51, 0xFC, 0x0C,
    0x60, 0x11, 0x28, 0xC5, 0x80, 0x8D, 0x82, 0x2B, 0xF9, 0x80, 0xA4, 0x0F, 0xD9, 0x30, 0x98, 0x0D,
    0xE8, 0xE0, 0x03, 0x3F, 0x6E, 0x77, 0x81, 0xE4, 0x00, 0x7E, 0xE3, 0x5F, 0x92, 0x78, 0x9C, 0xFB,
    0xFF, 0xFF, 0xFF, 0x7F, 0x7E, 0x06, 0x06, 0x86, 0xFF, 0xFF, 0x21, 0x8C, 0xFF, 0x50, 0x06, 0x82,
    0x66, 0x60, 0xF8, 0x00, 0x24, 0x40, 0x34, 0x03, 0x82, 0xE6, 0x47, 0xA1, 0x3F, 0xE0, 0xA0, 0xD1,
    0xD5, 0x41, 0xF5, 0x43, 0xCC, 0x43, 0xB7, 0x07, 0x61, 0x3F, 0xC8, 0x3D, 0x18, 0xE0, 0x3F, 0x92,
    0x43, 0x91, 0x68, 0x00, 0x18, 0x70, 0x64, 0x60, 0x78, 0x9C, 0x63, 0x60, 0x00, 0x82, 0xFF, 0xFF,
    0x19, 0x88, 0xA1, 0x80, 0x18, 0x8C, 0x40, 0x00, 0x4A, 0x7D, 0x80, 0x51, 0xFC, 0x0C, 0x60, 0x11,
    0x28, 0xC5, 0x80, 0x8D, 0x82, 0x2B, 0xF9, 0x80, 0xA4, 0x0F, 0xD9, 0x30, 0x98, 0x0D, 0xA8, 0xE0,
    0x03, 0x44, 0x0A, 0x85, 0x02, 0x00, 0xC9, 0xE9, 0x66, 0x5E, 0x78, 0x9C, 0x63, 0x60, 0x80, 0x82,
    0x0F, 0xFC, 0x20, 0xE2, 0xFF, 0x7F, 0x20, 0xF9, 0xFF, 0x3F, 0x3F, 0x4C, 0x00, 0x02, 0xFE, 0xFF,
    0x07, 0x09, 0x21, 0x93, 0x48, 0xE0, 0x3F, 0x4E, 0x00, 0x91, 0x45, 0x26, 0x41, 0x7A, 0xB1, 0x91,
    0x98, 0x2A, 0xF1, 0x99, 0x0C, 0x00, 0x8B, 0x48, 0x65, 0x05, 0x78, 0x9C, 0x6D, 0x8C, 0xDB, 0x0D,
    0x00, 0x30, 0x08, 0x02, 0xDD, 0xC0, 0xFD, 0xB7, 0x74, 0x03, 0x2A, 0xC5, 0xD8, 0x47, 0xBC, 0x0F,
    0x2E, 0x21, 0x8A, 0x59, 0x03, 0x25, 0x3C, 0x33, 0x80, 0xAB, 0x13, 0xD9, 0xB1, 0x7D, 0x35, 0xA3,
    0xF7, 0x3A, 0x61, 0xE6, 0xA8, 0x14, 0x9C, 0x07, 0x5A, 0x9B, 0x5F, 0x7E, 0x36, 0xEA, 0xBD, 0x57,
    0x42, 0xA2, 0xDD, 0x16, 0x17, 0xC7, 0x5B, 0x4B, 0x78, 0x9C, 0x63, 0x60, 0xF8, 0xC0, 0xCF, 0x00,
    0x04, 0xFF, 0xFF, 0xA3, 0x93, 0x10, 0x71, 0x08, 0x1F, 0x17, 0xC0, 0xAE, 0x13, 0x2C, 0xC5, 0x8F,
    0x8D, 0xC4, 0xA5, 0x1E, 0x9D, 0x04, 0x00, 0xE9, 0xF1, 0x49, 0xF3, 0x78, 0x9C, 0x63, 0x60, 0xF8,
    0xC0, 0xCF, 0xC0, 0xC0, 0xF0, 0xFF, 0x3F, 0x0A, 0x01, 0x16, 0x03, 0x83, 0xFF, 0x40, 0xFE, 0x87,
    0xFF, 0xFF, 0xF9, 0x41, 0x0C, 0x10, 0xC1, 0x8F, 0xA4, 0xEC, 0x3F, 0x48, 0x12, 0x8D, 0x40, 0x37,
    0x89, 0x48, 0x02, 0x00, 0xC7, 0xBF, 0x3C, 0xE2, 0x78, 0x9C, 0x75, 0x8D, 0xC1, 0x0D, 0x00, 0x30,
    0x08, 0x02, 0xD9, 0xC0, 0xFD, 0xB7, 0x64, 0x03, 0xAA, 0xC5, 0xD8, 0x34, 0x4D, 0xF9, 0x9C, 0x09,
    0x08, 0x00, 0x95, 0x02, 0x1E, 0x7E, 0xD5, 0x76, 0xC5, 0x14, 0x8E, 0x27, 0x65, 0xD2, 0x1D, 0x60,
    0x77, 0x94, 0x75, 0xB3, 0x17, 0x1E, 0x9E, 0xAA, 0x4A, 0x71, 0x28, 0x7F, 0xB9, 0x5F, 0x1D, 0xD2,
    0xEC, 0xEF, 0x23, 0xB0, 0x00, 0x81, 0x6E, 0x68, 0x5C, 0x78, 0x9C, 0x6D, 0x8C, 0xC1, 0x0D, 0x00,
    0x20, 0x0C, 0x02, 0xD9, 0x80, 0xFD, 0xB7, 0xEC, 0x06, 0xB5, 0xC4, 0xD2, 0xA8, 0x91, 0x87, 0x24,
    0x3D, 0x39, 0x64, 0x85, 0xC0, 0x5D, 0xDF, 0x84, 0x60, 0xEE, 0xD7, 0x35, 0xD1, 0x14, 0xDA, 0x56,
    0xC5, 0x5C, 0xEC, 0xA4, 0xD6, 0x2D, 0x19, 0x17, 0xAD, 0x24, 0x1E, 0x67, 0x03, 0x73, 0x7D, 0x89,
    0x03, 0x00, 0x0B, 0x82, 0x97, 0x70, 0x54, 0x78, 0x9C, 0xFB, 0xFF, 0x9F, 0x81, 0x81, 0xE1, 0xC3,
    0x7F, 0xFE, 0xFF, 0x24, 0xD3, 0x60, 0x80, 0x87, 0x26, 0xD7, 0x5C, 0x08, 0xCD, 0x80, 0x09, 0x3E,
    0x40, 0x05, 0xC1, 0x4A, 0xB0, 0xD0, 0x60, 0x79, 0x00, 0x7F, 0x41, 0x5F, 0xDD, 0x78, 0x9C, 0xFB,
    0xFF, 0x9F, 0x01, 0x04, 0xFE, 0x13, 0x45, 0xFD, 0xFF, 0xCF, 0x0F, 0xC4, 0x20, 0x80, 0x4A, 0xF1,
    0x43, 0x24, 0xF8, 0x41, 0x2A, 0x3F, 0x50, 0x4C, 0x31, 0xA0, 0x03, 0x88, 0xFD, 0x50, 0x19, 0x54,
    0x0A, 0x2C, 0x07, 0x00, 0x27, 0xA6, 0x55, 0xE7, 0x78, 0x9C, 0xFB, 0xFF, 0x9F, 0x81, 0x81, 0xE1,
    0xC3, 0x7F, 0xFE, 0xFF, 0x24, 0xD3, 0x60, 0x80, 0x87, 0x26, 0xD7, 0x5C, 0x08, 0xCD, 0x80, 0x0E,
    0x3E, 0x00, 0x85, 0x40, 0xC2, 0x1F, 0xFE, 0x43, 0xA5, 0x41, 0xD6, 0x30, 0x20, 0xD1, 0x1F, 0xFE,
    0x83, 0x84, 0x01, 0x2A, 0x95, 0x68, 0xD4, 0x78, 0x9C, 0xFB, 0xFF, 0x9F, 0x01, 0x04, 0xFE, 0x13,
    0x45, 0xFD, 0xFF, 0xCF, 0x0F, 0xC4, 0x20, 0x80, 0x4A, 0xF1, 0x43, 0x24, 0xF8, 0x41, 0x2A, 0x3F,
    0x50, 0x4C, 0x31, 0xA0, 0x02, 0xA0, 0xC0, 0x87, 0xFF, 0x60, 0x0A, 0x22, 0x0F, 0xB2, 0x0B, 0x46,
    0x81, 0xEC, 0x67, 0x60, 0x00, 0x00, 0xC2, 0x92, 0x5E, 0xED, 0x78, 0x9C, 0x65, 0xCD, 0x89, 0x09,
    0x00, 0x30, 0x08, 0x03, 0x40, 0x37, 0x70, 0xFF, 0x2D, 0xB3, 0x41, 0xEA, 0xD7, 0x47, 0x5B, 0xB0,
    0x87, 0x88, 0x91, 0x14, 0x01, 0x29, 0x0C, 0x35, 0xAC, 0xC2, 0x51, 0x43, 0x6F, 0xED, 0x8B, 0xD6,
    0xE4, 0x27, 0xBB, 0xB5, 0xA7, 0x95, 0xF3, 0x66, 0x6B, 0xBB, 0x87, 0x1B, 0xBE, 0xF5, 0xC8, 0xF9,
    0x98, 0xA0, 0x86, 0xD3, 0x9C, 0x2F, 0xE9, 0xD9, 0x5A, 0xC4, 0x78, 0x9C, 0xFB, 0xFF, 0x9F, 0x01,
    0x04, 0xFE, 0x13, 0x47, 0xFD, 0xFF, 0xCF, 0x0F, 0xA1, 0x40, 0xE8, 0xC3, 0x7F, 0x7E, 0x08, 0x0B,
    0x4A, 0x81, 0xC4, 0x41, 0x1C, 0x2C, 0xD4, 0x7F, 0x24, 0x8A, 0x1F, 0xAA, 0xEF, 0x03, 0x5C, 0x13,
    0xB2, 0xD1, 0x1F, 0xA0, 0xB6, 0x21, 0x03, 0x88, 0x08, 0x48, 0x1B, 0x06, 0x05, 0x96, 0x03, 0x00,
    0x41, 0xD9, 0x53, 0xF8, 0x78, 0x9C, 0x65, 0x8D, 0x01, 0x0A, 0x00, 0x30, 0x08, 0x02, 0xFD, 0x41,
    0xFF, 0xFF, 0x65, 0x3F, 0x70, 0x2D, 0x8B, 0x46, 0x0B, 0x8C, 0x43, 0x0B, 0x49, 0x00, 0xA4, 0x85,
    0x00, 0xBF, 0x4B, 0xB2, 0x86, 0x8C, 0x95, 0x5C, 0xC8, 0x24, 0xB6, 0x8C, 0x00, 0x19, 0x09, 0xFC,
    0x41, 0xC7, 0xEC, 0x77, 0xC3, 0x03, 0x55, 0xE1, 0x03, 0x53, 0x68, 0x0B, 0xAA, 0x6E, 0x8F, 0x77,
    0xD9, 0x07, 0x07, 0x33, 0xE1, 0x64, 0xAB, 0x78, 0x9C, 0xFB, 0xFF, 0x9F, 0x01, 0x04, 0xFE, 0x13,
    0x47, 0x7D, 0xF8, 0xCF, 0x0F, 0xA2, 0x80, 0x18, 0x88, 0x3E, 0x40, 0xA8, 0xFF, 0xFF, 0xF9, 0xA1,
    0x02, 0x40, 0x0C, 0xE2, 0x60, 0xA1, 0xA0, 0x72, 0x60, 0x95, 0xFC, 0x1F, 0x20, 0x1A, 0x3E, 0xC0,
    0x35, 0x21, 0x1B, 0xFD, 0x01, 0x6A, 0x1B, 0x02, 0x60, 0x33, 0x14, 0x00, 0x7D, 0xA2, 0x59, 0x02,
    0x78, 0x9C, 0xFB, 0xFF, 0x9F, 0x01, 0x08, 0xFE, 0xD3, 0x84, 0xC4, 0x0E, 0x18, 0x50, 0xC0, 0x07,
    0x7E, 0xEC, 0xBA, 0x41, 0xE2, 0x00, 0xD4, 0xA6, 0x3D, 0xC3, 0x78, 0x9C, 0xFB, 0xFF, 0x9F, 0xE1,
    0x3F, 0xC9, 0x88, 0x1F, 0x88, 0x3E, 0x40, 0x38, 0x10, 0xF0, 0x9F, 0xE1, 0x03, 0x48, 0x04, 0x84,
    0x80, 0x6C, 0x00, 0x1A, 0x40, 0x32, 0xDD, 0x78, 0x9C, 0xFB, 0xFF, 0xFF, 0xFF, 0x7F, 0x7E, 0x06,
    0x86, 0xFF, 0x28, 0x14, 0x1A, 0xF8, 0xFF, 0x9F, 0x6E, 0x14, 0x08, 0x60, 0xA7, 0xD0, 0xC1, 0x07,
    0x7E, 0xDC, 0xE6, 0x80, 0xE4, 0x00, 0xAB, 0x1E, 0x49, 0xE4, 0x78, 0x9C, 0xFB, 0xFF, 0xFF, 0xFF,
    0x7F, 0xFE, 0xFF, 0x70, 0x82, 0x01, 0x01, 0xFE, 0xFF, 0xA7, 0x09, 0xC1, 0x0F, 0x22, 0x80, 0xCC,
    0x0F, 0x08, 0x41, 0x24, 0x3B, 0x19, 0x40, 0x12, 0xFC, 0xC8, 0x04, 0x48, 0x0C, 0x00, 0xBB, 0xC4,
    0x3F, 0xEE, 0x78, 0x9C, 0xFB, 0xFF, 0x9F, 0x01, 0x08, 0xFE, 0xD3, 0x84, 0xC4, 0x0E, 0x18, 0x90,
    0x01, 0x48, 0x80, 0x1F, 0x99, 0x04, 0x00, 0x45, 0x68, 0x41, 0xEC, 0x78, 0x9C, 0x63, 0xF8, 0xFF,
    0x9F, 0x81, 0x81, 0x81, 0xFA, 0x04, 0x3F, 0x88, 0xF8, 0x0F, 0x25, 0x3E, 0x80, 0x05, 0x61, 0x00,
    0x28, 0xF4, 0x9F, 0x1F, 0x41, 0x00, 0x00, 0x9C, 0x6F, 0x38, 0xF5, 0x78, 0x9C, 0x75, 0xCE, 0x51,
    0x12, 0x00, 0x20, 0x04, 0x04, 0x50, 0x37, 0x70, 0xFF, 0x5B, 0xBA, 0xC1, 0x96, 0xAC, 0x4A, 0x23,
    0x5F, 0x8F, 0xD6, 0x44, 0xE4, 0x2E, 0x4B, 0x40, 0x39, 0x48, 0x80, 0xD8, 0x03, 0x41, 0xD9, 0x8C,
    0x77, 0x83, 0xD7, 0x6A, 0x7B, 0x28, 0x23, 0x0D, 0xC0, 0x88, 0x4D, 0xE8, 0x03, 0x0D, 0x48, 0xA6,
    0x0E, 0xFC, 0x9E, 0x0F, 0xFC, 0x42, 0x7E, 0x5E, 0x30, 0x00, 0x48, 0x5D, 0x7E, 0xA0, 0x78, 0x9C,
    0x63, 0x60, 0x40, 0x03, 0x1F, 0xF8, 0xE1, 0xCC, 0xFF, 0xFF, 0xE1, 0x82, 0xFF, 0xFF, 0xF3, 0x23,
    0x98, 0x98, 0xF2, 0x0C, 0xFF, 0x11, 0xBA, 0x3E, 0xA0, 0x9B, 0x88, 0x04, 0x80, 0x3A, 0x40, 0x26,
    0x7D, 0x00, 0xE2, 0xFF, 0xFF, 0x81, 0x26, 0x81, 0x31, 0x90, 0x09, 0x03, 0xFC, 0x28, 0x4C, 0x7E,
    0xA8, 0x62, 0x90, 0x1A, 0xB0, 0x1E, 0xFA, 0x30, 0x01, 0x88, 0x00, 0x7C, 0xFC, 0x78, 0x9C, 0x75,
    0xCE, 0xCB, 0x0D, 0x00, 0x30, 0x08, 0x02, 0x50, 0x36, 0x60, 0xFF, 0x2D, 0xD9, 0x80, 0xC6, 0x4F,
    0x7A, 0x29, 0xF5, 0xE2, 0xD3, 0x90, 0x28, 0x00, 0x18, 0x53, 0x32, 0x7F, 0xB8, 0x99, 0x9D, 0x7A,
    0x2F, 0x57, 0xF5, 0x98, 0xC1, 0x8D, 0x04, 0x18, 0x66, 0x35, 0x05, 0x14, 0x3B, 0xE1, 0x17, 0x1C,
    0x28, 0x60, 0xAE, 0xEE, 0x7F, 0x17, 0x07, 0x56, 0xF2, 0x7E, 0x73, 0x78, 0x9C, 0x63, 0x60, 0x40,
    0x01, 0x1F, 0xFE, 0xF3, 0x13, 0xCD, 0xC4, 0x04, 0xFF, 0xFF, 0x03, 0x11, 0x3F, 0x58, 0xCD, 0xFF,
    0xFF, 0x1F, 0xFE, 0x43, 0x30, 0x90, 0x09, 0x03, 0xFC, 0x28, 0x4C, 0x7E, 0x98, 0x62, 0xA0, 0x1A,
    0xB0, 0x1E, 0xFA, 0x30, 0x01, 0x57, 0x62, 0x6D, 0xC0, 0x78, 0x9C, 0x75, 0xCF, 0x01, 0x0A, 0x00,
    0x20, 0x08, 0x03, 0xC0, 0xFD, 0x60, 0xFF, 0xFF, 0xA5, 0x3F, 0x58, 0x99, 0x46, 0x58, 0x36, 0x10,
    0x0F, 0x11, 0x41, 0x89, 0x00, 0x4C, 0x9E, 0x09, 0x7D, 0xC0, 0x5C, 0x69, 0x21, 0x7A, 0x37, 0xBD,
    0x70, 0xFA, 0x99, 0xAC, 0x02, 0x06, 0xEC, 0x00, 0x17, 0x80, 0x02, 0xB4, 0xD9, 0x63, 0x5B, 0x8F,
    0xB4, 0x88, 0x9D, 0x01, 0x42, 0xF8, 0x7D, 0x74, 0x78, 0x9C, 0xFB, 0xFF, 0x9F, 0xE1, 0xFF, 0x7F,
    0x7E, 0x86, 0x0F, 0x40, 0xFC, 0xFF, 0xFF, 0x87, 0xFF, 0x10, 0x0C, 0x64, 0xC2, 0x00, 0x3F, 0x0A,
    0x93, 0x1F, 0xA6, 0x18, 0xA8, 0x06, 0xAC, 0x87, 0x3E, 0x4C, 0x06, 0xDC, 0xE0, 0x3F, 0x9C, 0x85,
    0xA4, 0x0E, 0x3B, 0x13, 0xAA, 0x16, 0x00, 0x4E, 0x7F, 0x6D, 0xC0, 0x78, 0x9C, 0x6D, 0xC9, 0xC1,
    0x0D, 0x00, 0x20, 0x0C, 0x02, 0x40, 0x36, 0x60, 0xFF, 0x2D, 0xD9, 0x00, 0x4D, 0xD5, 0x6A, 0x88,
    0x7C, 0x2E, 0x00, 0x00, 0x11, 0x15, 0xFB, 0xEF, 0xF9, 0xF7, 0x38, 0x9B, 0xCC, 0xAB, 0x53, 0x86,
    0x5E, 0xAA, 0x65, 0x89, 0xD6, 0x4B, 0xB5, 0x2E, 0x91, 0x2A, 0xC4, 0xE3, 0x00, 0xCE, 0x5F, 0x69,
    0x01, 0x78, 0x9C, 0x63, 0x60, 0x80, 0x81, 0xFF, 0xFF, 0x71, 0x53, 0x48, 0x00, 0x28, 0xF2, 0xFF,
    0x3F, 0x3F, 0x10, 0x7F, 0xF8, 0x0F, 0x66, 0xFE, 0x47, 0x50, 0xFC, 0x10, 0x09, 0x7E, 0x90, 0xA6,
    0x0F, 0x14, 0x53, 0x00, 0xC2, 0x11, 0x49, 0xE4, 0x78, 0x9C, 0x6D, 0xCA, 0xD1, 0x09, 0x00, 0x20,
    0x10, 0x02, 0x50, 0x37, 0x70, 0xFF, 0x2D, 0xDD, 0xC0, 0xC0, 0x42, 0xE2, 0xCA, 0x9F, 0x07, 0xAA,
    0x4D, 0x40, 0xA6, 0xAB, 0xA7, 0x1C, 0x7A, 0xAB, 0xCA, 0x88, 0xEA, 0xAD, 0xAA, 0x23, 0xA6, 0x1A,
    0xE2, 0x12, 0x6F, 0x74, 0xCA, 0x5C, 0x3E, 0x66, 0x5F, 0x0E, 0x26, 0x69, 0x01, 0x78, 0x9C, 0xFB,
    0xFF, 0x9F, 0xE1, 0xFF, 0x7F, 0x7E, 0x20, 0xFE, 0xF0, 0xFF, 0x3F, 0x88, 0xF9, 0x1F, 0x41, 0xF1,
    0x43, 0x24, 0x80, 0x14, 0x03, 0xC3, 0x07, 0x8A, 0x29, 0x06, 0x34, 0xF0, 0x01, 0x22, 0x02, 0x92,
    0xC5, 0xA0, 0xC0, 0x72, 0x00, 0xD1, 0x08, 0x49, 0xE4, 0x78, 0x9C, 0x65, 0xCD, 0xC1, 0x09, 0x00,
    0x30, 0x0C, 0xC3, 0x40, 0x6F, 0x90, 0xFD, 0xB7, 0xF4, 0x06, 0x2A, 0xA4, 0x60, 0x8A, 0xAB, 0xCF,
    0x3D, 0x05, 0x23, 0x99, 0x21, 0xD2, 0x4E, 0xC9, 0xD5, 0x71, 0x56, 0x45, 0xAE, 0x8E, 0xAC, 0x6A,
    0x5D, 0xEA, 0x51, 0x9D, 0xF7, 0xFC, 0x79, 0x00, 0x18, 0x99, 0x6F, 0xCD, 0x78, 0x9C, 0xFB, 0xFF,
    0x9F, 0xE1, 0xFF, 0x7F, 0x7E, 0x20, 0xFE, 0xF0, 0xFF, 0x3F, 0x88, 0xF9, 0x1F, 0x41, 0xF1, 0x43,
    0x24, 0x80, 0x14, 0x03, 0xC3, 0x07, 0x8A, 0x29, 0x06, 0x54, 0x00, 0xB6, 0x00, 0x8D, 0x02, 0x00,
    0x2C, 0xB1, 0x4E, 0x0D, 0x78, 0x9C, 0x7D, 0x8E, 0xDB, 0x0D, 0x00, 0x20, 0x08, 0x03, 0xD9, 0x80,
    0xFD, 0xB7, 0x64, 0x83, 0x33, 0xC8, 0x23, 0x6A, 0x54, 0x7E, 0x38, 0xA1, 0x96, 0x8A, 0x2C, 0x65,
    0x24, 0x40, 0x0D, 0x38, 0x36, 0xD2, 0x0A, 0xD0, 0x3B, 0xFC, 0x8A, 0x34, 0x74, 0x31, 0xD5, 0xFD,
    0x5B, 0x00, 0x71, 0xD1, 0x26, 0xE8, 0xDC, 0x6B, 0xB8, 0xDA, 0x06, 0xF2, 0x86, 0x53, 0xDC, 0x3E,
    0xED, 0xDC, 0xB7, 0xFC, 0x95, 0xA1, 0x2B, 0x4F, 0x25, 0x1C, 0x07, 0x58, 0x6E, 0xBF, 0x78, 0x9C,
    0x6D, 0x8D, 0x01, 0x0A, 0x00, 0x30, 0x08, 0x02, 0xFD, 0x41, 0xFF, 0xFF, 0x65, 0x3F, 0x70, 0xCD,
    0x0C, 0xC6, 0x36, 0x21, 0x44, 0xB2, 0x0B, 0x18, 0x25, 0x65, 0x64, 0x28, 0x44, 0x27, 0xE0, 0x28,
    0x94, 0x6E, 0xFB, 0x2B, 0x0D, 0x11, 0x8C, 0x6A, 0xAA, 0xCF, 0xD8, 0x9B, 0x1A, 0xCA, 0x9A, 0xF0,
    0x9A, 0x76, 0x6E, 0xFA, 0xCE, 0x94, 0x61, 0xF6, 0x87, 0x05, 0xC7, 0x82, 0x55, 0x7E, 0x78, 0x9C,
    0x63, 0x60, 0x60, 0xF8, 0xCF, 0x00, 0x02, 0x1F, 0xFE, 0xF3, 0x63, 0x52, 0x50, 0x39, 0x08, 0x13,
    0x04, 0xA0, 0xD4, 0x7F, 0x28, 0xC5, 0xFF, 0x1F, 0x06, 0x40, 0x5A, 0xC0, 0x14, 0x03, 0x0A, 0xF5,
    0x01, 0x59, 0x13, 0x42, 0x03, 0x44, 0x80, 0x9F, 0x01, 0x4C, 0x80, 0xA4, 0xA1, 0x36, 0x10, 0xA4,
    0x00, 0xA2, 0xC2, 0x56, 0xC8, 0x78, 0x9C, 0x63, 0x60, 0x80, 0x81, 0xFF, 0xFF, 0x71, 0x53, 0x48,
    0x00, 0x28, 0x02, 0x12, 0xFC, 0x0F, 0x02, 0xFC, 0x10, 0xEA, 0x3F, 0x94, 0xE2, 0x87, 0x88, 0xF0,
    0x83, 0xE4, 0x3F, 0x10, 0xA6, 0xC0, 0x2A, 0x91, 0xB4, 0x23, 0xCC, 0x84, 0xDA, 0x40, 0xD0, 0x59,
    0x00, 0x4D, 0xBB, 0x58, 0x03, 0x78, 0x9C, 0x6D, 0x8E, 0xDB, 0x0D, 0x00, 0x30, 0x08, 0x02, 0xD9,
    0x80, 0xFD, 0xB7, 0x74, 0x03, 0x9A, 0x2A, 0xF6, 0x91, 0xC8, 0xCF, 0x85, 0x80, 0x44, 0x00, 0x42,
    0x2A, 0xC4, 0x91, 0x9D, 0xDB, 0x6C, 0x35, 0xD5, 0xA4, 0x29, 0x38, 0x1C, 0x19, 0xC9, 0xEE, 0xBD,
    0x77, 0xDE, 0x61, 0x56, 0xA3, 0xFC, 0x21, 0xAA, 0x57, 0x1F, 0xDD, 0x9D, 0x6F, 0x9F, 0x0B, 0xEA,
    0x7E, 0x67, 0xA8, 0x78, 0x9C, 0x63, 0x60, 0x00, 0x81, 0x0F, 0xFF, 0xF9, 0x31, 0x08, 0x38, 0xF8,
    0xFF, 0x9F, 0xE1, 0x3F, 0xFF, 0xFF, 0xFF, 0x1F, 0x40, 0xC4, 0x7F, 0x08, 0x01, 0x14, 0xE3, 0x67,
    0x80, 0x11, 0x0C, 0xC4, 0x13, 0x00, 0x64, 0xA6, 0x2D, 0x10, 0x78, 0x9C, 0x6D, 0x8C, 0xD9, 0x0D,
    0x00, 0x30, 0x08, 0x42, 0xD9, 0xC0, 0xFD, 0xB7, 0x74, 0x03, 0x6A, 0x84, 0x1E, 0x69, 0xCB, 0xCF,
    0xD3, 0x70, 0x90, 0x25, 0x00, 0xA4, 0x0E, 0x31, 0x4C, 0xC2, 0xE6, 0x97, 0xD9, 0x9C, 0xB9, 0xB3,
    0xE7, 0x9D, 0xE8, 0x68, 0xEA, 0x5F, 0x84, 0x72, 0x9B, 0xF9, 0xEE, 0x57, 0xF3, 0x11, 0x85, 0xB4,
    0x79, 0x53, 0xFE, 0x00, 0xE3, 0xAA, 0x67, 0xB7, 0x78, 0x9C, 0xFB, 0xF0, 0x9F, 0xE1, 0x03, 0x18,
    0xFD, 0x07, 0x91, 0xFF, 0x91, 0x49, 0x06, 0x06, 0x20, 0xC9, 0x4F, 0x36, 0x89, 0x0C, 0x3E, 0x80,
    0x0C, 0x03, 0x5A, 0xC1, 0x8F, 0x46, 0x42, 0xC4, 0x01, 0xFD, 0xFE, 0x32, 0x83, 0x78, 0x9C, 0x6D,
    0xCE, 0x81, 0x0D, 0x00, 0x30, 0x04, 0x04, 0xC0, 0xDF, 0xC0, 0xFE, 0x5B, 0xDA, 0x40, 0x8B, 0xD7,
    0x94, 0x90, 0x34, 0x97, 0x78, 0x15, 0xB0, 0x5B, 0x02, 0x60, 0x3A, 0xCA, 0xDB, 0x56, 0x5A, 0x29,
    0xD4, 0xC0, 0x70, 0x55, 0xC3, 0x9A, 0xFB, 0xFF, 0x71, 0x8F, 0xC4, 0xA8, 0x3E, 0xA3, 0xEF, 0x4F,
    0x9A, 0xDA, 0xF6, 0x21, 0x83, 0xE5, 0xD4, 0x44, 0x19, 0x4E, 0x33, 0x3F, 0x00, 0x23, 0x73, 0xD8,
    0x78, 0x9C, 0xFB, 0xF0, 0x1F, 0x08, 0x18, 0x3E, 0x20, 0x91, 0x98, 0xE0, 0xC3, 0x7F, 0x08, 0xFA,
    0x80, 0xA2, 0x92, 0x1F, 0x44, 0x82, 0x65, 0xF9, 0xC9, 0x26, 0xD1, 0x6C, 0x01, 0x82, 0xFF, 0x60,
    0x71, 0x64, 0x12, 0x22, 0x0E, 0x00, 0x45, 0xFE, 0x41, 0x47, 0x78, 0x9C, 0xFB, 0xFF, 0x1F, 0x08,
    0xF8, 0x19, 0x18, 0xFE, 0xFF, 0x87, 0x30, 0x20, 0xF4, 0x7F, 0x24, 0x9A, 0x01, 0x24, 0x89, 0x95,
    0xFE, 0x80, 0xA2, 0x0E, 0x49, 0x3F, 0xCC, 0x3C, 0x30, 0x0D, 0x56, 0xC6, 0x80, 0x8A, 0xF9, 0xA1,
    0xFA, 0xF9, 0x91, 0xCC, 0x01, 0x9B, 0xCB, 0x0F, 0xA3, 0x19, 0xD0, 0xC1, 0x07, 0xB0, 0x35, 0x18,
    0x34, 0x00, 0xFC, 0xA5, 0x6D, 0xB1, 0x78, 0x9C, 0x63, 0xF8, 0xFF, 0x9F, 0x01, 0x88, 0x80, 0xF8,
    0x03, 0x84, 0xFA, 0x8F, 0x4A, 0x31, 0x30, 0x80, 0x28, 0x7E, 0x08, 0xC5, 0x40, 0x09, 0x85, 0x02,
    0x40, 0xE6, 0xF3, 0xA3, 0x53, 0x00, 0xC9, 0xC1, 0x35, 0xF8, 0x78, 0x9C, 0x6D, 0x4E, 0x41, 0x0E,
    0x00, 0x20, 0x08, 0xE2, 0x07, 0xFE, 0xFF, 0x97, 0xFC, 0x80, 0x4C, 0x72, 0xAE, 0x16, 0x07, 0x91,
    0x29, 0x28, 0x00, 0x06, 0x0A, 0xD2, 0x9F, 0x7B, 0xFE, 0x80, 0x52, 0x98, 0xAA, 0x51, 0xC1, 0x32,
    0x35, 0xB7, 0x9B, 0x30, 0xCF, 0x76, 0xCD, 0xC3, 0xE9, 0xB7, 0xDF, 0x4D, 0xAF, 0xB4, 0x67, 0x3E,
    0x91, 0x99, 0xCF, 0x1D, 0xDF, 0x3D, 0x81, 0x59, 0x17, 0x1A, 0x2F, 0x58, 0x4E, 0x78, 0x9C, 0x63,
    0x60, 0x80, 0x80, 0xFF, 0xFF, 0xB1, 0x93, 0xC8, 0xE0, 0xFF, 0x7F, 0x7E, 0x10, 0x01, 0xA4, 0x3E,
    0xA0, 0x90, 0x40, 0x51, 0x86, 0x0F, 0x30, 0x4D, 0xFF, 0x21, 0x1C, 0x28, 0x05, 0x93, 0x02, 0x6B,
    0x04, 0xAB, 0x87, 0x00, 0xA8, 0x5E, 0x88, 0x12, 0x00, 0xF5, 0x64, 0x3E, 0xC2, 0x78, 0x9C, 0x6D,
    0x4E, 0xC1, 0x11, 0x00, 0x20, 0x08, 0x62, 0x83, 0xF6, 0xDF, 0xB2, 0x0D, 0x4C, 0x84, 0xEA, 0xEC,
    0xF2, 0x83, 0x08, 0xA8, 0xC0, 0x8C, 0x18, 0x00, 0xA1, 0x9A, 0xA8, 0x12, 0x4D, 0x9E, 0x98, 0x1A,
    0x65, 0x9A, 0x20, 0x6E, 0x7B, 0x4D, 0x1C, 0x3B, 0x79, 0x35, 0xDB, 0xD2, 0x32, 0x20, 0x86, 0x70,
    0x3E, 0x77, 0x74, 0xD7, 0x0B, 0xF1, 0x2D, 0x8F, 0xEF, 0x27, 0x1D, 0xA5, 0x2F, 0xD3, 0x97, 0x57,
    0x4F, 0x78, 0x9C, 0x5D, 0x4C, 0xC1, 0x11, 0x00, 0x20, 0x08, 0x62, 0x03, 0xF7, 0xDF, 0xD2, 0x0D,
    0x08, 0x45, 0xAF, 0x2E, 0x1F, 0x88, 0x20, 0x00, 0x64, 0x40, 0xA0, 0x95, 0x85, 0xCC, 0xE1, 0x52,
    0x21, 0x2E, 0x2C, 0xD7, 0xC7, 0xAC, 0xB5, 0x3A, 0xE8, 0x14, 0x6F, 0x43, 0xEC, 0xCB, 0x3B, 0x19,
    0x2E, 0xFA, 0xB1, 0xF4, 0x03, 0x4A, 0x90, 0x3F, 0xB2, 0x78, 0x9C, 0x63, 0x60, 0x60, 0xF8, 0xCF,
    0x00, 0x06, 0x1F, 0xFE, 0xF3, 0x63, 0xA5, 0x61, 0xF2, 0x50, 0x0E, 0x04, 0xF0, 0xE3, 0xA2, 0x71,
    0x9B, 0x43, 0x5B, 0x1A, 0x00, 0xDF, 0x91, 0x41, 0xFB, 0x78, 0x9C, 0x63, 0xF8, 0xC0, 0xCF, 0x00,
    0x04, 0xFF, 0xFF, 0xA3, 0x93, 0x10, 0x71, 0x64, 0xF0, 0xE1, 0x3F, 0x82, 0x44, 0x52, 0xF9, 0x1F,
    0x04, 0xB0, 0x90, 0x58, 0xCC, 0xC4, 0x46, 0xF2, 0x43, 0x8D, 0x00, 0x99, 0x8C, 0x20, 0x41, 0x14,
    0x03, 0x00, 0x0E, 0x23, 0x40, 0x84, 0x78, 0x9C, 0xFB, 0xFF, 0x1F, 0x0C, 0xF8, 0xFF, 0xE3, 0xA0,
    0x19, 0x18, 0x3E, 0x80, 0x08, 0x06, 0xFA, 0xD3, 0x18, 0xE0, 0x3F, 0x03, 0x7E, 0xF5, 0x60, 0x79,
    0x00, 0x95, 0x81, 0x41, 0xFB, 0x78, 0x9C, 0x63, 0xF8, 0xF0, 0x9F, 0x01, 0x08, 0x20, 0xE4, 0x7F,
    0x04, 0xF9, 0x1F, 0x04, 0xB0, 0x90, 0xC8, 0x6A, 0xF0, 0x90, 0xFC, 0x50, 0x23, 0x40, 0x26, 0x23,
    0x48, 0x10, 0xC5, 0x80, 0x0A, 0x3E, 0xF0, 0x63, 0x37, 0x02, 0x24, 0x0E, 0x00, 0x61, 0x34, 0x40,
    0x84, 0x78, 0x9C, 0xFB, 0xFF, 0x1F, 0x0C, 0xF8, 0xFF, 0xE3, 0xA0, 0x19, 0x18, 0x3E, 0x80, 0x08,
    0x06, 0xFA, 0xD3, 0x68, 0xE0, 0x03, 0xC8, 0x39, 0x98, 0x34, 0x00, 0x0A, 0xC3, 0x48, 0xC7, 0x78,
    0x9C, 0x63, 0xF8, 0xF0, 0x9F, 0x01, 0x08, 0x20, 0xE4, 0x7F, 0x04, 0xF9, 0x1F, 0x04, 0xB0, 0x90,
    0xC8, 0x6A, 0xF0, 0x90, 0xFC, 0x50, 0x23, 0x40, 0x26, 0x23, 0x48, 0x10, 0xC5, 0x80, 0x02, 0x40,
    0x6A, 0xF8, 0x91, 0x49, 0x00, 0xB0, 0xDB, 0x44, 0xAD, 0x78, 0x9C, 0x7D, 0xCF, 0xCB, 0x11, 0x00,
    0x21, 0x08, 0x03, 0x50, 0x3A, 0x48, 0xFF, 0x5D, 0xA6, 0x83, 0xEC, 0x08, 0xAE, 0x44, 0x0E, 0x72,
    0x60, 0x9E, 0x7C, 0x74, 0x8C, 0xB8, 0x83, 0x66, 0xA1, 0xCB, 0x92, 0xD5, 0xEF, 0x83, 0x2D, 0xF7,
    0x42, 0xB7, 0x51, 0x33, 0x14, 0xF8, 0x30, 0x95, 0x69, 0x58, 0xE5, 0x35, 0x37, 0x2C, 0x65, 0x2A,
    0xC3, 0xCD, 0x61, 0xAC, 0x37, 0xDC, 0xCA, 0x9B, 0x7F, 0x87, 0x3B, 0x1E, 0x3E, 0x3F, 0x3F, 0xC6,
    0xF6, 0x07, 0xA0, 0xD7, 0x8B, 0x75, 0x78, 0x9C, 0x7D, 0xCE, 0xD1, 0x0D, 0x00, 0x30, 0x04, 0x04,
    0x50, 0x1B, 0xD8, 0x7F, 0x4B, 0x1B, 0x5C, 0x39, 0x29, 0x3E, 0xB4, 0x1A, 0xF1, 0x22, 0xA4, 0x44,
    0x66, 0x18, 0x8A, 0x80, 0x2E, 0x34, 0xAC, 0x13, 0xD2, 0xDD, 0x6F, 0x98, 0xAF, 0x44, 0xFA, 0x6E,
    0x12, 0x93, 0x51, 0x59, 0x36, 0xC2, 0xBF, 0xBB, 0xD4, 0x20, 0xAF, 0x6D, 0x2A, 0x1F, 0x99, 0x23,
    0x45, 0x14, 0x2D, 0x4F, 0x7E, 0x51, 0x93, 0x07, 0x41, 0x89, 0x6D, 0x93, 0x78, 0x9C, 0x7D, 0xCF,
    0xCB, 0x09, 0xC0, 0x30, 0x0C, 0x03, 0x50, 0x6D, 0xA0, 0xFD, 0xB7, 0xD4, 0x06, 0x2A, 0xB5, 0x5B,
    0x47, 0x24, 0x10, 0x1F, 0xCC, 0xC3, 0x3F, 0x30, 0x70, 0x04, 0x17, 0xE5, 0xA0, 0xA7, 0x61, 0xAF,
    0x7A, 0x10, 0x8A, 0xD5, 0x69, 0xB3, 0x67, 0x64, 0xEA, 0xE2, 0x3A, 0x7F, 0xD8, 0xED, 0x77, 0x6E,
    0xB3, 0x5D, 0xA9, 0xCD, 0xB4, 0x36, 0xB3, 0xDE, 0x08, 0xBB, 0x2E, 0xFF, 0x46, 0x1A, 0x17, 0xCF,
    0xE3, 0x63, 0x7E, 0x7E, 0x00, 0x98, 0xDF, 0x8B, 0x84, 0x78, 0x9C, 0x7D, 0xCE, 0x87, 0x0D, 0x00,
    0x20, 0x08, 0x04, 0x40, 0x36, 0xF8, 0xFD, 0xB7, 0x64, 0x83, 0x97, 0x12, 0xC1, 0xD8, 0x30, 0x86,
    0x0B, 0x82, 0x2A, 0xB2, 0x85, 0xA2, 0x48, 0x56, 0xB1, 0x49, 0xE2, 0x3C, 0x97, 0x2E, 0x7E, 0x43,
    0xAD, 0xCF, 0xB7, 0x8D, 0x26, 0xB9, 0xD2, 0x73, 0xA4, 0x1B, 0x69, 0x0F, 0x4F, 0xC2, 0xE9, 0xB7,
    0x2D, 0x44, 0xAC, 0x60, 0xB6, 0x14, 0x59, 0xD4, 0xFC, 0xFC, 0x8B, 0x48, 0x0E, 0x33, 0x4D, 0x6C,
    0x94, 0x78, 0x9C, 0x7D, 0xCF, 0x8B, 0x09, 0x00, 0x20, 0x08, 0x45, 0x51, 0x37, 0x70, 0xFF, 0x2D,
    0xDB, 0xE0, 0xD6, 0x43, 0x85, 0x84, 0x4C, 0xFA, 0x70, 0xC0, 0x47, 0x66, 0x66, 0x86, 0x6B, 0x45,
    0x2D, 0x81, 0x17, 0x5A, 0xDB, 0x50, 0x0A, 0xC4, 0x71, 0x62, 0x79, 0x17, 0x18, 0x90, 0x9B, 0x2B,
    0x37, 0x63, 0x75, 0x78, 0x3D, 0x98, 0x88, 0x11, 0x68, 0xD0, 0xD4, 0x4C, 0x20, 0xBE, 0x07, 0x0F,
    0x78, 0x42, 0xCD, 0x7F, 0x6C, 0x09, 0x48, 0x8E, 0xBD, 0x78, 0x9C, 0x6D, 0xCD, 0x81, 0x0D, 0xC0,
    0x20, 0x08, 0x44, 0x51, 0x36, 0x60, 0xFF, 0x2D, 0xD9, 0xE0, 0xD7, 0xC3, 0x33, 0xAD, 0x56, 0x84,
    0xE4, 0x69, 0x00, 0x23, 0xA2, 0x50, 0x76, 0x80, 0xF2, 0xE4, 0xA7, 0xE1, 0x12, 0x45, 0x8E, 0x6E,
    0x15, 0xA2, 0x6B, 0xA3, 0xE6, 0xE9, 0xEB, 0x4E, 0x98, 0x9B, 0x4D, 0xCC, 0x1C, 0x87, 0x5E, 0xFC,
    0xD2, 0xEF, 0x8B, 0x1C, 0xF4, 0xAA, 0x3F, 0xB3, 0xFF, 0x8B, 0x07, 0xEF, 0xBD, 0x6E, 0x74, 0x78,
    0x9C, 0x63, 0x60, 0x60, 0xF8, 0xF0, 0x9F, 0x01, 0x02, 0xFE, 0xFF, 0xE7, 0xC7, 0xC5, 0x80, 0xAB,
    0x81, 0x71, 0xF9, 0xC1, 0xB2, 0x40, 0xC6, 0x7F, 0x06, 0x08, 0x01, 0x61, 0xF0, 0x43, 0xF4, 0x80,
    0x19, 0x20, 0x02, 0x24, 0x0A, 0x96, 0x07, 0x33, 0x18, 0x90, 0x18, 0x10, 0x23, 0x40, 0x72, 0x08,
    0x06, 0xCC, 0x52, 0x38, 0x83, 0x1F, 0xD9, 0x3A, 0xF2, 0x18, 0x00, 0x91, 0x03, 0x47, 0xAA, 0x78,
    0x9C, 0x63, 0x60, 0x80, 0x83, 0xFF, 0xFF, 0xF1, 0xD3, 0x28, 0xE0, 0xC3, 0x7F, 0x7E, 0x08, 0x01,
    0x92, 0x85, 0xD1, 0xC8, 0x18, 0x49, 0x0E, 0xAC, 0x96, 0x01, 0x4E, 0xFF, 0x47, 0xD0, 0x10, 0x93,
    0xFE, 0xA3, 0xD0, 0x40, 0x09, 0x7E, 0x1C, 0x34, 0xB2, 0x7B, 0x3E, 0x40, 0x85, 0x61, 0x34, 0x9A,
    0x6E, 0x00, 0x67, 0xBE, 0x47, 0xD7, 0x78, 0x9C, 0xFB, 0xF0, 0x1F, 0x0C, 0x3E, 0x60, 0xA1, 0xF8,
    0x19, 0x80, 0x00, 0x42, 0x01, 0x05, 0x10, 0x1C, 0xC2, 0x62, 0x1F, 0xB0, 0x8A, 0xE1, 0x06, 0x0C,
    0xE8, 0x00, 0x22, 0x02, 0x35, 0x06, 0x95, 0x02, 0xCB, 0x01, 0x00, 0xE4, 0x35, 0x58, 0x8A, 0x78,
    0x9C, 0xFB, 0xF0, 0x1F, 0x04, 0x3E, 0xA0, 0x93, 0xFC, 0x0C, 0x0C, 0x40, 0x9A, 0x01, 0x46, 0xA2,
    0x08, 0xF0, 0xA3, 0x0B, 0x60, 0x07, 0x0C, 0x28, 0xE0, 0x03, 0x48, 0x17, 0x03, 0x44, 0x14, 0x99,
    0x04, 0x89, 0x03, 0x00, 0x76, 0xD9, 0x48, 0x5E, 0x78, 0x9C, 0xFB, 0xF0, 0x1F, 0x0C, 0x3E, 0x60,
    0xA1, 0xF8, 0x19, 0x80, 0x00, 0x42, 0x01, 0x05, 0x18, 0xC0, 0x14, 0x25, 0x62, 0xB8, 0x01, 0x03,
    0x2A, 0xF8, 0x00, 0x11, 0x43, 0xA1, 0x00, 0x7E, 0xBE, 0x5F, 0x38, 0x78, 0x9C, 0xFB, 0xF0, 0x1F,
    0x04, 0x3E, 0xA0, 0x93, 0xFC, 0x0C, 0x0C, 0x40, 0x9A, 0x81, 0x81, 0xE1, 0x3F, 0x94, 0x84, 0x0B,
    0x7C, 0x00, 0x31, 0x19, 0xA0, 0x4C, 0x28, 0x89, 0x15, 0x30, 0x20, 0x01, 0xB0, 0x1A, 0x14, 0x12,
    0x00, 0x8A, 0x44, 0x4F, 0x2A, 0x78, 0x9C, 0xFB, 0xFF, 0x9F, 0x01, 0x04, 0xFE, 0x13, 0x45, 0xFD,
    0xFF, 0xCF, 0x0F, 0xC4, 0x20, 0x80, 0x4A, 0xF1, 0x43, 0x24, 0xF8, 0x41, 0x2A, 0x3F, 0x50, 0x4C,
    0x31, 0xA0, 0x02, 0xB0, 0x05, 0x68, 0x14, 0x00, 0xDD, 0x41, 0x5A, 0x10, 0x78, 0x9C, 0xFB, 0xF0,
    0x9F, 0xE1, 0xC3, 0x7F, 0x86, 0xFF, 0x20, 0x92, 0x1F, 0x42, 0x7E, 0x00, 0x8B, 0xA0, 0x82, 0xFF,
    0xFC, 0x40, 0xE2, 0x03, 0x3A, 0xF9, 0xE1, 0x3F, 0x10, 0xF0, 0x63, 0x92, 0x98, 0x2A, 0xF1, 0x90,
    0x10, 0xF5, 0x20, 0x92, 0x01, 0x42, 0x02, 0x39, 0xFC, 0x00, 0xB9, 0xD7, 0x46, 0x9C, 0x78, 0x9C,
    0x55, 0x8D, 0xC1, 0x0D, 0x00, 0x30, 0x08, 0x02, 0xDD, 0xA0, 0xFB, 0x6F, 0xE9, 0x06, 0x54, 0xC0,
    0x92, 0xD4, 0x87, 0x9E, 0x04, 0xB1, 0xAA, 0x81, 0x53, 0x53, 0x33, 0x4D, 0x50, 0xAD, 0x40, 0xA9,
    0x29, 0xB3, 0xE1, 0x03, 0x7A, 0xEC, 0xCB, 0x12, 0x40, 0x00, 0x02, 0x86, 0x19, 0xE8, 0x32, 0xF4,
    0x03, 0x2B, 0xFE, 0x2F, 0xDB, 0x5E, 0xF9, 0x7B, 0x02, 0x2F, 0x81, 0xB1, 0x5D, 0xEE, 0x78, 0x9C,
    0x6D, 0xCE, 0xD1, 0x11, 0x00, 0x30, 0x04, 0x03, 0xD0, 0x6C, 0x60, 0xFF, 0x2D, 0x6D, 0x90, 0x96,
    0x54, 0xF5, 0xAE, 0x7C, 0xF0, 0x3E, 0xE2, 0x00, 0xE0, 0x24, 0xB2, 0x38, 0xC1, 0x62, 0x7A, 0xC3,
    0x0A, 0x50, 0xE8, 0x82, 0x0F, 0x3C, 0x43, 0xBB, 0x25, 0x62, 0x9B, 0x03, 0x98, 0x07, 0x0A, 0xDA,
    0x2C, 0x98, 0xBE, 0xF2, 0x80, 0x09, 0x18, 0xEB, 0x7C, 0xDA, 0x81, 0x1F, 0xCA, 0x2C, 0xFB, 0x77,
    0x58, 0x99, 0x78, 0x9C, 0x65, 0x8C, 0x81, 0x0D, 0x00, 0x30, 0x04, 0x04, 0x6F, 0x03, 0xFB, 0x6F,
    0x69, 0x83, 0xAF, 0xFA, 0x46, 0x9A, 0x56, 0x24, 0x87, 0x03, 0x48, 0x01, 0x29, 0x6D, 0xDE, 0x10,
    0x94, 0xD8, 0xC0, 0x48, 0x0F, 0xED, 0xAA, 0xA1, 0x33, 0x0C, 0x8C, 0x76, 0x9A, 0x95, 0x73, 0x50,
    0x25, 0x6F, 0x64, 0xCC, 0xE3, 0x0F, 0xED, 0x16, 0x4B, 0x8F, 0x4A, 0x98, 0x78, 0x9C, 0x5D, 0xCE,
    0xC1, 0x0D, 0x00, 0x20, 0x08, 0x03, 0x40, 0x36, 0xE8, 0xFE, 0x5B, 0xB2, 0x41, 0x25, 0x56, 0x29,
    0xCA, 0xEB, 0x42, 0x28, 0x10, 0xE1, 0x4A, 0xE2, 0x82, 0xDD, 0xFA, 0x71, 0x67, 0x02, 0xF1, 0x55,
    0xA7, 0x38, 0x80, 0x07, 0x75, 0xC1, 0xE0, 0xD9, 0x2B, 0x70, 0x20, 0x0D, 0xE8, 0xAD, 0x03, 0x6A,
    0x91, 0xC0, 0x01, 0x1A, 0x3B, 0x09, 0xA1, 0x62, 0x69, 0x40, 0x4F, 0x2E, 0x33, 0xBD, 0x5D, 0x67,
    0x78, 0x9C, 0x55, 0x8E, 0x01, 0x0A, 0x00, 0x30, 0x08, 0x02, 0xFD, 0x81, 0xFF, 0xFF, 0xE5, 0x7E,
    0xE0, 0x32, 0x63, 0xB4, 0x08, 0xAE, 0x50, 0x29, 0xE0, 0x10, 0xAE, 0x23, 0x06, 0x9A, 0x75, 0x23,
    0x1A, 0xB2, 0xFC, 0x25, 0x6B, 0x95, 0x32, 0x37, 0xCA, 0x4B, 0xAB, 0x63, 0x1A, 0x8F, 0x47, 0xC3,
    0x67, 0xBA, 0x19, 0x20, 0x68, 0x4D, 0xCF, 0x32, 0x01, 0xD6, 0x17, 0x17, 0xB2, 0xE2, 0x4E, 0x85,
    0x78, 0x9C, 0x6D, 0x8E, 0x81, 0x0D, 0x00, 0x21, 0x08, 0x03, 0xD9, 0xA0, 0xFB, 0x6F, 0xD9, 0x0D,
    0xFA, 0x5A, 0x78, 0x91, 0xC4, 0x86, 0xC0, 0x05, 0x5A, 0x63, 0xC4, 0x94, 0x6A, 0x52, 0xD9, 0x45,
    0x78, 0x2D, 0xA1, 0xD6, 0x4A, 0x0B, 0x5C, 0xB7, 0x58, 0x97, 0x6D, 0x3E, 0x80, 0x98, 0x71, 0x34,
    0x68, 0x3C, 0xA8, 0x0B, 0x68, 0xD3, 0x0F, 0xBB, 0x15, 0x58, 0x2F, 0x50, 0x83, 0x93, 0x48, 0x58,
    0x31, 0x36, 0x20, 0x3F, 0xF9, 0x01, 0x6C, 0x27, 0x62, 0x71, 0x78, 0x9C, 0x6D, 0x4E, 0x81, 0x09,
    0x00, 0x30, 0x08, 0xF2, 0x83, 0xFE, 0xFF, 0xD2, 0x0F, 0xDC, 0xA6, 0xC5, 0x18, 0x4C, 0x28, 0x33,
    0x8B, 0x02, 0x0E, 0x0A, 0x81, 0x52, 0x50, 0x4E, 0x65, 0x29, 0x89, 0x96, 0xB2, 0x64, 0x81, 0xF8,
    0xA1, 0x6D, 0x65, 0xEE, 0x61, 0xE5, 0x84, 0x19, 0xCD, 0xEC, 0x7E, 0xFB, 0x5B, 0xBA, 0x7F, 0x96,
    0xC2, 0x13, 0xF1, 0x75, 0xE7, 0x66, 0xCF, 0x6F, 0x2E, 0xBB, 0x29, 0x52, 0x90, 0x78, 0x9C, 0x6D,
    0xCE, 0x01, 0x0A, 0x00, 0x20, 0x08, 0x03, 0x40, 0x7F, 0xB0, 0xFF, 0xFF, 0xD2, 0x1F, 0xAC, 0xD2,
    0x96, 0x0A, 0x49, 0xC4, 0x91, 0x4E, 0x32, 0x53, 0x11, 0x02, 0xDF, 0x93, 0xCB, 0x64, 0xB6, 0x9D,
    0x6A, 0x23, 0x4E, 0xAF, 0x3E, 0x3C, 0x53, 0x2D, 0x8E, 0x02, 0xC7, 0x42, 0x36, 0x78, 0x0C, 0x09,
    0xE7, 0xBA, 0x88, 0xFA, 0x81, 0x85, 0x48, 0x22, 0xB1, 0x63, 0x5E, 0x40, 0x7E, 0x72, 0x01, 0x9A,
    0x8F, 0x62, 0x8F, 0x78, 0x9C, 0x6D, 0x8E, 0x01, 0x0A, 0x40, 0x31, 0x08, 0x42, 0xBD, 0x41, 0xF7,
    0xBF, 0x65, 0x37, 0x70, 0xDF, 0x4C, 0xC6, 0xE0, 0x07, 0xE1, 0xD2, 0xD7, 0x08, 0x85, 0xA9, 0x66,
    0x74, 0x0D, 0x96, 0x9F, 0x5D, 0x24, 0x9D, 0x70, 0x0D, 0x34, 0xFE, 0x6A, 0x63, 0x9A, 0x7B, 0x54,
    0x1F, 0x94, 0x88, 0x90, 0x01, 0x67, 0x18, 0xFD, 0xC6, 0xF1, 0xB5, 0x64, 0x4D, 0x3B, 0xE7, 0xE5,
    0xB2, 0xA7, 0xA3, 0x0F, 0x3A, 0x31, 0x53, 0x8F, 0x78, 0x9C, 0x75, 0xCE, 0x89, 0x09, 0x00, 0x21,
    0x0C, 0x04, 0xC0, 0xED, 0x20, 0xFD, 0x77, 0x99, 0x0E, 0xF6, 0xF2, 0x9A, 0x28, 0xDC, 0x22, 0x38,
    0x98, 0x07, 0x01, 0x0F, 0x05, 0x15, 0x2E, 0x86, 0x94, 0xD4, 0x14, 0xC9, 0x7E, 0x32, 0x67, 0x8F,
    0xC4, 0xB9, 0xA3, 0x5D, 0xF4, 0x89, 0x91, 0x3C, 0xB2, 0xAD, 0x4B, 0xC4, 0xBD, 0x79, 0x64, 0xD7,
    0xF9, 0xC0, 0x91, 0x94, 0x94, 0x91, 0x1F, 0x25, 0xBC, 0xB1, 0x0A, 0x5B, 0xDA, 0xCD, 0xB3, 0x0A,
    0x1F, 0x68, 0xE4, 0x65, 0x9B, 0x78, 0x9C, 0x65, 0x8E, 0x81, 0x09, 0xC0, 0x40, 0x08, 0x03, 0xB3,
    0x41, 0xF6, 0xDF, 0xD2, 0x0D, 0xAE, 0x1A, 0x9F, 0x6F, 0xA1, 0xA2, 0x1C, 0x92, 0x44, 0x94, 0xDE,
    0xC2, 0x0B, 0x82, 0x62, 0xC6, 0x03, 0xA0, 0x66, 0x61, 0x1C, 0x65, 0x95, 0x7E, 0xB5, 0x12, 0xB1,
    0x7C, 0xD1, 0x69, 0xDF, 0x93, 0x70, 0x3C, 0x39, 0xD9, 0xE8, 0x45, 0x69, 0x2F, 0xB4, 0x88, 0xC6,
    0xB5, 0x9C, 0xC0, 0x7C, 0xF4, 0x00, 0x37, 0x52, 0x55, 0x60, 0x78, 0x9C, 0x85, 0x8E, 0xDB, 0x0D,
    0x00, 0x20, 0x0C, 0x02, 0xD9, 0xA0, 0xFB, 0x6F, 0xC9, 0x06, 0xA8, 0x7D, 0x44, 0x63, 0x1A, 0x25,
    0xFD, 0xB8, 0x14, 0x68, 0x0A, 0x1C, 0x92, 0x20, 0x07, 0x6A, 0x2A, 0xC8, 0x28, 0xC3, 0x25, 0xA6,
    0xB9, 0x1A, 0xE9, 0xCE, 0x54, 0x2D, 0xCD, 0xE7, 0xDB, 0xE8, 0xA9, 0xAE, 0xB0, 0x25, 0xE4, 0x33,
    0x7A, 0x91, 0x3F, 0xEF, 0x95, 0x8E, 0x02, 0x56, 0x30, 0x8D, 0x93, 0x58, 0xE1, 0x7D, 0x0A, 0x03,
    0x59, 0x5D, 0x6A, 0x78, 0x78, 0x9C, 0x65, 0x8C, 0x89, 0x0D, 0x00, 0x31, 0x08, 0xC3, 0xBC, 0x01,
    0xFB, 0x6F, 0x99, 0x0D, 0x72, 0x7C, 0xBA, 0x56, 0x2A, 0x42, 0x32, 0x34, 0xA6, 0xE0, 0x50, 0x80,
    0x6C, 0x17, 0x42, 0xE6, 0x94, 0xEA, 0x0D, 0x32, 0xE3, 0x52, 0x10, 0x4F, 0x4D, 0xE4, 0x56, 0x6E,
    0xE4, 0x61, 0x54, 0xBA, 0xD2, 0x3A, 0xFD, 0x65, 0x22, 0x17, 0xBA, 0x63, 0xC0, 0xA0, 0x33, 0xFF,
    0xCA, 0x1E, 0xE4, 0xC8, 0x07, 0x6A, 0x2D, 0x56, 0x7D, 0x78, 0x9C, 0x75, 0xCF, 0x8B, 0x0D, 0x00,
    0x21, 0x08, 0x03, 0x50, 0x36, 0xE8, 0xFE, 0x5B, 0x76, 0x83, 0x7A, 0xD0, 0xC0, 0x79, 0x17, 0x25,
    0x46, 0x5F, 0x4C, 0xF1, 0x13, 0xF1, 0x96, 0xA4, 0x01, 0x72, 0xA5, 0xC2, 0x5B, 0x44, 0x8E, 0x4F,
    0x71, 0x0B, 0x5F, 0xDB, 0x07, 0xF8, 0x1F, 0xD8, 0xD0, 0x06, 0x56, 0xE8, 0x99, 0x0A, 0xD9, 0xAD,
    0x03, 0x54, 0x17, 0x34, 0xDC, 0xD9, 0x80, 0x5F, 0xC5, 0x04, 0x8C, 0x38, 0x96, 0xE6, 0x17, 0xB8,
    0xC1, 0x99, 0x05, 0x3C, 0x51, 0x64, 0x8D, 0x78, 0x9C, 0x65, 0x8E, 0x01, 0x0E, 0x00, 0x10, 0x0C,
    0x03, 0xFB, 0x83, 0xFD, 0xFF, 0x97, 0x7E, 0x50, 0x5D, 0x35, 0x08, 0xB2, 0x38, 0xB3, 0x9B, 0x01,
    0xB2, 0x48, 0x6A, 0x1F, 0x07, 0xA5, 0xBB, 0x42, 0xA7, 0x8A, 0x51, 0x78, 0x97, 0x8D, 0x16, 0xC5,
    0x1B, 0xB2, 0xBB, 0x95, 0x91, 0xE2, 0x78, 0x80, 0xA0, 0x04, 0x8E, 0x5A, 0xC0, 0x82, 0x6B, 0xDC,
    0x4A, 0x1A, 0x74, 0xFC, 0xC6, 0xE6, 0x27, 0xD7, 0xFB, 0x07, 0xAE, 0x4D, 0xF8, 0x87, 0x5A, 0x88,
    0x78, 0x9C, 0x75, 0xCE, 0xC1, 0x0D, 0xC0, 0x30, 0x08, 0x03, 0x40, 0x36, 0xF0, 0xFE, 0x5B, 0x7A,
    0x03, 0x97, 0xC6, 0x50, 0xA8, 0xD4, 0xF2, 0x48, 0x4E, 0x71, 0x10, 0x44, 0xEC, 0x52, 0xDD, 0x14,
    0x1A, 0x9D, 0xF8, 0x81, 0xA0, 0x3F, 0x65, 0xC0, 0x82, 0x3A, 0x93, 0xE2, 0xA7, 0x9E, 0x48, 0x0B,
    0x78, 0x21, 0x47, 0x0E, 0x7A, 0x84, 0xA1, 0x05, 0x6F, 0xD6, 0xB8, 0x8F, 0xC2, 0xA9, 0x2F, 0x68,
    0x70, 0x3A, 0x61, 0x64, 0x1B, 0x07, 0xF0, 0x92, 0x17, 0xF5, 0xFE, 0x68, 0x2F, 0x78, 0x9C, 0x55,
    0x8E, 0xC1, 0x0D, 0x00, 0x20, 0x08, 0x03, 0xD9, 0x80, 0xFD, 0xB7, 0x64, 0x83, 0x4A, 0x4B, 0x95,
    0xC8, 0xE7, 0x4C, 0xAE, 0x14, 0x23, 0xEE, 0x14, 0x04, 0x18, 0x39, 0xF0, 0x9B, 0xB2, 0x0D, 0x65,
    0x01, 0x92, 0x70, 0xF2, 0x1B, 0x29, 0x26, 0xB4, 0xB3, 0xE8, 0x68, 0x6E, 0xB7, 0x5B, 0xD4, 0x49,
    0xD4, 0x54, 0x33, 0xED, 0x23, 0x82, 0x1C, 0x5E, 0xC4, 0x0B, 0xFC, 0xCB, 0x01, 0x0D, 0xAF, 0x56,
    0x8C, 0x78, 0x9C, 0x75, 0xCE, 0xC1, 0x0D, 0x00, 0x21, 0x08, 0x44, 0x51, 0x3A, 0xA0, 0xFF, 0x2E,
    0xE9, 0xE0, 0xAF, 0xCA, 0x20, 0x9A, 0xB8, 0x73, 0x30, 0x2F, 0x19, 0x09, 0x98, 0x75, 0xC2, 0x05,
    0x0A, 0xC1, 0x86, 0xEB, 0x0B, 0x86, 0x9A, 0x10, 0xA8, 0x0E, 0xEC, 0x27, 0xBB, 0xE2, 0x80, 0x5F,
    0x18, 0x1B, 0x1A, 0xB5, 0x22, 0xC1, 0x81, 0x3C, 0xA4, 0x30, 0x1F, 0x61, 0xE5, 0x05, 0x1A, 0x6B,
    0xD2, 0x13, 0x63, 0x2C, 0x1A, 0x9E, 0x47, 0x7E, 0xF8, 0xFB, 0x68, 0x3E, 0x78, 0x9C, 0x65, 0x8E,
    0x81, 0x09, 0x00, 0x20, 0x08, 0x04, 0xDD, 0xA0, 0xFD, 0xB7, 0x74, 0x83, 0xCB, 0xFF, 0xA4, 0x84,
    0x24, 0x38, 0xC9, 0xF3, 0x2B, 0xA2, 0x8B, 0x35, 0x91, 0x0C, 0xD4, 0x9D, 0x1A, 0xD0, 0xA9, 0x16,
    0x4B, 0x40, 0x7C, 0xE5, 0x91, 0x0C, 0xEF, 0x3C, 0x94, 0xBA, 0x9C, 0x70, 0xA4, 0x76, 0x1C, 0x52,
    0xC8, 0x13, 0x2D, 0xBB, 0x1F, 0x31, 0x3C, 0xE3, 0x2A, 0xBD, 0xA0, 0xBF, 0x6C, 0xFA, 0x1D, 0x56,
    0x8C, 0x78, 0x9C, 0x75, 0xCE, 0xC1, 0x0D, 0x00, 0x20, 0x08, 0x03, 0x40, 0x36, 0x60, 0xFF, 0x2D,
    0xBB, 0x41, 0x45, 0x29, 0x8A, 0x89, 0xF2, 0xD0, 0x23, 0x36, 0xA0, 0xD9, 0x29, 0xD0, 0xB7, 0x6E,
    0xC0, 0xE9, 0x54, 0x0F, 0x81, 0x4A, 0x07, 0xEC, 0x53, 0xA8, 0xA7, 0x1E, 0xBE, 0x11, 0x3B, 0x0F,
    0x6A, 0x45, 0x82, 0x0D, 0xF9, 0xB5, 0xC2, 0x3C, 0x84, 0x55, 0x2F, 0xE4, 0x1D, 0xA1, 0x35, 0x03,
    0x0D, 0x10, 0x98, 0x43, 0x03, 0x03, 0xFA, 0x5A, 0x69, 0x3D, 0x78, 0x9C, 0x65, 0x8E, 0x01, 0x0A,
    0xC0, 0x30, 0x08, 0x03, 0xFD, 0x81, 0xFF, 0xFF, 0xA5, 0x3F, 0xC8, 0xCC, 0x35, 0x74, 0x83, 0x49,
    0xE1, 0x04, 0xCF, 0xD8, 0xAA, 0xD4, 0x28, 0x68, 0xF8, 0xC5, 0x94, 0xA6, 0xE9, 0x2D, 0x49, 0x7E,
    0xDB, 0x8A, 0xA1, 0xA4, 0xFA, 0x15, 0x23, 0x1B, 0xEC, 0xBC, 0x58, 0xB5, 0x49, 0x38, 0x52, 0x1C,
    0x42, 0x16, 0x73, 0xA2, 0x6D, 0xE7, 0x08, 0x60, 0xA6, 0xAB, 0x64, 0xC1, 0x7F, 0x79, 0x00, 0xFF,
    0xD1, 0x59, 0x89, 0x78, 0x9C, 0x7D, 0x8D, 0xC1, 0x0D, 0x00, 0x20, 0x08, 0x03, 0xBB, 0x01, 0xFB,
    0x6F, 0xC9, 0x06, 0xD5, 0x8A, 0x04, 0x4D, 0xD0, 0x8B, 0x8F, 0x33, 0xA5, 0x00, 0x80, 0x06, 0x83,
    0x70, 0x12, 0xDC, 0x26, 0x5F, 0x66, 0xCA, 0x6F, 0x9C, 0x7A, 0x0B, 0x32, 0xD3, 0x2C, 0xF4, 0x54,
    0x5A, 0x8D, 0xD6, 0x2C, 0xEF, 0xB6, 0xA6, 0x4F, 0x14, 0x3E, 0x36, 0x6F, 0x89, 0x87, 0x85, 0x68,
    0x70, 0x07, 0xA7, 0x79, 0x0E, 0xD7, 0x2A, 0x0C, 0x7F, 0x27, 0x6B, 0x4A, 0x78, 0x9C, 0x5D, 0x8E,
    0x81, 0x09, 0x00, 0x30, 0x08, 0xC3, 0xFA, 0x41, 0xFF, 0xFF, 0xD2, 0x0F, 0x3A, 0xAB, 0x4E, 0xC6,
    0x44, 0x88, 0xAE, 0x11, 0x06, 0x88, 0x41, 0x20, 0x24, 0x19, 0x0C, 0x61, 0x2B, 0x83, 0xCE, 0xA0,
    0x51, 0xFC, 0x5A, 0xE2, 0x5F, 0xBA, 0x46, 0xF2, 0x45, 0x5E, 0xD0, 0xE9, 0x48, 0xE3, 0x78, 0x34,
    0x72, 0x41, 0x35, 0x1B, 0x68, 0x54, 0xA6, 0x55, 0xE6, 0xC0, 0xFF, 0x38, 0x72, 0xCA, 0x56, 0x8C,
    0x78, 0x9C, 0x75, 0x8F, 0x8B, 0x0D, 0x00, 0x21, 0x08, 0x43, 0xBB, 0x41, 0xF7, 0xDF, 0x92, 0x0D,
    0x7A, 0x7C, 0xC4, 0x4F, 0xF4, 0x1A, 0xA2, 0x2F, 0xA6, 0x05, 0x04, 0x8C, 0x51, 0x2E, 0x53, 0x54,
    0x82, 0x94, 0x2F, 0x98, 0x60, 0xE3, 0x5E, 0x72, 0x13, 0xDA, 0x73, 0x03, 0x8F, 0x3E, 0x9E, 0x6E,
    0x80, 0x74, 0x80, 0x36, 0xA8, 0x21, 0x7E, 0x24, 0x44, 0x5A, 0x0F, 0x50, 0x0E, 0x68, 0xA8, 0x64,
    0x03, 0x6B, 0x2B, 0x0B, 0xE0, 0x73, 0xED, 0x21, 0xCD, 0x5F, 0xF0, 0x0F, 0xCA, 0xF3, 0x01, 0x7E,
    0x2A, 0x67, 0x7B, 0x78, 0x9C, 0x65, 0x8E, 0x01, 0x0E, 0x00, 0x20, 0x08, 0x02, 0xFD, 0x81, 0xFF,
    0xFF, 0xA5, 0x3F, 0x20, 0x44, 0xD3, 0xAD, 0x58, 0xDB, 0xB9, 0x40, 0xCA, 0xAC, 0x04, 0xB7, 0x00,
    0x81, 0x3C, 0x1C, 0xC1, 0x8B, 0x0B, 0xD2, 0x6D, 0x35, 0x96, 0x76, 0x16, 0xDC, 0x73, 0x35, 0x54,
    0xA8, 0x33, 0x39, 0x26, 0xA2, 0xAA, 0x33, 0xDD, 0x8F, 0x08, 0xF2, 0x30, 0x91, 0x5E, 0xD0, 0x5F,
    0x1E, 0x85, 0x4F, 0xF1, 0x07, 0x79, 0x07, 0x35, 0x07, 0x5B, 0x87, 0x78, 0x9C, 0xFB, 0xFF, 0x1F,
    0x17, 0x60, 0x00, 0x02, 0x54, 0x12, 0x08, 0xF8, 0xB1, 0x91, 0x98, 0x2A, 0xE1, 0xEA, 0x71, 0x98,
    0x8B, 0x00, 0x1F, 0xF8, 0xB1, 0xEB, 0x06, 0x89, 0x03, 0x00, 0x9F, 0x28, 0x59, 0xE3, 0x78, 0x9C,
    0x5D, 0x8C, 0xC1, 0x0D, 0x00, 0x30, 0x08, 0x02, 0xD9, 0xA0, 0xFB, 0x6F, 0xE9, 0x06, 0x2A, 0x4A,
    0x48, 0x5B, 0x1F, 0x1C, 0x09, 0x02, 0x10, 0x99, 0x00, 0x95, 0xA4, 0xE6, 0x11, 0xA2, 0x5D, 0x5B,
    0x63, 0xEE, 0x47, 0x67, 0xD0, 0x86, 0xEA, 0x5E, 0x89, 0x05, 0x39, 0x5F, 0xEF, 0x6D, 0xC3, 0x03,
    0x37, 0x26, 0x2B, 0x81, 0x93, 0x4D, 0x86, 0x78, 0x9C, 0x63, 0x60, 0x80, 0x80, 0xFF, 0xFF, 0x21,
    0x24, 0x3F, 0x98, 0x42, 0x90, 0x1F, 0xC0, 0xE2, 0x1F, 0x18, 0x18, 0xE0, 0xEA, 0x70, 0x01, 0x64,
    0x53, 0xE0, 0x2A, 0xF9, 0xB1, 0x91, 0x98, 0x2A, 0xF1, 0x99, 0x0C, 0x00, 0xA3, 0xAB, 0x5A, 0xF1,
    0x78, 0x9C, 0x5D, 0x8D, 0xC1, 0x0D, 0x00, 0x30, 0x08, 0x02, 0xD9, 0xC0, 0xFD, 0xB7, 0x74, 0x03,
    0x2A, 0x12, 0x9B, 0x5A, 0x1E, 0x5C, 0x88, 0x8A, 0x40, 0x12, 0x52, 0x32, 0x8C, 0x89, 0x2F, 0x3C,
    0x83, 0xC3, 0x96, 0x0F, 0xCA, 0x45, 0x79, 0xED, 0x1A, 0xDD, 0x48, 0x5E, 0xB4, 0x7E, 0xAC, 0xA7,
    0x5C, 0x2D, 0x69, 0x88, 0x81, 0x03, 0xF6, 0x06, 0x52, 0x54, 0x78, 0x9C, 0x63, 0x60, 0x00, 0x83,
    0xFF, 0xFF, 0xF9, 0x3F, 0xFC, 0x07, 0x92, 0x40, 0xF0, 0x01, 0x4A, 0x02, 0x69, 0x7E, 0x06, 0x7E,
    0x06, 0xA0, 0x30, 0x4C, 0x09, 0x2E, 0x00, 0x91, 0x45, 0x26, 0x41, 0x82, 0x60, 0x92, 0x1F, 0x95,
    0xC4, 0x54, 0x89, 0xCF, 0x64, 0x00, 0x4B, 0xC9, 0x67, 0xA8, 0x78, 0x9C, 0x65, 0x8C, 0xC1, 0x0D,
    0x00, 0x20, 0x0C, 0x02, 0xD9, 0x80, 0xFD, 0xB7, 0xEC, 0x06, 0xB5, 0x27, 0xC6, 0x98, 0xC8, 0xE7,
    0x68, 0x03, 0x48, 0x51, 0xB7, 0xAA, 0x81, 0x0B, 0x87, 0x06, 0x63, 0xCC, 0x1F, 0x5C, 0xD5, 0x3E,
    0xC8, 0x98, 0x42, 0x92, 0x07, 0xA4, 0x3D, 0x2E, 0x40, 0x1F, 0x9E, 0x8D, 0xF4, 0xEE, 0x4A, 0xCE,
    0xBC, 0xA5, 0x05, 0x23, 0x7C, 0x57, 0x7C, 0x78, 0x9C, 0x63, 0x60, 0x40, 0x80, 0x0F, 0xFC, 0x60,
    0xEA, 0x3F, 0x90, 0xFA, 0xFF, 0x9F, 0xFF, 0x3F, 0x50, 0xE0, 0xFF, 0xFF, 0xFF, 0x60, 0x81, 0x0F,
    0x20, 0xB1, 0x0F, 0x60, 0x04, 0x05, 0xFF, 0xC1, 0x00, 0x17, 0x05, 0x55, 0x82, 0x4A, 0x01, 0x01,
    0x3F, 0x2E, 0x0A, 0xAB, 0x06, 0x82, 0x16, 0x01, 0x00, 0x8E, 0xE3, 0x5F, 0xDD, 0x78, 0x9C, 0x6D,
    0x8C, 0xB9, 0x11, 0x00, 0x30, 0x0C, 0xC2, 0xBC, 0x01, 0xFB, 0x6F, 0xC9, 0x06, 0x4A, 0xFC, 0x14,
    0x2E, 0x4C, 0x23, 0x38, 0x0E, 0x22, 0x52, 0x8E, 0x96, 0x69, 0xA2, 0xF4, 0x54, 0x04, 0x54, 0x51,
    0x54, 0x4B, 0x58, 0x71, 0xC8, 0x5D, 0x7F, 0x30, 0x33, 0xF2, 0x66, 0xE8, 0xF6, 0x8B, 0xA5, 0x83,
    0xDA, 0x6F, 0xB3, 0x5F, 0x7F, 0x1E, 0xA6, 0xF9, 0x78, 0xFA, 0x9B, 0x57, 0x6D, 0x78, 0x9C, 0x63,
    0x60, 0x00, 0x83, 0x0F, 0xFC, 0x10, 0xEA, 0x3F, 0x94, 0xE6, 0xFF, 0x0F, 0x66, 0x7D, 0xF8, 0xFF,
    0xFF, 0x3F, 0x90, 0xFA, 0xCF, 0x0F, 0x96, 0xF8, 0x00, 0x46, 0x50, 0xF0, 0x1F, 0x0C, 0x70, 0x51,
    0x50, 0x25, 0xA8, 0xD4, 0x7F, 0x90, 0xA1, 0x38, 0x28, 0xAC, 0x1A, 0x08, 0x59, 0x04, 0x00, 0xE3,
    0x43, 0x60, 0xCD, 0x78, 0x9C, 0x65, 0x8C, 0xC1, 0x0D, 0x00, 0x30, 0x08, 0x02, 0xD9, 0xC0, 0xFD,
    0xB7, 0x74, 0x03, 0x5A, 0xA1, 0x26, 0x9A, 0xF2, 0x39, 0x42, 0x00, 0x04, 0x24, 0x3E, 0x26, 0xD1,
    0x01, 0x95, 0x65, 0x92, 0xCA, 0xC8, 0x74, 0x10, 0xE8, 0xCE, 0x96, 0xFB, 0x17, 0x32, 0x35, 0xAB,
    0x61, 0xD3, 0x3E, 0x06, 0x5D, 0xFC, 0xB9, 0xDE, 0xBC, 0x1F, 0x7F, 0x68, 0x42, 0x38, 0x66, 0xA9,
    0x53, 0xE9, 0x78, 0x9C, 0x85, 0x8D, 0xC1, 0x09, 0x00, 0x30, 0x08, 0x03, 0xB3, 0x41, 0xF6, 0xDF,
    0xD2, 0x0D, 0x52, 0x8D, 0x7E, 0x4A, 0x5B, 0x7A, 0x08, 0x07, 0x21, 0x2A, 0x00, 0x84, 0x08, 0x4B,
    0x68, 0x03, 0x12, 0x33, 0xCC, 0xA4, 0x32, 0xD1, 0x8D, 0xF0, 0x0C, 0x32, 0x2F, 0x4D, 0x65, 0x57,
    0xDF, 0x2A, 0x78, 0xE8, 0xBA, 0xF0, 0x7D, 0xB4, 0x00, 0x89, 0x8A, 0x65, 0xAA, 0x78, 0x9C, 0x6D,
    0x8C, 0x31, 0x01, 0x00, 0x40, 0x08, 0x02, 0x6D, 0x40, 0xFF, 0x96, 0x34, 0xE0, 0x5F, 0x61, 0x70,
    0x90, 0xE5, 0x44, 0x85, 0xAA, 0x25, 0xC9, 0xA4, 0x90, 0x05, 0xDA, 0x88, 0x9A, 0xA3, 0x6C, 0xE1,
    0xAB, 0x8A, 0xA8, 0x43, 0x74, 0x0B, 0xFB, 0x3F, 0xB1, 0x0E, 0x84, 0xF4, 0xBC, 0x38, 0x3A, 0x88,
    0xDD, 0x96, 0xFC, 0xEA, 0x63, 0xD8, 0xC3, 0xC7, 0x03, 0xD3, 0xAB, 0x58, 0x8A, 0x78, 0x9C, 0x63,
    0x60, 0x00, 0x83, 0x0F, 0xFF, 0xF9, 0x3F, 0xF0, 0x33, 0xFC, 0x07, 0x02, 0x20, 0x09, 0xA4, 0x19,
    0x60, 0x00, 0x24, 0x00, 0x94, 0x05, 0x89, 0xFC, 0xFF, 0x0F, 0x54, 0xC5, 0xF0, 0x81, 0x01, 0x84,
    0xA0, 0x72, 0xB8, 0x00, 0x44, 0x16, 0x99, 0x04, 0x99, 0x8C, 0x8D, 0xC4, 0x54, 0x89, 0xCF, 0x64,
    0x00, 0x11, 0x8D, 0x67, 0xC6, 0x78, 0x9C, 0x5D, 0x8D, 0xC1, 0x09, 0x00, 0x41, 0x0C, 0x02, 0xA7,
    0x03, 0xFB, 0xEF, 0x32, 0x1D, 0x78, 0x66, 0xB3, 0x84, 0x63, 0x7D, 0x44, 0x90, 0x31, 0x82, 0x8D,
    0xA1, 0x1C, 0xC5, 0x54, 0x16, 0xAB, 0xEA, 0x8C, 0x20, 0x1D, 0x5E, 0x04, 0x85, 0xE2, 0xD5, 0x90,
    0x17, 0xE9, 0x9B, 0xC6, 0xD8, 0x79, 0x68, 0xAF, 0x1D, 0xBD, 0xA6, 0xDF, 0xDA, 0xF4, 0xF6, 0x4B,
    0x79, 0xE7, 0xC5, 0x07, 0xED, 0x10, 0x5C, 0x68, 0x78, 0x9C, 0x63, 0x60, 0x00, 0x83, 0x0F, 0xFF,
    0xFF, 0xF3, 0x33, 0x30, 0xFC, 0x07, 0x02, 0x20, 0xC9, 0xFF, 0x01, 0xC8, 0x01, 0x31, 0x20, 0x72,
    0x60, 0x61, 0xEC, 0x00, 0x22, 0x8B, 0x4C, 0x02, 0x01, 0x3F, 0x36, 0x12, 0x53, 0x25, 0x3E, 0x93,
    0x19, 0x50, 0xC0, 0x07, 0x7E, 0xEC, 0xBA, 0x41, 0xE2, 0x00, 0xDC, 0x52, 0x65, 0xE6, 0x78, 0x9C,
    0x65, 0x8E, 0x81, 0x0D, 0x00, 0x21, 0x0C, 0x02, 0xD9, 0xA0, 0xFB, 0x6F, 0xC9, 0x06, 0x7C, 0xE5,
    0x1B, 0x34, 0x4A, 0x62, 0xCE, 0xB6, 0x82, 0x05, 0x46, 0x92, 0x06, 0x05, 0x50, 0x2E, 0xFB, 0xB0,
    0x4B, 0x76, 0x47, 0xB8, 0x45, 0x1B, 0xF2, 0xD2, 0xC6, 0x1F, 0xCB, 0xD3, 0xD7, 0xC0, 0xBA, 0x51,
    0x3B, 0x63, 0xEC, 0x49, 0xA1, 0xB2, 0x45, 0x3D, 0xDF, 0xCE, 0x26, 0x09, 0x38, 0xE1, 0xD9, 0x07,
    0xD7, 0x1E, 0x5E, 0x75, 0x78, 0x9C, 0x63, 0x60, 0x60, 0xF8, 0xF0, 0x9F, 0xFF, 0xC3, 0xFF, 0xFF,
    0x40, 0x0A, 0x84, 0xFE, 0xF3, 0x33, 0xF0, 0x33, 0x30, 0x40, 0x05, 0xC9, 0x41, 0x00, 0x21, 0x0B,
    0x2F, 0xC2, 0x78, 0x9C, 0xFB, 0xC0, 0xCF, 0xF0, 0xE1, 0x3F, 0xFF, 0x87, 0xFF, 0xFF, 0x81, 0x14,
    0x08, 0xFD, 0xE7, 0x67, 0xF8, 0xCF, 0x00, 0x01, 0x60, 0x71, 0x62, 0x11, 0x00, 0xA3, 0x36, 0x29,
    0xB9, 0x78, 0x9C, 0xFB, 0xFF, 0x9F, 0xE1, 0x3F, 0x59, 0x08, 0x02, 0x3E, 0xF0, 0x23, 0x44, 0x80,
    0x6C, 0x00, 0xBC, 0xD5, 0x2D, 0xD3, 0x78, 0x9C, 0x63, 0x60, 0x60, 0xF8, 0xFF, 0x1F, 0x81, 0x20,
    0x00, 0x59, 0x84, 0x20, 0x82, 0x80, 0x0F, 0xFC, 0x08, 0x11, 0x20, 0x1B, 0x00, 0xEC, 0xAE, 0x2D,
    0xD3, 0x78, 0x9C, 0x75, 0x8E, 0xC1, 0x0D, 0x00, 0x30, 0x08, 0x02, 0xD9, 0xC0, 0xFD, 0xB7, 0xEC,
    0x06, 0x34, 0x60, 0xB4, 0x4D, 0x63, 0xFD, 0x78, 0x88, 0x41, 0x01, 0x90, 0x84, 0x8A, 0x4C, 0x72,
    0x67, 0x14, 0x10, 0x4B, 0xE3, 0x65, 0x08, 0xFB, 0x61, 0x5B, 0xF2, 0x02, 0xFC, 0xE1, 0x5D, 0xEE,
    0x9C, 0x4E, 0xEE, 0x5B, 0x52, 0x79, 0xBD, 0xFF, 0x39, 0x1F, 0x4E, 0x55, 0x4E, 0x66, 0x8E, 0x90,
    0x3B, 0x1B, 0x25, 0x63, 0x61, 0xCC, 0x78, 0x9C, 0x63, 0x60, 0xF8, 0xF0, 0x9F, 0x9F, 0x81, 0x01,
    0x48, 0xFE, 0x07, 0xD1, 0xFF, 0x41, 0x00, 0xCC, 0x01, 0x72, 0x41, 0x32, 0x40, 0xFC, 0x1F, 0x4C,
    0x81, 0xC4, 0x21, 0xF2, 0xA8, 0x14, 0x58, 0x0E, 0xAA, 0x12, 0xAA, 0x0F, 0x6A, 0x0A, 0xCC, 0x4C,
    0xA8, 0x0D, 0xE8, 0xE0, 0x3F, 0x98, 0x84, 0xCA, 0xA1, 0x52, 0x60, 0x39, 0x00, 0x07, 0x01, 0x47,
    0xB9, 0x78, 0x9C, 0x75, 0x8E, 0xC1, 0x0D, 0x00, 0x20, 0x08, 0x03, 0xBB, 0x01, 0xFB, 0x6F, 0xC9,
    0x06, 0x15, 0x41, 0x6A, 0x24, 0x91, 0x87, 0x9C, 0x81, 0xB6, 0x00, 0xB7, 0x48, 0x81, 0x35, 0x4D,
    0xF0, 0xDE, 0x71, 0xC3, 0x28, 0x1E, 0x3D, 0x59, 0x94, 0x7D, 0xEB, 0x0A, 0x18, 0x5A, 0x22, 0x1F,
    0x4F, 0xB7, 0x98, 0x55, 0x90, 0x3F, 0x80, 0x3F, 0xCC, 0x65, 0xF9, 0xC8, 0x59, 0x59, 0xFB, 0x57,
    0xE9, 0xBA, 0xA7, 0x2F, 0x5C, 0xC7, 0xD9, 0x62, 0xE9, 0x78, 0x9C, 0x65, 0x8D, 0x01, 0x0A, 0x00,
    0x20, 0x0C, 0x02, 0xF7, 0x83, 0xFD, 0xFF, 0x97, 0xFE, 0xC0, 0x96, 0x1A, 0x14, 0x0D, 0xE2, 0x18,
    0x76, 0xAE, 0x0A, 0x5D, 0x7B, 0x40, 0x91, 0x64, 0xD6, 0x1B, 0xCE, 0xCA, 0xCB, 0x3B, 0xF6, 0x30,
    0x5E, 0xCB, 0x1E, 0x1F, 0x42, 0xEF, 0x64, 0x1E, 0x05, 0xF7, 0xFE, 0x50, 0x96, 0x9F, 0xF1, 0xD2,
    0x72, 0x3A, 0x7D, 0x61, 0x01, 0x05, 0xF8, 0x4B, 0xA6, 0x78, 0x9C, 0x75, 0x8E, 0x01, 0x12, 0x00,
    0x20, 0x04, 0x04, 0xFD, 0xC0, 0xFF, 0x7F, 0xE9, 0x07, 0x17, 0x47, 0x86, 0x66, 0x6A, 0x8A, 0x8B,
    0x6B, 0x23, 0xB2, 0x17, 0x6E, 0x46, 0x46, 0x85, 0x7A, 0x36, 0xE4, 0x3D, 0xCA, 0x2C, 0x88, 0x69,
    0xEC, 0xFD, 0xB4, 0x3D, 0xA9, 0x98, 0xC3, 0x9D, 0x02, 0x41, 0x21, 0xCA, 0x8F, 0x16, 0xBC, 0xE8,
    0x53, 0xC8, 0x5F, 0xBC, 0xE6, 0xE6, 0x34, 0xB9, 0xFF, 0xE2, 0xC8, 0xA8, 0xFE, 0x98, 0xCC, 0xE3,
    0x01, 0x57, 0xAE, 0x68, 0xE3, 0x78, 0x9C, 0x6D, 0x4D, 0xC1, 0x11, 0x00, 0x20, 0x08, 0x62, 0x03,
    0xF7, 0xDF, 0x92, 0x0D, 0x28, 0x22, 0xBD, 0x1E, 0x71, 0xA7, 0x88, 0x8A, 0x02, 0x2F, 0x54, 0x87,
    0xA8, 0x93, 0x8A, 0x96, 0x92, 0xCC, 0xDC, 0x6C, 0xB9, 0x6B, 0x16, 0x3E, 0x60, 0xCC, 0xBD, 0x27,
    0x23, 0xD2, 0x0D, 0xDE, 0x48, 0x2D, 0x78, 0x86, 0x2F, 0x67, 0xCE, 0xF1, 0xC4, 0xDF, 0xF7, 0xE6,
    0xFE, 0xFD, 0xB7, 0x00, 0x0D, 0x31, 0x4F, 0xB1, 0x78, 0x9C, 0x75, 0x8E, 0x81, 0x0D, 0x00, 0x20,
    0x08, 0xC3, 0xF8, 0x80, 0xFF, 0xBF, 0xE4, 0x83, 0x09, 0x0C, 0x51, 0x4C, 0x24, 0x0A, 0x8D, 0x5B,
    0x26, 0x22, 0xBB, 0xD0, 0xA0, 0x05, 0xA6, 0x28, 0x36, 0x80, 0xB2, 0x0F, 0x3E, 0x99, 0xC6, 0x19,
    0x75, 0x3C, 0xA4, 0x9C, 0xE1, 0x26, 0x20, 0x52, 0x32, 0xCA, 0xAF, 0xA6, 0x5E, 0xF9, 0x36, 0x40,
    0xFE, 0xF0, 0x9A, 0x3B, 0xA7, 0x93, 0xFB, 0xAF, 0x5C, 0x19, 0xA5, 0x5F, 0x9B, 0x79, 0x5F, 0x8F,
    0x2C, 0x67, 0xE4, 0x78, 0x9C, 0x6D, 0x8D, 0xC1, 0x0D, 0x00, 0x30, 0x08, 0x02, 0xDD, 0xC0, 0xFD,
    0xB7, 0x64, 0x83, 0x6B, 0x0A, 0xD5, 0x57, 0x89, 0x06, 0xA3, 0x80, 0xD5, 0x65, 0x88, 0x70, 0xD1,
    0xC3, 0xF2, 0xA8, 0x06, 0xA2, 0xE0, 0x2D, 0x6E, 0x7D, 0x10, 0xFD, 0xEA, 0xC0, 0x46, 0x99, 0xDB,
    0xD7, 0xDB, 0x99, 0x29, 0x87, 0x7E, 0x39, 0x77, 0xAD, 0x27, 0xFE, 0xC9, 0xDB, 0xFC, 0xFC, 0x3B,
    0xF5, 0x58, 0x4F, 0xCF, 0x78, 0x9C, 0x75, 0x8E, 0x81, 0x0D, 0x00, 0x21, 0x08, 0x03, 0xD9, 0x80,
    0xFD, 0xB7, 0xEC, 0x06, 0x55, 0x5A, 0x9E, 0xA8, 0xC9, 0x9B, 0xA8, 0x47, 0xA8, 0x27, 0x11, 0xD7,
    0x62, 0x7E, 0xC0, 0x06, 0xD0, 0x65, 0x0A, 0x40, 0x12, 0xDD, 0x77, 0x16, 0x19, 0x88, 0x47, 0xD2,
    0x8F, 0x49, 0x93, 0xEE, 0x4A, 0x1B, 0x58, 0x16, 0xA9, 0xF6, 0x4E, 0xCB, 0xD5, 0xAE, 0xF2, 0x80,
    0xF8, 0x87, 0x37, 0x3C, 0x9E, 0x31, 0xCF, 0x5F, 0x1A, 0x99, 0xDD, 0x3F, 0x26, 0xDB, 0xE7, 0x02,
    0x91, 0x6B, 0x6C, 0xA3, 0x78, 0x9C, 0x6D, 0x4D, 0x51, 0x0E, 0x00, 0x50, 0x04, 0x72, 0x03, 0xF7,
    0xBF, 0x65, 0x37, 0xE8, 0x21, 0xEC, 0x7D, 0x68, 0xB3, 0x0A, 0x61, 0xF6, 0x81, 0x1C, 0xF6, 0x16,
    0xC1, 0xA0, 0x83, 0xD5, 0x24, 0xCA, 0x6A, 0x1A, 0x1A, 0x6E, 0x07, 0xA0, 0xF0, 0xEC, 0x31, 0x21,
    0x9B, 0x0D, 0x74, 0x49, 0x53, 0x2F, 0x4F, 0xD6, 0x1C, 0x9B, 0x51, 0x7E, 0xEE, 0xED, 0xFD, 0xFE,
    0xF7, 0x00, 0x34, 0xA6, 0x52, 0xBD, 0x78, 0x9C, 0x75, 0x8E, 0xDB, 0x0D, 0x00, 0x20, 0x0C, 0x02,
    0xD9, 0xA0, 0xFB, 0x6F, 0xC9, 0x06, 0xD8, 0x97, 0x8D, 0x9A, 0xE8, 0x87, 0x5E, 0x84, 0x5C, 0x0B,
    0x50, 0x20, 0xE2, 0x48, 0x46, 0x4B, 0x30, 0xC7, 0x00, 0x46, 0x78, 0x9F, 0x4E, 0x3C, 0x90, 0xFA,
    0x83, 0x5D, 0xB6, 0xF6, 0x9C, 0xE5, 0xDD, 0x29, 0xCA, 0x37, 0xDA, 0x05, 0x0A, 0x4B, 0xAA, 0x50,
    0x0E, 0xED, 0xC9, 0xBC, 0x00, 0x7F, 0x78, 0xCB, 0xE3, 0x19, 0xF3, 0xCC, 0xCA, 0x95, 0xD5, 0xF9,
    0xB1, 0x99, 0xDF, 0x0B, 0xE6, 0x47, 0x71, 0x9E, 0x78, 0x9C, 0x65, 0x4D, 0x81, 0x0D, 0x00, 0x20,
    0x08, 0xE2, 0x03, 0xFF, 0xFF, 0xD2, 0x0F, 0x48, 0x94, 0x56, 0x2B, 0xA6, 0x63, 0x0A, 0x22, 0xC0,
    0xC8, 0x00, 0x92, 0xA4, 0x28, 0x92, 0x38, 0x48, 0xED, 0x80, 0xD2, 0x70, 0x59, 0x54, 0x2F, 0xC6,
    0x69, 0x0B, 0x85, 0x1E, 0x6A, 0x94, 0x52, 0xCD, 0xA6, 0x49, 0xFA, 0xA9, 0x35, 0x3B, 0x7D, 0xE7,
    0x94, 0x9D, 0x39, 0x1F, 0x16, 0xBB, 0x9F, 0x53, 0xAD, 0x78, 0x9C, 0x75, 0x8F, 0x8B, 0x0D, 0x00,
    0x21, 0x08, 0x43, 0xBB, 0x01, 0xFB, 0x6F, 0xC9, 0x06, 0x15, 0xCB, 0x27, 0xDE, 0x19, 0x89, 0xCA,
    0x8B, 0x6D, 0x2A, 0x02, 0x20, 0x0D, 0x2A, 0x92, 0xEA, 0xCE, 0xBA, 0x8A, 0x33, 0xC1, 0x63, 0x95,
    0xA9, 0xAB, 0xCD, 0x64, 0x92, 0xFA, 0x76, 0x27, 0x70, 0xA7, 0x28, 0x2A, 0xB6, 0x49, 0xB7, 0x4C,
    0xF5, 0x0F, 0xE0, 0x0D, 0x7F, 0xF3, 0xE4, 0x4C, 0xF2, 0xBC, 0xA5, 0x91, 0x59, 0xFA, 0x31, 0x19,
    0x5E, 0xD5, 0x8A, 0xF7, 0xDF, 0x6F, 0x48, 0xCF, 0x02, 0xC8, 0x7F, 0x6E, 0xDD, 0x78, 0x9C, 0x65,
    0x8D, 0x01, 0x0A, 0x00, 0x20, 0x0C, 0x02, 0xFD, 0xC1, 0xFE, 0xFF, 0xCB, 0xFD, 0xC0, 0x36, 0x33,
    0x8A, 0x25, 0xC4, 0x81, 0x9A, 0x03, 0x2C, 0x92, 0x46, 0x00, 0xB9, 0x51, 0x56, 0x96, 0x9B, 0xE5,
    0x07, 0xA6, 0xB2, 0x1B, 0xB7, 0x49, 0x95, 0x5B, 0xD1, 0x49, 0x3D, 0x0A, 0x7B, 0xF7, 0x87, 0x32,
    0x37, 0xFD, 0xCF, 0x2B, 0x67, 0xD3, 0x17, 0xA6, 0xF8, 0x5C, 0x1F, 0x50, 0xB6, 0x00, 0xFC, 0x1B,
    0x56, 0xAA, 0x78, 0x9C, 0x75, 0x8E, 0xC1, 0x15, 0xC0, 0x30, 0x08, 0x42, 0xD9, 0xC0, 0xFD, 0xB7,
    0x74, 0x03, 0x1A, 0x81, 0x24, 0xED, 0xA1, 0x1E, 0xE4, 0x4B, 0x78, 0x46, 0x60, 0x55, 0x23, 0xC5,
    0x68, 0xB3, 0xA2, 0xAC, 0x66, 0x0C, 0x1A, 0x60, 0x50, 0x9C, 0x6A, 0x54, 0x9C, 0xAA, 0xAD, 0x75,
    0xA1, 0xC7, 0x9D, 0xE6, 0xAD, 0xCB, 0xD2, 0xF3, 0x8C, 0x2F, 0xC0, 0x3F, 0x7C, 0xC2, 0xBA, 0xE8,
    0x40, 0x36, 0xE7, 0x2F, 0x4F, 0xDC, 0x41, 0xE6, 0x50, 0xEB, 0x03, 0x13, 0x04, 0x6E, 0xB0, 0x78,
    0x9C, 0x6D, 0x8E, 0x01, 0x0A, 0x00, 0x20, 0x08, 0x03, 0xFD, 0x81, 0xFF, 0xFF, 0xA5, 0x3F, 0x58,
    0xEA, 0xCC, 0x30, 0x0C, 0xE2, 0x70, 0xDD, 0x42, 0x91, 0x77, 0x4C, 0x49, 0x80, 0xE3, 0x47, 0x47,
    0x1A, 0x50, 0x1A, 0xD6, 0xE6, 0xA0, 0xEB, 0x70, 0xA5, 0x20, 0x81, 0x9B, 0x66, 0xCC, 0x5B, 0x0A,
    0x9B, 0x2B, 0xF9, 0x6E, 0xDD, 0x99, 0xFF, 0x65, 0xA0, 0x5C, 0x2F, 0x70, 0x00, 0x14, 0xE1, 0x59,
    0x89, 0x78, 0x9C, 0x75, 0x8E, 0xC1, 0x15, 0x00, 0x20, 0x08, 0x42, 0xDD, 0xC0, 0xFD, 0xB7, 0x64,
    0x03, 0x4A, 0xC1, 0x7A, 0x1D, 0xF2, 0x90, 0x1F, 0x23, 0x2C, 0xE2, 0x14, 0xD2, 0x40, 0xE6, 0x00,
    0xF7, 0x98, 0x1E, 0x95, 0x68, 0xD5, 0xA0, 0x7B, 0x99, 0x50, 0x0F, 0xD8, 0x35, 0x3D, 0x2F, 0x40,
    0x29, 0x8C, 0xB6, 0x55, 0x94, 0x16, 0xE0, 0x81, 0xF8, 0xC3, 0x63, 0xDE, 0x27, 0x2E, 0x38, 0xD9,
    0xBB, 0xA4, 0x38, 0x46, 0xFA, 0xA3, 0xEA, 0x0B, 0x5E, 0x50, 0x6D, 0xDE, 0x78, 0x9C, 0x6D, 0x8E,
    0x81, 0x09, 0x00, 0x30, 0x08, 0xC3, 0xFC, 0xA0, 0xFF, 0x7F, 0xE9, 0x07, 0x4E, 0x6D, 0x15, 0x84,
    0x0D, 0x24, 0x98, 0x59, 0xD1, 0x6C, 0x1E, 0x08, 0x0F, 0x32, 0x02, 0xEA, 0x57, 0x64, 0x03, 0x0E,
    0xB4, 0x83, 0x68, 0x97, 0x19, 0xA8, 0xAC, 0x60, 0x85, 0xB1, 0xAD, 0x59, 0x1A, 0x61, 0xF2, 0x4B,
    0xFE, 0xFB, 0x66, 0xEE, 0xBE, 0x16, 0xE0, 0x81, 0x85, 0x07, 0xDD, 0xBF, 0x57, 0xA9, 0x78, 0x9C,
    0x75, 0x8E, 0xC1, 0x15, 0x00, 0x20, 0x08, 0x42, 0xDD, 0xC0, 0xFD, 0xB7, 0x64, 0x03, 0x4A, 0xC5,
    0x7C, 0x1E, 0xF2, 0x80, 0x3F, 0xC3, 0xC8, 0x6C, 0x8A, 0x7C, 0xE0, 0x4D, 0x17, 0x5C, 0x90, 0xD7,
    0xA0, 0x7C, 0xF0, 0xB5, 0x90, 0x42, 0x30, 0xA7, 0x51, 0xDD, 0x7D, 0x00, 0x31, 0x0D, 0x49, 0x5B,
    0xA4, 0x54, 0x10, 0x16, 0xD8, 0x1F, 0x96, 0xF9, 0x2A, 0x06, 0xF4, 0xB2, 0xB2, 0xEA, 0xC4, 0x36,
    0x52, 0x1F, 0xAD, 0x7E, 0x00, 0x03, 0x96, 0x6D, 0x0C, 0x78, 0x9C, 0x6D, 0x8E, 0x0B, 0x0A, 0x00,
    0x30, 0x08, 0x42, 0xBD, 0x41, 0xF7, 0xBF, 0x65, 0x37, 0x68, 0xCE, 0x3E, 0xDB, 0x60, 0x41, 0x3C,
    0x50, 0x93, 0x00, 0x37, 0x68, 0x3C, 0xAC, 0x18, 0x2D, 0x0C, 0x95, 0xA1, 0x2F, 0x8B, 0xDB, 0x91,
    0x9B, 0xBC, 0x0B, 0x46, 0x0A, 0xD8, 0x68, 0x55, 0x72, 0x6E, 0x45, 0xAA, 0xE9, 0xC7, 0xF4, 0x7D,
    0x6E, 0xDE, 0x3E, 0x09, 0x76, 0xFE, 0x5D, 0x7A, 0x47, 0x58, 0x8A, 0x78, 0x9C, 0x75, 0x8E, 0xCB,
    0x11, 0xC0, 0x40, 0x08, 0x42, 0xE9, 0x80, 0xFE, 0xBB, 0xB4, 0x03, 0x22, 0x68, 0x3E, 0x7B, 0x08,
    0x07, 0x79, 0x83, 0x8E, 0x0A, 0x94, 0x50, 0x44, 0x4B, 0x62, 0x33, 0x3A, 0xB0, 0x1C, 0xDB, 0xA9,
    0xF4, 0x07, 0x46, 0x27, 0x64, 0x96, 0x71, 0x39, 0x18, 0xE7, 0x0B, 0xE5, 0xD4, 0x25, 0x63, 0xB3,
    0x89, 0xB9, 0xF3, 0x05, 0xFC, 0xC3, 0x31, 0x9C, 0x2F, 0x1F, 0xD8, 0xCD, 0x7B, 0x4B, 0xF7, 0xF3,
    0xD3, 0xD7, 0x3E, 0x3A, 0x7E, 0x01, 0x59, 0x3B, 0x7A, 0xB3, 0x78, 0x9C, 0x6D, 0x4C, 0x09, 0x0A,
    0x00, 0x30, 0x08, 0xF2, 0x07, 0xFE, 0xFF, 0x97, 0xFD, 0xA0, 0x95, 0xE5, 0x60, 0x30, 0x21, 0x14,
    0x8F, 0x80, 0x45, 0x26, 0x22, 0xC5, 0x2C, 0x59, 0xBA, 0x11, 0x8C, 0xB4, 0x72, 0xB2, 0xE5, 0x69,
    0xD0, 0x04, 0xB5, 0xBC, 0x6B, 0x7B, 0x6E, 0x2B, 0x5A, 0xE0, 0xCB, 0x93, 0xC7, 0xDD, 0xBC, 0xFF,
    0x64, 0x10, 0x12, 0x4D, 0x07, 0xE4, 0x23, 0x61, 0x81, 0x78, 0x9C, 0x75, 0x8E, 0xD9, 0x15, 0x00,
    0x30, 0x04, 0x04, 0x75, 0xA0, 0xFF, 0x2E, 0x75, 0x30, 0x89, 0x23, 0xD7, 0x4B, 0xE2, 0x83, 0xB1,
    0xF6, 0x41, 0xE4, 0x0C, 0xA3, 0x80, 0x37, 0x00, 0x86, 0x46, 0xC5, 0x85, 0xAC, 0xBA, 0xC0, 0x5C,
    0xF5, 0x14, 0xB6, 0x2E, 0x6B, 0x8C, 0xBD, 0xDD, 0x40, 0xFE, 0x70, 0x98, 0x7B, 0xB6, 0x05, 0xB5,
    0xB9, 0x6E, 0x65, 0xC7, 0x30, 0x52, 0x8F, 0x32, 0x1F, 0xBE, 0x63, 0x4C, 0x72, 0xE7, 0x13, 0xD2,
    0xD3, 0x00, 0xC0, 0xAF, 0x6B, 0xD1, 0x78, 0x9C, 0x63, 0x60, 0x40, 0x06, 0x1F, 0xF8, 0x21, 0xF4,
    0xFF, 0xFF, 0xB8, 0xE9, 0x0F, 0xFF, 0x81, 0x80, 0x1F, 0x46, 0x31, 0x80, 0x28, 0x98, 0x28, 0x58,
    0x18, 0x82, 0xA1, 0x4A, 0x20, 0x3A, 0xB1, 0xD2, 0x10, 0xF9, 0x0F, 0x70, 0x3D, 0xA8, 0xE6, 0x81,
    0x05, 0xC0, 0xAE, 0xF9, 0xF0, 0x9F, 0x9F, 0x01, 0x2B, 0x80, 0xBA, 0x09, 0x26, 0x8F, 0x4E, 0x43,
    0xE4, 0x01, 0x34, 0x85, 0x54, 0xAC, 0x78, 0x9C, 0xFB, 0xFF, 0x9F, 0x81, 0x81, 0xE1, 0xC3, 0x7F,
    0xFE, 0xFF, 0x34, 0xA3, 0xF9, 0x51, 0xE8, 0x0F, 0x20, 0xFA, 0x3F, 0x88, 0x06, 0x03, 0x10, 0x1B,
    0x42, 0x83, 0x05, 0xF8, 0xC1, 0x9A, 0xC0, 0x14, 0x26, 0xF8, 0x00, 0x15, 0x06, 0x1B, 0x8D, 0x85,
    0x06, 0xCB, 0x03, 0x00, 0xA2, 0x9B, 0x58, 0xC6, 0x78, 0x9C, 0xFB, 0xFF, 0x9F, 0x81, 0xE1, 0xC3,
    0x7F, 0xFE, 0xFF, 0x94, 0x52, 0xFC, 0x0C, 0xFF, 0x41, 0x14, 0x08, 0xF0, 0x7F, 0x40, 0x50, 0x1F,
    0x20, 0x12, 0x20, 0x0A, 0x0D, 0x7C, 0x80, 0x88, 0x80, 0x0C, 0xC0, 0xA0, 0xC0, 0x72, 0x00, 0x21,
    0x05, 0x49, 0xE4, 0x78, 0x9C, 0x63, 0x60, 0x80, 0x81, 0x0F, 0xFF, 0xF9, 0xA1, 0xF4, 0x7F, 0x98,
    0x00, 0x2A, 0x0D, 0x95, 0x67, 0xE0, 0x67, 0x40, 0x02, 0x60, 0xC5, 0x40, 0xAD, 0xB4, 0xA3, 0xF9,
    0x51, 0x68, 0xB0, 0x2B, 0xFF, 0x83, 0x68, 0x30, 0x00, 0xB1, 0x21, 0x34, 0x58, 0x80, 0x1F, 0xE2,
    0x7E, 0x20, 0x05, 0x00, 0xB4, 0xC9, 0x5A, 0xB5, 0x78, 0x9C, 0x63, 0x60, 0xF8, 0xCF, 0xCF, 0x00,
    0x02, 0xFF, 0xFF, 0x43, 0x29, 0x28, 0x17, 0x99, 0xFA, 0x00, 0x91, 0xFB, 0x00, 0x11, 0x43, 0x06,
    0x20, 0x5D, 0x1F, 0xFE, 0xF3, 0x53, 0x4C, 0xF1, 0x83, 0x2C, 0xFE, 0x0F, 0x06, 0xFC, 0x1F, 0x10,
    0xD4, 0x07, 0x88, 0x04, 0x90, 0x02, 0x00, 0xAF, 0xB9, 0x4C, 0x0F, 0x78, 0x9C, 0xB5, 0xCF, 0xB1,
    0x11, 0x00, 0x20, 0x08, 0x03, 0xC0, 0x6C, 0x90, 0xFD, 0xB7, 0x74, 0x03, 0x44, 0x42, 0x4E, 0x3D,
    0x6B, 0xA9, 0x9E, 0x00, 0x05, 0xC0, 0x55, 0x34, 0x22, 0x1A, 0x63, 0x29, 0x58, 0x11, 0xB3, 0x63,
    0x0F, 0xA5, 0x01, 0x4B, 0xBB, 0xBA, 0xCB, 0x9B, 0x2D, 0x58, 0xFC, 0x2B, 0x3E, 0x3A, 0xDB, 0x2A,
    0x3D, 0x66, 0x55, 0x48, 0x3F, 0x59, 0x98, 0xB2, 0x5A, 0x66, 0x9A, 0x78, 0x9C, 0x63, 0x60, 0x40,
    0x80, 0xFF, 0x10, 0xEA, 0xC3, 0x7F, 0x7E, 0x08, 0x17, 0x4E, 0x33, 0x30, 0xF0, 0x43, 0x84, 0x41,
    0x4C, 0x90, 0xB2, 0xFF, 0x50, 0xA5, 0x68, 0x34, 0x50, 0x09, 0x88, 0xF5, 0x01, 0x48, 0x40, 0x68,
    0x7E, 0x2A, 0xD0, 0x30, 0x0C, 0x02, 0xFC, 0x20, 0xB3, 0xE1, 0x34, 0xD8, 0xA1, 0x40, 0x0E, 0x88,
    0x06, 0x00, 0x49, 0xCD, 0x56, 0xE6, 0x78, 0x9C, 0x63, 0x60, 0x40, 0x80, 0xFF, 0x30, 0xC6, 0x87,
    0xFF, 0xFC, 0x70, 0x16, 0x58, 0x10, 0xC4, 0xFF, 0x0F, 0x22, 0x3E, 0xA0, 0x12, 0x0C, 0x1F, 0xD0,
    0x54, 0x33, 0x80, 0xD5, 0x03, 0x75, 0x21, 0x58, 0x0C, 0x30, 0x16, 0x3F, 0x6D, 0x59, 0xFC, 0x18,
    0x2C, 0x64, 0x2E, 0x18, 0x80, 0xBD, 0x02, 0x67, 0x81, 0x05, 0xF9, 0x61, 0xDE, 0x04, 0x33, 0x00,
    0xB4, 0x1B, 0x67, 0x8A, 0x78, 0x9C, 0xAD, 0x8C, 0xC1, 0x0D, 0x00, 0x30, 0x08, 0x02, 0xDD, 0x80,
    0xFD, 0xB7, 0x74, 0x03, 0xEB, 0x15, 0xDB, 0x47, 0xDF, 0x25, 0xC1, 0x0B, 0x81, 0x18, 0x31, 0x4A,
    0x99, 0x55, 0x8E, 0xC3, 0xCE, 0x14, 0x72, 0x81, 0x53, 0x77, 0xF4, 0x32, 0x4B, 0x7B, 0xD1, 0xC7,
    0xD4, 0x07, 0x1E, 0x23, 0xF1, 0xFB, 0x92, 0x9E, 0x12, 0x2E, 0xFE, 0x81, 0x57, 0xD6, 0x78, 0x9C,
    0x63, 0x60, 0x40, 0x80, 0x0F, 0xFF, 0xF9, 0xE1, 0xAC, 0xFF, 0x08, 0x41, 0x20, 0x01, 0x96, 0x00,
    0xB1, 0x20, 0x4A, 0x40, 0x04, 0x84, 0xC5, 0x8F, 0xA6, 0x8D, 0x01, 0xAC, 0x11, 0xA8, 0x1D, 0xC1,
    0x62, 0x80, 0xB1, 0xF8, 0x69, 0xCB, 0xE2, 0xC7, 0x60, 0x21, 0x73, 0xC1, 0x00, 0xE4, 0x46, 0x04,
    0x0B, 0x2C, 0xC8, 0x0F, 0xF3, 0x2F, 0x98, 0x01, 0x00, 0x09, 0xD5, 0x66, 0x8B, 0x78, 0x9C, 0xAD,
    0x8C, 0x81, 0x09, 0x00, 0x30, 0x0C, 0xC2, 0xFC, 0xC0, 0xFF, 0xBF, 0xEC, 0x07, 0x0E, 0xDB, 0xB9,
    0xED, 0x80, 0x09, 0x25, 0xA0, 0xA1, 0x80, 0x88, 0x8E, 0x14, 0xA6, 0xB8, 0xF4, 0x56, 0x1A, 0xA7,
    0xF8, 0xBA, 0x8D, 0x12, 0xC7, 0xD0, 0x36, 0xF9, 0x81, 0x39, 0x87, 0xFE, 0x7D, 0xE8, 0xDD, 0xA3,
    0xB9, 0x00, 0x3D, 0xB3, 0x56, 0xF5, 0x78, 0x9C, 0xB5, 0x8F, 0xC1, 0x09, 0xC0, 0x40, 0x0C, 0xC3,
    0xB4, 0x81, 0xF7, 0xDF, 0x32, 0x1B, 0xB8, 0x49, 0xE3, 0x72, 0x85, 0xBE, 0xEB, 0x97, 0x04, 0x0E,
    0x38, 0x60, 0x51, 0x4C, 0xCA, 0x56, 0x8B, 0xC1, 0x13, 0xD5, 0xC8, 0x84, 0x9B, 0xDA, 0x97, 0x48,
    0xFB, 0x50, 0xD7, 0xF6, 0xFE, 0x10, 0x0F, 0xE9, 0x5F, 0xD2, 0x87, 0xDE, 0xBA, 0xF3, 0xC9, 0x47,
    0xCE, 0x97, 0xCE, 0xF4, 0x0A, 0x5C, 0xEB, 0xFC, 0x72, 0x9D, 0x78, 0x9C, 0xA5, 0x8E, 0x81, 0x09,
    0x00, 0x40, 0x08, 0x02, 0xDD, 0xC0, 0xFD, 0xB7, 0x74, 0x03, 0x1F, 0xAD, 0x26, 0xF8, 0x8B, 0x38,
    0xA1, 0xA0, 0x80, 0xC5, 0x86, 0x5C, 0x33, 0x96, 0x83, 0x5A, 0x66, 0x12, 0xEA, 0xEE, 0x6A, 0x92,
    0x7C, 0x26, 0xFE, 0x7D, 0x1D, 0xB8, 0xF7, 0xC7, 0x99, 0xCF, 0x5F, 0xC4, 0x03, 0xB0, 0xDF, 0x61,
    0x90, 0x78, 0x9C, 0x63, 0x60, 0x40, 0x07, 0xFF, 0xF9, 0xA1, 0x8C, 0x0F, 0x04, 0x58, 0x0C, 0xFF,
    0xFF, 0x83, 0xE9, 0xFF, 0x08, 0x16, 0x03, 0x8C, 0xC5, 0x4F, 0x5B, 0x16, 0x3F, 0x06, 0x0B, 0x99,
    0x0B, 0x06, 0x60, 0xAF, 0xC0, 0x59, 0x60, 0x41, 0x7E, 0xA8, 0xC3, 0xE1, 0x7E, 0xC0, 0x06, 0x3E,
    0xC0, 0x25, 0x21, 0x3A, 0x71, 0xB1, 0xA0, 0xEA, 0x00, 0xEF, 0x02, 0x64, 0x9C, 0x78, 0x9C, 0x63,
    0x60, 0x00, 0x03, 0x7E, 0x08, 0xF5, 0xFF, 0x3F, 0x5E, 0xFA, 0xC3, 0x7F, 0x7E, 0x10, 0xEB, 0x03,
    0x90, 0x80, 0xD0, 0xFC, 0x54, 0xA0, 0x61, 0x18, 0x04, 0xF8, 0x41, 0x66, 0xC3, 0x69, 0x90, 0x3C,
    0x48, 0x12, 0x4C, 0x63, 0x02, 0xA8, 0xDB, 0x60, 0xB2, 0xE8, 0x34, 0x44, 0x1E, 0x00, 0x2B, 0x53,
    0x54, 0xD9, 0x78, 0x9C, 0x9D, 0xCE, 0xC1, 0x0D, 0x00, 0x20, 0x08, 0x03, 0x40, 0x36, 0xE8, 0xFE,
    0x5B, 0xB2, 0x41, 0x85, 0x2A, 0x88, 0x5F, 0x49, 0x4C, 0x0E, 0x04, 0xD1, 0xAC, 0xC3, 0x0B, 0xC4,
    0x29, 0xB0, 0x44, 0xB2, 0xEE, 0x0A, 0x0E, 0x9B, 0xA1, 0xD6, 0x18, 0x88, 0x23, 0x40, 0xC9, 0xCE,
    0x12, 0x9A, 0xCB, 0x26, 0x21, 0xCA, 0x7E, 0x81, 0xFD, 0x40, 0xE3, 0xEC, 0xF0, 0x01, 0x8C, 0x2D,
    0xCF, 0x37, 0x3E, 0xB0, 0x00, 0x90, 0xE7, 0x48, 0xA9, 0x78, 0x9C, 0x6D, 0x8E, 0x01, 0x0A, 0x00,
    0x30, 0x08, 0x02, 0xFD, 0x41, 0xFF, 0xFF, 0x65, 0x3F, 0x70, 0x51, 0xAE, 0xAD, 0xB1, 0xA0, 0x0E,
    0x44, 0x4C, 0x60, 0x0F, 0x0B, 0x4E, 0x13, 0x25, 0xB0, 0x05, 0x93, 0x20, 0x3A, 0x3E, 0x93, 0xAE,
    0x38, 0xC9, 0x88, 0xC8, 0x98, 0x67, 0x87, 0x67, 0xB0, 0xE2, 0xEB, 0x33, 0x59, 0x74, 0x15, 0x78,
    0x89, 0x53, 0xF0, 0xEE, 0x47, 0x36, 0x31, 0x99, 0x58, 0xF5, 0x53, 0x4D, 0xB3, 0x78, 0x9C, 0x9D,
    0xCB, 0xB1, 0x11, 0x00, 0x30, 0x08, 0x02, 0x40, 0x36, 0x70, 0xFF, 0x2D, 0xD9, 0x80, 0x28, 0x14,
    0xDE, 0xA5, 0x48, 0x11, 0x9B, 0xD7, 0x43, 0xA4, 0x02, 0x28, 0x31, 0x56, 0xAF, 0x80, 0xFA, 0x88,
    0xBB, 0x3B, 0xAB, 0x15, 0xD3, 0x81, 0x95, 0xE5, 0x3A, 0x71, 0x9A, 0x11, 0x5F, 0xDE, 0xC3, 0x7A,
    0xFF, 0x3B, 0x3F, 0x67, 0x73, 0x44, 0xBC, 0x78, 0x9C, 0x6D, 0x8D, 0xC9, 0x0D, 0x00, 0x30, 0x0C,
    0xC2, 0xBC, 0x41, 0xF6, 0xDF, 0x32, 0x1B, 0xD0, 0x1C, 0xBD, 0x54, 0xF5, 0x81, 0xFC, 0xC0, 0x02,
    0x97, 0x81, 0xCB, 0x5C, 0x4A, 0x82, 0x9E, 0x44, 0xC7, 0x74, 0xD8, 0x6E, 0x30, 0xCA, 0xD4, 0x0F,
    0x63, 0x61, 0xD1, 0x6E, 0x72, 0xC8, 0x87, 0xA5, 0xD5, 0x57, 0x0F, 0xE7, 0x4A, 0xB3, 0x3F, 0x5B,
    0x65, 0x00, 0xFB, 0x85, 0x47, 0xAA, 0x78, 0x9C, 0x95, 0xCE, 0xD1, 0x11, 0x00, 0x30, 0x04, 0x03,
    0x50, 0x1B, 0xD8, 0x7F, 0xCB, 0x6C, 0x90, 0x16, 0xA5, 0xEA, 0xAF, 0xBE, 0x9E, 0x3B, 0x72, 0x11,
    0xB9, 0x43, 0x16, 0x34, 0x35, 0x81, 0xBC, 0x81, 0x3C, 0xE3, 0x2F, 0xD8, 0x09, 0x08, 0xA8, 0x2F,
    0xB1, 0x19, 0x3C, 0xDB, 0x8E, 0x1C, 0x68, 0x40, 0x44, 0x93, 0x85, 0xD3, 0x03, 0x0D, 0x3A, 0x8A,
    0xB5, 0xAA, 0xDF, 0x58, 0xA9, 0x85, 0x45, 0xCA, 0x78, 0x9C, 0x6D, 0x8E, 0x01, 0x0E, 0x00, 0x30,
    0x04, 0x03, 0xFB, 0x03, 0xFF, 0xFF, 0xA5, 0x1F, 0x74, 0x63, 0x6B, 0xB0, 0x4C, 0xC2, 0x05, 0x4D,
    0x01, 0x40, 0x43, 0x06, 0x29, 0x6A, 0x30, 0xE9, 0x77, 0xEF, 0xF8, 0x84, 0x87, 0x68, 0x17, 0x0F,
    0x97, 0x68, 0x82, 0x3D, 0x35, 0x4B, 0x4A, 0x6B, 0x79, 0xAE, 0x78, 0x9C, 0xF8, 0xD2, 0xC6, 0x5F,
    0xC5, 0xFE, 0xB7, 0x64, 0x2C, 0x76, 0xD5, 0x02, 0x4E, 0xD5, 0x4B, 0xD3, 0x78, 0x9C, 0x9D, 0x8E,
    0xC1, 0x0D, 0x00, 0x30, 0x08, 0x02, 0xDD, 0xC0, 0xFD, 0xB7, 0x74, 0x03, 0x2A, 0x52, 0xB5, 0xEF,
    0x92, 0x88, 0x97, 0x90, 0xA0, 0x66, 0x23, 0xC0, 0x0D, 0x82, 0x54, 0xEE, 0x58, 0xA8, 0x90, 0x11,
    0xF9, 0x51, 0x54, 0x4E, 0xE3, 0xC4, 0x82, 0xAB, 0xAF, 0x80, 0xD6, 0x85, 0x02, 0xFA, 0x2D, 0x44,
    0x08, 0x78, 0x6C, 0xA0, 0x1F, 0x1A, 0xF0, 0x3E, 0xF7, 0x0F, 0x07, 0xD7, 0x63, 0x51, 0x91, 0x78,
    0x9C, 0x6D, 0xCD, 0xC9, 0x09, 0x00, 0x40, 0x08, 0x03, 0xC0, 0x74, 0x90, 0xFE, 0xBB, 0xB4, 0x83,
    0xAC, 0x17, 0xB8, 0x88, 0xF9, 0x0C, 0x78, 0x02, 0x1D, 0x93, 0x20, 0xA6, 0x0C, 0x15, 0x09, 0xE9,
    0x22, 0xB4, 0xB4, 0x53, 0x3D, 0xF9, 0xF8, 0xF6, 0xAA, 0xE5, 0x5D, 0x3F, 0x90, 0x7F, 0xA8, 0x5F,
    0xD4, 0x9B, 0xD1, 0x46, 0xDC, 0x72, 0xAD, 0x5D, 0x5B, 0x0F, 0x4E, 0xCC, 0x59, 0xB6, 0x78, 0x9C,
    0x03, 0x00, 0x00, 0x00, 0x00, 0x01, 0x78, 0x9C, 0x03, 0x00, 0x00, 0x00, 0x00, 0x01, 0x78, 0x9C,
    0x03, 0x00, 0x00, 0x00, 0x00, 0x01, 0x78, 0x9C, 0x03, 0x00, 0x00, 0x00, 0x00, 0x01, 0x78, 0x9C,
    0xFB, 0xFF, 0xFF, 0x3F, 0xFF, 0x7F, 0x24, 0x0C, 0x00, 0x6D, 0x48, 0x0C, 0x31, 0x78, 0x9C, 0xFB,
    0xFF, 0xFF, 0x3F, 0xFF, 0x7F, 0x24, 0x0C, 0x00, 0x6D, 0x48, 0x0C, 0x31, 0x78, 0x9C, 0xFB, 0xFF,
    0x1F, 0x04, 0xF8, 0xFF, 0xA3, 0x50, 0x00, 0xCF, 0xAE, 0x12, 0x1C, 0x78, 0x9C, 0xFB, 0xFF, 0x1F,
    0x1D, 0x00, 0x00, 0xAA, 0x67, 0x11, 0xEF, 0x78, 0x9C, 0xFB, 0xFF, 0x1F, 0x06, 0xF8, 0xFF, 0x63,
    0x65, 0x02, 0x00, 0x0D, 0x4E, 0x1E, 0x10, 0x78, 0x9C, 0xFB, 0xFF, 0x1F, 0x06, 0xF8, 0xFF, 0x63,
    0x65, 0x02, 0x00, 0x0D, 0x4E, 0x1E, 0x10, 0x78, 0x9C, 0xFB, 0xCF, 0xFF, 0xE1, 0xFF, 0xFF, 0x01,
    0xC0, 0x00, 0x24, 0x3F, 0x59, 0xA7, 0x78, 0x9C, 0x63, 0x60, 0x60, 0x60, 0xF8, 0xCF, 0xFF, 0x01,
    0x88, 0xF8, 0x81, 0x34, 0xC3, 0x7F, 0x20, 0xEF, 0x3F, 0x10, 0xF1, 0xFF, 0x87, 0x08, 0xFE, 0x67,
    0x00, 0x00, 0xE8, 0x92, 0x10, 0x1E, 0x78, 0x9C, 0xFB, 0xF0, 0x9F, 0xE1, 0xC3, 0x7F, 0x7E, 0x38,
    0x62, 0xF8, 0x00, 0x46, 0x20, 0x41, 0x10, 0x0D, 0x04, 0x00, 0x45, 0xCB, 0x0F, 0xD3, 0x78, 0x9C,
    0xFB, 0xF0, 0x9F, 0xE1, 0xC3, 0x7F, 0x7E, 0x38, 0x62, 0xF8, 0x00, 0x46, 0x20, 0x41, 0x10, 0x0D,
    0x04, 0x00, 0x45, 0xCB, 0x0F, 0xD3, 0x78, 0x9C, 0x63, 0x60, 0x80, 0x80, 0xFF, 0xFC, 0x0C, 0x1F,
    0xFE, 0x03, 0x11, 0x3F, 0xC3, 0x7F, 0x20, 0xC5, 0x0F, 0x14, 0x80, 0x89, 0x81, 0x58, 0x60, 0x01,
    0x98, 0x34, 0xFF, 0x07, 0x20, 0x13, 0x4A, 0xC1, 0x34, 0x40, 0x54, 0x03, 0x00, 0x9B, 0x80, 0x22,
    0xDE, 0x78, 0x9C, 0xFB, 0xF0, 0x9F, 0x81, 0xE1, 0x3F, 0x3F, 0xC3, 0x87, 0xFF, 0xFC, 0x1F, 0xFE,
    0xFF, 0xC7, 0xA4, 0x18, 0x80, 0x14, 0xC3, 0x07, 0x7E, 0xA0, 0x1A, 0x38, 0x05, 0x61, 0x7D, 0x80,
    0xEA, 0x83, 0x88, 0x41, 0x01, 0x00, 0x27, 0x98, 0x20, 0xB3, 0x78, 0x9C, 0xFB, 0xF0, 0x9F, 0x81,
    0xE1, 0x3F, 0x3F, 0xC3, 0x87, 0xFF, 0xFC, 0x1F, 0xFE, 0xFF, 0xC7, 0xA4, 0x18, 0x80, 0x14, 0xC3,
    0x07, 0x7E, 0xA0, 0x1A, 0x38, 0x05, 0x61, 0x7D, 0x80, 0xEA, 0x83, 0x88, 0x41, 0x01, 0x00, 0x27,
    0x98, 0x20, 0xB3, 0x78, 0x9C, 0x63, 0x60, 0xF8, 0xF0, 0x9F, 0x01, 0x04, 0x70, 0x53, 0x1F, 0xFE,
    0x83, 0x00, 0x3F, 0x56, 0x0A, 0x9F, 0x3E, 0x6A, 0x51, 0x60, 0x00, 0x00, 0xF4, 0x70, 0x3C, 0xA6,
    0x78, 0x9C, 0x63, 0x60, 0xF8, 0xF0, 0x9F, 0x01, 0x04, 0x70, 0x53, 0x1F, 0xFE, 0x83, 0x00, 0x3F,
    0x2A, 0x85, 0x4F, 0x03, 0x95, 0x4D, 0x01, 0x03, 0x00, 0xC2, 0x0B, 0x44, 0xBC, 0x78, 0x9C, 0x63,
    0xF8, 0xFF, 0x9F, 0xE1, 0xC3, 0xFF, 0xFF, 0xFC, 0xFF, 0xD1, 0x00, 0x48, 0x8C, 0x01, 0x28, 0x07,
    0x00, 0xAE, 0x25, 0x19, 0xE7, 0x78, 0x9C, 0xFB, 0xF0, 0x9F, 0x81, 0x81, 0xE1, 0x03, 0x94, 0xF8,
    0xFF, 0x9F, 0x9F, 0x01, 0x4E, 0xE0, 0xE6, 0x7C, 0x40, 0xD6, 0x03, 0x00, 0xEE, 0x6D, 0x1E, 0x10,
    0x78, 0x9C, 0x03, 0x00, 0x00, 0x00, 0x00, 0x01, 0x78, 0x9C, 0x65, 0x90, 0xCB, 0x11, 0x00, 0x21,
    0x08, 0x43, 0xD3, 0x41, 0xFA, 0xEF, 0x32, 0x1D, 0xB0, 0xFC, 0x1C, 0x5D, 0xF0, 0xC0, 0xC0, 0x03,
    0x4C, 0x14, 0x32, 0xF8, 0xA9, 0x88, 0x4A, 0x2D, 0x0A, 0xF1, 0x21, 0xD9, 0xB6, 0x4B, 0x3C, 0x8D,
    0xEA, 0x2E, 0x35, 0xD1, 0x26, 0x9C, 0xC4, 0x26, 0xF1, 0xA5, 0x94, 0x74, 0x61, 0x96, 0x96, 0x18,
    0x26, 0x18, 0xD8, 0xCA, 0x4F, 0x4D, 0xF5, 0x34, 0xB2, 0x87, 0x33, 0xDD, 0x37, 0x6A, 0x13, 0x4E,
    0x62, 0x9B, 0x60, 0x90, 0x30, 0xFC, 0x27, 0x11, 0x5E, 0xF5, 0x7E, 0xF7, 0xF5, 0x7C, 0xBE, 0x4F,
    0x35, 0xEE, 0xF9, 0x07, 0x0D, 0xC0, 0x7D, 0xBF, 0x78, 0x9C, 0xFB, 0xFF, 0x9F, 0xE1, 0x3F, 0x32,
    0xE2, 0x47, 0x20, 0x00, 0xEB, 0xB6, 0x0E, 0x2F, 0x78, 0x9C, 0xFB, 0xFF, 0x9F, 0xFF, 0xC3, 0x7F,
    0xFE, 0xFF, 0xFF, 0x19, 0xB0, 0x93, 0xFC, 0x40, 0x92, 0x01, 0x93, 0x04, 0x00, 0xB7, 0x99, 0x1F,
    0xF0, 0x78, 0x9C, 0xFB, 0xF0, 0x9F, 0xFF, 0x03, 0x12, 0x62, 0x40, 0x42, 0x00, 0xE6, 0xE8, 0x0E,
    0x2F, 0x78, 0x9C, 0x63, 0x60, 0x60, 0x60, 0xF8, 0xC0, 0xCF, 0xF0, 0x9F, 0xFF, 0xC3, 0x7F, 0x86,
    0xFF, 0x40, 0x04, 0x64, 0x32, 0x80, 0xC9, 0xFF, 0x0C, 0x1F, 0x20, 0x2C, 0xA0, 0x2C, 0x03, 0x03,
    0x00, 0x34, 0x01, 0x0F, 0x10, 0x78, 0x9C, 0x63, 0x60, 0x60, 0xF8, 0xC0, 0xCF, 0xF0, 0xE1, 0x3F,
    0x03, 0xC3, 0x7F, 0x7E, 0x86, 0xFF, 0xFF, 0x21, 0x2C, 0x10, 0x09, 0x64, 0xFF, 0xE7, 0x07, 0xD2,
    0x40, 0x59, 0x20, 0x00, 0x00, 0x4F, 0x31, 0x10, 0xD2, 0x78, 0x9C, 0xFB, 0xF0, 0x9F, 0x9F, 0xE1,
    0xC3, 0x7F, 0xFE, 0x0F, 0x34, 0xA0, 0x18, 0x50, 0xC0, 0x87, 0xFF, 0x60, 0xFC, 0x1F, 0x28, 0x0E,
    0xC4, 0xA8, 0x14, 0x54, 0x0E, 0x00, 0xC3, 0x5A, 0x47, 0xD7, 0x78, 0x9C, 0x55, 0x8C, 0x89, 0x09,
    0x00, 0x30, 0x08, 0x03, 0xB3, 0x81, 0xFB, 0x6F, 0xE9, 0x06, 0xB1, 0x49, 0x6D, 0xD1, 0x20, 0x1C,
    0x79, 0x10, 0xB8, 0x4A, 0x92, 0x01, 0x50, 0xB2, 0x91, 0xD5, 0x29, 0x55, 0xED, 0xD2, 0xC8, 0x87,
    0xB3, 0x9C, 0xF8, 0x3B, 0x01, 0x03, 0x5B, 0x1D, 0xF6, 0xE3, 0x0D, 0x77, 0x05, 0x5A, 0x90, 0x36,
    0x9D, 0x78, 0x9C, 0x63, 0x60, 0x00, 0x83, 0xFF, 0x28, 0x00, 0x00, 0x68, 0xAC, 0x0D, 0xF3, 0x78,
    0x9C, 0x63, 0x60, 0x80, 0x82, 0x0F, 0xFC, 0x60, 0xEA, 0x3F, 0xFF, 0xFF, 0xFF, 0x20, 0x16, 0x90,
    0xFC, 0xF0, 0x1F, 0x02, 0x80, 0x72, 0x50, 0x1A, 0xC2, 0x02, 0x52, 0x00, 0xFF, 0x08, 0x17, 0xE9,
    0x78, 0x9C, 0x63, 0x60, 0x00, 0x82, 0xFF, 0x20, 0x82, 0xE1, 0x03, 0x94, 0xE2, 0x07, 0x53, 0xFF,
    0xA1, 0x14, 0x25, 0x52, 0xC4, 0x2A, 0x07, 0x00, 0x2C, 0xCB, 0x16, 0xF9, 0x78, 0x9C, 0x75, 0xCD,
    0xC1, 0x0D, 0x00, 0x20, 0x08, 0x03, 0xC0, 0x6E, 0xC0, 0xFE, 0x5B, 0xB2, 0x41, 0x25, 0xA2, 0xB1,
    0x06, 0xE8, 0xE3, 0x1E, 0xB4, 0x09, 0x80, 0x84, 0xA4, 0x1D, 0x3D, 0xA4, 0x6A, 0x29, 0x88, 0x27,
    0xA2, 0xEA, 0xE5, 0x27, 0xAE, 0x2E, 0x0E, 0x13, 0xEC, 0x43, 0xE3, 0x14, 0xD9, 0x78, 0x79, 0x52,
    0x95, 0xFD, 0x02, 0xCF, 0x48, 0x58, 0x03, 0x78, 0x9C, 0x6D, 0xCC, 0x89, 0x0D, 0x00, 0x40, 0x04,
    0x04, 0xC0, 0xED, 0x40, 0xFF, 0x5D, 0xEA, 0x60, 0xCF, 0x13, 0x4E, 0x82, 0x84, 0x8C, 0x27, 0x80,
    0x0E, 0x92, 0xE2, 0x15, 0x6A, 0xE2, 0x97, 0x20, 0x3A, 0x94, 0x60, 0xE3, 0x2D, 0x0E, 0x65, 0xC6,
    0x32, 0xC5, 0xA1, 0x2E, 0xB2, 0x75, 0x45, 0x6C, 0x95, 0x9E, 0xF5, 0xEA, 0x52, 0xDF, 0x3D, 0x8F,
    0x6C, 0x4E, 0xFD, 0x78, 0x9C, 0x7D, 0xCC, 0xD1, 0x0D, 0x00, 0x40, 0x04, 0x03, 0x50, 0x1B, 0x74,
    0xFF, 0x2D, 0x6D, 0xD0, 0x13, 0x25, 0x7C, 0xC8, 0x35, 0x21, 0x4F, 0x08, 0xB3, 0x8E, 0x13, 0x51,
    0xA4, 0x14, 0xC8, 0x59, 0xA2, 0xB6, 0xF0, 0x52, 0xE4, 0x90, 0x2F, 0xA1, 0xD4, 0xFF, 0x72, 0xD9,
    0x9A, 0x66, 0x5B, 0x57, 0xEA, 0x24, 0x3F, 0xE1, 0xD3, 0xE6, 0xEE, 0x01, 0xCE, 0xC1, 0x52, 0x81,
    0x78, 0x9C, 0x63, 0xF8, 0xF0, 0x9F, 0x81, 0xE1, 0xC3, 0xFF, 0xFF, 0xFF, 0x21, 0xC4, 0x7F, 0x7E,
    0x20, 0xC2, 0x49, 0x20, 0xD4, 0x31, 0x80, 0xB4, 0x01, 0x00, 0xE6, 0x52, 0x20, 0x3B, 0x78, 0x9C,
    0x63, 0x60, 0xF8, 0xCF, 0xFF, 0x9F, 0x9F, 0x01, 0x08, 0x40, 0x34, 0x3A, 0x04, 0x00, 0xAC, 0x62,
    0x0C, 0xA9, 0x78, 0x9C, 0x63, 0x60, 0x00, 0x81, 0x0F, 0xFF, 0xFF, 0x43, 0x89, 0xFF, 0x1F, 0xA0,
    0xC4, 0x07, 0x7E, 0x18, 0xF1, 0x1F, 0x0E, 0x40, 0x6A, 0x18, 0x10, 0x04, 0x00, 0xC1, 0xB3, 0x21,
    0x58, 0x78, 0x9C, 0x25, 0xCA, 0xC1, 0x0D, 0x00, 0x00, 0x08, 0xC2, 0x40, 0x36, 0x70, 0xFF, 0x2D,
    0xD9, 0xA0, 0x82, 0x7E, 0x2E, 0x8D, 0x28, 0x60, 0xF4, 0x8C, 0x64, 0x54, 0x92, 0xA1, 0x7D, 0xD7,
    0xE0, 0x02, 0x4E, 0xDD, 0xD0, 0x97, 0x05, 0x8A, 0x09, 0x1E, 0x10, 0x78, 0x9C, 0x25, 0xC9, 0x41,
    0x11, 0x00, 0x30, 0x0C, 0x02, 0xC1, 0x73, 0x80, 0x7F, 0x97, 0x38, 0xB8, 0xD2, 0xC9, 0x27, 0xB0,
    0x84, 0x2A, 0xA8, 0xA9, 0x11, 0xC3, 0x94, 0xC5, 0xA6, 0xD1, 0x1E, 0xEE, 0xF4, 0xB3, 0xFF, 0xC1,
    0x0A, 0x0F, 0x0A, 0xC4, 0x22, 0x2A, 0x78, 0x9C, 0x63, 0x60, 0x00, 0x82, 0xFF, 0x40, 0xC0, 0x0F,
    0x26, 0x18, 0x18, 0x3E, 0xFC, 0x07, 0x09, 0xC0, 0x18, 0x08, 0x02, 0x24, 0x84, 0x46, 0x00, 0x00,
    0xEC, 0x20, 0x15, 0x19, 0x78, 0x9C, 0x35, 0x8A, 0x41, 0x0D, 0x00, 0x40, 0x0C, 0xC2, 0x70, 0x80,
    0x7F, 0x97, 0x38, 0xE8, 0xB1, 0x65, 0xD7, 0x07, 0x09, 0x14, 0xA9, 0x04, 0x2C, 0x8A, 0x70, 0x2E,
    0x76, 0xD3, 0x44, 0xBE, 0xF0, 0xBC, 0x0C, 0x99, 0xD2, 0x6D, 0xED, 0x03, 0x8C, 0x92, 0x25, 0x09,
    0x78, 0x9C, 0x25, 0x8B, 0x81, 0x0D, 0x00, 0x30, 0x08, 0xC2, 0xF8, 0x80, 0xFF, 0xBF, 0xE4, 0x03,
    0x56, 0x9C, 0x31, 0x4D, 0xC0, 0xAA, 0x56, 0x4A, 0x61, 0x1B, 0x60, 0xF6, 0x83, 0xF1, 0x0E, 0x96,
    0x56, 0x23, 0x39, 0x3E, 0x8F, 0x94, 0xBD, 0x3D, 0x33, 0x5F, 0x22, 0x1B, 0x78, 0x9C, 0x63, 0xF8,
    0xF0, 0x9F, 0x81, 0x81, 0x01, 0x95, 0xF8, 0x0F, 0x04, 0xFC, 0x60, 0x82, 0x01, 0x8B, 0x2C, 0x00,
    0x64, 0x35, 0x17, 0x8F, 0x78, 0x9C, 0x63, 0x60, 0x00, 0x82, 0xFF, 0x40, 0xC0, 0x0F, 0x26, 0x00,
    0x30, 0x48, 0x08, 0x17, 0x78, 0x9C, 0xFB, 0xFF, 0xFF, 0xFF, 0x7F, 0xFE, 0xFF, 0x20, 0x82, 0x01,
    0x15, 0xFC, 0x47, 0x95, 0x00, 0x00, 0x7B, 0xAB, 0x10, 0x2D, 0x78, 0x9C, 0x63, 0x60, 0x60, 0x60,
    0xF8, 0x0F, 0x44, 0xFC, 0x1F, 0xFE, 0x33, 0x40, 0xD0, 0x7F, 0x7E, 0x2C, 0x08, 0x2E, 0x0B, 0xE2,
    0x30, 0x30, 0x00, 0x00, 0x63, 0x0D, 0x16, 0x18, 0x78, 0x9C, 0x63, 0x60, 0x60, 0xF8, 0xC0, 0xCF,
    0xF0, 0x9F, 0x9F, 0xE1, 0xC3, 0x7F, 0x10, 0x02, 0xB1, 0xB0, 0x21, 0x88, 0x2C, 0x10, 0x01, 0x79,
    0x40, 0x00, 0x00, 0x3C, 0x52, 0x15, 0x37, 0x78, 0x9C, 0xFB, 0xCF, 0xFF, 0xFF, 0x3F, 0xC3, 0xFF,
    0xFF, 0x60, 0xE2, 0xC3, 0x7F, 0xFE, 0xFF, 0xFC, 0x0C, 0x84, 0x08, 0x00, 0xEA, 0x90, 0x19, 0xC9,
    0x78, 0x9C, 0x63, 0xF8, 0xFF, 0x9F, 0x81, 0xE1, 0xC3, 0x7F, 0x20, 0xF9, 0xE1, 0xFF, 0x87, 0xFF,
    0x0C, 0xFF, 0xF9, 0x81, 0x08, 0x1B, 0x01, 0x96, 0x05, 0xAB, 0x03, 0x92, 0x0C, 0x0C, 0x00, 0x59,
    0x9E, 0x1E, 0x10, 0x78, 0x9C, 0x63, 0xF8, 0xF0, 0xFF, 0xC3, 0x7F, 0x10, 0x62, 0xF8, 0x80, 0x1D,
    0x01, 0x00, 0x97, 0x79, 0x17, 0x44, 0x78, 0x9C, 0x63, 0xF8, 0xF0, 0x9F, 0x9F, 0xE1, 0xC3, 0xFF,
    0xFF, 0xFF, 0x81, 0x04, 0x88, 0xC9, 0xC0, 0x00, 0x27, 0x3E, 0xFC, 0x67, 0x80, 0x10, 0x60, 0xF1,
    0xFF, 0x50, 0x75, 0xFC, 0x60, 0x02, 0x00, 0xEC, 0xA2, 0x1B, 0xD6, 0x78, 0x9C, 0x2D, 0x8A, 0xC1,
    0x11, 0x00, 0x30, 0x0C, 0x82, 0xD8, 0xC0, 0xFD, 0xB7, 0xCC, 0x06, 0xB4, 0xE6, 0xF2, 0xE1, 0x14,
    0x65, 0x0C, 0xA3, 0x9F, 0x36, 0xB2, 0x50, 0x0E, 0x5B, 0x31, 0xD3, 0xB5, 0xBF, 0xFA, 0xF0, 0x00,
    0x0A, 0x1B, 0x1B, 0xE5, 0x78, 0x9C, 0x63, 0x60, 0xF8, 0xFF, 0x9F, 0x81, 0xE1, 0x03, 0x88, 0xF8,
    0x0F, 0x26, 0x3E, 0xFC, 0x07, 0xF2, 0x40, 0x04, 0x3F, 0x90, 0xF8, 0x0F, 0x07, 0x20, 0x35, 0x0C,
    0x08, 0x02, 0x00, 0xB1, 0x73, 0x21, 0x67, 0x78, 0x9C, 0x63, 0xF8, 0xFF, 0xFF, 0x3F, 0x3F, 0x03,
    0x84, 0x60, 0x60, 0x60, 0xF8, 0x00, 0x21, 0xFE, 0x03, 0xA9, 0xFF, 0x1F, 0x80, 0x62, 0x40, 0x0A,
    0x42, 0xFC, 0x07, 0x71, 0xA1, 0x12, 0x40, 0x21, 0x00, 0x0A, 0x1B, 0x1C, 0x03, 0x78, 0x9C, 0x63,
    0xF8, 0xF0, 0xFF, 0x3F, 0x03, 0xC3, 0x7F, 0x20, 0xF1, 0xE1, 0x3F, 0x3F, 0x98, 0xC1, 0x0F, 0x22,
    0xFE, 0x03, 0x09, 0xA0, 0x00, 0x88, 0x03, 0x21, 0x3E, 0x80, 0xB8, 0x1F, 0x40, 0x12, 0x60, 0x85,
    0x00, 0xA6, 0x7E, 0x20, 0xFE, 0x78, 0x9C, 0xFB, 0xFF, 0xFF, 0xFF, 0x7F, 0xFE, 0xFF, 0x20, 0x82,
    0x81, 0xE1, 0xFF, 0x7F, 0x06, 0x20, 0xC1, 0x0F, 0x25, 0x3E, 0x80, 0x78, 0x1F, 0x50, 0x84, 0x10,
    0x04, 0x00, 0xD0, 0xA0, 0x14, 0x47, 0x78, 0x9C, 0x2D, 0x8A, 0x41, 0x11, 0x00, 0x30, 0x0C, 0xC2,
    0xE2, 0x00, 0xFF, 0x2E, 0x71, 0x90, 0xB5, 0xD7, 0xF1, 0x80, 0x0B, 0x80, 0x82, 0xA3, 0x6F, 0xA9,
    0xD4, 0x66, 0xCB, 0xD0, 0xC5, 0x49, 0xA3, 0xDD, 0xED, 0xDE, 0xE1, 0x01, 0xB3, 0x44, 0x20, 0xEF,
    0x78, 0x9C, 0x1D, 0x8B, 0x01, 0x09, 0x00, 0x40, 0x10, 0xC2, 0x6C, 0x60, 0xFF, 0x96, 0x36, 0xD8,
    0xEF, 0x1E, 0x44, 0x70, 0x6A, 0x20, 0x19, 0x3A, 0x4C, 0xAB, 0x32, 0xD1, 0x63, 0x4D, 0x8E, 0xD8,
    0x77, 0xFD, 0x13, 0xD3, 0xEE, 0xF1, 0x00, 0xA6, 0x6F, 0x1F, 0xFF, 0x78, 0x9C, 0x63, 0xF8, 0xF0,
    0x9F, 0x81, 0x81, 0x01, 0x95, 0xF8, 0x0F, 0x04, 0xFC, 0x60, 0x82, 0x01, 0x8B, 0x2C, 0x00, 0x64,
    0x35, 0x17, 0x8F, 0x78, 0x9C, 0x63, 0x60, 0x00, 0x82, 0xFF, 0x40, 0xC0, 0x0F, 0x26, 0x00, 0x30,
    0x48, 0x08, 0x17, 0x78, 0x9C, 0x63, 0x60, 0x00, 0x82, 0xFF, 0x40, 0xC0, 0x0F, 0x26, 0x18, 0x50,
    0x01, 0x42, 0x02, 0x00, 0x2A, 0xCF, 0x10, 0x2D, 0x78, 0x9C, 0x63, 0x60, 0x60, 0x60, 0xF8, 0xCF,
    0xFF, 0xE1, 0x3F, 0x03, 0x04, 0xFD, 0xE7, 0xC7, 0x82, 0x3E, 0xF0, 0x43, 0x65, 0xC1, 0x7C, 0xA0,
    0x06, 0x06, 0x00, 0x65, 0x92, 0x15, 0x28, 0x78, 0x9C, 0x63, 0x60, 0x60, 0xF8, 0xCF, 0xCF, 0xF0,
    0xE1, 0x3F, 0x14, 0x81, 0x38, 0x18, 0x08, 0x2E, 0x0B, 0x52, 0xC9, 0xCF, 0x00, 0x04, 0x00, 0x71,
    0x2C, 0x16, 0x18, 0x78, 0x9C, 0x63, 0xF8, 0xFF, 0x9F, 0x81, 0xE1, 0xC3, 0x7F, 0x10, 0xC9, 0xFF,
    0x01, 0x48, 0x30, 0x30, 0xFC, 0xE7, 0x07, 0xF2, 0x60, 0x04, 0x3F, 0x98, 0x0B, 0x94, 0x80, 0x28,
    0x01, 0x61, 0x00, 0xCE, 0x34, 0x1D, 0x02, 0x78, 0x9C, 0x65, 0xCE, 0xD1, 0x09, 0x00, 0x31, 0x0C,
    0x02, 0x50, 0x37, 0x70, 0xFF, 0x2D, 0xDD, 0xC0, 0xD3, 0xE6, 0x20, 0xE5, 0xAE, 0x1F, 0x79, 0x04,
    0x03, 0x16, 0x80, 0x40, 0x60, 0x51, 0x91, 0x5D, 0x9C, 0x37, 0x33, 0xEB, 0x90, 0xC4, 0x72, 0x0E,
    0x68, 0x35, 0x22, 0x6F, 0x40, 0xFF, 0x49, 0xF8, 0x45, 0x17, 0xDB, 0xA0, 0xE1, 0xAD, 0x85, 0xCF,
    0x57, 0xD0, 0x9E, 0x05, 0xE5, 0x01, 0x4F, 0xEE, 0x53, 0x35, 0x78, 0x9C, 0x6D, 0x8B, 0xDB, 0x0D,
    0x00, 0x20, 0x08, 0x03, 0xBB, 0x01, 0xFB, 0x6F, 0xD9, 0x0D, 0x4E, 0x81, 0x44, 0x89, 0xB1, 0x3F,
    0x97, 0xBE, 0x24, 0x83, 0xB6, 0x20, 0xE9, 0x44, 0x94, 0x21, 0xB3, 0xE8, 0x4A, 0x17, 0x8C, 0x45,
    0x9C, 0x89, 0x0B, 0x4F, 0xE7, 0x79, 0x77, 0xA7, 0xFC, 0xB0, 0x00, 0x22, 0x9C, 0x4B, 0x2E, 0x78,
    0x9C, 0x63, 0xF8, 0xFF, 0x9F, 0x81, 0xE1, 0x3F, 0x3F, 0x10, 0xC3, 0x69, 0x7E, 0x1C, 0xF4, 0x7F,
    0x64, 0xFA, 0x3F, 0x04, 0xF0, 0xC3, 0x68, 0xA0, 0x18, 0x08, 0x62, 0x13, 0xFF, 0xF0, 0x1F, 0xAC,
    0x0F, 0x4E, 0x33, 0xE0, 0xA2, 0x3F, 0x20, 0xD1, 0x00, 0x8A, 0x8D, 0x4E, 0x49, 0x78, 0x9C, 0x63,
    0xF8, 0xFF, 0xFF, 0x3F, 0x3F, 0x03, 0x10, 0xFC, 0x87, 0x32, 0x40, 0xF4, 0x7F, 0x30, 0xCD, 0x00,
    0x16, 0x00, 0xD2, 0x1F, 0x80, 0xF4, 0x7F, 0x08, 0xE0, 0x47, 0xA7, 0x61, 0xF2, 0x48, 0xEA, 0x61,
    0xFA, 0xE1, 0xE6, 0x41, 0xCD, 0x67, 0x60, 0x20, 0x81, 0x06, 0x00, 0x75, 0x55, 0x49, 0x3F, 0x78,
    0x9C, 0xFB, 0xF0, 0x9F, 0x9F, 0x81, 0x81, 0xE1, 0x3F, 0xFF, 0x07, 0x04, 0xFD, 0xFF, 0x3F, 0x11,
    0x34, 0x03, 0x2A, 0xCD, 0xF0, 0x1F, 0x0D, 0x80, 0xC5, 0x81, 0x14, 0x50, 0x02, 0xA8, 0x07, 0x0F,
    0xFD, 0x01, 0x1B, 0xCD, 0xCF, 0x00, 0x00, 0x5E, 0x10, 0x5E, 0x2A, 0x78, 0x9C, 0x63, 0x60, 0x60,
    0x60, 0xF8, 0xCF, 0xCF, 0xC0, 0xF0, 0xE1, 0x3F, 0x10, 0xF0, 0xC3, 0x28, 0xB8, 0x20, 0x3F, 0x88,
    0x42, 0x91, 0xFA, 0x0F, 0xA3, 0xC0, 0x4A, 0x70, 0x50, 0xFC, 0x1F, 0x90, 0xCC, 0x82, 0x52, 0x50,
    0xC3, 0x20, 0x00, 0x6C, 0xCA, 0x7F, 0x18, 0x05, 0x00, 0x7E, 0x9B, 0x45, 0x70, 0x78, 0x9C, 0x55,
    0x4D, 0xC1, 0x11, 0x00, 0x20, 0x08, 0x62, 0x03, 0xF7, 0xDF, 0xD2, 0x0D, 0x48, 0x0F, 0xC9, 0xE2,
    0x83, 0x80, 0x0A, 0x00, 0x32, 0x50, 0x48, 0x6A, 0x60, 0x43, 0xB2, 0xF5, 0xA4, 0x68, 0xCF, 0x29,
    0x97, 0xED, 0x7F, 0x79, 0x2C, 0x3F, 0xF7, 0xE2, 0x2C, 0x4E, 0xEC, 0x7F, 0xF7, 0xDD, 0x7E, 0x6D,
    0x1E, 0x0A, 0x5B, 0x45, 0x16, 0x78, 0x9C, 0xFB, 0xFF, 0x1F, 0x37, 0x60, 0x60, 0xF8, 0xF0, 0x9F,
    0x9F, 0x81, 0x01, 0x42, 0xF1, 0x83, 0xA9, 0xFF, 0x60, 0x0A, 0x24, 0x05, 0xA2, 0x20, 0x24, 0x50,
    0x0E, 0x24, 0x04, 0x94, 0xFB, 0x00, 0xD1, 0xF6, 0x01, 0x59, 0x0E, 0xAC, 0x1C, 0x89, 0x42, 0x36,
    0x13, 0x46, 0x01, 0x00, 0x65, 0xBD, 0x4D, 0x95, 0x78, 0x9C, 0x63, 0xF8, 0xFF, 0xFF, 0x3F, 0x3F,
    0x03, 0x10, 0xFC, 0x87, 0x32, 0x40, 0xF4, 0x7F, 0x30, 0xCD, 0x00, 0x12, 0xF8, 0x0F, 0x01, 0xFC,
    0x30, 0x1A, 0x24, 0xCE, 0x80, 0x43, 0x1C, 0x6C, 0x00, 0x42, 0x3F, 0xDC, 0x3C, 0xA8, 0xF9, 0x0C,
    0x0C, 0x24, 0xD0, 0x00, 0x4B, 0x42, 0x4B, 0x5B, 0x78, 0x9C, 0x65, 0x8E, 0xC1, 0x0D, 0x00, 0x30,
    0x08, 0x02, 0xD9, 0x80, 0xFD, 0xB7, 0x74, 0x03, 0x8A, 0xD8, 0x4F, 0xAD, 0x0F, 0x2F, 0x12, 0x11,
    0x01, 0x88, 0xE8, 0x7A, 0x50, 0x6A, 0xBA, 0x4B, 0x96, 0xBA, 0xE8, 0x01, 0x45, 0x6B, 0x77, 0x21,
    0xD0, 0x42, 0x8C, 0x1F, 0x10, 0xC4, 0x5B, 0x0B, 0xCA, 0xA5, 0x49, 0x98, 0x3C, 0x26, 0x90, 0xDF,
    0x4B, 0xC1, 0x01, 0xCC, 0xC8, 0x50, 0x47, 0x78, 0x9C, 0x65, 0x8B, 0xC9, 0x0D, 0x00, 0x20, 0x0C,
    0xC3, 0xBC, 0x41, 0xF7, 0xDF, 0x32, 0x1B, 0x04, 0x01, 0x3D, 0x84, 0xE8, 0x23, 0x96, 0x92, 0x1A,
    0x6C, 0xC3, 0x4E, 0xC7, 0x85, 0x1B, 0xA7, 0x2F, 0xF8, 0x39, 0xD2, 0xD3, 0x68, 0xB3, 0x7D, 0x2E,
    0xCA, 0x9F, 0x28, 0xC8, 0xED, 0xC3, 0x02, 0xDB, 0x0E, 0x4F, 0xB1, 0x78, 0x9C, 0x6D, 0x8E, 0xDB,
    0x09, 0x00, 0x30, 0x0C, 0x02, 0xDD, 0xC0, 0xFD, 0xB7, 0x74, 0x03, 0x8B, 0x69, 0x0B, 0x69, 0x49,
    0x3E, 0x3C, 0xF2, 0x40, 0x03, 0x40, 0x44, 0xEA, 0x81, 0x6C, 0x96, 0x86, 0x51, 0x23, 0x20, 0x33,
    0x53, 0xAD, 0x18, 0xF8, 0x03, 0x26, 0xF4, 0x13, 0x5D, 0x94, 0x4B, 0xB3, 0x4E, 0x90, 0x76, 0x77,
    0xD2, 0xA7, 0xCF, 0x16, 0xAF, 0xF5, 0x4A, 0xF2, 0x78, 0x9C, 0xFB, 0xFF, 0x1F, 0x19, 0x30, 0xA0,
    0x80, 0xFF, 0x68, 0x72, 0x1F, 0xFE, 0xF3, 0x83, 0x84, 0xA9, 0x4F, 0x01, 0x00, 0xF5, 0xE8, 0x35,
    0xCB, 0x78, 0x9C, 0xFB, 0xFF, 0x1F, 0x08, 0xF8, 0xFF, 0x23, 0x00, 0x98, 0xCD, 0xCF, 0xC0, 0xC0,
    0x00, 0x21, 0x3F, 0xFC, 0xFF, 0xCF, 0x80, 0x2C, 0x0B, 0x12, 0x01, 0x13, 0x40, 0x12, 0x24, 0x00,
    0x52, 0x07, 0x12, 0x00, 0x33, 0x91, 0x35, 0x81, 0x39, 0x58, 0x84, 0xF8, 0x01, 0xEE, 0xFA, 0x41,
    0x1A, 0x78, 0x9C, 0x6D, 0x8D, 0x81, 0x09, 0x00, 0x30, 0x08, 0xC3, 0xFC, 0xA0, 0xFF, 0x7F, 0xD9,
    0x0F, 0x9C, 0x56, 0xC5, 0x0D, 0x56, 0x90, 0x40, 0x0B, 0xD1, 0xE8, 0xB0, 0xCC, 0x4D, 0x88, 0x91,
    0x66, 0xF5, 0x82, 0xB9, 0x83, 0xE8, 0x39, 0x1A, 0x7E, 0xF6, 0x74, 0x70, 0xC8, 0xA2, 0x6E, 0xB7,
    0x16, 0xE0, 0xFD, 0x83, 0xF5, 0x1C, 0xA8, 0x90, 0x4A, 0x4D, 0x78, 0x9C, 0x63, 0xF8, 0xFF, 0xFF,
    0x3F, 0x3F, 0x03, 0x03, 0xC3, 0x7F, 0x08, 0x0D, 0xA2, 0xFE, 0x83, 0x28, 0x06, 0x10, 0x17, 0x48,
    0x7D, 0xC0, 0x43, 0x01, 0x95, 0xFC, 0x87, 0x68, 0x80, 0x6A, 0x63, 0x00, 0x13, 0x30, 0x0A, 0x59,
    0xEE, 0x3F, 0x9A, 0x1C, 0x2A, 0x05, 0x00, 0x17, 0x2D, 0x46, 0xF6, 0x78, 0x9C, 0xFB, 0xFF, 0x1F,
    0x0C, 0xF8, 0x19, 0xF0, 0x23, 0x00, 0xAA, 0x8A, 0x11, 0x95, 0x78, 0x9C, 0xFB, 0xFF, 0x1F, 0x04,
    0x18, 0x3E, 0x10, 0x40, 0x00, 0x39, 0x0A, 0x1B, 0x40, 0x78, 0x9C, 0x63, 0x60, 0x60, 0xF8, 0xCF,
    0x8F, 0x17, 0x81, 0x01, 0x00, 0x01, 0xD9, 0x10, 0x87, 0x78, 0x9C, 0x63, 0x60, 0x60, 0x60, 0xF8,
    0xF0, 0x1F, 0x0F, 0x82, 0x00, 0x00, 0xAA, 0xE4, 0x19, 0x51, 0x78, 0x9C, 0xFB, 0xFF, 0x1F, 0x13,
    0xF0, 0x63, 0x11, 0xC3, 0x21, 0x08, 0x00, 0x9A, 0xE8, 0x3B, 0xF2, 0x78, 0x9C, 0xFB, 0xFF, 0x1F,
    0x1F, 0xE0, 0xC7, 0x2B, 0x4B, 0x50, 0x1A, 0x00, 0xA9, 0x3A, 0x59, 0xD4, 0x78, 0x9C, 0x85, 0xCE,
    0xCB, 0x0D, 0x00, 0x20, 0x08, 0x03, 0xD0, 0x6E, 0xC0, 0xFE, 0x5B, 0xB2, 0x41, 0x05, 0x8A, 0x06,
    0x4E, 0xF6, 0xF2, 0xF8, 0xC5, 0x08, 0x74, 0x9C, 0xA4, 0x85, 0xCC, 0xA8, 0xCD, 0x41, 0x88, 0x54,
    0xF5, 0x14, 0x4F, 0xED, 0x41, 0xD5, 0xD3, 0x7B, 0xC7, 0x32, 0x0F, 0x97, 0x3E, 0x7B, 0x6B, 0xF5,
    0x81, 0xED, 0x7A, 0xBF, 0xF2, 0xF3, 0x00, 0x28, 0x61, 0x6F, 0x19,
};
const EpdGlyph bold_fontGlyphs[] = {
    { 0, 0, 6, 0, 0, 8, 0 }, //
    { 5, 20, 9, 2, 20, 26, 8 }, // !
    { 11, 10, 15, 2, 21, 27, 34 }, // "
    { 14, 19, 16, 1, 19, 45, 61 }, // #
    { 13, 25, 16, 1, 22, 64, 106 }, // $
    { 24, 19, 26, 1, 19, 79, 170 }, // %
    { 19, 19, 20, 1, 19, 68, 249 }, // &
    { 5, 10, 9, 2, 21, 18, 317 }, // '
    { 7, 28, 9, 2, 22, 36, 335 }, // (
    { 7, 28, 9, 0, 22, 36, 371 }, // )
    { 12, 11, 13, 1, 21, 39, 407 }, // *
    { 13, 14, 15, 1, 17, 26, 446 }, // +
    { 7, 11, 9, 1, 5, 32, 472 }, // ,
    { 7, 4, 9, 1, 10, 15, 504 }, // -
    { 5, 5, 9, 2, 5, 19, 519 }, // .
    { 10, 26, 10, 0, 21, 30, 538 }, // /
    { 14, 19, 15, 1, 19, 49, 568 }, // 0
    { 12, 19, 15, 2, 19, 27, 617 }, // 1
    { 14, 19, 15, 0, 19, 50, 644 }, // 2
    { 14, 19, 15, 0, 19, 58, 694 }, // 3
    { 14, 19, 15, 1, 19, 42, 752 }, // 4
    { 14, 19, 15, 0, 19, 48, 794 }, // 5
    { 14, 19, 15, 1, 19, 55, 842 }, // 6
    { 13, 19, 15, 1, 19, 36, 897 }, // 7
    { 14, 19, 15, 1, 19, 58, 933 }, // 8
    { 14, 19, 15, 1, 19, 59, 991 }, // 9
    { 5, 15, 9, 2, 15, 24, 1050 }, // :
    { 7, 21, 9, 1, 15, 37, 1074 }, // ;
    { 14, 14, 16, 1, 17, 47, 1111 }, // <
    { 13, 11, 15, 1, 15, 22, 1158 }, // =
    { 14, 14, 16, 1, 17, 45, 1180 }, // >
    { 12, 21, 14, 1, 21, 51, 1225 }, // ?
    { 24, 24, 26, 1, 19, 94, 1276 }, // @
    { 18, 19, 17, -1, 19, 57, 1370 }, // A
    { 15, 19, 17, 2, 19, 51, 1427 }, // B
    { 15, 19, 17, 1, 19, 56, 1478 }, // C
    { 15, 19, 18, 2, 19, 52, 1534 }, // D
    { 12, 19, 16, 2, 19, 26, 1586 }, // E
    { 12, 19, 15, 2, 19, 24, 1612 }, // F
    { 16, 19, 19, 1, 19, 58, 1636 }, // G
    { 15, 19, 19, 2, 19, 27, 1694 }, // H
    { 5, 19, 9, 2, 19, 14, 1721 }, // I
    { 13, 19, 15, 0, 19, 36, 1735 }, // J
    { 16, 19, 18, 2, 19, 60, 1771 }, // K
    { 12, 19, 15, 2, 19, 17, 1831 }, // L
    { 18, 19, 22, 2, 19, 53, 1848 }, // M
    { 15, 19, 19, 2, 19, 45, 1901 }, // N
    { 18, 19, 20, 1, 19, 61, 1946 }, // O
    { 14, 19, 17, 2, 19, 45, 2007 }, // P
    { 19, 24, 20, 1, 19, 71, 2052 }, // Q
    { 16, 19, 18, 2, 19, 57, 2123 }, // R
    { 15, 19, 16, 1, 19, 61, 2180 }, // S
    { 15, 19, 17, 1, 19, 23, 2241 }, // T
    { 16, 19, 20, 2, 19, 39, 2264 }, // U
    { 18, 19, 16, -1, 19, 57, 2303 }, // V
    { 24, 19, 24, 0, 19, 62, 2360 }, // W
    { 17, 19, 17, 0, 19, 68, 2422 }, // X
    { 17, 19, 16, 0, 19, 57, 2490 }, // Y
    { 14, 19, 16, 1, 19, 28, 2547 }, // Z
    { 6, 26, 10, 3, 21, 20, 2575 }, // [
    { 10, 26, 10, 0, 21, 37, 2595 }, // <backslash>
    { 6, 26, 10, 1, 21, 20, 2632 }, // ]
    { 13, 12, 15, 1, 20, 41, 2652 }, // ^
    { 14, 3, 16, 1, -1, 14, 2693 }, // _
    { 8, 9, 16, 2, 25, 29, 2707 }, // `
    { 13, 15, 15, 1, 15, 51, 2736 }, // a
    { 14, 21, 17, 2, 21, 42, 2787 }, // b
    { 12, 15, 14, 1, 15, 46, 2829 }, // c
    { 14, 21, 17, 1, 21, 43, 2875 }, // d
    { 14, 15, 16, 1, 15, 49, 2918 }, // e
    { 11, 22, 11, 1, 22, 37, 2967 }, // f
    { 14, 20, 16, 1, 15, 55, 3004 }, // g
    { 13, 21, 17, 2, 21, 33, 3059 }, // h
    { 5, 22, 8, 2, 22, 20, 3092 }, // i
    { 9, 27, 8, -2, 22, 31, 3112 }, // j
    { 15, 21, 16, 2, 21, 50, 3143 }, // k
    { 7, 21, 9, 2, 21, 23, 3193 }, // l
    { 22, 15, 25, 2, 15, 39, 3216 }, // m
    { 13, 15, 17, 2, 15, 33, 3255 }, // n
    { 14, 15, 16, 1, 15, 49, 3288 }, // o
    { 14, 20, 17, 2, 15, 44, 3337 }, // p
    { 14, 20, 17, 1, 15, 46, 3381 }, // q
    { 10, 15, 12, 2, 15, 28, 3427 }, // r
    { 12, 15, 13, 0, 15, 48, 3455 }, // s
    { 11, 19, 12, 1, 19, 36, 3503 }, // t
    { 13, 15, 17, 2, 15, 33, 3539 }, // u
    { 15, 15, 15, 0, 15, 50, 3572 }, // v
    { 22, 15, 23, 0, 15, 58, 3622 }, // w
    { 15, 15, 15, 0, 15, 55, 3680 }, // x
    { 15, 20, 15, 0, 15, 56, 3735 }, // y
    { 12, 15, 14, 1, 15, 31, 3791 }, // z
    { 8, 26, 10, 1, 21, 32, 3822 }, // {
    { 3, 30, 8, 3, 23, 13, 3854 }, // |
    { 8, 26, 9, 1, 21, 39, 3867 }, // }
    { 15, 6, 15, 0, 13, 33, 3906 }, // ~
    { 0, 0, 6, 0, 0, 8, 3939 }, //  
    { 5, 20, 9, 2, 15, 25, 3947 }, // ¡
    { 12, 21, 15, 2, 19, 52, 3972 }, // ¢
    { 13, 19, 15, 1, 19, 54, 4024 }, // £
    { 15, 16, 15, 0, 18, 52, 4078 }, // ¤
    { 15, 19, 15, 0, 19, 54, 4130 }, // ¥
    { 3, 30, 8, 3, 23, 19, 4184 }, // ¦
    { 13, 24, 15, 1, 21, 68, 4203 }, // §
    { 11, 4, 16, 3, 21, 20, 4271 }, // ¨
    { 19, 20, 21, 1, 20, 73, 4291 }, // ©
    { 9, 10, 10, 1, 21, 39, 4364 }, // ª
    { 12, 13, 14, 1, 14, 43, 4403 }, // «
    { 14, 10, 15, 0, 12, 22, 4446 }, // ¬
    { 7, 4, 9, 1, 10, 15, 4468 }, // ­
    { 12, 13, 14, 1, 22, 47, 4483 }, // ®
    { 9, 3, 17, 4, 20, 16, 4530 }, // ¯
    { 9, 9, 10, 1, 21, 35, 4546 }, // °
    { 13, 17, 15, 1, 17, 28, 4581 }, // ±
    { 9, 12, 10, 0, 23, 41, 4609 }, // ²
    { 10, 12, 11, 1, 23, 38, 4650 }, // ³
    { 8, 9, 16, 6, 25, 31, 4688 }, // ´
    { 16, 20, 18, 2, 15, 35, 4719 }, // µ
    { 15, 22, 18, 1, 19, 41, 4754 }, // ¶
    { 5, 5, 9, 2, 12, 19, 4795 }, // ·
    { 6, 7, 16, 5, 0, 23, 4814 }, // ¸
    { 7, 11, 11, 2, 22, 19, 4837 }, // ¹
    { 10, 10, 11, 1, 21, 33, 4856 }, // º
    { 12, 13, 14, 1, 14, 44, 4889 }, // »
    { 23, 20, 25, 1, 20, 77, 4933 }, // ¼
    { 22, 21, 24, 1, 20, 74, 5010 }, // ½
    { 23, 20, 24, 0, 20, 80, 5084 }, // ¾
    { 11, 20, 13, 1, 15, 47, 5164 }, // ¿
    { 18, 27, 17, -1, 27, 70, 5211 }, // À
    { 18, 27, 17, -1, 27, 69, 5281 }, // Á
    { 18, 25, 17, -1, 25, 72, 5350 }, // Â
    { 17, 26, 17, 0, 26, 71, 5422 }, // Ã
    { 19, 25, 17, -1, 25, 64, 5493 }, // Ä
    { 19, 27, 17, -1, 27, 72, 5557 }, // Å
    { 24, 19, 25, -1, 19, 59, 5629 }, // Æ
    { 16, 26, 17, 1, 19, 67, 5688 }, // Ç
    { 12, 27, 16, 2, 27, 47, 5755 }, // È
    { 12, 27, 16, 2, 27, 45, 5802 }, // É
    { 12, 25, 16, 2, 25, 43, 5847 }, // Ê
    { 12, 25, 16, 2, 25, 39, 5890 }, // Ë
    { 8, 27, 9, -1, 27, 36, 5929 }, // Ì
    { 9, 27, 9, 1, 27, 36, 5965 }, // Í
    { 11, 25, 9, -1, 25, 35, 6001 }, // Î
    { 11, 25, 9, -1, 25, 28, 6036 }, // Ï
    { 17, 19, 19, 1, 19, 56, 6064 }, // Ð
    { 15, 26, 19, 2, 26, 60, 6120 }, // Ñ
    { 18, 26, 20, 1, 26, 72, 6180 }, // Ò
    { 18, 26, 20, 1, 26, 71, 6252 }, // Ó
    { 18, 25, 20, 1, 25, 76, 6323 }, // Ô
    { 18, 26, 20, 1, 26, 75, 6399 }, // Õ
    { 18, 25, 20, 1, 25, 70, 6474 }, // Ö
    { 13, 14, 15, 1, 17, 51, 6544 }, // ×
    { 19, 21, 20, 0, 20, 70, 6595 }, // Ø
    { 16, 27, 20, 2, 27, 55, 6665 }, // Ù
    { 16, 27, 20, 2, 27, 56, 6720 }, // Ú
    { 16, 25, 20, 2, 25, 56, 6776 }, // Û
    { 16, 25, 20, 2, 25, 49, 6832 }, // Ü
    { 17, 27, 16, 0, 27, 68, 6881 }, // Ý
    { 15, 19, 18, 2, 19, 48, 6949 }, // Þ
    { 16, 21, 19, 2, 21, 64, 6997 }, // ß
    { 13, 25, 15, 1, 25, 64, 7061 }, // à
    { 13, 25, 15, 1, 25, 64, 7125 }, // á
    { 13, 23, 15, 1, 23, 65, 7189 }, // â
    { 12, 22, 15, 1, 22, 57, 7254 }, // ã
    { 13, 21, 15, 1, 21, 61, 7311 }, // ä
    { 13, 23, 15, 1, 23, 65, 7372 }, // å
    { 21, 15, 23, 1, 15, 63, 7437 }, // æ
    { 12, 22, 13, 1, 15, 58, 7500 }, // ç
    { 14, 25, 16, 1, 25, 58, 7558 }, // è
    { 14, 25, 16, 1, 25, 61, 7616 }, // é
    { 14, 23, 16, 1, 23, 61, 7677 }, // ê
    { 14, 21, 16, 1, 21, 56, 7738 }, // ë
    { 9, 25, 8, -2, 25, 30, 7794 }, // ì
    { 8, 25, 8, 2, 25, 38, 7824 }, // í
    { 12, 22, 8, -2, 22, 37, 7862 }, // î
    { 11, 21, 8, -1, 21, 27, 7899 }, // ï
    { 14, 23, 16, 1, 23, 66, 7926 }, // ð
    { 13, 22, 17, 2, 22, 52, 7992 }, // ñ
    { 14, 25, 16, 1, 25, 63, 8044 }, // ò
    { 14, 25, 16, 1, 25, 64, 8107 }, // ó
    { 14, 23, 16, 1, 23, 63, 8171 }, // ô
    { 14, 22, 16, 1, 22, 64, 8234 }, // õ
    { 14, 21, 16, 1, 21, 59, 8298 }, // ö
    { 13, 15, 15, 1, 17, 32, 8357 }, // ÷
    { 15, 17, 16, 1, 16, 57, 8389 }, // ø
    { 13, 25, 17, 2, 25, 50, 8446 }, // ù
    { 13, 25, 17, 2, 25, 49, 8496 }, // ú
    { 13, 23, 17, 2, 23, 54, 8545 }, // û
    { 13, 21, 17, 2, 21, 43, 8599 }, // ü
    { 15, 30, 15, 0, 25, 68, 8642 }, // ý
    { 14, 26, 17, 2, 21, 45, 8710 }, // þ
    { 16, 26, 16, 0, 21, 60, 8755 }, // ÿ
    { 19, 24, 17, -1, 24, 61, 8815 }, // Ā
    { 13, 21, 15, 1, 21, 53, 8876 }, // ā
    { 18, 25, 17, -1, 25, 74, 8929 }, // Ă
    { 13, 22, 15, 1, 22, 63, 9003 }, // ă
    { 19, 26, 16, -1, 19, 70, 9066 }, // Ą
    { 13, 20, 15, 1, 15, 58, 9136 }, // ą
    { 15, 26, 17, 1, 26, 65, 9194 }, // Ć
    { 13, 25, 14, 1, 25, 60, 9259 }, // ć
    { 15, 25, 17, 1, 25, 68, 9319 }, // Ĉ
    { 13, 23, 14, 1, 23, 59, 9387 }, // ĉ
    { 15, 26, 17, 1, 26, 63, 9446 }, // Ċ
    { 12, 22, 13, 1, 22, 47, 9509 }, // ċ
    { 15, 26, 17, 1, 26, 67, 9556 }, // Č
    { 13, 23, 14, 1, 23, 62, 9623 }, // č
    { 15, 25, 18, 2, 25, 63, 9685 }, // Ď
    { 18, 23, 18, 1, 23, 53, 9748 }, // ď
    { 17, 19, 19, 1, 19, 56, 9801 }, // Đ
    { 16, 21, 17, 1, 21, 56, 9857 }, // đ
    { 12, 24, 16, 2, 24, 32, 9913 }, // Ē
    { 14, 21, 16, 1, 21, 51, 9945 }, // ē
    { 12, 25, 16, 2, 25, 46, 9996 }, // Ĕ
    { 13, 22, 15, 1, 22, 60, 10042 }, // ĕ
    { 12, 25, 16, 2, 25, 35, 10102 }, // Ė
    { 14, 22, 16, 1, 22, 53, 10137 }, // ė
    { 13, 26, 16, 2, 19, 47, 10190 }, // Ę
    { 14, 20, 16, 1, 15, 59, 10237 }, // ę
    { 12, 25, 16, 2, 25, 40, 10296 }, // Ě
    { 14, 23, 16, 1, 23, 61, 10336 }, // ě
    { 16, 25, 19, 1, 25, 68, 10397 }, // Ĝ
    { 14, 28, 16, 1, 23, 73, 10465 }, // ĝ
    { 16, 26, 19, 1, 26, 68, 10538 }, // Ğ
    { 14, 27, 16, 1, 22, 68, 10606 }, // ğ
    { 16, 26, 19, 1, 26, 66, 10674 }, // Ġ
    { 14, 27, 16, 1, 22, 63, 10740 }, // ġ
    { 16, 26, 19, 1, 19, 68, 10803 }, // Ģ
    { 14, 29, 16, 1, 24, 69, 10871 }, // ģ
    { 15, 25, 19, 2, 25, 41, 10940 }, // Ĥ
    { 13, 26, 17, 2, 26, 49, 10981 }, // ĥ
    { 19, 19, 21, 1, 19, 39, 11030 }, // Ħ
    { 15, 21, 17, 0, 21, 40, 11069 }, // ħ
    { 11, 26, 9, -1, 26, 38, 11109 }, // Ĩ
    { 11, 22, 9, -1, 22, 37, 11147 }, // ĩ
    { 9, 24, 10, 1, 24, 23, 11184 }, // Ī
    { 9, 21, 9, 0, 21, 23, 11207 }, // ī
    { 11, 25, 9, -1, 25, 30, 11230 }, // Ĭ
    { 10, 22, 8, -1, 22, 35, 11260 }, // ĭ
    { 7, 26, 9, 1, 19, 30, 11295 }, // Į
    { 6, 27, 8, 1, 22, 33, 11325 }, // į
    { 5, 25, 8, 2, 25, 23, 11358 }, // İ
    { 5, 15, 8, 2, 15, 14, 11381 }, // ı
    { 13, 24, 17, 2, 19, 31, 11395 }, // Ĳ
    { 13, 27, 17, 2, 22, 42, 11426 }, // ĳ
    { 16, 25, 15, 0, 25, 54, 11468 }, // Ĵ
    { 12, 28, 8, -2, 23, 50, 11522 }, // ĵ
    { 16, 26, 17, 2, 19, 70, 11572 }, // Ķ
    { 14, 28, 16, 2, 21, 63, 11642 }, // ķ
    { 14, 15, 16, 2, 15, 51, 11705 }, // ĸ
    { 12, 27, 15, 2, 27, 36, 11756 }, // Ĺ
    { 8, 29, 9, 2, 29, 42, 11792 }, // ĺ
    { 12, 26, 15, 2, 19, 31, 11834 }, // Ļ
    { 8, 28, 9, 1, 21, 37, 11865 }, // ļ
    { 12, 22, 15, 2, 22, 28, 11902 }, // Ľ
    { 8, 23, 9, 2, 23, 32, 11930 }, // ľ
    { 12, 19, 15, 2, 19, 34, 11962 }, // Ŀ
    { 11, 21, 13, 2, 21, 36, 11996 }, // ŀ
    { 16, 19, 15, -2, 19, 42, 12032 }, // Ł
    { 12, 21, 10, -1, 21, 41, 12074 }, // ł
    { 15, 27, 19, 2, 27, 57, 12115 }, // Ń
    { 13, 25, 17, 2, 25, 53, 12172 }, // ń
    { 15, 26, 19, 2, 19, 60, 12225 }, // Ņ
    { 13, 22, 17, 2, 15, 50, 12285 }, // ņ
    { 15, 25, 19, 2, 25, 57, 12335 }, // Ň
    { 13, 23, 17, 2, 23, 53, 12392 }, // ň
    { 22, 21, 25, 2, 21, 55, 12445 }, // ŉ
    { 16, 19, 19, 2, 19, 54, 12500 }, // Ŋ
    { 13, 20, 17, 2, 15, 46, 12554 }, // ŋ
    { 18, 25, 20, 1, 25, 67, 12600 }, // Ō
    { 14, 21, 16, 1, 21, 55, 12667 }, // ō
    { 18, 26, 20, 1, 26, 76, 12722 }, // Ŏ
    { 14, 22, 16, 1, 22, 62, 12798 }, // ŏ
    { 18, 26, 20, 1, 26, 77, 12860 }, // Ő
    { 14, 24, 16, 1, 24, 65, 12937 }, // ő
    { 23, 19, 25, 1, 19, 60, 13002 }, // Œ
    { 22, 15, 24, 1, 15, 63, 13062 }, // œ
    { 16, 27, 18, 2, 27, 69, 13125 }, // Ŕ
    { 12, 25, 12, 2, 25, 48, 13194 }, // ŕ
    { 16, 26, 18, 2, 19, 64, 13242 }, // Ŗ
    { 12, 22, 12, 0, 15, 44, 13306 }, // ŗ
    { 16, 25, 18, 2, 25, 68, 13350 }, // Ř
    { 11, 23, 12, 2, 23, 51, 13418 }, // ř
    { 15, 26, 16, 1, 26, 69, 13469 }, // Ś
    { 13, 25, 13, 0, 25, 61, 13538 }, // ś
    { 15, 25, 16, 1, 25, 71, 13599 }, // Ŝ
    { 13, 23, 13, 0, 23, 61, 13670 }, // ŝ
    { 15, 26, 16, 1, 19, 72, 13731 }, // Ş
    { 12, 22, 13, 0, 15, 58, 13803 }, // ş
    { 15, 26, 16, 1, 26, 75, 13861 }, // Š
    { 13, 23, 13, 0, 23, 65, 13936 }, // š
    { 15, 26, 17, 1, 19, 37, 14001 }, // Ţ
    { 11, 26, 12, 1, 19, 50, 14038 }, // ţ
    { 15, 25, 17, 1, 25, 42, 14088 }, // Ť
    { 10, 23, 12, 1, 23, 39, 14130 }, // ť
    { 15, 19, 17, 1, 19, 31, 14169 }, // Ŧ
    { 11, 19, 12, 1, 19, 36, 14200 }, // ŧ
    { 16, 26, 20, 2, 26, 60, 14236 }, // Ũ
    { 13, 22, 17, 2, 22, 52, 14296 }, // ũ
    { 16, 25, 20, 2, 25, 44, 14348 }, // Ū
    { 13, 21, 17, 2, 21, 42, 14392 }, // ū
    { 16, 26, 20, 2, 26, 57, 14434 }, // Ŭ
    { 13, 22, 17, 2, 22, 51, 14491 }, // ŭ
    { 16, 27, 20, 2, 27, 56, 14542 }, // Ů
    { 13, 23, 17, 2, 23, 54, 14598 }, // ů
    { 16, 26, 20, 2, 26, 60, 14652 }, // Ű
    { 14, 24, 17, 2, 24, 56, 14712 }, // ű
    { 16, 26, 20, 2, 19, 54, 14768 }, // Ų
    { 14, 20, 17, 2, 15, 46, 14822 }, // ų
    { 24, 25, 24, 0, 25, 77, 14868 }, // Ŵ
    { 22, 22, 23, 0, 22, 77, 14945 }, // ŵ
    { 17, 25, 16, 0, 25, 69, 15022 }, // Ŷ
    { 15, 28, 15, 0, 23, 68, 15091 }, // ŷ
    { 17, 25, 15, -1, 25, 64, 15159 }, // Ÿ
    { 14, 27, 16, 1, 27, 45, 15223 }, // Ź
    { 13, 25, 14, 1, 25, 51, 15268 }, // ź
    { 14, 25, 16, 1, 25, 41, 15319 }, // Ż
    { 12, 22, 14, 1, 22, 34, 15360 }, // ż
    { 14, 25, 16, 1, 25, 43, 15394 }, // Ž
    { 12, 23, 14, 1, 23, 53, 15437 }, // ž
    { 16, 21, 16, 0, 21, 49, 15490 }, // ƀ
    { 17, 19, 19, 1, 19, 62, 15539 }, // Ə
    { 15, 23, 15, 0, 19, 55, 15601 }, // ƒ
    { 18, 25, 19, 1, 25, 67, 15656 }, // Ɠ
    { 18, 24, 20, 1, 24, 68, 15723 }, // Ơ
    { 16, 21, 17, 1, 21, 53, 15791 }, // ơ
    { 19, 25, 20, 2, 25, 49, 15844 }, // Ư
    { 16, 21, 17, 2, 21, 44, 15893 }, // ư
    { 12, 21, 14, 1, 21, 23, 15937 }, // ǂ
    { 5, 21, 7, 1, 21, 26, 15960 }, // ǃ
    { 18, 25, 17, -1, 25, 71, 15986 }, // Ǎ
    { 13, 23, 15, 1, 23, 66, 16057 }, // ǎ
    { 11, 25, 9, -1, 25, 33, 16123 }, // Ǐ
    { 12, 23, 8, -2, 23, 36, 16156 }, // ǐ
    { 18, 26, 20, 1, 26, 75, 16192 }, // Ǒ
    { 14, 23, 16, 1, 23, 61, 16267 }, // ǒ
    { 16, 26, 20, 2, 26, 56, 16328 }, // Ǔ
    { 13, 23, 17, 2, 23, 54, 16384 }, // ǔ
    { 16, 29, 20, 2, 29, 54, 16438 }, // Ǖ
    { 13, 25, 17, 2, 25, 53, 16492 }, // ǖ
    { 16, 31, 20, 2, 31, 59, 16545 }, // Ǘ
    { 13, 27, 17, 2, 27, 55, 16604 }, // ǘ
    { 16, 30, 20, 2, 30, 61, 16659 }, // Ǚ
    { 13, 27, 17, 2, 27, 60, 16720 }, // ǚ
    { 16, 31, 20, 2, 31, 59, 16780 }, // Ǜ
    { 13, 27, 17, 2, 27, 53, 16839 }, // ǜ
    { 24, 24, 25, -1, 24, 65, 16892 }, // Ǣ
    { 21, 21, 23, 1, 21, 72, 16957 }, // ǣ
    { 16, 26, 19, 1, 26, 68, 17029 }, // Ǧ
    { 14, 29, 16, 1, 24, 72, 17097 }, // ǧ
    { 18, 26, 20, 1, 19, 75, 17169 }, // Ǫ
    { 14, 20, 16, 1, 15, 59, 17244 }, // ǫ
    { 16, 26, 19, 1, 26, 65, 17303 }, // Ǵ
    { 14, 30, 16, 1, 25, 69, 17368 }, // ǵ
    { 15, 27, 19, 2, 27, 57, 17437 }, // Ǹ
    { 13, 25, 17, 2, 25, 50, 17494 }, // ǹ
    { 24, 27, 25, -1, 27, 68, 17544 }, // Ǽ
    { 21, 25, 23, 1, 25, 79, 17612 }, // ǽ
    { 15, 26, 16, 1, 19, 70, 17691 }, // Ș
    { 12, 22, 13, 0, 15, 57, 17761 }, // ș
    { 15, 26, 17, 1, 19, 37, 17818 }, // Ț
    { 11, 26, 12, 1, 19, 49, 17855 }, // ț
    { 9, 20, 8, -2, 15, 26, 17904 }, // ȷ
    { 17, 19, 19, 1, 19, 61, 17930 }, // Ƀ
    { 13, 15, 16, 2, 15, 51, 17991 }, // ɐ
    { 16, 15, 17, 1, 15, 44, 18042 }, // ɑ
    { 16, 15, 17, 0, 15, 51, 18086 }, // ɒ
    { 14, 22, 17, 2, 22, 54, 18137 }, // ɓ
    { 13, 15, 13, 0, 15, 40, 18191 }, // ɔ
    { 13, 17, 15, 1, 15, 56, 18231 }, // ɕ
    { 17, 26, 17, 1, 21, 59, 18287 }, // ɖ
    { 17, 22, 17, 1, 22, 59, 18346 }, // ɗ
    { 13, 15, 15, 1, 15, 52, 18405 }, // ɘ
    { 13, 15, 15, 1, 15, 52, 18457 }, // ə
    { 21, 15, 21, 1, 15, 61, 18509 }, // ɚ
    { 12, 15, 13, 1, 15, 43, 18570 }, // ɛ
    { 12, 15, 14, 1, 15, 47, 18613 }, // ɜ
    { 15, 15, 17, 1, 15, 54, 18660 }, // ɞ
    { 10, 20, 11, 0, 15, 37, 18714 }, // ɟ
    { 17, 24, 17, 1, 19, 66, 18751 }, // ɠ
    { 14, 20, 17, 1, 15, 56, 18817 }, // ɡ
    { 13, 15, 15, 1, 15, 52, 18873 }, // ɢ
    { 15, 20, 15, 0, 15, 54, 18925 }, // ɣ
    { 17, 15, 17, 0, 15, 56, 18979 }, // ɤ
    { 13, 20, 17, 2, 15, 38, 19035 }, // ɥ
    { 13, 22, 17, 2, 22, 47, 19073 }, // ɦ
    { 13, 27, 17, 2, 22, 56, 19120 }, // ɧ
    { 9, 22, 11, 1, 22, 29, 19176 }, // ɨ
    { 7, 15, 9, 2, 15, 23, 19205 }, // ɩ
    { 8, 15, 12, 2, 15, 19, 19228 }, // ɪ
    { 14, 21, 12, -1, 21, 47, 19247 }, // ɫ
    { 13, 21, 13, 0, 21, 43, 19294 }, // ɬ
    { 8, 26, 9, 2, 21, 26, 19337 }, // ɭ
    { 16, 26, 19, 2, 21, 65, 19363 }, // ɮ
    { 22, 15, 25, 2, 15, 40, 19428 }, // ɯ
    { 22, 20, 25, 2, 15, 42, 19468 }, // ɰ
    { 22, 20, 25, 2, 15, 53, 19510 }, // ɱ
    { 16, 20, 17, -1, 15, 48, 19563 }, // ɲ
    { 16, 20, 17, 2, 15, 46, 19611 }, // ɳ
    { 13, 15, 17, 2, 15, 40, 19657 }, // ɴ
    { 14, 15, 16, 1, 15, 50, 19697 }, // ɵ
    { 20, 15, 21, 1, 15, 49, 19747 }, // ɶ
    { 20, 15, 22, 1, 15, 60, 19796 }, // ɷ
    { 20, 26, 21, 1, 21, 62, 19856 }, // ɸ
    { 11, 15, 11, -1, 15, 28, 19918 }, // ɹ
    { 11, 21, 11, -1, 21, 28, 19946 }, // ɺ
    { 14, 20, 11, -1, 15, 36, 19974 }, // ɻ
    { 10, 20, 12, 2, 15, 38, 20010 }, // ɽ
    { 10, 15, 11, 2, 15, 30, 20048 }, // ɾ
    { 14, 15, 16, 2, 15, 44, 20078 }, // ʀ
    { 14, 15, 16, 2, 15, 45, 20122 }, // ʁ
    { 12, 20, 14, 1, 15, 51, 20167 }, // ʂ
    { 12, 27, 8, -2, 22, 36, 20218 }, // ʃ
    { 11, 27, 11, 0, 22, 44, 20254 }, // ʄ
    { 11, 25, 12, 1, 20, 36, 20298 }, // ʈ
    { 18, 15, 20, 1, 15, 39, 20334 }, // ʉ
    { 15, 15, 16, 1, 15, 42, 20373 }, // ʊ
    { 14, 15, 16, 2, 15, 47, 20415 }, // ʋ
    { 15, 15, 15, 0, 15, 44, 20462 }, // ʌ
    { 22, 15, 23, 0, 15, 61, 20506 }, // ʍ
    { 15, 22, 15, 0, 22, 60, 20567 }, // ʎ
    { 15, 15, 14, 0, 15, 47, 20627 }, // ʏ
    { 15, 20, 14, 1, 15, 42, 20674 }, // ʐ
    { 15, 18, 16, 1, 15, 57, 20716 }, // ʑ
    { 13, 20, 14, 0, 15, 53, 20773 }, // ʒ
    { 13, 22, 14, 0, 22, 54, 20826 }, // ʔ
    { 13, 22, 14, 1, 22, 49, 20880 }, // ʕ
    { 13, 22, 15, 1, 22, 61, 20929 }, // ʘ
    { 13, 15, 15, 2, 15, 42, 20990 }, // ʙ
    { 14, 15, 17, 2, 15, 24, 21032 }, // ʜ
    { 13, 29, 12, 0, 22, 50, 21056 }, // ʝ
    { 10, 15, 13, 2, 15, 18, 21106 }, // ʟ
    { 13, 22, 14, 0, 22, 57, 21124 }, // ʡ
    { 13, 22, 14, 1, 22, 57, 21181 }, // ʢ
    { 25, 26, 26, 1, 21, 85, 21238 }, // ʤ
    { 19, 27, 18, 1, 22, 66, 21323 }, // ʧ
    { 15, 25, 17, 2, 25, 56, 21389 }, // Ḃ
    { 14, 22, 17, 2, 22, 50, 21445 }, // ḃ
    { 15, 24, 17, 2, 19, 56, 21495 }, // Ḇ
    { 14, 26, 17, 2, 21, 49, 21551 }, // ḇ
    { 15, 25, 18, 2, 25, 59, 21600 }, // Ḋ
    { 14, 22, 17, 1, 22, 50, 21659 }, // ḋ
    { 15, 26, 18, 2, 19, 61, 21709 }, // Ḍ
    { 14, 28, 17, 1, 21, 51, 21770 }, // ḍ
    { 15, 24, 18, 2, 19, 59, 21821 }, // Ḏ
    { 14, 26, 17, 1, 21, 50, 21880 }, // ḏ
    { 12, 30, 16, 2, 30, 48, 21930 }, // Ḗ
    { 14, 27, 16, 1, 27, 62, 21978 }, // ḗ
    { 12, 25, 15, 2, 25, 35, 22040 }, // Ḟ
    { 10, 27, 10, 1, 27, 45, 22075 }, // ḟ
    { 16, 25, 19, 1, 25, 65, 22120 }, // Ḡ
    { 14, 26, 16, 1, 21, 62, 22185 }, // ḡ
    { 15, 26, 19, 2, 19, 38, 22247 }, // Ḥ
    { 13, 28, 17, 2, 21, 43, 22285 }, // ḥ
    { 15, 26, 19, 2, 19, 47, 22328 }, // Ḫ
    { 13, 28, 17, 2, 21, 51, 22375 }, // ḫ
    { 16, 26, 17, 2, 19, 64, 22426 }, // Ḳ
    { 14, 28, 16, 2, 21, 58, 22490 }, // ḳ
    { 17, 24, 18, 2, 19, 67, 22548 }, // Ḵ
    { 14, 26, 16, 2, 21, 57, 22615 }, // ḵ
    { 12, 26, 15, 2, 19, 26, 22672 }, // Ḷ
    { 6, 28, 8, 2, 21, 29, 22698 }, // ḷ
    { 14, 31, 16, 1, 24, 35, 22727 }, // Ḹ
    { 9, 33, 9, 0, 26, 40, 22762 }, // ḹ
    { 12, 24, 15, 2, 19, 25, 22802 }, // Ḻ
    { 9, 26, 9, 1, 21, 32, 22827 }, // ḻ
    { 18, 27, 22, 2, 27, 67, 22859 }, // Ḿ
    { 22, 25, 25, 2, 25, 63, 22926 }, // ḿ
    { 18, 25, 22, 2, 25, 62, 22989 }, // Ṁ
    { 22, 22, 25, 2, 22, 46, 23051 }, // ṁ
    { 18, 26, 22, 2, 19, 63, 23097 }, // Ṃ
    { 22, 22, 25, 2, 15, 51, 23160 }, // ṃ
    { 15, 25, 19, 2, 25, 54, 23211 }, // Ṅ
    { 13, 22, 17, 2, 22, 39, 23265 }, // ṅ
    { 15, 26, 19, 2, 19, 53, 23304 }, // Ṇ
    { 13, 22, 17, 2, 15, 44, 23357 }, // ṇ
    { 15, 24, 19, 2, 19, 51, 23401 }, // Ṉ
    { 13, 20, 17, 2, 15, 40, 23452 }, // ṉ
    { 18, 31, 20, 1, 31, 74, 23492 }, // Ṓ
    { 14, 27, 16, 1, 27, 64, 23566 }, // ṓ
    { 14, 25, 17, 2, 25, 55, 23630 }, // Ṗ
    { 14, 27, 17, 2, 22, 48, 23685 }, // ṗ
    { 16, 25, 18, 2, 25, 62, 23733 }, // Ṙ
    { 10, 22, 11, 2, 22, 39, 23795 }, // ṙ
    { 16, 26, 18, 2, 19, 62, 23834 }, // Ṛ
    { 11, 22, 12, 2, 15, 37, 23896 }, // ṛ
    { 16, 31, 18, 2, 24, 67, 23933 }, // Ṝ
    { 11, 28, 13, 2, 21, 42, 24000 }, // ṝ
    { 16, 24, 18, 2, 19, 60, 24042 }, // Ṟ
    { 13, 20, 12, 0, 15, 36, 24102 }, // ṟ
    { 15, 26, 16, 1, 26, 67, 24138 }, // Ṡ
    { 12, 22, 13, 0, 22, 48, 24205 }, // ṡ
    { 15, 26, 16, 1, 19, 68, 24253 }, // Ṣ
    { 12, 22, 13, 0, 15, 56, 24321 }, // ṣ
    { 15, 25, 17, 1, 25, 32, 24377 }, // Ṫ
    { 11, 26, 12, 1, 26, 45, 24409 }, // ṫ
    { 15, 26, 17, 1, 19, 31, 24454 }, // Ṭ
    { 11, 26, 12, 1, 19, 44, 24485 }, // ṭ
    { 15, 24, 17, 1, 19, 30, 24529 }, // Ṯ
    { 11, 24, 13, 1, 19, 42, 24559 }, // ṯ
    { 24, 27, 24, 0, 27, 77, 24601 }, // Ẁ
    { 22, 25, 23, 0, 25, 70, 24678 }, // ẁ
    { 24, 27, 24, 0, 27, 77, 24748 }, // Ẃ
    { 22, 25, 23, 0, 25, 72, 24825 }, // ẃ
    { 25, 25, 25, 0, 25, 72, 24897 }, // Ẅ
    { 22, 21, 22, 0, 21, 70, 24969 }, // ẅ
    { 17, 25, 15, -1, 25, 64, 25039 }, // Ẏ
    { 16, 27, 14, -1, 22, 55, 25103 }, // ẏ
    { 14, 26, 16, 1, 19, 41, 25158 }, // Ẓ
    { 12, 22, 14, 1, 15, 41, 25199 }, // ẓ
    { 14, 24, 16, 1, 19, 35, 25240 }, // Ẕ
    { 12, 20, 14, 1, 15, 42, 25275 }, // ẕ
    { 13, 26, 17, 2, 21, 39, 25317 }, // ẖ
    { 12, 25, 12, 0, 25, 50, 25356 }, // ẗ
    { 17, 19, 20, 2, 19, 64, 25406 }, // ẞ
    { 18, 26, 16, -1, 19, 68, 25470 }, // Ạ
    { 13, 22, 15, 1, 15, 58, 25538 }, // ạ
    { 18, 27, 17, -1, 27, 68, 25596 }, // Ả
    { 13, 24, 15, 1, 24, 64, 25664 }, // ả
    { 18, 27, 17, -1, 27, 74, 25728 }, // Ấ
    { 15, 24, 15, 1, 24, 67, 25802 }, // ấ
    { 18, 27, 17, -1, 27, 70, 25869 }, // Ầ
    { 15, 24, 15, -1, 24, 69, 25939 }, // ầ
    { 19, 27, 17, -1, 27, 77, 26008 }, // Ẩ
    { 14, 25, 15, 1, 25, 69, 26085 }, // ẩ
    { 19, 29, 17, -1, 29, 74, 26154 }, // Ẫ
    { 13, 25, 15, 1, 25, 69, 26228 }, // ẫ
    { 18, 32, 16, -1, 25, 78, 26297 }, // Ậ
    { 13, 30, 15, 1, 23, 73, 26375 }, // ậ
    { 18, 30, 17, -1, 30, 77, 26448 }, // Ắ
    { 13, 26, 15, 1, 26, 68, 26525 }, // ắ
    { 18, 30, 17, -1, 30, 75, 26593 }, // Ằ
    { 13, 26, 15, 1, 26, 69, 26668 }, // ằ
    { 18, 29, 17, -1, 29, 73, 26737 }, // Ẳ
    { 13, 27, 15, 1, 27, 73, 26810 }, // ẳ
    { 19, 29, 17, -1, 29, 73, 26883 }, // Ẵ
    { 13, 25, 15, 1, 25, 68, 26956 }, // ẵ
    { 18, 32, 16, -1, 25, 83, 27024 }, // Ặ
    { 13, 29, 15, 1, 22, 72, 27107 }, // ặ
    { 12, 26, 16, 2, 19, 35, 27179 }, // Ẹ
    { 14, 22, 16, 1, 15, 57, 27214 }, // ẹ
    { 12, 27, 16, 2, 27, 41, 27271 }, // Ẻ
    { 14, 24, 16, 1, 24, 58, 27312 }, // ẻ
    { 12, 26, 16, 2, 26, 48, 27370 }, // Ẽ
    { 13, 22, 15, 1, 22, 61, 27418 }, // ẽ
    { 14, 27, 16, 2, 27, 54, 27479 }, // Ế
    { 16, 24, 16, 1, 24, 64, 27533 }, // ế
    { 14, 27, 16, 0, 27, 54, 27597 }, // Ề
    { 15, 24, 16, 0, 24, 63, 27651 }, // ề
    { 14, 27, 16, 2, 27, 59, 27714 }, // Ể
    { 15, 25, 16, 1, 25, 64, 27773 }, // ể
    { 12, 29, 16, 2, 29, 56, 27837 }, // Ễ
    { 14, 25, 16, 1, 25, 67, 27893 }, // ễ
    { 12, 32, 16, 2, 25, 54, 27960 }, // Ệ
    { 14, 30, 16, 1, 23, 70, 28014 }, // ệ
    { 6, 27, 9, 1, 27, 30, 28084 }, // Ỉ
    { 6, 24, 8, 1, 24, 31, 28114 }, // ỉ
    { 5, 26, 8, 2, 19, 21, 28145 }, // Ị
    { 5, 29, 8, 2, 22, 27, 28166 }, // ị
    { 18, 26, 20, 1, 19, 69, 28193 }, // Ọ
    { 14, 22, 16, 1, 15, 59, 28262 }, // ọ
    { 18, 27, 20, 1, 27, 72, 28321 }, // Ỏ
    { 14, 24, 16, 1, 24, 64, 28393 }, // ỏ
    { 18, 27, 20, 1, 27, 76, 28457 }, // Ố
    { 16, 24, 16, 1, 24, 67, 28533 }, // ố
    { 18, 27, 20, 1, 27, 75, 28600 }, // Ồ
    { 16, 24, 16, -1, 24, 65, 28675 }, // ồ
    { 18, 28, 20, 1, 28, 80, 28740 }, // Ổ
    { 15, 25, 17, 1, 25, 66, 28820 }, // ổ
    { 18, 29, 20, 1, 29, 82, 28886 }, // Ỗ
    { 14, 25, 16, 1, 25, 65, 28968 }, // ỗ
    { 18, 32, 20, 1, 25, 84, 29033 }, // Ộ
    { 14, 30, 16, 1, 23, 69, 29117 }, // ộ
    { 18, 26, 20, 1, 26, 77, 29186 }, // Ớ
    { 16, 25, 17, 1, 25, 66, 29263 }, // ớ
    { 18, 26, 20, 1, 26, 75, 29329 }, // Ờ
    { 16, 25, 17, 1, 25, 66, 29404 }, // ờ
    { 18, 27, 20, 1, 27, 75, 29470 }, // Ở
    { 16, 24, 17, 1, 24, 66, 29545 }, // ở
    { 18, 26, 20, 1, 26, 79, 29611 }, // Ỡ
    { 16, 22, 17, 1, 22, 63, 29690 }, // ỡ
    { 18, 31, 20, 1, 24, 77, 29753 }, // Ợ
    { 16, 28, 17, 1, 21, 64, 29830 }, // ợ
    { 16, 26, 20, 2, 19, 50, 29894 }, // Ụ
    { 13, 22, 17, 2, 15, 43, 29944 }, // ụ
    { 16, 27, 20, 2, 27, 53, 29987 }, // Ủ
    { 13, 24, 17, 2, 24, 51, 30040 }, // ủ
    { 19, 27, 20, 2, 27, 64, 30091 }, // Ứ
    { 16, 25, 17, 2, 25, 59, 30155 }, // ứ
    { 19, 27, 20, 2, 27, 62, 30214 }, // Ừ
    { 16, 25, 17, 2, 25, 58, 30276 }, // ừ
    { 19, 27, 20, 2, 27, 63, 30334 }, // Ử
    { 16, 24, 17, 2, 24, 57, 30397 }, // ử
    { 19, 26, 20, 2, 26, 68, 30454 }, // Ữ
    { 16, 22, 17, 2, 22, 55, 30522 }, // ữ
    { 19, 32, 20, 2, 25, 60, 30577 }, // Ự
    { 16, 28, 17, 2, 21, 53, 30637 }, // ự
    { 17, 27, 16, 0, 27, 71, 30690 }, // Ỳ
    { 15, 30, 15, 0, 25, 68, 30761 }, // ỳ
    { 16, 26, 16, 0, 19, 58, 30829 }, // Ỵ
    { 16, 21, 15, 0, 15, 63, 30887 }, // ỵ
    { 17, 27, 16, 0, 27, 66, 30950 }, // Ỷ
    { 16, 29, 15, -1, 24, 68, 31016 }, // ỷ
    { 17, 26, 15, -1, 26, 67, 31084 }, // Ỹ
    { 15, 27, 15, 0, 22, 63, 31151 }, // ỹ
    { 0, 0, 15, 0, 0, 8, 31214 }, //  
    { 0, 0, 3, 0, 0, 8, 31222 }, //
    { 0, 0, 1, 0, 0, 8, 31230 }, //
    { 0, 0, 0, 0, 0, 8, 31238 }, // ​
    { 7, 4, 9, 1, 10, 15, 31246 }, // ‐
    { 7, 4, 9, 1, 10, 15, 31261 }, // ‑
    { 13, 3, 15, 1, 9, 15, 31276 }, // ‒
    { 12, 3, 14, 1, 9, 12, 31291 }, // –
    { 21, 3, 23, 1, 9, 16, 31303 }, // —
    { 21, 3, 23, 1, 9, 16, 31319 }, // ―
    { 8, 30, 14, 3, 23, 15, 31335 }, // ‖
    { 6, 11, 9, 2, 21, 32, 31350 }, // ‘
    { 6, 11, 9, 2, 21, 24, 31382 }, // ’
    { 6, 11, 9, 2, 6, 24, 31406 }, // ‚
    { 13, 11, 16, 2, 21, 43, 31430 }, // “
    { 13, 11, 16, 2, 21, 41, 31473 }, // ”
    { 13, 11, 16, 2, 6, 41, 31514 }, // „
    { 13, 24, 15, 1, 21, 29, 31555 }, // †
    { 13, 24, 15, 1, 21, 29, 31584 }, // ‡
    { 8, 8, 10, 1, 12, 24, 31613 }, // •
    { 25, 5, 29, 2, 5, 27, 31637 }, // …
    { 0, 0, 4, 0, 0, 8, 31664 }, //  
    { 35, 19, 37, 1, 19, 96, 31672 }, // ‰
    { 5, 9, 9, 3, 21, 16, 31768 }, // ′
    { 12, 9, 16, 3, 21, 25, 31784 }, // ″
    { 5, 9, 9, 1, 21, 16, 31809 }, // ‵
    { 6, 13, 9, 1, 14, 36, 31825 }, // ‹
    { 6, 13, 9, 1, 14, 36, 31861 }, // ›
    { 13, 20, 17, 2, 20, 33, 31897 }, // ‼
    { 14, 21, 15, 0, 21, 55, 31930 }, // ‽
    { 14, 3, 16, 1, 20, 14, 31985 }, // ‾
    { 18, 6, 17, 0, -1, 33, 31999 }, // ‿
    { 13, 19, 3, -5, 19, 28, 32032 }, // ⁄
    { 24, 21, 26, 1, 21, 59, 32060 }, // ⁇
    { 19, 21, 22, 1, 21, 60, 32119 }, // ⁈
    { 19, 21, 22, 2, 21, 61, 32179 }, // ⁉
    { 10, 12, 11, 1, 23, 30, 32240 }, // ⁰
    { 4, 15, 5, 1, 26, 20, 32270 }, // ⁱ
    { 10, 12, 12, 1, 23, 31, 32290 }, // ⁴
    { 10, 12, 11, 1, 23, 42, 32321 }, // ⁵
    { 10, 12, 11, 1, 23, 43, 32363 }, // ⁶
    { 9, 12, 11, 1, 23, 30, 32406 }, // ⁷
    { 9, 13, 11, 1, 24, 44, 32436 }, // ⁸
    { 9, 12, 11, 1, 23, 44, 32480 }, // ⁹
    { 9, 10, 11, 1, 22, 24, 32524 }, // ⁺
    { 9, 3, 11, 1, 19, 16, 32548 }, // ⁻
    { 9, 8, 11, 1, 21, 22, 32564 }, // ⁼
    { 6, 18, 8, 2, 26, 30, 32586 }, // ⁽
    { 6, 18, 8, 1, 26, 31, 32616 }, // ⁾
    { 9, 10, 11, 1, 21, 25, 32647 }, // ⁿ
    { 9, 11, 11, 1, 6, 35, 32672 }, // ₀
    { 6, 11, 11, 2, 6, 19, 32707 }, // ₁
    { 9, 11, 10, 0, 6, 37, 32726 }, // ₂
    { 9, 11, 11, 1, 6, 41, 32763 }, // ₃
    { 10, 11, 12, 1, 6, 35, 32804 }, // ₄
    { 9, 11, 11, 1, 6, 38, 32839 }, // ₅
    { 9, 11, 11, 1, 6, 40, 32877 }, // ₆
    { 9, 11, 11, 1, 6, 33, 32917 }, // ₇
    { 9, 11, 11, 1, 6, 42, 32950 }, // ₈
    { 9, 11, 11, 1, 6, 43, 32992 }, // ₉
    { 9, 10, 11, 1, 5, 24, 33035 }, // ₊
    { 9, 3, 11, 1, 2, 16, 33059 }, // ₋
    { 9, 8, 11, 1, 5, 21, 33075 }, // ₌
    { 5, 18, 8, 2, 9, 31, 33096 }, // ₍
    { 5, 18, 8, 1, 9, 28, 33127 }, // ₎
    { 9, 10, 11, 1, 21, 36, 33155 }, // ₔ
    { 14, 26, 16, 2, 22, 67, 33191 }, // ₡
    { 13, 19, 15, 1, 19, 53, 33258 }, // ₤
    { 15, 19, 17, 1, 19, 46, 33311 }, // ₦
    { 15, 19, 17, 1, 19, 50, 33357 }, // ₧
    { 16, 19, 16, 0, 19, 44, 33407 }, // ₩
    { 13, 19, 16, 2, 19, 50, 33451 }, // ₫
    { 15, 19, 15, 1, 19, 56, 33501 }, // €
    { 14, 19, 16, 1, 19, 51, 33557 }, // ₮
    { 15, 19, 17, 1, 19, 48, 33608 }, // ₱
    { 13, 25, 15, 1, 22, 63, 33656 }, // ₲
    { 14, 19, 16, 1, 19, 52, 33719 }, // ₴
    { 14, 25, 16, 2, 22, 61, 33771 }, // ₵
    { 14, 19, 16, 1, 19, 25, 33832 }, // ₸
    { 12, 19, 15, 2, 19, 48, 33857 }, // ₹
    { 15, 19, 16, 0, 19, 57, 33905 }, // ₺
    { 14, 19, 16, 1, 19, 49, 33962 }, // ₽
    { 6, 13, 10, 3, 21, 15, 34011 }, // ⸢
    { 6, 13, 10, 1, 21, 15, 34026 }, // ⸣
    { 6, 13, 10, 3, 9, 16, 34041 }, // ⸤
    { 6, 13, 10, 1, 9, 17, 34057 }, // ⸥
    { 41, 3, 43, 1, 9, 17, 34074 }, // ⸺
    { 62, 3, 64, 1, 9, 17, 34091 }, // ⸻
    { 15, 27, 18, 2, 22, 63, 34108 }, // ꞵ
};
const EpdUnicodeInterval bold_fontIntervals[] = {
    { 0x20, 0x7E, 0x0 },
    { 0xA0, 0x17E, 0x5F },
    { 0x180, 0x180, 0x13E },
    { 0x18F, 0x18F, 0x13F },
    { 0x192, 0x193, 0x140 },
    { 0x1A0, 0x1A1, 0x142 },
    { 0x1AF, 0x1B0, 0x144 },
    { 0x1C2, 0x1C3, 0x146 },
    { 0x1CD, 0x1DC, 0x148 },
    { 0x1E2, 0x1E3, 0x158 },
    { 0x1E6, 0x1E7, 0x15A },
    { 0x1EA, 0x1EB, 0x15C },
    { 0x1F4, 0x1F5, 0x15E },
    { 0x1F8, 0x1F9, 0x160 },
    { 0x1FC, 0x1FD, 0x162 },
    { 0x218, 0x21B, 0x164 },
    { 0x237, 0x237, 0x168 },
    { 0x243, 0x243, 0x169 },
    { 0x250, 0x25C, 0x16A },
    { 0x25E, 0x27B, 0x177 },
    { 0x27D, 0x27E, 0x195 },
    { 0x280, 0x284, 0x197 },
    { 0x288, 0x292, 0x19C },
    { 0x294, 0x295, 0x1A7 },
    { 0x298, 0x299, 0x1A9 },
    { 0x29C, 0x29D, 0x1AB },
    { 0x29F, 0x29F, 0x1AD },
    { 0x2A1, 0x2A2, 0x1AE },
    { 0x2A4, 0x2A4, 0x1B0 },
    { 0x2A7, 0x2A7, 0x1B1 },
    { 0x1E02, 0x1E03, 0x1B2 },
    { 0x1E06, 0x1E07, 0x1B4 },
    { 0x1E0A, 0x1E0F, 0x1B6 },
    { 0x1E16, 0x1E17, 0x1BC },
    { 0x1E1E, 0x1E21, 0x1BE },
    { 0x1E24, 0x1E25, 0x1C2 },
    { 0x1E2A, 0x1E2B, 0x1C4 },
    { 0x1E32, 0x1E3B, 0x1C6 },
    { 0x1E3E, 0x1E49, 0x1D0 },
    { 0x1E52, 0x1E53, 0x1DC },
    { 0x1E56, 0x1E63, 0x1DE },
    { 0x1E6A, 0x1E6F, 0x1EC },
    { 0x1E80, 0x1E85, 0x1F2 },
    { 0x1E8E, 0x1E8F, 0x1F8 },
    { 0x1E92, 0x1E97, 0x1FA },
    { 0x1E9E, 0x1E9E, 0x200 },
    { 0x1EA0, 0x1EF9, 0x201 },
    { 0x2007, 0x2007, 0x25B },
    { 0x2009, 0x200B, 0x25C },
    { 0x2010, 0x2016, 0x25F },
    { 0x2018, 0x201A, 0x266 },
    { 0x201C, 0x201E, 0x269 },
    { 0x2020, 0x2022, 0x26C },
    { 0x2026, 0x2026, 0x26F },
    { 0x202F, 0x2030, 0x270 },
    { 0x2032, 0x2033, 0x272 },
    { 0x2035, 0x2035, 0x274 },
    { 0x2039, 0x203A, 0x275 },
    { 0x203C, 0x203F, 0x277 },
    { 0x2044, 0x2044, 0x27B },
    { 0x2047, 0x2049, 0x27C },
    { 0x2070, 0x2071, 0x27F },
    { 0x2074, 0x208E, 0x281 },
    { 0x2094, 0x2094, 0x29C },
    { 0x20A1, 0x20A1, 0x29D },
    { 0x20A4, 0x20A4, 0x29E },
    { 0x20A6, 0x20A7, 0x29F },
    { 0x20A9, 0x20A9, 0x2A1 },
    { 0x20AB, 0x20AC, 0x2A2 },
    { 0x20AE, 0x20AE, 0x2A4 },
    { 0x20B1, 0x20B2, 0x2A5 },
    { 0x20B4, 0x20B5, 0x2A7 },
    { 0x20B8, 0x20BA, 0x2A9 },
    { 0x20BD, 0x20BD, 0x2AC },
    { 0x2E22, 0x2E25, 0x2AD },
    { 0x2E3A, 0x2E3B, 0x2B1 },
    { 0xA7B5, 0xA7B5, 0x2B3 },
};
const EpdFont bold_font = {
    bold_fontBitmaps,
    bold_fontGlyphs,
    bold_fontIntervals,
    77,
    1,
    37,
    29,
    -8,
};
