#pragma once
#include "epd_driver.h"
const uint8_t italic_fontBitmaps[37873] = {
    0x78, 0x9C, 0x03, 0x00, 0x00, 0x00, 0x00, 0x01, 0x78, 0x9C, 0x63, 0x60, 0xF8, 0xCF, 0xC0, 0x80,
    0x8E, 0x3F, 0xF0, 0xA3, 0x61, 0x06, 0x08, 0x86, 0x29, 0x41, 0x02, 0x20, 0xE9, 0xFF, 0x40, 0xB1,
    0xFF, 0x50, 0xA5, 0x00, 0xF1, 0xB6, 0x11, 0xE0, 0x78, 0x9C, 0x63, 0xF8, 0xCF, 0xF0, 0x81, 0x9F,
    0xE1, 0x3F, 0xC3, 0x7F, 0x7E, 0x30, 0x85, 0x42, 0xF0, 0x33, 0x7C, 0x60, 0x00, 0x12, 0x00, 0xF8,
    0xA2, 0x0C, 0x13, 0x78, 0x9C, 0x63, 0x60, 0x60, 0xF8, 0xC0, 0xC0, 0xF0, 0x9F, 0x81, 0x01, 0x4C,
    0xF3, 0x83, 0xE8, 0xFF, 0x70, 0xFA, 0x03, 0x98, 0xE6, 0x07, 0xC9, 0x30, 0x80, 0x38, 0x20, 0xFA,
    0xC3, 0x7F, 0x10, 0x40, 0xD0, 0x48, 0xDA, 0xE0, 0xCA, 0x91, 0xB4, 0xE1, 0x54, 0x8E, 0x5F, 0x1B,
    0x88, 0x03, 0x76, 0x14, 0x00, 0x92, 0x78, 0x2D, 0xA6, 0x78, 0x9C, 0x6D, 0x4E, 0x41, 0x0A, 0x00,
    0x30, 0x08, 0xF2, 0x07, 0xFD, 0xFF, 0x97, 0xFE, 0xC0, 0xE5, 0x24, 0x68, 0xB0, 0x2E, 0xA6, 0x68,
    0x09, 0x00, 0x2C, 0x78, 0x88, 0x05, 0x92, 0x45, 0x4A, 0x32, 0xA9, 0xEB, 0xF1, 0xDA, 0x9B, 0x62,
    0x0B, 0x60, 0xA0, 0x5E, 0xF5, 0x4F, 0xEB, 0x13, 0x6D, 0x66, 0x9D, 0xB9, 0x6C, 0xA7, 0xF2, 0x95,
    0xE9, 0x30, 0xBD, 0x76, 0xE8, 0x00, 0x61, 0x73, 0x2C, 0x98, 0x78, 0x9C, 0x65, 0x8E, 0x51, 0x12,
    0x00, 0x21, 0x08, 0x42, 0xBD, 0x01, 0xF7, 0xBF, 0x25, 0x37, 0x60, 0x51, 0xC9, 0x9F, 0xCD, 0xAC,
    0xD7, 0xE0, 0x10, 0x55, 0x52, 0x79, 0xB1, 0x5B, 0x82, 0x2F, 0x4D, 0xD3, 0xC8, 0x3C, 0x15, 0x1D,
    0x83, 0x38, 0xE4, 0x43, 0xD4, 0x9A, 0xA0, 0x37, 0x0E, 0x5D, 0x9A, 0x29, 0xA5, 0xFC, 0x99, 0x0A,
    0x3B, 0x46, 0x2B, 0x6D, 0x3B, 0x26, 0xAB, 0x2E, 0xE2, 0x90, 0x75, 0xF8, 0x4B, 0xA1, 0x84, 0xD6,
    0xE9, 0xC9, 0x1F, 0x3F, 0x9F, 0x1F, 0x88, 0x47, 0x41, 0x92, 0x78, 0x9C, 0x65, 0x8E, 0xCB, 0x0D,
    0x00, 0x41, 0x08, 0x42, 0xE9, 0xC0, 0xFE, 0xBB, 0xA4, 0x03, 0x66, 0x81, 0x71, 0x2E, 0x6B, 0x8C,
    0xBC, 0xF8, 0x21, 0x02, 0x80, 0x84, 0x84, 0x1E, 0x80, 0x63, 0xFD, 0xEA, 0x1F, 0xBA, 0xC3, 0xE1,
    0x82, 0xA6, 0x70, 0x15, 0x19, 0xD0, 0xAA, 0x78, 0x41, 0x53, 0xA0, 0xAE, 0x91, 0x73, 0xB9, 0x53,
    0xDF, 0xC6, 0x80, 0x0F, 0xB4, 0x0F, 0xC9, 0xD2, 0x96, 0xB2, 0x70, 0x00, 0x95, 0xDF, 0x3C, 0x97,
    0x78, 0x9C, 0x63, 0xF8, 0xCF, 0xC0, 0xF0, 0x9F, 0xE1, 0x03, 0x3F, 0x12, 0x62, 0x60, 0x00, 0x00,
    0x51, 0x5A, 0x06, 0xEB, 0x78, 0x9C, 0x63, 0x60, 0x80, 0x80, 0x0F, 0xFC, 0x20, 0x02, 0xC4, 0xFA,
    0x8F, 0xC1, 0x63, 0xE0, 0x87, 0x0B, 0xF1, 0xC3, 0x84, 0xFE, 0xA3, 0x2A, 0x25, 0x99, 0x60, 0x40,
    0x10, 0x08, 0xF3, 0x40, 0x00, 0x00, 0x2B, 0x14, 0x17, 0xF8, 0x78, 0x9C, 0x63, 0x60, 0x80, 0x00,
    0x7E, 0x10, 0xF1, 0x1F, 0x95, 0xF8, 0x00, 0x26, 0xF8, 0x89, 0x24, 0xB0, 0x18, 0x80, 0xAA, 0x02,
    0x2E, 0x8E, 0x2A, 0x84, 0xE0, 0x81, 0x01, 0x00, 0xE4, 0x2E, 0x18, 0xE8, 0x78, 0x9C, 0x1D, 0x87,
    0x01, 0x11, 0x00, 0x00, 0x0C, 0x01, 0x35, 0xD0, 0xBF, 0xA5, 0x06, 0xF6, 0xC6, 0xE1, 0x49, 0xAF,
    0xAC, 0xCA, 0xBA, 0x83, 0xD6, 0x0A, 0x81, 0x76, 0x03, 0x19, 0xBF, 0x0E, 0x56, 0x9E, 0x0D, 0x12,
    0x78, 0x9C, 0x63, 0x60, 0x60, 0xE0, 0x67, 0x00, 0x03, 0x42, 0xD4, 0x7F, 0x30, 0x80, 0x51, 0x0C,
    0x0C, 0x1F, 0x20, 0x72, 0x04, 0x29, 0x00, 0xF7, 0x86, 0x12, 0x49, 0x78, 0x9C, 0x63, 0xF8, 0xCF,
    0xCF, 0x00, 0x41, 0x1F, 0xC0, 0xE8, 0x3F, 0x88, 0x09, 0x04, 0x00, 0x66, 0x39, 0x07, 0x36, 0x78,
    0x9C, 0xFB, 0xFF, 0xFF, 0x3F, 0xFF, 0xFF, 0xFF, 0xFF, 0x19, 0x00, 0x1E, 0x35, 0x06, 0x0A, 0x78,
    0x9C, 0x63, 0xF8, 0xFF, 0x01, 0x04, 0xF9, 0x01, 0x1A, 0x48, 0x05, 0xDD, 0x78, 0x9C, 0x63, 0x60,
    0x00, 0x81, 0x0F, 0xFC, 0x0C, 0x10, 0x1A, 0x42, 0x31, 0xFC, 0x87, 0xD2, 0x30, 0x61, 0x1C, 0xD2,
    0xFF, 0xD1, 0xA4, 0xF9, 0x89, 0x92, 0x26, 0xD1, 0x12, 0xD2, 0xA4, 0x01, 0x4F, 0x1E, 0x15, 0xDC,
    0x78, 0x9C, 0x6D, 0x8D, 0xC1, 0x0D, 0x00, 0x30, 0x08, 0x02, 0xD9, 0x80, 0xFD, 0xB7, 0x74, 0x03,
    0x8A, 0x15, 0xFB, 0xAA, 0x9F, 0x03, 0x13, 0x00, 0x80, 0x04, 0x5F, 0x49, 0x34, 0x64, 0x61, 0xC3,
    0x56, 0x50, 0xF0, 0xFE, 0x0D, 0x7E, 0x90, 0xE8, 0x2D, 0x1A, 0x54, 0xC0, 0x87, 0xE9, 0x4A, 0x73,
    0x6D, 0x74, 0xC7, 0xDB, 0x1C, 0xB9, 0x03, 0x2D, 0xC4, 0x78, 0x9C, 0x63, 0x60, 0x60, 0x60, 0xF8,
    0xCF, 0xCF, 0xC0, 0xF0, 0xE1, 0xFF, 0x7F, 0x20, 0x0B, 0x48, 0x81, 0x48, 0x06, 0x24, 0xF2, 0x03,
    0x32, 0xC9, 0x8F, 0x4E, 0xFE, 0x47, 0x26, 0x71, 0x6B, 0x05, 0x9A, 0xFE, 0xFF, 0x3F, 0x3F, 0x84,
    0x04, 0x00, 0x54, 0x27, 0x21, 0xB2, 0x78, 0x9C, 0x63, 0x60, 0x60, 0xF8, 0xF0, 0xFF, 0x3F, 0x03,
    0x03, 0x98, 0xFA, 0xCF, 0x0F, 0xA4, 0x81, 0xC4, 0x07, 0x90, 0xC0, 0x07, 0x10, 0x9B, 0x01, 0x02,
    0x70, 0xD0, 0x1F, 0x60, 0x34, 0x3F, 0x54, 0x98, 0x1F, 0xBB, 0x30, 0x0A, 0x17, 0x26, 0xFB, 0x1F,
    0x07, 0x17, 0x04, 0x10, 0x34, 0x00, 0x08, 0xE6, 0x29, 0x8C, 0x78, 0x9C, 0x85, 0x8E, 0xB1, 0x11,
    0x00, 0x20, 0x0C, 0x02, 0xD9, 0x80, 0xFD, 0xB7, 0xCC, 0x06, 0xA8, 0x90, 0x3B, 0x63, 0x65, 0x9A,
    0xA7, 0x00, 0x02, 0x80, 0x92, 0x00, 0x43, 0x3C, 0xE4, 0x96, 0xC8, 0x7D, 0x58, 0x0C, 0x9C, 0x43,
    0xE2, 0x97, 0xA3, 0x86, 0x8F, 0x7F, 0xD2, 0x52, 0x79, 0x69, 0xBF, 0x7A, 0x46, 0xD7, 0x2C, 0xFD,
    0xA6, 0x26, 0xE9, 0x78, 0x9C, 0x63, 0x60, 0x00, 0x82, 0xFF, 0xFC, 0x0C, 0x08, 0xEA, 0x03, 0x84,
    0xFA, 0xFF, 0x01, 0x44, 0x7D, 0xE0, 0xFF, 0x0F, 0x91, 0x81, 0x50, 0x0C, 0xFF, 0xC1, 0x62, 0x60,
    0xEA, 0x3F, 0x18, 0x01, 0x39, 0x1F, 0x50, 0x58, 0x60, 0x0A, 0x04, 0xF8, 0xA1, 0x14, 0xB2, 0x05,
    0x0C, 0xD8, 0x29, 0x00, 0x5E, 0x2C, 0x28, 0xF6, 0x78, 0x9C, 0x63, 0x60, 0xF8, 0xF0, 0x1F, 0x08,
    0x18, 0xE0, 0x14, 0x3F, 0x03, 0x08, 0xFC, 0x67, 0xC0, 0xA4, 0xA0, 0x52, 0x1F, 0xC0, 0xEA, 0xC0,
    0x14, 0x3F, 0x58, 0xF0, 0x03, 0x36, 0xC5, 0xB8, 0xA8, 0xFF, 0x10, 0x83, 0x40, 0x66, 0x81, 0xB4,
    0xFF, 0x87, 0x1B, 0x06, 0x24, 0x01, 0x68, 0x72, 0x2A, 0x9A, 0x78, 0x9C, 0x55, 0x8D, 0x8B, 0x0D,
    0x00, 0x40, 0x04, 0x43, 0xBB, 0x81, 0xFD, 0xB7, 0xEC, 0x06, 0x4E, 0x5B, 0x91, 0x9C, 0xE0, 0xF9,
    0xA4, 0x00, 0x60, 0x17, 0x94, 0x5B, 0x9C, 0xE0, 0x78, 0x43, 0xC6, 0x32, 0xD2, 0x2C, 0x6E, 0x65,
    0x19, 0xCB, 0x32, 0xD5, 0x51, 0x6A, 0x6F, 0xD9, 0x87, 0x1D, 0xB2, 0x0E, 0x9D, 0x7B, 0x79, 0x2A,
    0x4E, 0x7A, 0x90, 0xFE, 0x2E, 0xC3, 0x78, 0x9C, 0xFB, 0xFF, 0x1F, 0x04, 0x18, 0xFE, 0x43, 0x28,
    0x10, 0xF8, 0xC0, 0x0F, 0xA6, 0xB0, 0x71, 0xB0, 0x88, 0xA1, 0xAA, 0x83, 0x49, 0x61, 0x53, 0x81,
    0x4D, 0x21, 0x94, 0x02, 0x00, 0x6D, 0x0E, 0x1E, 0xD3, 0x78, 0x9C, 0x65, 0x8D, 0xB9, 0x0D, 0x00,
    0x30, 0x0C, 0x02, 0xD9, 0xC0, 0xFB, 0x6F, 0xC9, 0x06, 0x24, 0x60, 0x8A, 0x48, 0x29, 0xE0, 0x24,
    0xFC, 0x00, 0x80, 0x1A, 0xD8, 0x65, 0x5E, 0xD1, 0x40, 0xF4, 0xA1, 0x33, 0x83, 0x4A, 0xCE, 0x9C,
    0x51, 0xF9, 0xA2, 0xC4, 0xDD, 0x67, 0xDE, 0xCE, 0x0B, 0x15, 0xDB, 0x63, 0x6C, 0x2B, 0xE2, 0x07,
    0x77, 0x08, 0x31, 0xDE, 0x78, 0x9C, 0x65, 0x8D, 0xD1, 0x09, 0x00, 0x40, 0x08, 0x42, 0xDD, 0xC0,
    0xFD, 0xB7, 0x6C, 0x03, 0x2F, 0x2D, 0xE8, 0xE3, 0x40, 0x7A, 0x52, 0x59, 0x00, 0x24, 0xC0, 0x35,
    0x54, 0x54, 0x6C, 0xD0, 0xB2, 0x75, 0xFF, 0xC7, 0xAC, 0xB4, 0x2B, 0xA3, 0xD3, 0x09, 0x89, 0xC6,
    0x1C, 0x3A, 0xD4, 0x62, 0x47, 0x1B, 0x43, 0x62, 0xCC, 0x73, 0xD7, 0x07, 0xE6, 0x99, 0x2E, 0x0F,
    0x78, 0x9C, 0x63, 0xF8, 0xC0, 0xCF, 0xF0, 0xE1, 0x3F, 0x18, 0xF1, 0x33, 0x60, 0x05, 0xFF, 0x11,
    0xF2, 0x00, 0x0E, 0x78, 0x0B, 0xB9, 0x78, 0x9C, 0x63, 0x60, 0xF8, 0xCF, 0xC0, 0xC0, 0xF0, 0x9F,
    0x1F, 0x8A, 0x19, 0x08, 0x02, 0xB8, 0x52, 0x20, 0xFE, 0x00, 0xC5, 0xFF, 0x21, 0x5C, 0x10, 0x00,
    0x00, 0xB1, 0xE8, 0x0B, 0x50, 0x78, 0x9C, 0x63, 0x60, 0x80, 0x83, 0x0F, 0xFF, 0x21, 0x24, 0x3F,
    0x90, 0xFC, 0x8F, 0x42, 0x82, 0xA5, 0xA1, 0x14, 0x12, 0xCD, 0xCF, 0x80, 0xD0, 0x00, 0xD3, 0x0E,
    0xA4, 0x19, 0x00, 0x5D, 0xE4, 0x14, 0xEC, 0x78, 0x9C, 0xFB, 0xFF, 0x1F, 0x04, 0x18, 0xFE, 0x43,
    0x28, 0x7C, 0xE0, 0x3F, 0x8A, 0x4A, 0x00, 0xB5, 0x9E, 0x17, 0xE9, 0x78, 0x9C, 0x63, 0x60, 0x00,
    0x83, 0xFF, 0xFF, 0xC1, 0xD4, 0x07, 0x28, 0xCD, 0x80, 0xA0, 0xF9, 0xA1, 0x12, 0x48, 0xD4, 0x07,
    0xB0, 0xE0, 0x7F, 0x28, 0x89, 0xAC, 0x1C, 0x02, 0x00, 0x9A, 0x2F, 0x14, 0xDD, 0x78, 0x9C, 0x63,
    0x60, 0xF8, 0xFF, 0x9F, 0x81, 0x01, 0x48, 0xFC, 0xE7, 0x07, 0x92, 0x0C, 0x1F, 0x40, 0x1C, 0x10,
    0x03, 0x8D, 0xFC, 0xC0, 0x0F, 0x66, 0x82, 0x48, 0x88, 0x12, 0x24, 0x26, 0x54, 0x0E, 0xAC, 0xF8,
    0x03, 0x03, 0x3A, 0x80, 0x28, 0x41, 0x26, 0xC1, 0xCA, 0x01, 0x41, 0x03, 0x1A, 0xB9, 0x78, 0x9C,
    0x5D, 0x8F, 0x01, 0x0E, 0xC0, 0x30, 0x08, 0x02, 0xFD, 0x81, 0xFF, 0xFF, 0xA5, 0x3F, 0xB8, 0x21,
    0xDA, 0x35, 0x9B, 0x69, 0x14, 0x14, 0x89, 0x8D, 0x50, 0x00, 0x31, 0x01, 0x07, 0xBB, 0x90, 0x4A,
    0xB5, 0x8D, 0xC3, 0xD5, 0xC9, 0x7E, 0x7F, 0x18, 0xB9, 0x9A, 0x6A, 0x71, 0x8E, 0x99, 0x72, 0xCF,
    0xB1, 0x8A, 0x51, 0x0F, 0xD4, 0xAE, 0xD7, 0x23, 0xB1, 0xF9, 0x17, 0xD6, 0x42, 0x33, 0xEC, 0x6A,
    0xD6, 0x1C, 0xF9, 0x88, 0xD5, 0x1C, 0xC4, 0xEE, 0x86, 0x0D, 0xEF, 0x35, 0x7B, 0xF2, 0x81, 0xB7,
    0x5D, 0xE4, 0x3B, 0xBA, 0xFF, 0xB5, 0xAF, 0xEB, 0x03, 0xE7, 0xD2, 0x51, 0xAF, 0x78, 0x9C, 0x55,
    0x8D, 0x01, 0x0A, 0x00, 0x30, 0x08, 0x02, 0xFD, 0x81, 0xFF, 0xFF, 0x65, 0x3F, 0x70, 0x65, 0x8D,
    0x2D, 0x21, 0x2E, 0x32, 0x14, 0x48, 0x85, 0x60, 0x69, 0x33, 0xB8, 0x29, 0x68, 0xBE, 0x9B, 0x6C,
    0xEA, 0xD2, 0xAB, 0xC3, 0xCC, 0x19, 0x95, 0x1E, 0xDD, 0x95, 0xF7, 0xB2, 0x1C, 0xC1, 0x2F, 0x2A,
    0x18, 0x53, 0x61, 0x3B, 0x79, 0x00, 0xB4, 0xFB, 0x33, 0xBE, 0x78, 0x9C, 0x5D, 0x8D, 0xD1, 0x0D,
    0x00, 0x40, 0x04, 0x43, 0x6D, 0x60, 0xFF, 0x2D, 0x6D, 0xD0, 0xEB, 0x69, 0xF9, 0xD0, 0x84, 0x27,
    0x9A, 0x12, 0x01, 0x2A, 0x28, 0x68, 0xA8, 0xA9, 0xFC, 0xBB, 0x14, 0xEB, 0x10, 0x6D, 0x2D, 0xBB,
    0x7C, 0x67, 0xE9, 0xF8, 0x27, 0x5B, 0xE9, 0x87, 0xE2, 0x97, 0x34, 0xE1, 0x77, 0x70, 0x7E, 0xCE,
    0x3C, 0x9A, 0x89, 0x3F, 0xD0, 0x78, 0x9C, 0x63, 0x60, 0x60, 0x60, 0xF8, 0xFF, 0x9F, 0x9F, 0x01,
    0x4C, 0xFD, 0xFF, 0x0F, 0xA4, 0x3E, 0x00, 0x09, 0x90, 0x00, 0x98, 0x0D, 0xE1, 0x82, 0x65, 0xF9,
    0xA1, 0x34, 0x84, 0xFA, 0x80, 0x4E, 0xF3, 0x93, 0x48, 0x43, 0xF5, 0x31, 0xC0, 0x69, 0x7E, 0x08,
    0xFE, 0x00, 0x75, 0x06, 0x88, 0x01, 0x24, 0x01, 0x0B, 0x7A, 0x25, 0xAE, 0x78, 0x9C, 0x7D, 0xCE,
    0xC1, 0x0D, 0x00, 0x20, 0x08, 0x43, 0xD1, 0x6E, 0xC0, 0xFE, 0x5B, 0xB2, 0xC1, 0x17, 0x68, 0xD4,
    0x78, 0x91, 0xCB, 0x6B, 0x48, 0x4A, 0x90, 0x80, 0x50, 0x0D, 0x0E, 0x49, 0xC7, 0xB2, 0x97, 0xC7,
    0xB0, 0x79, 0x65, 0xAB, 0xAF, 0x39, 0x72, 0x9D, 0x1A, 0x7A, 0xC4, 0xE7, 0xC0, 0x5F, 0x38, 0x33,
    0x8D, 0x05, 0x96, 0x9F, 0x37, 0x06, 0x78, 0x9C, 0x63, 0x60, 0xF8, 0x0F, 0x02, 0x0C, 0x0C, 0x30,
    0xFA, 0x03, 0x88, 0x0D, 0x04, 0x1F, 0xF8, 0xF1, 0xD3, 0xFF, 0xD1, 0x69, 0x20, 0xE0, 0x47, 0xA6,
    0xA1, 0xCA, 0xD1, 0x69, 0x42, 0xC6, 0x41, 0xF5, 0xC3, 0x68, 0x00, 0x6E, 0x15, 0x2D, 0x10, 0x78,
    0x9C, 0x63, 0x60, 0xF8, 0x0F, 0x02, 0x0C, 0x0C, 0x30, 0xFA, 0x03, 0x88, 0x0D, 0x04, 0x1F, 0xF8,
    0xF1, 0xD3, 0xFF, 0x61, 0x34, 0x03, 0x94, 0x06, 0x02, 0x7E, 0x64, 0x1A, 0xAA, 0x1C, 0x9D, 0x26,
    0x64, 0x1C, 0x9A, 0xB1, 0x00, 0x1C, 0xEE, 0x24, 0xFA, 0x78, 0x9C, 0x75, 0x8E, 0xC9, 0x0D, 0x00,
    0x30, 0x08, 0xC3, 0xB2, 0x01, 0xFB, 0x6F, 0xC9, 0x06, 0x2E, 0x04, 0x1E, 0x55, 0xA5, 0x3E, 0x90,
    0x09, 0x47, 0x40, 0x92, 0x20, 0x64, 0x38, 0x49, 0x2A, 0x8A, 0x2E, 0x86, 0xA5, 0xBB, 0xB1, 0x1C,
    0xE4, 0x4B, 0x6F, 0x12, 0x37, 0x7B, 0xF8, 0x4B, 0xD6, 0x8C, 0x5D, 0x86, 0xB9, 0x91, 0xFD, 0xC6,
    0x38, 0xB7, 0x3C, 0xA1, 0xF0, 0x31, 0xCF, 0x78, 0x9C, 0x63, 0x60, 0xF8, 0xCF, 0x00, 0x04, 0x1F,
    0xF8, 0x19, 0x20, 0x8C, 0xFF, 0xFC, 0x0C, 0x1F, 0xE0, 0x0C, 0x7E, 0x30, 0x83, 0x01, 0x1F, 0xE3,
    0x3F, 0x88, 0xF1, 0x01, 0xCE, 0x00, 0x19, 0x03, 0x06, 0x28, 0x0C, 0xA8, 0x0D, 0x1F, 0xD0, 0x6C,
    0x20, 0xD5, 0x60, 0x98, 0x43, 0x01, 0xBF, 0x4C, 0x35, 0x08, 0x78, 0x9C, 0x63, 0x60, 0xF8, 0xCF,
    0xC0, 0x00, 0xC2, 0x1F, 0x40, 0x98, 0x1F, 0x15, 0xFF, 0xE7, 0x67, 0x80, 0x49, 0xA3, 0x28, 0xFB,
    0x8F, 0x45, 0x19, 0x54, 0x29, 0x00, 0xB2, 0xA9, 0x16, 0xEA, 0x78, 0x9C, 0x63, 0x60, 0x00, 0x81,
    0xFF, 0x0C, 0x0C, 0xD8, 0xE8, 0x0F, 0x30, 0x9A, 0x1F, 0x3F, 0xFD, 0x9F, 0x1F, 0x45, 0x1B, 0x49,
    0xC6, 0xF1, 0x43, 0xB4, 0x03, 0xE5, 0x20, 0xD2, 0xFF, 0xFF, 0x43, 0x4C, 0xFB, 0xF0, 0x1F, 0xCC,
    0x05, 0x00, 0x49, 0xF5, 0x1C, 0xD5, 0x78, 0x9C, 0x5D, 0x8E, 0xC1, 0x0D, 0x00, 0x30, 0x08, 0x02,
    0xD9, 0xC0, 0xFD, 0xB7, 0x74, 0x03, 0x5A, 0xD0, 0x98, 0xDA, 0x87, 0xE4, 0x24, 0x8A, 0x02, 0x04,
    0x90, 0x12, 0x57, 0x54, 0x63, 0x23, 0xA3, 0xCA, 0x22, 0x43, 0x60, 0x43, 0x6A, 0xE3, 0x2E, 0x64,
    0x03, 0xD8, 0xC0, 0x81, 0x99, 0x71, 0x6E, 0x05, 0x6F, 0x88, 0xE7, 0x14, 0x16, 0x78, 0x43, 0xC2,
    0xFF, 0x03, 0x1C, 0xC9, 0xE7, 0x32, 0xCE, 0x78, 0x9C, 0x63, 0x60, 0xF8, 0xCF, 0x00, 0x02, 0x60,
    0xF2, 0x03, 0x84, 0xE4, 0xC7, 0x4E, 0xFE, 0xE7, 0x87, 0x2B, 0xC4, 0x24, 0x3F, 0xE0, 0x35, 0x00,
    0xAA, 0x15, 0x04, 0xF8, 0xC1, 0x24, 0x03, 0x00, 0xC8, 0xD7, 0x1E, 0xE2, 0x78, 0x9C, 0x6D, 0xCD,
    0x81, 0x09, 0xC0, 0x40, 0x0C, 0x02, 0x40, 0x37, 0x70, 0xFF, 0x2D, 0xDD, 0x20, 0x55, 0x9B, 0x7E,
    0x29, 0x34, 0x0F, 0xE1, 0x78, 0x82, 0x02, 0x43, 0x78, 0xB2, 0x8F, 0x54, 0xE9, 0x47, 0x23, 0x8B,
    0x11, 0xC7, 0xFF, 0x67, 0x0D, 0x22, 0x3C, 0x7A, 0x17, 0xB5, 0x12, 0x95, 0x0A, 0x1F, 0xF9, 0x25,
    0xAE, 0xE7, 0x8D, 0x6B, 0xE2, 0xCA, 0x2D, 0xB3, 0x42, 0x33, 0x8F, 0xD2, 0xCF, 0x5B, 0xE8, 0x7C,
    0x74, 0x01, 0x22, 0xB8, 0x43, 0xEA, 0x78, 0x9C, 0x6D, 0x8E, 0xDB, 0x09, 0x00, 0x30, 0x08, 0x03,
    0x6F, 0x03, 0xF7, 0xDF, 0xD2, 0x0D, 0x52, 0x1F, 0xD8, 0x16, 0x5A, 0x41, 0xB9, 0x8F, 0xC4, 0x04,
    0x44, 0x8C, 0x1B, 0x28, 0x36, 0x8F, 0x37, 0x70, 0x81, 0xE9, 0x07, 0xAE, 0xD4, 0x87, 0xB5, 0xDC,
    0xBC, 0xD0, 0xBC, 0xA1, 0xF4, 0x95, 0x60, 0xF3, 0xE1, 0x0B, 0x48, 0xD3, 0xA6, 0x1C, 0x5D, 0xEB,
    0x14, 0x5D, 0xA8, 0xBB, 0x3A, 0x03, 0x78, 0x9C, 0x75, 0x8E, 0xDB, 0x0D, 0x00, 0x20, 0x08, 0x03,
    0xBB, 0x41, 0xF7, 0xDF, 0xB2, 0x1B, 0x20, 0x05, 0xF1, 0x43, 0x23, 0x09, 0x70, 0x85, 0xF0, 0x00,
    0xA0, 0x08, 0xC2, 0x16, 0x69, 0x9D, 0xD3, 0x5D, 0xB2, 0x52, 0x06, 0x55, 0x7F, 0xAA, 0x05, 0x3D,
    0x40, 0xBD, 0xC0, 0x0B, 0xF0, 0x03, 0x1D, 0x20, 0x7A, 0xDC, 0xEB, 0xE7, 0x66, 0x0B, 0x96, 0xDA,
    0x7F, 0x99, 0x9C, 0x16, 0xF6, 0x6F, 0x35, 0xDA, 0x78, 0x9C, 0x75, 0x8C, 0x01, 0x0A, 0x00, 0x30,
    0x08, 0x02, 0xFD, 0x81, 0xFF, 0xFF, 0xA5, 0x3F, 0x70, 0xCD, 0x08, 0xC6, 0xD8, 0xA4, 0x38, 0x29,
    0x14, 0x70, 0x09, 0x25, 0xB7, 0x51, 0x96, 0x10, 0xEB, 0xA6, 0x3F, 0x3D, 0x4C, 0x36, 0x83, 0x9D,
    0x4F, 0x0D, 0x31, 0xB5, 0xCA, 0xFF, 0x20, 0xDF, 0xF4, 0xCD, 0x06, 0x16, 0xE2, 0xF7, 0x2E, 0xE1,
    0x78, 0x9C, 0x75, 0x8E, 0x4B, 0x12, 0x00, 0x20, 0x08, 0x42, 0xB9, 0x01, 0xF7, 0xBF, 0x25, 0x37,
    0xB0, 0xFC, 0xE0, 0xA2, 0x99, 0x5C, 0xD4, 0xC3, 0x42, 0x01, 0xA0, 0x08, 0x22, 0x2B, 0x6E, 0xE5,
    0xAD, 0x7B, 0x56, 0x2B, 0x46, 0xA8, 0xDE, 0xDD, 0x2D, 0x68, 0x03, 0x17, 0xB4, 0xC0, 0x07, 0xF0,
    0x03, 0x2D, 0x10, 0x6D, 0xCF, 0xF1, 0xDE, 0xD9, 0x82, 0xA5, 0x26, 0x57, 0x06, 0xEC, 0x11, 0xB3,
    0x16, 0x4E, 0x64, 0x8F, 0x7F, 0x2D, 0x01, 0x07, 0x78, 0x2F, 0x3D, 0xF0, 0x78, 0x9C, 0x65, 0x4C,
    0xC1, 0x11, 0x00, 0x20, 0x08, 0x62, 0x83, 0xF6, 0xDF, 0x92, 0x0D, 0x48, 0x91, 0x1E, 0x95, 0x27,
    0x07, 0x2A, 0x02, 0xA8, 0x0A, 0x55, 0x1A, 0x41, 0x63, 0x81, 0xAB, 0x77, 0x61, 0xFE, 0xAC, 0xDC,
    0x87, 0xDD, 0xD6, 0x89, 0x39, 0xB1, 0x15, 0xC7, 0xB0, 0x2D, 0xFD, 0xDE, 0x36, 0x3E, 0xF0, 0x4E,
    0xB8, 0xE2, 0x7A, 0xD8, 0xEF, 0x26, 0x38, 0x05, 0x78, 0x9C, 0x6D, 0x8E, 0xC1, 0x0D, 0x00, 0x30,
    0x08, 0x02, 0x6F, 0x03, 0xF7, 0xDF, 0xD2, 0x0D, 0x68, 0xC5, 0xFA, 0x69, 0xFB, 0x20, 0x47, 0xC0,
    0x18, 0x80, 0x94, 0xC0, 0xB0, 0x51, 0x1C, 0x55, 0x46, 0x93, 0x1F, 0xA3, 0x99, 0x63, 0xA4, 0x09,
    0x74, 0x37, 0x73, 0xFA, 0xD2, 0x76, 0xF7, 0x29, 0x2C, 0x6A, 0x45, 0xF4, 0xBB, 0xC2, 0x02, 0xEC,
    0x2F, 0x28, 0xE7, 0x78, 0x9C, 0xFB, 0xF0, 0x1F, 0x0C, 0x18, 0x3E, 0x40, 0x69, 0x20, 0x00, 0x13,
    0xB8, 0xE9, 0x0F, 0x30, 0x9A, 0x1F, 0x3F, 0xFD, 0x1F, 0x9D, 0x26, 0xCB, 0x58, 0x00, 0xF4, 0x80,
    0x21, 0xC1, 0x78, 0x9C, 0x63, 0xF8, 0xC0, 0xCF, 0x00, 0x04, 0xFF, 0x19, 0xFE, 0x83, 0xE8, 0x0F,
    0x30, 0x9A, 0x1F, 0x28, 0x82, 0x95, 0xFE, 0x00, 0xA6, 0xFF, 0xC3, 0x68, 0x06, 0x98, 0x76, 0xAC,
    0x34, 0xB2, 0x71, 0xD8, 0x68, 0x20, 0x01, 0x56, 0xF7, 0x1F, 0xAC, 0x14, 0x2A, 0x06, 0x04, 0x0C,
    0x60, 0x33, 0xC0, 0x5C, 0x00, 0x84, 0x2C, 0x2F, 0x1D, 0x78, 0x9C, 0x4D, 0xCD, 0x01, 0x0A, 0x00,
    0x30, 0x08, 0x02, 0xC0, 0x7E, 0xD0, 0xFF, 0x7F, 0xD9, 0x0F, 0xDC, 0xCC, 0xA4, 0x06, 0x71, 0xA0,
    0xB4, 0x90, 0xF1, 0x1F, 0xB2, 0x64, 0xB4, 0x65, 0x53, 0xC2, 0x76, 0xC4, 0x5A, 0xCE, 0xC0, 0xCE,
    0x0A, 0xEE, 0x17, 0xE8, 0x9A, 0x25, 0xE3, 0xA3, 0x2E, 0xAE, 0x8A, 0x57, 0xC5, 0x0F, 0x8A, 0xAD,
    0x2B, 0xE4, 0x78, 0x9C, 0x6D, 0xCE, 0xD1, 0x09, 0x00, 0x31, 0x08, 0x03, 0xD0, 0x6C, 0xE0, 0xFE,
    0x5B, 0x66, 0x83, 0xB4, 0x39, 0x09, 0x57, 0x4B, 0x41, 0xE5, 0x7D, 0xA8, 0x84, 0x05, 0x40, 0xBB,
    0x59, 0xFC, 0x58, 0x21, 0x4D, 0x1D, 0x84, 0x29, 0x0E, 0xB2, 0xE9, 0xAD, 0xD4, 0xA4, 0xFC, 0xAE,
    0x0F, 0x7E, 0x52, 0xC8, 0x22, 0xEB, 0xA6, 0x47, 0x07, 0xD2, 0x8B, 0x4A, 0x9E, 0xC9, 0x8C, 0x93,
    0x0B, 0x94, 0xF9, 0x4E, 0x76, 0x78, 0x9C, 0x5D, 0x8E, 0xDB, 0x0D, 0x00, 0x30, 0x08, 0x02, 0xD9,
    0x80, 0xFD, 0xB7, 0x74, 0x03, 0x5B, 0xA1, 0x9A, 0xB6, 0x1F, 0x92, 0x0B, 0xF8, 0x02, 0x22, 0x01,
    0x8B, 0x80, 0x07, 0xAA, 0x90, 0xB4, 0x51, 0x3A, 0xA0, 0x64, 0x4F, 0xD8, 0xD8, 0x4D, 0x03, 0x4E,
    0x34, 0xF6, 0x42, 0x74, 0x94, 0xF8, 0xA0, 0xF6, 0xD1, 0x86, 0x2F, 0xC4, 0x00, 0xAF, 0xB7, 0x14,
    0x37, 0x2C, 0xB3, 0xF1, 0x2C, 0xA7, 0x78, 0x9C, 0x75, 0xCB, 0xC1, 0x0D, 0x00, 0x30, 0x08, 0x02,
    0x40, 0x36, 0x60, 0xFF, 0x2D, 0xD9, 0x80, 0x16, 0x35, 0xBE, 0xDA, 0x87, 0x5C, 0x20, 0x51, 0x04,
    0x20, 0x2A, 0x78, 0x80, 0x8C, 0xBA, 0xC0, 0xC2, 0xBB, 0x87, 0xFE, 0x49, 0xB9, 0xD3, 0xC0, 0x06,
    0x0F, 0xF8, 0xC7, 0x43, 0xE5, 0x01, 0x16, 0x01, 0x25, 0x90, 0x78, 0x9C, 0x63, 0x60, 0xF8, 0xF0,
    0x1F, 0x04, 0xF8, 0x19, 0xA0, 0x0C, 0x06, 0x08, 0xF8, 0x00, 0x63, 0x80, 0x64, 0x20, 0x0C, 0x98,
    0x0C, 0x3F, 0x9A, 0xCC, 0x07, 0x52, 0x64, 0xC8, 0x31, 0x1E, 0xEA, 0x2E, 0x38, 0x03, 0x00, 0xC9,
    0xBD, 0x2D, 0xB5, 0x78, 0x9C, 0x63, 0x60, 0xF8, 0xF0, 0xFF, 0x3F, 0x03, 0x03, 0x8C, 0xE4, 0x67,
    0x00, 0x91, 0x20, 0x82, 0xE1, 0x3F, 0x0E, 0x12, 0xA2, 0x04, 0x17, 0xC9, 0x80, 0xCF, 0x00, 0x7E,
    0x62, 0x0D, 0xF8, 0xFF, 0x9F, 0x1F, 0x4E, 0x02, 0x00, 0x47, 0x60, 0x1D, 0xD4, 0x78, 0x9C, 0xFB,
    0xC0, 0xC0, 0xF0, 0x01, 0x82, 0xF8, 0x11, 0x88, 0x01, 0x19, 0xFD, 0x47, 0x42, 0x1F, 0xB0, 0xA9,
    0x46, 0xD2, 0x00, 0x00, 0x24, 0x45, 0x12, 0xFD, 0x78, 0x9C, 0x63, 0x60, 0x60, 0xF8, 0xFF, 0x9F,
    0x81, 0x81, 0xE1, 0x03, 0x98, 0x04, 0xD2, 0x60, 0xF2, 0x3F, 0x06, 0xC9, 0x8F, 0x20, 0x3F, 0x60,
    0x92, 0x14, 0x68, 0xE5, 0xC7, 0xA6, 0xF5, 0x03, 0x92, 0x9B, 0x00, 0x07, 0xCE, 0x1D, 0xB6, 0x78,
    0x9C, 0x63, 0x60, 0x80, 0x80, 0xFF, 0xFC, 0x08, 0x92, 0xFF, 0x3F, 0x90, 0xF8, 0x00, 0x25, 0x3F,
    0x80, 0x84, 0x81, 0x34, 0x82, 0x64, 0xE0, 0x47, 0xE1, 0x82, 0xC8, 0x0F, 0xFC, 0x00, 0x2E, 0xBD,
    0x12, 0x1C, 0x78, 0x9C, 0xFB, 0xF0, 0x1F, 0x0C, 0x18, 0x3E, 0x40, 0x69, 0x00, 0x7C, 0x2A, 0x0D,
    0xD5, 0x78, 0x9C, 0x63, 0x60, 0x60, 0x60, 0xF8, 0xC0, 0x0F, 0xC4, 0xFF, 0x81, 0x8C, 0xFF, 0xFC,
    0x10, 0x0E, 0x03, 0x88, 0xC3, 0xCF, 0x00, 0x00, 0x5E, 0x63, 0x06, 0x0A, 0x78, 0x9C, 0x4D, 0x8C,
    0x81, 0x09, 0x00, 0x30, 0x0C, 0xC2, 0xF2, 0x81, 0xFF, 0x7F, 0xE9, 0x07, 0xAE, 0x6E, 0x63, 0x0C,
    0x6C, 0x6D, 0x2A, 0x08, 0x24, 0xA4, 0x3B, 0x12, 0xEE, 0xA5, 0x6A, 0xA6, 0x80, 0xE5, 0x81, 0xD2,
    0xB6, 0x1D, 0x7D, 0xC6, 0x23, 0x1F, 0x9B, 0x36, 0x57, 0xED, 0x4A, 0x7C, 0x3F, 0x62, 0x01, 0x40,
    0x30, 0x2A, 0x22, 0x78, 0x9C, 0x6D, 0xCC, 0xC1, 0x09, 0x00, 0x30, 0x08, 0x03, 0xC0, 0x6C, 0x90,
    0xFD, 0xB7, 0xCC, 0x06, 0x69, 0x1B, 0x2B, 0x05, 0xA9, 0xA0, 0xE7, 0x43, 0x03, 0x88, 0x48, 0x4D,
    0xDD, 0x62, 0xEA, 0xAC, 0x96, 0xCF, 0x89, 0xF6, 0x90, 0x91, 0x3E, 0x37, 0x79, 0xFF, 0xE8, 0x16,
    0x4F, 0xB5, 0x2C, 0x13, 0x75, 0xE3, 0xE8, 0x8A, 0xA7, 0xF2, 0xB9, 0x00, 0x6A, 0xE5, 0x2F, 0xD1,
    0x78, 0x9C, 0x63, 0x60, 0x60, 0xF8, 0xFF, 0x9F, 0x01, 0x44, 0xFC, 0xE7, 0x67, 0xF8, 0x00, 0x64,
    0xF1, 0x33, 0x00, 0x19, 0x0C, 0x60, 0x26, 0x90, 0x04, 0x31, 0x21, 0x02, 0x30, 0x92, 0x01, 0x89,
    0x44, 0x12, 0x87, 0x68, 0x85, 0x18, 0x03, 0xE4, 0x00, 0x79, 0x00, 0x7F, 0x8B, 0x19, 0x33, 0x78,
    0x9C, 0x6D, 0x8C, 0x01, 0x0A, 0x00, 0x20, 0x08, 0x03, 0xF7, 0x83, 0xFE, 0xFF, 0xCB, 0x7E, 0x70,
    0xE5, 0xB4, 0x24, 0x48, 0x90, 0x43, 0xD9, 0x4E, 0x8A, 0x99, 0x43, 0x0F, 0x39, 0xD4, 0x87, 0x60,
    0x12, 0xB3, 0x2B, 0x64, 0xBC, 0x36, 0xCE, 0xD0, 0xD8, 0x44, 0xD3, 0xC6, 0x8A, 0x9A, 0xEA, 0xFB,
    0x2A, 0x52, 0x37, 0xF3, 0x07, 0xD9, 0xC5, 0x8E, 0x05, 0xA2, 0xE9, 0x32, 0x1A, 0x78, 0x9C, 0x5D,
    0x8D, 0xB1, 0x0D, 0x00, 0x30, 0x08, 0xC3, 0xF2, 0x41, 0xFE, 0xFF, 0x92, 0x0F, 0x5C, 0x48, 0x25,
    0x54, 0xD5, 0x8B, 0x65, 0x86, 0x20, 0x15, 0xA8, 0x01, 0x2C, 0x95, 0xBB, 0x3B, 0xE6, 0x30, 0xF1,
    0x88, 0xB0, 0x52, 0xF8, 0xE4, 0x68, 0x17, 0xC8, 0xF4, 0x7D, 0x70, 0x00, 0xC3, 0x34, 0x28, 0xBA,
    0x78, 0x9C, 0x63, 0x60, 0x60, 0xF8, 0xFF, 0x9F, 0x81, 0x81, 0xE1, 0x03, 0x98, 0xFC, 0xCF, 0xCF,
    0x00, 0x22, 0x19, 0xE0, 0xE4, 0x07, 0x08, 0xC9, 0x0F, 0x51, 0xF1, 0x1F, 0x46, 0x42, 0x44, 0x30,
    0x95, 0x63, 0xD1, 0x8A, 0x30, 0x00, 0x0B, 0x09, 0x31, 0x00, 0x00, 0xE4, 0x00, 0x21, 0xB2, 0x78,
    0x9C, 0x5D, 0x8D, 0x89, 0x0D, 0x00, 0x30, 0x08, 0x02, 0xD9, 0xC0, 0xFD, 0xB7, 0x64, 0x03, 0x2A,
    0xF4, 0x89, 0xA9, 0x51, 0x4F, 0x13, 0x50, 0x00, 0x14, 0x08, 0xA3, 0xA3, 0xA9, 0x82, 0xC9, 0x53,
    0xBD, 0x76, 0x4B, 0x82, 0xF5, 0xC8, 0x9F, 0x35, 0xF6, 0x61, 0x8F, 0x35, 0x94, 0x2A, 0x5A, 0xDF,
    0x47, 0x22, 0x9E, 0x41, 0xBF, 0xD2, 0x3D, 0x69, 0x3D, 0xF6, 0x60, 0x2C, 0x55, 0xE4, 0x3A, 0x5D,
    0x78, 0x9C, 0x65, 0xCC, 0x89, 0x09, 0x00, 0x30, 0x08, 0x03, 0xC0, 0x6C, 0xE0, 0xFE, 0x5B, 0xBA,
    0x41, 0x6A, 0xA2, 0x50, 0x6C, 0x8B, 0xF5, 0x04, 0x1F, 0x20, 0x03, 0x7A, 0x1B, 0x0E, 0xD8, 0x50,
    0x15, 0x93, 0xD5, 0xAE, 0x54, 0x5F, 0x61, 0xE2, 0x23, 0x7C, 0x44, 0xE0, 0x85, 0x83, 0xB7, 0xD1,
    0xF3, 0x97, 0x03, 0x79, 0xD1, 0x2E, 0x96, 0x78, 0x9C, 0x63, 0x60, 0xF8, 0xC0, 0xCF, 0xC0, 0xF0,
    0x1F, 0x88, 0x41, 0x34, 0x32, 0xF8, 0x0F, 0x14, 0x82, 0x61, 0x7E, 0x54, 0x0C, 0x52, 0xFE, 0x9F,
    0x01, 0x05, 0x23, 0x2B, 0x03, 0x00, 0x2C, 0x34, 0x14, 0xDD, 0x78, 0x9C, 0x63, 0x60, 0x60, 0x60,
    0xF8, 0xC0, 0x0F, 0x24, 0x18, 0xFE, 0x23, 0x91, 0x98, 0xE0, 0x3F, 0x88, 0xF8, 0x80, 0x4C, 0xF2,
    0xA3, 0x93, 0xC8, 0x06, 0xFC, 0x67, 0x40, 0x23, 0x89, 0xD2, 0x0A, 0x57, 0xFE, 0x01, 0x2C, 0x00,
    0x51, 0x0D, 0x00, 0x5E, 0xB4, 0x1D, 0xE3, 0x78, 0x9C, 0x65, 0x8D, 0xDB, 0x0D, 0x00, 0x30, 0x08,
    0x02, 0xD9, 0xC0, 0xFD, 0xB7, 0x64, 0x03, 0x5A, 0x24, 0x26, 0x7D, 0xF8, 0xE1, 0x99, 0xE8, 0x21,
    0xC0, 0x42, 0xD7, 0x4B, 0x0D, 0xF1, 0x91, 0x0A, 0x7D, 0xE2, 0x59, 0xD1, 0xDA, 0xDC, 0x4D, 0x89,
    0x49, 0x10, 0x2B, 0x41, 0xD2, 0xB0, 0x6D, 0xBB, 0x37, 0xF3, 0x99, 0xC3, 0x63, 0xF6, 0x6E, 0x01,
    0x41, 0x3D, 0x2A, 0xE5, 0x78, 0x9C, 0x63, 0x60, 0xF8, 0xCF, 0xC0, 0x00, 0xC3, 0x1F, 0x40, 0x98,
    0x1F, 0x15, 0xFF, 0xE7, 0x67, 0x40, 0x56, 0x82, 0x57, 0x19, 0x94, 0x0D, 0x00, 0xEA, 0xFC, 0x16,
    0xF9, 0x78, 0x9C, 0x55, 0xCD, 0xDB, 0x0D, 0x00, 0x40, 0x04, 0x44, 0xD1, 0xDB, 0x81, 0xFE, 0xBB,
    0xD4, 0xC1, 0xAC, 0xB5, 0x64, 0xF9, 0x98, 0xE4, 0x78, 0x04, 0x10, 0x12, 0xF8, 0x8D, 0xB9, 0x94,
    0x89, 0x52, 0x95, 0x37, 0xC9, 0x56, 0x2C, 0xD4, 0x62, 0xD1, 0x36, 0x0D, 0x0D, 0x42, 0x97, 0x49,
    0x16, 0x35, 0x98, 0x27, 0x9B, 0xF5, 0x81, 0x7F, 0x36, 0x78, 0x00, 0x79, 0x24, 0x3F, 0x49, 0x78,
    0x9C, 0x65, 0xCB, 0xD1, 0x0D, 0x00, 0x20, 0x08, 0x03, 0xD1, 0xDB, 0x80, 0xFD, 0xB7, 0x64, 0x83,
    0x13, 0x91, 0xC4, 0x44, 0x13, 0xDA, 0xF7, 0x53, 0x40, 0x14, 0x32, 0x52, 0x83, 0xAA, 0xCA, 0xBE,
    0x26, 0x3E, 0x02, 0x07, 0x5E, 0x1C, 0xFA, 0x9B, 0xB3, 0xBF, 0x2C, 0x79, 0x5F, 0x28, 0x8D, 0x78,
    0x9C, 0x35, 0x8D, 0x81, 0x09, 0x00, 0x40, 0x08, 0x02, 0x6F, 0x83, 0xF6, 0xDF, 0xB2, 0x0D, 0x7C,
    0xFB, 0x32, 0x82, 0x43, 0x49, 0x83, 0x96, 0xF0, 0x48, 0x2A, 0x2C, 0x66, 0x19, 0x47, 0xD5, 0x07,
    0xFB, 0x74, 0x30, 0x57, 0x36, 0x37, 0x43, 0xB0, 0xD1, 0x8F, 0x4A, 0xC9, 0x55, 0xDE, 0x83, 0x07,
    0x53, 0x59, 0x27, 0xD9, 0x78, 0x9C, 0x6D, 0xCC, 0xC1, 0x0D, 0x00, 0x20, 0x0C, 0x02, 0x40, 0x36,
    0x60, 0xFF, 0x2D, 0xD9, 0x00, 0xC5, 0xA6, 0x46, 0x8D, 0x8F, 0xF6, 0x12, 0xD2, 0x02, 0x88, 0x32,
    0x01, 0x58, 0xB6, 0xE3, 0x5C, 0x09, 0x32, 0x8A, 0xB8, 0xD4, 0x2B, 0x0F, 0xDD, 0xD6, 0x4B, 0x6E,
    0x76, 0x5D, 0xD7, 0xAF, 0xA4, 0xEA, 0x0E, 0xD5, 0xF2, 0xEF, 0x00, 0xD0, 0x20, 0x31, 0xB1, 0x78,
    0x9C, 0x6D, 0x8C, 0xC1, 0x09, 0x00, 0x30, 0x08, 0x03, 0x6F, 0x03, 0xF7, 0xDF, 0x32, 0x1B, 0xA4,
    0x46, 0xDA, 0xD2, 0x47, 0x41, 0x3D, 0x0F, 0x89, 0x80, 0x8D, 0x33, 0x5D, 0x85, 0xB2, 0x55, 0xAA,
    0x3B, 0x82, 0x4A, 0x2D, 0xB1, 0xC1, 0x9C, 0x1E, 0x70, 0x4D, 0xDE, 0xB1, 0x6C, 0x1A, 0xD8, 0x09,
    0xF5, 0xFF, 0xC9, 0x72, 0xE0, 0x0D, 0xFE, 0x58, 0x69, 0x75, 0x2F, 0x3B, 0x78, 0x9C, 0x63, 0x60,
    0xF8, 0xCF, 0xF0, 0x9F, 0x9F, 0xE1, 0x03, 0xFF, 0x07, 0x10, 0x09, 0xC4, 0x0C, 0x40, 0x92, 0x01,
    0x41, 0xF2, 0x23, 0xC8, 0xFF, 0x10, 0x92, 0x01, 0x2B, 0x89, 0xA9, 0x1C, 0x00, 0x97, 0x19, 0x15,
    0xDC, 0x78, 0x9C, 0x63, 0x60, 0x60, 0xF8, 0xFF, 0x9F, 0x81, 0x01, 0x44, 0x82, 0xE9, 0xFF, 0x60,
    0xF4, 0x81, 0x1F, 0x24, 0x04, 0xA7, 0xC0, 0x0A, 0x60, 0x0A, 0x81, 0x5C, 0x34, 0x61, 0x84, 0x62,
    0x7E, 0x30, 0x05, 0x92, 0x00, 0x09, 0x42, 0x8D, 0x84, 0xE8, 0x03, 0x00, 0x1F, 0xF8, 0x1D, 0xE3,
    0x78, 0x9C, 0x63, 0x60, 0xF8, 0xCF, 0x00, 0x04, 0x70, 0xE2, 0xC3, 0x7F, 0x10, 0xFE, 0xFF, 0x9F,
    0x1F, 0x4C, 0x30, 0x7C, 0xE0, 0x07, 0x89, 0x81, 0x88, 0xFF, 0xFC, 0xC8, 0xCA, 0xE0, 0x6A, 0xA1,
    0x04, 0x5C, 0x19, 0x54, 0x0C, 0xA4, 0x1A, 0x44, 0x00, 0x00, 0xF1, 0xB3, 0x1F, 0xC3, 0x78, 0x9C,
    0x5D, 0xCA, 0xC1, 0x0D, 0x00, 0x00, 0x0C, 0x01, 0x40, 0x1B, 0xD8, 0x7F, 0x4B, 0x1B, 0x68, 0x2B,
    0x5E, 0x7D, 0xC8, 0x25, 0x80, 0x08, 0x6C, 0x5C, 0xF0, 0x71, 0x81, 0x0A, 0x3F, 0x2A, 0x0C, 0xFB,
    0xBF, 0x22, 0xD8, 0x69, 0xB2, 0x0F, 0xF2, 0x16, 0x25, 0xCC, 0x78, 0x9C, 0x5D, 0xCA, 0xD1, 0x09,
    0x00, 0x30, 0x0C, 0x42, 0x41, 0x37, 0xC8, 0xFE, 0x5B, 0xBA, 0x81, 0x89, 0xD2, 0x86, 0xD2, 0x0F,
    0x39, 0x78, 0xC8, 0x02, 0xC0, 0xA2, 0x11, 0x1E, 0x66, 0x17, 0xB9, 0x65, 0xFA, 0x5F, 0x83, 0xDB,
    0x92, 0x06, 0x29, 0x30, 0xED, 0xD0, 0x8E, 0x5C, 0x1E, 0xC4, 0x78, 0x9C, 0x65, 0xCD, 0x0B, 0x0A,
    0x00, 0x20, 0x08, 0x03, 0xD0, 0xDD, 0x60, 0xF7, 0xBF, 0xE5, 0x6E, 0xB0, 0xA6, 0x25, 0x11, 0x91,
    0xC9, 0x13, 0xFC, 0x18, 0x80, 0x59, 0xDF, 0xA3, 0x3C, 0xE8, 0x4A, 0x44, 0x22, 0xF2, 0x11, 0x5B,
    0xEE, 0x6E, 0x6E, 0x89, 0xBA, 0xEA, 0xAA, 0xE4, 0x47, 0xB5, 0x5F, 0xE4, 0x28, 0xC3, 0x7D, 0x24,
    0x19, 0x9F, 0x16, 0x74, 0xD5, 0x37, 0xF6, 0x78, 0x9C, 0x5D, 0x8B, 0xC1, 0x0D, 0x00, 0x30, 0x08,
    0x02, 0xD9, 0x80, 0xFD, 0xB7, 0xEC, 0x06, 0x54, 0x50, 0xFB, 0x68, 0x22, 0x9E, 0xA0, 0x02, 0x87,
    0x78, 0x12, 0x8A, 0x72, 0xC1, 0xC6, 0x91, 0x19, 0x5B, 0x29, 0x3F, 0x06, 0xD0, 0xAC, 0xD9, 0xB9,
    0xB8, 0x6F, 0x61, 0xB5, 0x1C, 0x8E, 0x76, 0xBE, 0xE7, 0xE3, 0x21, 0xB2, 0x78, 0x9C, 0x5D, 0xCC,
    0x81, 0x0D, 0x00, 0x30, 0x04, 0x44, 0xD1, 0xDB, 0xC0, 0xFE, 0x5B, 0xDA, 0x40, 0x15, 0x47, 0xAB,
    0x49, 0x93, 0x27, 0x3F, 0x00, 0x06, 0x7F, 0x56, 0x5F, 0x65, 0x23, 0xF2, 0x9D, 0x88, 0x28, 0x1F,
    0xA2, 0xBC, 0xC8, 0x02, 0x0C, 0xB2, 0xF8, 0x91, 0x86, 0x10, 0x58, 0xE0, 0xCE, 0xA0, 0x8A, 0x72,
    0xA7, 0x8F, 0x1C, 0xEE, 0x58, 0x22, 0x0C, 0x78, 0x9C, 0x63, 0x60, 0xF8, 0x0F, 0x04, 0xFC, 0x0C,
    0x30, 0x0A, 0x08, 0xFE, 0x83, 0xC9, 0x0F, 0x10, 0x0A, 0x22, 0x06, 0xE5, 0x7C, 0x20, 0x51, 0x01,
    0xD8, 0x48, 0x28, 0x05, 0x00, 0x8D, 0xD5, 0x20, 0xE0, 0x78, 0x9C, 0x63, 0x60, 0x60, 0xF8, 0xF0,
    0x9F, 0x01, 0x08, 0xFE, 0x83, 0x48, 0x08, 0xF3, 0x03, 0x3F, 0x06, 0xC9, 0x00, 0x56, 0x82, 0x9D,
    0x04, 0x2B, 0xF9, 0xF0, 0x9F, 0x1F, 0xAE, 0x9F, 0xE1, 0x3F, 0x0E, 0x03, 0x30, 0x8D, 0xE1, 0x47,
    0x90, 0x50, 0x85, 0xC8, 0x26, 0x80, 0x49, 0x00, 0xD6, 0xEE, 0x1E, 0xC4, 0x78, 0x9C, 0xFB, 0xC0,
    0xF0, 0x81, 0x6C, 0x08, 0x00, 0x68, 0x49, 0x1C, 0x21, 0x78, 0x9C, 0x63, 0x60, 0xF8, 0xF0, 0x9F,
    0x9F, 0x01, 0x42, 0x30, 0x7C, 0xC0, 0x49, 0x00, 0x31, 0xC3, 0x7F, 0x2C, 0xC4, 0x07, 0x10, 0xF9,
    0xFF, 0x3F, 0x94, 0x4B, 0xAC, 0x2E, 0x98, 0x5A, 0xA8, 0xD5, 0x40, 0x1E, 0x00, 0xA7, 0xAA, 0x20,
    0xA4, 0x78, 0x9C, 0x63, 0xF8, 0xFF, 0x9F, 0x01, 0x08, 0x3E, 0xFC, 0xFF, 0xCF, 0xCF, 0xF0, 0x9F,
    0xE1, 0x03, 0x88, 0x01, 0x15, 0x60, 0x60, 0x00, 0x00, 0xBD, 0x6D, 0x0C, 0xC7, 0x78, 0x9C, 0x03,
    0x00, 0x00, 0x00, 0x00, 0x01, 0x78, 0x9C, 0x63, 0x60, 0xF8, 0xCF, 0xCF, 0x80, 0xC0, 0x0C, 0x28,
    0xE0, 0x03, 0x3F, 0x1A, 0x66, 0x80, 0x28, 0x41, 0xC3, 0xE8, 0xCA, 0x00, 0xD2, 0x70, 0x12, 0x0D,
    0x78, 0x9C, 0x5D, 0xCD, 0xB1, 0x01, 0x00, 0x31, 0x08, 0xC3, 0x40, 0x6D, 0xC0, 0xFE, 0x5B, 0x7A,
    0x03, 0x3D, 0x90, 0xA4, 0xF9, 0xE6, 0x1A, 0x63, 0x03, 0x50, 0xF0, 0xCC, 0x18, 0x6D, 0xD5, 0xC2,
    0x4A, 0x07, 0x92, 0x8D, 0x7C, 0x76, 0x52, 0x7F, 0xA7, 0x9A, 0xA3, 0xD9, 0x23, 0x67, 0xE7, 0x8C,
    0xB1, 0x5C, 0xE7, 0xC7, 0x07, 0xF1, 0x9D, 0x23, 0x47, 0x78, 0x9C, 0x63, 0x60, 0x60, 0x60, 0xF8,
    0xFF, 0x9F, 0x81, 0x01, 0x4C, 0xFD, 0xE7, 0x07, 0xD3, 0x60, 0xC4, 0xF0, 0x01, 0xCC, 0x41, 0xD0,
    0xFF, 0x61, 0x34, 0x03, 0x5E, 0xFA, 0x3F, 0xD4, 0x18, 0x18, 0x4D, 0x48, 0x3F, 0x9A, 0xF4, 0x07,
    0xA8, 0xBE, 0xFF, 0x50, 0x1A, 0x00, 0xCC, 0x42, 0x26, 0x44, 0x78, 0x9C, 0x4D, 0x8D, 0x89, 0x0D,
    0x00, 0x30, 0x08, 0x02, 0xD9, 0x80, 0xFD, 0xB7, 0x74, 0x03, 0x4A, 0x95, 0x3E, 0x24, 0xE4, 0xD0,
    0x18, 0x04, 0xA2, 0x42, 0x09, 0x32, 0xB5, 0xE5, 0x85, 0x2D, 0x7A, 0xE6, 0xF0, 0x66, 0x3C, 0xEA,
    0xF0, 0x37, 0xE7, 0x34, 0x35, 0x45, 0x75, 0x6D, 0x7E, 0x60, 0x01, 0x00, 0x0E, 0x24, 0xEB, 0x78,
    0x9C, 0x63, 0xF8, 0xC0, 0xCF, 0xC0, 0xC0, 0x00, 0x24, 0x3E, 0xFC, 0x07, 0xD2, 0x68, 0x18, 0x2C,
    0x07, 0xA7, 0xF9, 0xC1, 0xC2, 0x40, 0x0E, 0x98, 0x8B, 0x44, 0x83, 0x85, 0xC1, 0x0A, 0x40, 0x24,
    0x08, 0x40, 0x58, 0x0C, 0x50, 0x71, 0xB0, 0x2A, 0xB0, 0x38, 0x84, 0x05, 0x11, 0x86, 0xE8, 0xC6,
    0x45, 0x03, 0x00, 0x72, 0x56, 0x26, 0xDA, 0x78, 0x9C, 0xFB, 0xC0, 0xF0, 0x01, 0x27, 0x04, 0x01,
    0xDC, 0xB2, 0x1F, 0x18, 0x00, 0x2E, 0x29, 0x1A, 0x41, 0x78, 0x9C, 0x4D, 0x8E, 0xC1, 0x0D, 0x00,
    0x20, 0x0C, 0x02, 0xD9, 0xA0, 0xFB, 0x6F, 0xE9, 0x06, 0xD8, 0xA3, 0x35, 0xF1, 0x03, 0x01, 0x81,
    0x2A, 0xE9, 0xB8, 0x04, 0xDA, 0x50, 0x09, 0x19, 0xAB, 0x29, 0x88, 0x19, 0x15, 0xB9, 0x41, 0x4F,
    0xCF, 0x18, 0x13, 0x5C, 0xDA, 0x85, 0x26, 0x1E, 0xA8, 0x76, 0xDE, 0x53, 0xAC, 0x19, 0xD0, 0x3F,
    0x4E, 0x48, 0x6F, 0x28, 0x97, 0xEC, 0xFD, 0x11, 0x78, 0x01, 0x52, 0x03, 0x33, 0xA0, 0x78, 0x9C,
    0x63, 0xE0, 0x67, 0xF8, 0xC0, 0xFF, 0xE1, 0x3F, 0xC3, 0x7F, 0xFE, 0x0F, 0x40, 0x16, 0x03, 0x00,
    0x2D, 0x3C, 0x05, 0xFB, 0x78, 0x9C, 0x7D, 0x8E, 0xD1, 0x11, 0x00, 0x20, 0x08, 0x42, 0xD9, 0x80,
    0xFD, 0xB7, 0x74, 0x03, 0x42, 0xB4, 0xEB, 0xAF, 0x7E, 0x7A, 0x8A, 0x70, 0x00, 0x80, 0x44, 0xE4,
    0x09, 0x28, 0x2E, 0x18, 0x71, 0x47, 0x70, 0x34, 0x85, 0x68, 0xB0, 0xA3, 0x5A, 0xF4, 0x1F, 0xDA,
    0xC3, 0xF2, 0xD9, 0xA3, 0xA4, 0x98, 0xF8, 0x21, 0xB5, 0xBF, 0x23, 0xB2, 0x71, 0xB0, 0x76, 0x94,
    0xD2, 0xE0, 0x15, 0x18, 0xC3, 0x34, 0xEB, 0x3E, 0x23, 0xD4, 0x96, 0x3F, 0xDB, 0x34, 0x33, 0xBE,
    0x78, 0x9C, 0x63, 0x60, 0xF8, 0xCF, 0xFF, 0x1F, 0x84, 0xF9, 0x19, 0xFE, 0x33, 0x7C, 0xE0, 0xFF,
    0xC0, 0x0F, 0x27, 0x18, 0xA0, 0x04, 0x10, 0x82, 0xA5, 0xFE, 0xFF, 0x67, 0x00, 0xAB, 0x05, 0x00,
    0x0B, 0x34, 0x14, 0xEC, 0x78, 0x9C, 0x63, 0x60, 0x80, 0x80, 0xFF, 0x0C, 0x1F, 0x18, 0x18, 0x3E,
    0xF0, 0x03, 0x69, 0x10, 0x93, 0x1F, 0xCA, 0xFC, 0xC0, 0x0F, 0xA4, 0x21, 0x02, 0x50, 0x12, 0x88,
    0x81, 0x24, 0x03, 0x58, 0x16, 0xA2, 0x09, 0x8C, 0x19, 0x00, 0xC2, 0xEC, 0x12, 0xDF, 0x78, 0x9C,
    0xFB, 0xFF, 0x1F, 0x04, 0x18, 0xFE, 0x43, 0x28, 0x30, 0xF8, 0x40, 0x0C, 0x05, 0x00, 0xC3, 0xAE,
    0x11, 0x95, 0x78, 0x9C, 0xFB, 0xFF, 0xFF, 0x3F, 0xFF, 0xFF, 0xFF, 0xFF, 0x19, 0x00, 0x1E, 0x35,
    0x06, 0x0A, 0x78, 0x9C, 0x2D, 0x8A, 0x81, 0x09, 0x00, 0x30, 0x08, 0xC3, 0xF2, 0x41, 0xFE, 0xFF,
    0xD2, 0x0F, 0xBA, 0x2A, 0x43, 0x0D, 0x25, 0x16, 0x12, 0xA0, 0xE7, 0xED, 0x74, 0xE2, 0xB2, 0x50,
    0x4C, 0x39, 0x35, 0x7A, 0x2A, 0xC7, 0xE1, 0xF7, 0x37, 0xF4, 0x0B, 0x0F, 0x2C, 0x46, 0x16, 0x18,
    0x78, 0x9C, 0xFB, 0xFF, 0x1F, 0x02, 0x00, 0x23, 0xE4, 0x07, 0xF9, 0x78, 0x9C, 0x63, 0xF8, 0xF0,
    0x9F, 0x81, 0xE1, 0xFF, 0x7F, 0xFE, 0x0F, 0xFC, 0x0C, 0xFF, 0xC1, 0x98, 0x01, 0x4C, 0xF3, 0x83,
    0xC4, 0x80, 0x98, 0x01, 0x00, 0xFD, 0x7C, 0x0F, 0x01, 0x78, 0x9C, 0x63, 0x60, 0x60, 0xE0, 0x67,
    0x00, 0x03, 0x42, 0xD4, 0x7F, 0x30, 0x80, 0x51, 0x0C, 0x0C, 0x1F, 0x20, 0x72, 0xF8, 0x28, 0x64,
    0x80, 0xAA, 0x1D, 0x00, 0xBD, 0x6A, 0x1D, 0x3E, 0x78, 0x9C, 0x63, 0x60, 0x00, 0x83, 0xFF, 0xFF,
    0x81, 0x98, 0xFF, 0x3F, 0x3F, 0x90, 0xF9, 0x01, 0x95, 0xF8, 0xCF, 0x00, 0x25, 0x40, 0xBC, 0x0F,
    0x20, 0xC6, 0x7F, 0x38, 0x03, 0x08, 0x18, 0x00, 0x04, 0x4A, 0x12, 0xFD, 0x78, 0x9C, 0x63, 0x60,
    0x00, 0x81, 0x0F, 0xFF, 0xFF, 0x03, 0x09, 0x86, 0xFF, 0xFC, 0x20, 0x36, 0x9C, 0xF8, 0x0F, 0xC2,
    0x70, 0x1E, 0x98, 0x0B, 0x24, 0x3E, 0x80, 0x09, 0x7E, 0x90, 0x18, 0x48, 0x17, 0x00, 0x29, 0x43,
    0x11, 0xE0, 0x78, 0x9C, 0x63, 0x60, 0x00, 0x81, 0x0F, 0x40, 0xFC, 0x9F, 0x9F, 0xE1, 0xC3, 0x7F,
    0x20, 0x05, 0xE4, 0xF1, 0x83, 0x05, 0x19, 0x00, 0x56, 0x89, 0x05, 0xEC, 0x78, 0x9C, 0x6D, 0xCD,
    0xD1, 0x09, 0x00, 0x40, 0x08, 0x02, 0x50, 0x37, 0x68, 0xFF, 0x2D, 0xDD, 0xA0, 0x0B, 0x51, 0xFC,
    0xB9, 0x40, 0x1E, 0x44, 0x18, 0xC0, 0x81, 0xB2, 0x11, 0x75, 0x63, 0xC3, 0x38, 0x95, 0xD1, 0x35,
    0x0E, 0xE5, 0x8D, 0xF6, 0x77, 0x94, 0x5A, 0xB8, 0xC6, 0x9F, 0x7E, 0x3E, 0x10, 0xE4, 0x29, 0xE6,
    0x78, 0x9C, 0x75, 0xCB, 0xC1, 0x0D, 0x00, 0x20, 0x0C, 0x02, 0x40, 0x36, 0x60, 0xFF, 0x2D, 0xD9,
    0x00, 0xDB, 0x4A, 0x7C, 0x18, 0xFD, 0x70, 0x84, 0x04, 0x40, 0xA6, 0x58, 0x39, 0x78, 0x50, 0xE3,
    0xD0, 0x5B, 0xC5, 0x03, 0x85, 0xF3, 0x46, 0x40, 0xE8, 0xB2, 0xC1, 0x17, 0x05, 0xDE, 0x2C, 0x69,
    0x36, 0x41, 0xEC, 0x78, 0x9C, 0xFB, 0xC0, 0xFF, 0xFF, 0xFF, 0x7F, 0xFE, 0x0F, 0xFC, 0x00, 0x18,
    0xFE, 0x05, 0x0B, 0x78, 0x9C, 0x63, 0xF8, 0xC0, 0xCF, 0xF0, 0x81, 0x81, 0xE1, 0x3F, 0x90, 0xFC,
    0x0F, 0xA4, 0x18, 0x3E, 0xF0, 0x03, 0x99, 0x00, 0x55, 0xDD, 0x07, 0xF9, 0x78, 0x9C, 0x63, 0x60,
    0x60, 0x60, 0xF8, 0xFF, 0xFF, 0xC3, 0x7F, 0x7E, 0x86, 0x0F, 0xC8, 0x08, 0x28, 0x88, 0x40, 0x00,
    0xF6, 0x00, 0x0C, 0xE5, 0x78, 0x9C, 0x63, 0x60, 0xF8, 0xCF, 0xCF, 0x00, 0xC4, 0x40, 0x92, 0x9F,
    0xE1, 0x03, 0xFF, 0x07, 0x30, 0xC1, 0x80, 0x4E, 0xFC, 0x87, 0x48, 0x31, 0xFC, 0xFF, 0xCF, 0xC0,
    0x00, 0x00, 0xB1, 0xCA, 0x11, 0xEF, 0x78, 0x9C, 0x63, 0x60, 0x00, 0x83, 0x0F, 0x40, 0x08, 0x26,
    0xF9, 0x19, 0x40, 0xF8, 0x3F, 0x90, 0xF3, 0x1F, 0x4A, 0x82, 0x85, 0xC0, 0x24, 0x50, 0x84, 0x1F,
    0x2A, 0x0B, 0x16, 0x86, 0x30, 0x81, 0x1A, 0x81, 0x72, 0x00, 0xD2, 0x73, 0x14, 0xBF, 0x78, 0x9C,
    0x45, 0x8D, 0x81, 0x09, 0x00, 0x51, 0x08, 0x42, 0xDD, 0xC0, 0xFD, 0xB7, 0x74, 0x03, 0xAF, 0xD2,
    0xCF, 0x05, 0xC5, 0x2B, 0x25, 0x81, 0x2B, 0x01, 0xE6, 0x02, 0xA1, 0x03, 0x31, 0x0D, 0x77, 0x01,
    0x63, 0xFB, 0xAF, 0xDB, 0x37, 0x58, 0x10, 0x0A, 0x3E, 0x17, 0x4F, 0x31, 0x07, 0x47, 0x91, 0x2A,
    0x52, 0xCD, 0xC9, 0xEB, 0xC5, 0x7E, 0xB3, 0x27, 0x7A, 0xDD, 0x01, 0xC4, 0x97, 0x1C, 0x30, 0xC1,
    0xD0, 0x53, 0xA6, 0x3E, 0x2B, 0xEC, 0x2A, 0xF4, 0x78, 0x9C, 0x45, 0x8E, 0x81, 0x0D, 0x00, 0x31,
    0x08, 0x02, 0xDD, 0xC0, 0xFD, 0xB7, 0x74, 0x83, 0x7B, 0x11, 0xFD, 0x9A, 0xD6, 0x60, 0x2F, 0x50,
    0x23, 0x88, 0xAE, 0xEA, 0xCB, 0xA8, 0xD4, 0x24, 0x55, 0x52, 0x43, 0x05, 0x0D, 0xE6, 0x49, 0xA0,
    0x9E, 0x8A, 0x53, 0x79, 0xAA, 0x8F, 0xB2, 0x4A, 0x6E, 0x20, 0x15, 0x92, 0x46, 0xD8, 0x39, 0x8D,
    0x33, 0x6E, 0xEC, 0xFF, 0xE7, 0x83, 0x37, 0xD9, 0x7E, 0xFB, 0x78, 0x29, 0xD8, 0x58, 0xF0, 0xE6,
    0x5B, 0x1F, 0x5C, 0x0A, 0x2C, 0xF2, 0x78, 0x9C, 0x45, 0x8E, 0x89, 0x11, 0x00, 0x21, 0x08, 0x03,
    0xD3, 0x41, 0xFA, 0xEF, 0x92, 0x0E, 0x56, 0x22, 0x78, 0xE7, 0xF8, 0x44, 0x77, 0x70, 0x91, 0x40,
    0x3D, 0xCA, 0x2A, 0x70, 0x52, 0x66, 0x25, 0x79, 0xC1, 0xDC, 0x26, 0x25, 0x88, 0x07, 0xF9, 0x60,
    0xDE, 0x06, 0xE6, 0xF0, 0x4B, 0xF9, 0xD6, 0xBD, 0x11, 0x8E, 0xAF, 0x22, 0xA6, 0xAC, 0x0B, 0xA7,
    0xBA, 0xA1, 0x27, 0x39, 0x45, 0x6B, 0x83, 0xDB, 0x1B, 0xE9, 0x8C, 0xDF, 0xA9, 0xE7, 0x64, 0xD7,
    0x80, 0x75, 0xEA, 0x00, 0xD9, 0x2E, 0x36, 0xCA, 0x78, 0x9C, 0x63, 0x60, 0x60, 0x60, 0xF8, 0x0F,
    0xC4, 0x0C, 0x1F, 0x90, 0x49, 0x7E, 0x06, 0xAC, 0x00, 0x22, 0x0E, 0x56, 0xC2, 0xF0, 0x1F, 0x4D,
    0x00, 0x99, 0x89, 0x24, 0x80, 0x42, 0x02, 0xC5, 0x81, 0x8C, 0xFF, 0xFF, 0xFF, 0xF3, 0x83, 0x38,
    0x40, 0x1E, 0x00, 0x4D, 0x1D, 0x19, 0xBA, 0x78, 0x9C, 0x5D, 0x8E, 0x89, 0x09, 0x00, 0x30, 0x0C,
    0x02, 0xBB, 0x81, 0xFB, 0x6F, 0xE9, 0x06, 0xB6, 0x35, 0x86, 0x3E, 0x42, 0xB8, 0x20, 0x44, 0x33,
    0xC6, 0x25, 0x84, 0x0A, 0xF9, 0x1B, 0x9F, 0x18, 0x5F, 0x2F, 0x89, 0x97, 0xAA, 0x7B, 0x36, 0x51,
    0x54, 0xD3, 0xAB, 0xC3, 0xCC, 0x8C, 0xB6, 0x0E, 0xDD, 0xB5, 0x7C, 0xFF, 0xB4, 0x23, 0x70, 0x45,
    0x11, 0x4C, 0x45, 0xBD, 0x4C, 0x4D, 0xEE, 0xF7, 0x36, 0xCA, 0x78, 0x9C, 0x75, 0x8F, 0xD9, 0x0D,
    0x00, 0x20, 0x08, 0x43, 0xD9, 0xA0, 0xFB, 0x6F, 0xC9, 0x06, 0xF5, 0xA0, 0xD6, 0x23, 0xB1, 0x1F,
    0xF5, 0x05, 0x85, 0x62, 0xC4, 0x2D, 0xEA, 0xCC, 0x05, 0x84, 0x0A, 0x88, 0x9F, 0xF6, 0xDB, 0x17,
    0x12, 0x2F, 0x50, 0x09, 0x69, 0x80, 0x80, 0x06, 0x85, 0xA6, 0x01, 0x8A, 0xE7, 0xD0, 0x09, 0x33,
    0xD9, 0xD7, 0xC3, 0xDC, 0x40, 0x0D, 0xAF, 0xE5, 0xBA, 0xD7, 0x07, 0x3A, 0x34, 0xD6, 0xAE, 0x38,
    0xB9, 0x78, 0x9C, 0x5D, 0x8E, 0x81, 0x0D, 0x00, 0x20, 0x08, 0xC3, 0xF6, 0x01, 0xFF, 0x7F, 0xC9,
    0x07, 0x13, 0x37, 0x20, 0xD1, 0x45, 0x49, 0x13, 0xA1, 0x02, 0x54, 0x92, 0x01, 0x85, 0x0D, 0x19,
    0xA0, 0x41, 0xE7, 0x49, 0x12, 0xD3, 0xFC, 0x41, 0xC6, 0x0F, 0x1C, 0xCD, 0xC2, 0x88, 0xB9, 0x20,
    0xB6, 0xD6, 0x10, 0xBE, 0xA5, 0xA5, 0xF7, 0x19, 0xD0, 0xCF, 0xFB, 0x7C, 0xCB, 0x0E, 0xB0, 0xE5,
    0x5E, 0xAE, 0xAA, 0x5A, 0x2E, 0x1C, 0x06, 0xB5, 0x3B, 0xA7, 0x78, 0x9C, 0x65, 0xCE, 0x8B, 0x0D,
    0x00, 0x21, 0x08, 0x03, 0xD0, 0x6E, 0xD0, 0xFD, 0xB7, 0x64, 0x83, 0x9E, 0x96, 0xDF, 0x25, 0x92,
    0x68, 0x9E, 0x10, 0x10, 0x00, 0x08, 0x11, 0x81, 0x1B, 0x92, 0xA0, 0xD4, 0x31, 0xAD, 0x53, 0xCB,
    0xD4, 0x3F, 0x36, 0xA5, 0x57, 0xC1, 0x57, 0x3D, 0xF7, 0x76, 0xB6, 0xD8, 0xD2, 0xCA, 0x8F, 0xFA,
    0xA0, 0xC4, 0x3C, 0xDE, 0xAE, 0x96, 0x1A, 0x79, 0x0F, 0x57, 0xF7, 0xD2, 0x6A, 0xFA, 0xD5, 0x33,
    0x63, 0xA6, 0x7F, 0x5F, 0xF6, 0x3F, 0xB2, 0x78, 0x9C, 0x5D, 0x8E, 0x81, 0x0D, 0xC0, 0x30, 0x08,
    0xC3, 0xFC, 0x41, 0xFE, 0xFF, 0x32, 0x1F, 0x64, 0xDD, 0xA0, 0xAC, 0x6A, 0x24, 0x90, 0x05, 0x0A,
    0x01, 0xC0, 0xC2, 0x50, 0x10, 0x71, 0x4E, 0x7E, 0x39, 0x0D, 0xB9, 0xC1, 0xBA, 0x21, 0x64, 0x7B,
    0x32, 0x87, 0x6B, 0x33, 0x40, 0x45, 0x79, 0x40, 0x55, 0xEB, 0xEC, 0xD2, 0x09, 0x5F, 0xF2, 0xAC,
    0xDF, 0x36, 0x86, 0xEC, 0x67, 0xD3, 0x71, 0x56, 0xC3, 0x03, 0x4F, 0xCE, 0x39, 0xA9, 0x78, 0x9C,
    0x55, 0x8D, 0x89, 0x0D, 0xC0, 0x30, 0x08, 0x03, 0xD9, 0xC0, 0xFB, 0x6F, 0xE9, 0x0D, 0x5C, 0x70,
    0x4C, 0xDB, 0x38, 0x8A, 0x8E, 0x47, 0x3A, 0xAA, 0x3A, 0x14, 0x06, 0xA5, 0x7E, 0x13, 0x84, 0xAA,
    0x33, 0xE7, 0x69, 0xDF, 0x6C, 0xAF, 0x9B, 0xC4, 0xCD, 0xE8, 0xB8, 0x8C, 0x56, 0x4B, 0x97, 0x96,
    0x99, 0xF9, 0x9A, 0x7C, 0xF4, 0xAD, 0x9E, 0xCF, 0xCA, 0x0A, 0xFC, 0x54, 0x04, 0x73, 0xC2, 0xEB,
    0xE6, 0x03, 0x94, 0xDC, 0x3B, 0xC5, 0x78, 0x9C, 0x55, 0xCF, 0x81, 0x09, 0x00, 0x31, 0x08, 0x03,
    0xC0, 0x6C, 0xE0, 0xFE, 0x5B, 0x76, 0x83, 0xFC, 0x6B, 0x53, 0x12, 0x85, 0x82, 0x47, 0x43, 0xB5,
    0x40, 0xD7, 0x61, 0x57, 0x4D, 0x0F, 0x6E, 0xA8, 0xE9, 0x54, 0x05, 0x58, 0x84, 0x01, 0x46, 0x2A,
    0xC0, 0x3A, 0x01, 0x18, 0x7F, 0x6A, 0x86, 0x2A, 0x95, 0x98, 0x4B, 0x78, 0xAF, 0x07, 0x2E, 0xE8,
    0xE8, 0x2D, 0x83, 0x0B, 0x30, 0x66, 0xF6, 0xFD, 0xA8, 0x52, 0x0F, 0x1F, 0x32, 0x09, 0x4A, 0xD4,
    0x78, 0x9C, 0x95, 0x8E, 0xC1, 0x0D, 0x00, 0x30, 0x08, 0x02, 0xD9, 0x80, 0xFD, 0xB7, 0x64, 0x03,
    0x6A, 0xD5, 0x98, 0xD4, 0x5F, 0x1F, 0x7A, 0x28, 0xC1, 0x08, 0x00, 0x36, 0x91, 0xB0, 0x03, 0x8A,
    0x76, 0x17, 0xA9, 0x6B, 0x4C, 0x97, 0xCD, 0x82, 0x36, 0xF9, 0xC9, 0xCE, 0x61, 0xC8, 0x2A, 0xF5,
    0x1B, 0x57, 0x94, 0xB3, 0x92, 0x93, 0xD0, 0x33, 0xF7, 0xC1, 0x03, 0x8F, 0x01, 0x2B, 0x99, 0x78,
    0x9C, 0x63, 0x60, 0x80, 0x83, 0x0F, 0xFC, 0x50, 0xFA, 0x3F, 0x54, 0xE0, 0x3F, 0x9A, 0x04, 0x03,
    0x3F, 0x03, 0x12, 0xF8, 0x0F, 0x02, 0x08, 0x1A, 0xA6, 0x0B, 0x6E, 0x0A, 0x0E, 0xFA, 0x3F, 0x3A,
    0x0D, 0x04, 0xFC, 0xC8, 0x34, 0xAA, 0x23, 0x08, 0x19, 0x8B, 0x6C, 0x0C, 0x88, 0x0D, 0xA3, 0x01,
    0x2F, 0x1F, 0x32, 0x0B, 0x78, 0x9C, 0x63, 0x60, 0x40, 0x06, 0xFC, 0x10, 0xEA, 0xFF, 0x7F, 0x30,
    0xF5, 0xE1, 0x3F, 0x94, 0xCB, 0xCF, 0x80, 0x05, 0xFC, 0x07, 0x01, 0x04, 0x0D, 0x53, 0xFC, 0x81,
    0x1F, 0x3F, 0xFD, 0x1F, 0x9D, 0x06, 0x02, 0x7E, 0x64, 0x9A, 0x01, 0xC5, 0x6E, 0x42, 0xC6, 0x22,
    0x1B, 0x03, 0x62, 0xC3, 0x68, 0x00, 0x26, 0x28, 0x32, 0x1A, 0x78, 0x9C, 0x85, 0xCD, 0xCB, 0x09,
    0x00, 0x30, 0x08, 0x44, 0xC1, 0xED, 0x20, 0xFD, 0x77, 0x69, 0x07, 0x2F, 0xF8, 0x49, 0x04, 0x21,
    0x64, 0x0F, 0xCE, 0x65, 0x55, 0x49, 0x02, 0x79, 0x0C, 0x96, 0x8B, 0x2C, 0x8C, 0xD1, 0xC1, 0xD3,
    0x5A, 0x2E, 0x55, 0xF7, 0x2D, 0x53, 0xF2, 0xCD, 0xB5, 0xEA, 0xD3, 0xDF, 0xB9, 0xDA, 0x3F, 0x6E,
    0x96, 0x4C, 0x34, 0x18, 0x78, 0x9C, 0x63, 0x60, 0x60, 0xF8, 0x0F, 0x46, 0x20, 0xE2, 0x03, 0x94,
    0x66, 0xE0, 0x67, 0x40, 0x80, 0xFF, 0x20, 0x80, 0xA0, 0x21, 0x6A, 0x80, 0x34, 0x3F, 0x7E, 0xFA,
    0x3F, 0x3A, 0x0D, 0x04, 0xFC, 0xC8, 0x34, 0x54, 0x39, 0x3A, 0x4D, 0xC8, 0x38, 0xA8, 0x7E, 0x18,
    0x0D, 0x00, 0xA7, 0xAC, 0x33, 0x0A, 0x78, 0x9C, 0x63, 0x60, 0x00, 0x82, 0x0F, 0x20, 0xCC, 0x0F,
    0x24, 0xFE, 0xC3, 0x18, 0x50, 0xF0, 0x1F, 0x82, 0x3F, 0xFC, 0x87, 0x08, 0x23, 0xE3, 0xFF, 0xFC,
    0x70, 0x69, 0x14, 0x65, 0xFF, 0xB1, 0x28, 0x83, 0x2A, 0x05, 0x00, 0x2D, 0x3A, 0x1A, 0xD7, 0x78,
    0x9C, 0x63, 0x60, 0x80, 0x80, 0x0F, 0xFC, 0x40, 0xE2, 0x3F, 0x90, 0xF8, 0xF0, 0x1F, 0xC4, 0x60,
    0x40, 0x01, 0xFF, 0x61, 0x04, 0x58, 0x12, 0xAC, 0x14, 0x8D, 0xF8, 0xCF, 0x8F, 0xAC, 0x0C, 0x5D,
    0x03, 0x16, 0x5D, 0xFF, 0x51, 0x75, 0x01, 0x00, 0xF7, 0x02, 0x1B, 0xE5, 0x78, 0x9C, 0x63, 0x60,
    0xF8, 0xFF, 0x9F, 0x81, 0xE1, 0x03, 0x88, 0xF8, 0xCF, 0xF0, 0x81, 0x9F, 0x81, 0x9F, 0x01, 0x84,
    0xC0, 0xE0, 0x3F, 0x8C, 0xF8, 0x00, 0x26, 0xF8, 0x31, 0x89, 0xFF, 0xFC, 0xC8, 0xCA, 0xD0, 0x35,
    0x60, 0xD1, 0xF5, 0x1F, 0x55, 0x17, 0x00, 0xDF, 0x96, 0x1D, 0xF2, 0x78, 0x9C, 0x63, 0xF8, 0xCF,
    0xC0, 0xC0, 0xCF, 0xF0, 0x9F, 0xE1, 0xC3, 0x7F, 0x06, 0x30, 0x0B, 0x02, 0xFE, 0xC3, 0x88, 0x0F,
    0x60, 0x82, 0x1F, 0x93, 0xF8, 0xCF, 0x8F, 0xAC, 0x0C, 0x5D, 0x03, 0x16, 0x5D, 0xFF, 0x51, 0x75,
    0x01, 0x00, 0xDD, 0x67, 0x1B, 0xF4, 0x78, 0x9C, 0x5D, 0x8E, 0xC1, 0x0D, 0x00, 0x30, 0x08, 0x02,
    0xD9, 0xC0, 0xFD, 0xB7, 0x64, 0x03, 0x5A, 0x15, 0x9B, 0xB6, 0x3E, 0xCC, 0xC5, 0x00, 0x02, 0x48,
    0x0A, 0xE4, 0x68, 0x48, 0x00, 0x65, 0x40, 0x9D, 0x12, 0x18, 0x3E, 0xE7, 0xE2, 0x11, 0xFE, 0xC0,
    0x4E, 0x91, 0x9D, 0x05, 0xB0, 0xAB, 0x21, 0x7E, 0xD8, 0xC2, 0x37, 0x38, 0x9D, 0xD7, 0x3B, 0xF7,
    0xE2, 0xF4, 0x5B, 0xE6, 0x6F, 0x39, 0xB8, 0x78, 0x9C, 0x6D, 0x8E, 0xD1, 0x0D, 0x40, 0x21, 0x08,
    0x03, 0x6F, 0x83, 0xEE, 0xBF, 0x25, 0x1B, 0xF4, 0x69, 0x51, 0x63, 0xF2, 0xE4, 0xA7, 0x07, 0xA1,
    0x50, 0x00, 0x8B, 0x1A, 0x42, 0xD9, 0x78, 0xC2, 0x10, 0x07, 0x44, 0x0F, 0x4E, 0xA5, 0x2B, 0xC5,
    0xD3, 0xC6, 0x06, 0x2E, 0x90, 0x5F, 0x50, 0x9E, 0xFB, 0xC3, 0x1A, 0x37, 0x7F, 0x68, 0x3E, 0x90,
    0xFD, 0x7C, 0xD0, 0xBE, 0xF0, 0x04, 0xEC, 0x9D, 0xC6, 0x2B, 0x9F, 0x75, 0x05, 0xFD, 0x00, 0x8A,
    0x94, 0x44, 0xF8, 0x78, 0x9C, 0x75, 0x8E, 0xD1, 0x11, 0x00, 0x30, 0x04, 0x43, 0x6D, 0x90, 0xFD,
    0xB7, 0xB4, 0x81, 0x96, 0x88, 0xEB, 0xB5, 0x57, 0x3F, 0x9E, 0x20, 0x98, 0x1D, 0xE1, 0x82, 0x80,
    0x14, 0x8C, 0xF4, 0x0C, 0xA9, 0x8E, 0x9E, 0x8E, 0x1D, 0xCC, 0x6D, 0x10, 0xD5, 0x95, 0x89, 0xD4,
    0x82, 0xBE, 0xE2, 0x2F, 0xE0, 0x02, 0xFB, 0x81, 0x0F, 0xC0, 0xB8, 0x9E, 0xF6, 0xBA, 0xC9, 0x02,
    0xFC, 0x8F, 0x7F, 0x25, 0x65, 0x5A, 0x08, 0xE3, 0x3A, 0xC6, 0x78, 0x9C, 0x75, 0x8E, 0xD1, 0x11,
    0x00, 0x20, 0x08, 0x42, 0xDD, 0x80, 0xFD, 0xB7, 0x74, 0x03, 0xCA, 0x03, 0xBD, 0xAB, 0x2E, 0x7F,
    0x78, 0x16, 0x2A, 0x11, 0x47, 0x11, 0xD2, 0x64, 0x3F, 0xF4, 0x0F, 0x4E, 0xE3, 0x76, 0xD8, 0xCB,
    0x5D, 0x52, 0x8F, 0xD3, 0xF3, 0x09, 0x2F, 0xE0, 0x80, 0x6F, 0xE4, 0x0B, 0xB8, 0x20, 0x7E, 0x90,
    0x03, 0x70, 0xCA, 0x5A, 0xDF, 0x37, 0xD5, 0x40, 0xF9, 0x94, 0xAB, 0xA8, 0x64, 0x01, 0x49, 0x4F,
    0x39, 0xE5, 0x78, 0x9C, 0x75, 0x8F, 0x01, 0x0A, 0x00, 0x20, 0x08, 0x03, 0xF7, 0x83, 0xFD, 0xFF,
    0x97, 0xFE, 0x60, 0x95, 0x53, 0x8A, 0x22, 0xA1, 0xBC, 0x86, 0x33, 0x05, 0x8E, 0x08, 0xC9, 0x20,
    0xAA, 0x04, 0x04, 0x13, 0xE6, 0x21, 0xAE, 0x5A, 0x0B, 0x92, 0x5D, 0xEB, 0x4E, 0x49, 0x36, 0x96,
    0xB3, 0xD5, 0x84, 0x6A, 0x1E, 0x2F, 0xF0, 0x02, 0xFC, 0x60, 0x8F, 0x44, 0xD8, 0xBE, 0xDA, 0xF7,
    0x9F, 0x7E, 0xD0, 0xF3, 0xA9, 0x97, 0xC8, 0x3C, 0x00, 0x3F, 0xEB, 0x3E, 0xC2, 0x78, 0x9C, 0x75,
    0x8F, 0x8B, 0x09, 0x00, 0x31, 0x08, 0x43, 0xB3, 0x41, 0xF6, 0xDF, 0xD2, 0x0D, 0x72, 0xD1, 0xE0,
    0xC1, 0x7D, 0x2A, 0x14, 0x9F, 0x24, 0x5A, 0x05, 0x00, 0x11, 0xE5, 0x84, 0x92, 0x02, 0x82, 0x8C,
    0x03, 0x2D, 0xFE, 0x86, 0xCD, 0x51, 0xB4, 0xDE, 0x35, 0x6B, 0x54, 0x3F, 0x3E, 0x46, 0x28, 0x4A,
    0x97, 0xF5, 0x05, 0xBE, 0x00, 0x27, 0xA8, 0x1B, 0x88, 0xB4, 0xF7, 0xF8, 0xFD, 0x33, 0x05, 0xB3,
    0x5F, 0xF6, 0x9A, 0xB3, 0x1C, 0x17, 0xF9, 0x2F, 0x41, 0xBF, 0x78, 0x9C, 0x75, 0x8E, 0xC1, 0x0D,
    0x00, 0x20, 0x0C, 0x02, 0xD9, 0x80, 0xFD, 0xB7, 0xEC, 0x06, 0xD8, 0x16, 0xEB, 0x43, 0x63, 0x13,
    0xE5, 0xD4, 0x80, 0x00, 0x80, 0x10, 0x4C, 0x41, 0x0C, 0x80, 0x03, 0xCF, 0x84, 0xE4, 0x17, 0xE5,
    0x58, 0x73, 0xB1, 0x53, 0x3A, 0x61, 0x3B, 0xE7, 0xB6, 0xC1, 0x06, 0xC6, 0x0B, 0xBC, 0x00, 0x3F,
    0x38, 0xDD, 0x72, 0xB7, 0xBD, 0xE2, 0xE7, 0x4F, 0x1F, 0xE8, 0x7E, 0xEE, 0x55, 0x54, 0xB2, 0x00,
    0xED, 0x28, 0x3B, 0xD4, 0x78, 0x9C, 0x3D, 0x8C, 0x81, 0x0D, 0x00, 0x30, 0x10, 0x01, 0x6F, 0x03,
    0xFB, 0x6F, 0xF9, 0x1B, 0x28, 0x9F, 0xB6, 0x22, 0x22, 0x04, 0x08, 0x34, 0x82, 0x31, 0x8E, 0xAA,
    0x8C, 0xC1, 0x0D, 0x9B, 0x7E, 0xB5, 0xC5, 0x6D, 0xCB, 0xB7, 0xDA, 0x87, 0x03, 0x1A, 0xD0, 0x15,
    0xEB, 0x78, 0x9C, 0x55, 0x8E, 0x89, 0x0D, 0xC0, 0x30, 0x0C, 0x02, 0xD9, 0x80, 0xFD, 0xB7, 0xF4,
    0x06, 0x34, 0xC6, 0x4F, 0x13, 0x4B, 0x91, 0x2E, 0x80, 0x1F, 0xE0, 0xA9, 0x90, 0x88, 0x30, 0xEA,
    0x14, 0x54, 0x94, 0x8F, 0x46, 0x67, 0x9C, 0xE4, 0xA2, 0x2D, 0x69, 0x7D, 0xA6, 0x60, 0x4B, 0x18,
    0x3C, 0x71, 0x23, 0x9D, 0x69, 0xEC, 0x9F, 0xCD, 0x6D, 0x8E, 0x0B, 0x67, 0x4E, 0x48, 0xFF, 0x4A,
    0xCE, 0xCA, 0xFB, 0x9A, 0x14, 0x5A, 0x0C, 0x5F, 0x5E, 0xF9, 0x6A, 0x7C, 0xEA, 0x03, 0x45, 0xD6,
    0x48, 0x8B, 0x78, 0x9C, 0x6D, 0x8E, 0x51, 0x0E, 0x00, 0x30, 0x04, 0x43, 0x7B, 0x03, 0xF7, 0xBF,
    0xA5, 0x1B, 0x74, 0xA2, 0xC8, 0xB6, 0xE8, 0x87, 0x17, 0x94, 0x14, 0x18, 0xB9, 0x15, 0x59, 0x03,
    0xDA, 0xBB, 0x80, 0xE1, 0x77, 0x53, 0x26, 0x6F, 0x1A, 0x88, 0x95, 0x7A, 0xCA, 0xE6, 0x9C, 0xAF,
    0xBC, 0xDF, 0x6D, 0x8C, 0x92, 0x3E, 0x2A, 0xAC, 0x66, 0x21, 0xA5, 0xCE, 0xF6, 0x00, 0x50, 0x2B,
    0x34, 0x27, 0x78, 0x9C, 0x6D, 0x8E, 0xD1, 0x09, 0x00, 0x40, 0x08, 0x42, 0xDD, 0xC0, 0xFD, 0xB7,
    0x6C, 0x03, 0x2F, 0x92, 0x22, 0xB8, 0xFC, 0xE8, 0x91, 0x95, 0x04, 0x6C, 0xD1, 0x08, 0x6D, 0x40,
    0xC4, 0xAF, 0x28, 0x53, 0x1E, 0x46, 0x93, 0x10, 0x4E, 0x3A, 0x4B, 0xCD, 0x39, 0x3F, 0xB9, 0xE3,
    0x2E, 0x66, 0xA9, 0x3D, 0xF9, 0x47, 0x7B, 0x29, 0x7F, 0x5B, 0xED, 0x03, 0x30, 0xD2, 0x34, 0x18,
    0x78, 0x9C, 0x6D, 0x8E, 0x01, 0x0A, 0x00, 0x20, 0x08, 0x03, 0xF7, 0x83, 0xFD, 0xFF, 0x97, 0xFE,
    0x60, 0xC5, 0xD2, 0x12, 0x52, 0xC4, 0x63, 0x3A, 0x45, 0xE0, 0x85, 0x64, 0x84, 0x82, 0x96, 0x4E,
    0x80, 0xE8, 0x51, 0x33, 0xD1, 0xD6, 0x24, 0x8F, 0xF5, 0x67, 0x98, 0x2A, 0xDE, 0xF5, 0x91, 0xFD,
    0xDC, 0xC4, 0x5D, 0xEC, 0x93, 0xAD, 0xD9, 0x53, 0xBE, 0x2D, 0xCB, 0x05, 0xA0, 0x86, 0x36, 0x16,
    0x78, 0x9C, 0x6D, 0x8E, 0xD1, 0x11, 0x00, 0x20, 0x08, 0x42, 0xD9, 0xC0, 0xFD, 0xB7, 0x64, 0x03,
    0x32, 0xA3, 0xAE, 0x2E, 0xF9, 0xF0, 0x9D, 0x0A, 0x9E, 0x00, 0x08, 0x08, 0x29, 0x85, 0xE9, 0xFE,
    0x15, 0x63, 0xED, 0x34, 0xC9, 0x4D, 0x47, 0x7E, 0xD2, 0x27, 0xCD, 0x13, 0x6F, 0x79, 0x9F, 0xEB,
    0x98, 0xA5, 0x7C, 0x2A, 0xAB, 0x67, 0xA9, 0x7A, 0x4C, 0xD5, 0x0E, 0xE4, 0xA4, 0x35, 0x17, 0x78,
    0x9C, 0x75, 0x8E, 0x89, 0x09, 0x00, 0x30, 0x08, 0x03, 0xDD, 0x20, 0xFB, 0x6F, 0xE9, 0x06, 0x29,
    0x26, 0x22, 0x22, 0x54, 0x90, 0xF3, 0x89, 0x4F, 0xC4, 0x58, 0x42, 0xA0, 0x90, 0x74, 0x12, 0xD7,
    0xA4, 0x4A, 0x08, 0x6C, 0x48, 0x5D, 0x4E, 0xF7, 0x1D, 0x75, 0xBD, 0xE0, 0x19, 0x7A, 0x71, 0x63,
    0x9F, 0x39, 0xC0, 0x1F, 0xC4, 0xFA, 0xEB, 0x01, 0x57, 0x57, 0x2A, 0x8B, 0x78, 0x9C, 0x63, 0x60,
    0xF8, 0xCF, 0x00, 0x01, 0x50, 0xFA, 0x03, 0x06, 0x0D, 0x04, 0x30, 0x9A, 0x1F, 0x48, 0xF3, 0x43,
    0xE4, 0x40, 0x6C, 0x06, 0x38, 0xCD, 0x0F, 0xD1, 0x0E, 0xA7, 0x21, 0xC6, 0x01, 0xD5, 0x81, 0x8D,
    0x01, 0x0A, 0x83, 0xB5, 0xFF, 0x47, 0x32, 0x8E, 0x1F, 0x6A, 0x3C, 0x94, 0xFE, 0x8F, 0x4E, 0x43,
    0x5D, 0x05, 0x00, 0x25, 0x20, 0x30, 0xC1, 0x78, 0x9C, 0x4D, 0x8E, 0xC9, 0x11, 0x00, 0x20, 0x08,
    0x03, 0xD3, 0x81, 0xFD, 0x77, 0x49, 0x07, 0x91, 0xE5, 0x18, 0x7D, 0xE0, 0x86, 0x80, 0x51, 0x49,
    0xB2, 0xA5, 0x42, 0x0B, 0x2B, 0x60, 0x1C, 0x64, 0xD6, 0xF2, 0x15, 0x23, 0xC8, 0x28, 0x76, 0xDD,
    0x6D, 0xE7, 0x51, 0x29, 0x70, 0xFA, 0xF5, 0x63, 0xE3, 0x10, 0xF3, 0xD4, 0xF0, 0xBB, 0xD4, 0x7D,
    0xAE, 0xD4, 0x10, 0xC7, 0xEE, 0x0C, 0xBE, 0x77, 0x01, 0x0B, 0x1A, 0x38, 0xC8, 0x78, 0x9C, 0x65,
    0x8C, 0x81, 0x0D, 0xC0, 0x30, 0x08, 0xC3, 0xF2, 0x41, 0xFE, 0xFF, 0x32, 0x1F, 0x78, 0x85, 0xB2,
    0x56, 0xD3, 0x22, 0x24, 0x8B, 0x08, 0x2C, 0xBD, 0x61, 0xE0, 0x46, 0xF8, 0xB4, 0x99, 0x56, 0xFF,
    0x40, 0x1D, 0x01, 0x76, 0x7F, 0x2D, 0x41, 0x39, 0x70, 0x2B, 0xE2, 0x7E, 0x65, 0xB0, 0xF5, 0x17,
    0x3A, 0x5B, 0x36, 0x96, 0x2D, 0x35, 0xE5, 0x82, 0x4C, 0x63, 0x3D, 0x0C, 0xF9, 0x31, 0x0C, 0x78,
    0x9C, 0x75, 0x8C, 0xC1, 0x0D, 0x00, 0x30, 0x08, 0x02, 0xDD, 0x80, 0xFD, 0xB7, 0x64, 0x83, 0x6B,
    0x95, 0xA6, 0x7D, 0x95, 0x98, 0x10, 0x54, 0xAE, 0xEA, 0xC9, 0x31, 0x34, 0x81, 0x84, 0x5C, 0x54,
    0x5F, 0x41, 0x3F, 0x01, 0xD2, 0x94, 0x76, 0xBD, 0x09, 0x68, 0x08, 0xD6, 0x74, 0x39, 0x16, 0xF8,
    0xB3, 0xBA, 0xC9, 0xB1, 0x4D, 0x73, 0x4F, 0xB3, 0xC0, 0x67, 0xA3, 0x5A, 0x8C, 0x5C, 0x30, 0x0D,
    0x78, 0x9C, 0x75, 0x8E, 0xC1, 0x11, 0xC0, 0x40, 0x08, 0x02, 0xE9, 0x80, 0xFE, 0xBB, 0xA4, 0x03,
    0x22, 0xC4, 0x64, 0xEE, 0x73, 0x7E, 0x76, 0x40, 0x64, 0x04, 0xBE, 0x91, 0x19, 0xD8, 0xAE, 0x40,
    0x30, 0x96, 0x88, 0xCB, 0xB8, 0x99, 0xC9, 0x93, 0xC9, 0x27, 0x9C, 0x0A, 0x53, 0x6D, 0x60, 0x2F,
    0xBD, 0xE8, 0xEA, 0x00, 0x7E, 0xA5, 0x17, 0xD3, 0x26, 0xF7, 0x09, 0x4D, 0xA5, 0xD6, 0x21, 0x1E,
    0xB1, 0x97, 0x34, 0x18, 0x78, 0x9C, 0x75, 0x8C, 0x0B, 0x0A, 0x00, 0x30, 0x08, 0x42, 0xDF, 0x0D,
    0xBA, 0xFF, 0x2D, 0xBD, 0x81, 0xEB, 0xC3, 0x36, 0x18, 0x2C, 0x2A, 0x53, 0x4C, 0xC0, 0x81, 0x00,
    0xD9, 0x38, 0x31, 0x77, 0x2A, 0x85, 0x6A, 0xFC, 0xD6, 0xF6, 0xA7, 0x3D, 0xEA, 0xBD, 0x93, 0xF6,
    0x14, 0x45, 0x51, 0x3D, 0x7C, 0x22, 0xF1, 0x8B, 0x5C, 0x7E, 0x22, 0xDC, 0xB7, 0x46, 0xB3, 0xE7,
    0xD7, 0x9D, 0xB1, 0x00, 0xF0, 0x55, 0x36, 0x16, 0x78, 0x9C, 0x65, 0x8C, 0x01, 0x0E, 0x00, 0x20,
    0x08, 0x02, 0xF9, 0x81, 0xFF, 0xFF, 0x25, 0x3F, 0x20, 0x2F, 0x5B, 0x6B, 0xCB, 0xA9, 0x88, 0x28,
    0x92, 0x8B, 0xA4, 0x32, 0x60, 0x7D, 0x91, 0x28, 0xF4, 0x54, 0xCB, 0x4C, 0x73, 0x9C, 0x82, 0xF4,
    0x0F, 0x06, 0xB0, 0x0D, 0x5B, 0x7A, 0x40, 0x97, 0x79, 0xA0, 0xDD, 0x4C, 0xE2, 0x95, 0xF8, 0x6C,
    0x4A, 0x0B, 0x46, 0x95, 0x30, 0x1C, 0x78, 0x9C, 0x5D, 0x8D, 0x89, 0x0D, 0xC0, 0x30, 0x0C, 0x02,
    0xD9, 0x80, 0xFD, 0xB7, 0x64, 0x83, 0x8B, 0x9F, 0x36, 0x95, 0x8A, 0xA2, 0x60, 0x62, 0x74, 0x91,
    0x24, 0x5C, 0x97, 0x22, 0xDA, 0xA8, 0xA1, 0xE4, 0x37, 0xED, 0x6E, 0xC2, 0x4F, 0xD0, 0x1D, 0xC0,
    0x9E, 0x42, 0x61, 0x9A, 0x84, 0xA7, 0x1D, 0xC7, 0xC3, 0x5E, 0xDB, 0x4F, 0x3E, 0xD3, 0x4D, 0x59,
    0x2B, 0x5A, 0xFA, 0x34, 0x0B, 0xF2, 0xBC, 0x58, 0x07, 0x21, 0x19, 0x33, 0x19, 0x78, 0x9C, 0x6D,
    0x8E, 0xD1, 0x0D, 0xC0, 0x40, 0x08, 0x42, 0xD9, 0x80, 0xFD, 0xB7, 0x64, 0x03, 0x7A, 0xBE, 0xB3,
    0x3F, 0x4D, 0x8D, 0xD1, 0x87, 0x41, 0xA3, 0xA4, 0x56, 0x4A, 0xAD, 0xA1, 0x3A, 0x1D, 0x2D, 0x8F,
    0xB2, 0x18, 0x8B, 0x96, 0x0F, 0x06, 0x5F, 0x30, 0xDE, 0x30, 0xA7, 0x5E, 0x1C, 0x2F, 0x1B, 0xB8,
    0x7F, 0x31, 0x8B, 0x3D, 0x79, 0xF4, 0xDE, 0xE2, 0x05, 0xEF, 0x4F, 0x94, 0x07, 0x24, 0x6D, 0x3E,
    0xFE, 0x78, 0x9C, 0x55, 0x8C, 0xC1, 0x11, 0x00, 0x20, 0x08, 0xC3, 0xB2, 0x01, 0xFB, 0x6F, 0xE9,
    0x06, 0xB5, 0xC0, 0xA9, 0xF8, 0xC9, 0x85, 0x1E, 0x2D, 0x20, 0x91, 0x50, 0xB0, 0x6C, 0x81, 0x85,
    0x52, 0x33, 0xB5, 0x83, 0x43, 0x06, 0x47, 0xDE, 0xD5, 0x9E, 0xF1, 0x51, 0x0F, 0xF1, 0x26, 0xFE,
    0xDE, 0xDD, 0xDF, 0x64, 0x30, 0x1F, 0x2D, 0x78, 0x9C, 0x65, 0x8D, 0xC9, 0x0D, 0x00, 0x30, 0x08,
    0xC3, 0xD8, 0xA0, 0xFB, 0x6F, 0xC9, 0x06, 0x6E, 0x09, 0x87, 0x84, 0x9A, 0x8F, 0x1F, 0x91, 0x13,
    0xB3, 0x0E, 0x85, 0x23, 0x78, 0x81, 0x55, 0xBA, 0x7D, 0x71, 0xD4, 0x41, 0x88, 0xCF, 0x0A, 0x03,
    0x19, 0x9A, 0x18, 0xA0, 0x0C, 0xF6, 0xE7, 0xBE, 0xEE, 0x05, 0x34, 0x9D, 0x07, 0x17, 0x8A, 0x6C,
    0x2F, 0xA4, 0x78, 0x9C, 0x75, 0x8E, 0xC1, 0x0D, 0x00, 0x30, 0x08, 0x02, 0xDD, 0xC0, 0xFD, 0xB7,
    0x74, 0x83, 0x6B, 0xC5, 0x84, 0xFA, 0x29, 0x0F, 0x2F, 0x26, 0x20, 0x46, 0x3C, 0xA1, 0x59, 0x03,
    0x72, 0x2D, 0x95, 0xF1, 0x53, 0x21, 0x0B, 0x74, 0xE0, 0xFA, 0x3A, 0x81, 0x8E, 0x29, 0x64, 0x20,
    0x19, 0xBB, 0xD1, 0x48, 0x3F, 0xC0, 0x9C, 0xC4, 0x05, 0x07, 0xA0, 0x38, 0x2F, 0xA4, 0x78, 0x9C,
    0x5D, 0x8D, 0xC1, 0x0D, 0x00, 0x20, 0x08, 0x03, 0xBB, 0x81, 0xFB, 0x6F, 0xD9, 0x0D, 0x4E, 0xA8,
    0xE8, 0xC3, 0x86, 0x70, 0x90, 0xD0, 0x22, 0x5D, 0x99, 0xD5, 0xC0, 0x8D, 0x6A, 0xF4, 0x92, 0x49,
    0x55, 0xD6, 0x2F, 0x43, 0xEE, 0x69, 0x5F, 0x5D, 0x19, 0x8D, 0x27, 0x09, 0x0F, 0x44, 0x0F, 0xC7,
    0xFC, 0x61, 0x4D, 0xE2, 0x24, 0x90, 0xE8, 0xF3, 0x60, 0x03, 0x97, 0xC0, 0x31, 0xB1, 0x78, 0x9C,
    0x5D, 0x8D, 0xC1, 0x0D, 0x00, 0x20, 0x0C, 0x02, 0xD9, 0x80, 0xFD, 0xB7, 0xEC, 0x06, 0x58, 0xA1,
    0x31, 0x2A, 0x9F, 0x0B, 0x0D, 0x05, 0xA0, 0x08, 0x01, 0x06, 0x1B, 0xB0, 0x7B, 0x55, 0xF2, 0x4D,
    0x72, 0x82, 0xED, 0x93, 0xD2, 0x36, 0x17, 0x64, 0x1D, 0xE4, 0xF9, 0x03, 0xA7, 0x71, 0x1A, 0xE4,
    0xEA, 0x0C, 0x2C, 0xC9, 0x8A, 0x2E, 0xB4, 0x78, 0x9C, 0x63, 0x60, 0xE0, 0x67, 0x60, 0xF8, 0x00,
    0xC2, 0xFF, 0x19, 0x18, 0x18, 0xFE, 0x43, 0x39, 0x0C, 0x20, 0x0E, 0x12, 0xF8, 0x0F, 0x91, 0x07,
    0x63, 0x7E, 0x54, 0x0C, 0xD2, 0xF2, 0x9F, 0x01, 0x05, 0x23, 0x2B, 0x03, 0x00, 0x32, 0xED, 0x17,
    0xDA, 0x78, 0x9C, 0x63, 0x60, 0x80, 0x80, 0x0F, 0xFC, 0x40, 0xE2, 0x3F, 0x90, 0xF8, 0xF0, 0x1F,
    0xCA, 0x60, 0xF8, 0xCF, 0x80, 0x09, 0x40, 0x62, 0x1F, 0x10, 0x04, 0x3F, 0x26, 0x81, 0xD0, 0x8A,
    0x4A, 0xA0, 0x69, 0x00, 0x00, 0x3D, 0x81, 0x17, 0xDA, 0x78, 0x9C, 0x65, 0x8B, 0xC1, 0x09, 0x00,
    0x20, 0x10, 0xC3, 0xB2, 0x41, 0xF7, 0xDF, 0xB2, 0x1B, 0x54, 0x3D, 0x04, 0xA1, 0xE6, 0x91, 0x47,
    0x68, 0x61, 0x48, 0xC0, 0x89, 0x08, 0x96, 0xB5, 0x03, 0xCD, 0x29, 0x7E, 0xD2, 0xAF, 0xE8, 0xCE,
    0x4A, 0x75, 0x58, 0x59, 0x50, 0x1A, 0xC8, 0x78, 0x9C, 0x63, 0xF8, 0xCF, 0xC0, 0xF0, 0x1F, 0x08,
    0x3F, 0x80, 0x08, 0x06, 0x7E, 0x06, 0x24, 0x00, 0xE4, 0x83, 0x84, 0x61, 0x04, 0x3F, 0x26, 0xF1,
    0x9F, 0x1F, 0xAA, 0x0C, 0x8D, 0x40, 0xD3, 0x00, 0x00, 0x01, 0x7C, 0x17, 0xCB, 0x78, 0x9C, 0x5D,
    0x8E, 0x81, 0x0D, 0x00, 0x21, 0x08, 0xC4, 0xD8, 0xE0, 0xF6, 0xDF, 0x92, 0x0D, 0xFA, 0xC0, 0xF9,
    0x46, 0x25, 0x21, 0x95, 0xA4, 0x1C, 0x46, 0xEC, 0xD2, 0x22, 0x0A, 0x9A, 0x09, 0x32, 0x75, 0x8E,
    0xD4, 0xEB, 0x37, 0x4F, 0x96, 0x86, 0xB5, 0x11, 0xAB, 0x67, 0x11, 0x27, 0xA6, 0x6E, 0x4E, 0x16,
    0x6B, 0xF5, 0x61, 0x3B, 0xE9, 0x88, 0xBE, 0xE5, 0x73, 0xEC, 0xDF, 0xCC, 0xF8, 0x01, 0xF8, 0xFA,
    0x34, 0x18, 0x78, 0x9C, 0x6D, 0x8B, 0x89, 0x0D, 0x00, 0x20, 0x08, 0x03, 0x6F, 0x03, 0xF6, 0xDF,
    0x92, 0x0D, 0x6A, 0xC5, 0x27, 0x46, 0x25, 0x90, 0xA3, 0x4D, 0x0B, 0xA0, 0x5A, 0x52, 0x51, 0x14,
    0xCA, 0x30, 0xAD, 0xEC, 0xE0, 0x3F, 0xBB, 0x7D, 0x8F, 0x63, 0xD5, 0x8A, 0x1C, 0x31, 0xAB, 0x9E,
    0xDB, 0x17, 0x1F, 0xFA, 0xB4, 0xC8, 0x4B, 0x2D, 0x8E, 0x0A, 0xB3, 0x76, 0xB2, 0x01, 0xC1, 0x28,
    0x35, 0x8F, 0x78, 0x9C, 0x65, 0x8D, 0xC1, 0x0D, 0x00, 0x30, 0x08, 0x02, 0xD9, 0x80, 0xFD, 0xB7,
    0x74, 0x03, 0x5A, 0x11, 0x1F, 0x4D, 0xF9, 0x5C, 0x42, 0x3C, 0x04, 0x36, 0x0A, 0x68, 0x94, 0x9E,
    0xB6, 0xD2, 0xE2, 0x4B, 0xC9, 0x27, 0x52, 0x8B, 0xD7, 0x6A, 0x51, 0xDE, 0xA9, 0x80, 0xF6, 0x03,
    0xCF, 0x8B, 0xE3, 0x60, 0x31, 0xAA, 0xC1, 0x1D, 0xC9, 0x64, 0x1E, 0x1C, 0x20, 0x22, 0x2E, 0xC3,
    0x78, 0x9C, 0x75, 0x8D, 0xC1, 0x11, 0x00, 0x20, 0x08, 0xC3, 0xD8, 0xA0, 0xFB, 0x6F, 0xC9, 0x06,
    0x55, 0xDA, 0x72, 0xBE, 0xE4, 0x93, 0xE3, 0x34, 0xA1, 0xEA, 0x4D, 0x1B, 0x84, 0x16, 0x7A, 0xF1,
    0x0B, 0xEA, 0x37, 0x4D, 0x7D, 0x21, 0x47, 0xBB, 0xD2, 0x78, 0x54, 0xA5, 0x03, 0x28, 0x10, 0x28,
    0x4E, 0xD8, 0xA9, 0x85, 0x55, 0x01, 0x1B, 0x49, 0x32, 0x07, 0x0E, 0x9F, 0x85, 0x2D, 0xC4, 0x78,
    0x9C, 0x6D, 0x8D, 0xD1, 0x09, 0x00, 0x40, 0x08, 0x42, 0xDD, 0xC0, 0xFD, 0xB7, 0x74, 0x03, 0xAF,
    0xAC, 0xFE, 0x4E, 0x82, 0x47, 0xA1, 0x06, 0x9C, 0x64, 0x36, 0x6C, 0x67, 0x41, 0xA3, 0x4E, 0x22,
    0xFE, 0x52, 0x8C, 0xED, 0x67, 0xFC, 0x35, 0x9B, 0xD1, 0xA2, 0x93, 0x3A, 0xA4, 0xDD, 0x9C, 0x0C,
    0x0E, 0x13, 0x0D, 0x78, 0x25, 0x5B, 0xB9, 0x0F, 0x1E, 0xC4, 0xC0, 0x31, 0xCF, 0x78, 0x9C, 0x75,
    0x8D, 0xD1, 0x0D, 0x00, 0x30, 0x04, 0x44, 0xDF, 0x06, 0xF6, 0xDF, 0xD2, 0x06, 0x57, 0x4E, 0x1B,
    0x5F, 0x15, 0xF1, 0x88, 0x73, 0x00, 0x05, 0x09, 0xA4, 0x84, 0x8A, 0x55, 0x35, 0xEC, 0xCD, 0x3F,
    0xD2, 0x2A, 0x5A, 0x1D, 0x1E, 0x3B, 0x19, 0x8B, 0xB8, 0x7D, 0xD1, 0xBB, 0xA5, 0xB5, 0x55, 0x7C,
    0x2B, 0x96, 0x61, 0x8B, 0x61, 0xAC, 0xDD, 0xB3, 0x7F, 0xEF, 0x0E, 0x0A, 0x59, 0x33, 0xCD, 0x78,
    0x9C, 0x5D, 0x8D, 0xC1, 0x0D, 0x00, 0x30, 0x08, 0x02, 0xD9, 0xC0, 0xFD, 0xB7, 0x64, 0x83, 0xAB,
    0x44, 0xFB, 0x68, 0x0D, 0xC9, 0x45, 0x82, 0x22, 0xB9, 0x22, 0x19, 0x11, 0xF4, 0xA6, 0x7F, 0x0C,
    0x01, 0x30, 0xC1, 0x96, 0xE2, 0x50, 0x5E, 0x54, 0x52, 0x17, 0x49, 0xB5, 0x39, 0x37, 0xBA, 0x78,
    0x3B, 0xE6, 0xC9, 0xBE, 0xDC, 0x82, 0x03, 0xD3, 0x9E, 0x2E, 0xC3, 0x78, 0x9C, 0x63, 0x60, 0xF8,
    0xC0, 0xCF, 0x00, 0x02, 0x1F, 0xFE, 0x43, 0x28, 0x08, 0x0F, 0x0B, 0xF8, 0x0F, 0x06, 0x30, 0x0A,
    0x07, 0xC0, 0x62, 0x18, 0x00, 0xE0, 0x7E, 0x13, 0xCF, 0x78, 0x9C, 0x4D, 0x4D, 0x87, 0x0D, 0x00,
    0x30, 0x08, 0xE2, 0x03, 0xFE, 0xFF, 0x92, 0x0F, 0xAC, 0x60, 0x17, 0xC1, 0x28, 0x0E, 0x04, 0x2E,
    0xAA, 0x08, 0x02, 0xAA, 0x86, 0x25, 0x4D, 0x68, 0x87, 0x6B, 0xF7, 0x9B, 0xC2, 0xE4, 0x5E, 0xF0,
    0x48, 0x98, 0xCC, 0x08, 0x2A, 0xFB, 0xAA, 0xB9, 0x51, 0xAC, 0x3E, 0xBB, 0xE3, 0x9E, 0x77, 0x0F,
    0x0B, 0x52, 0x85, 0x2B, 0x21, 0x78, 0x9C, 0x65, 0x8C, 0xC1, 0x09, 0x00, 0x30, 0x08, 0x03, 0xB3,
    0x41, 0xF7, 0xDF, 0xD2, 0x0D, 0xAE, 0x35, 0xDA, 0x87, 0x6D, 0x40, 0x0E, 0x2E, 0x12, 0x49, 0x21,
    0x87, 0xC6, 0x32, 0x82, 0x61, 0xA3, 0xEC, 0x9F, 0x2C, 0xCE, 0xD1, 0xD0, 0x0B, 0x1A, 0x35, 0x48,
    0x0D, 0x0D, 0x04, 0x77, 0x24, 0x71, 0xFE, 0x53, 0x18, 0x60, 0xE3, 0x7E, 0x03, 0xE7, 0x2F, 0x2C,
    0xB6, 0x78, 0x9C, 0x75, 0x8C, 0x89, 0x0D, 0x00, 0x20, 0x08, 0x03, 0xBB, 0x01, 0xFB, 0x6F, 0xC9,
    0x06, 0xA7, 0x3C, 0xC6, 0xA8, 0xB1, 0x09, 0x5C, 0x68, 0x49, 0xA5, 0x2D, 0x2C, 0xB6, 0xF3, 0x1E,
    0x6E, 0xFA, 0x28, 0x92, 0x39, 0x34, 0x74, 0x83, 0x46, 0x35, 0x51, 0x4D, 0x07, 0x9C, 0x55, 0x12,
    0x98, 0xFF, 0x61, 0x24, 0x20, 0x9D, 0xCC, 0x07, 0xD8, 0x2F, 0x2C, 0xC5, 0x78, 0x9C, 0x6D, 0x8C,
    0xC1, 0x0D, 0x00, 0x31, 0x0C, 0xC2, 0xB2, 0x01, 0xFB, 0x6F, 0x99, 0x0D, 0xDC, 0x03, 0x35, 0x95,
    0x5A, 0x1D, 0x1F, 0x07, 0x82, 0xA8, 0x1A, 0x35, 0x32, 0x00, 0x1B, 0x95, 0x41, 0xAE, 0x5F, 0x39,
    0x77, 0x4B, 0xA7, 0x7C, 0x83, 0x59, 0xE8, 0x0D, 0xBD, 0x68, 0x66, 0xC4, 0xF8, 0xFA, 0x0E, 0x02,
    0x48, 0x92, 0xFF, 0x02, 0xDB, 0x6F, 0x2E, 0xC3, 0x78, 0x9C, 0x5D, 0xCC, 0xC1, 0x0D, 0x00, 0x30,
    0x08, 0x02, 0x40, 0x36, 0x70, 0xFF, 0x2D, 0xD9, 0x80, 0x16, 0xB4, 0x8F, 0x6A, 0x34, 0x97, 0xA0,
    0x11, 0x60, 0xB9, 0x3D, 0x6A, 0x88, 0x55, 0xFF, 0x5A, 0xD8, 0x68, 0x00, 0x87, 0xDA, 0x50, 0xEF,
    0x89, 0xB9, 0xF7, 0x0E, 0x82, 0x94, 0x24, 0xFB, 0x03, 0xF8, 0x7B, 0x2B, 0xC6, 0x78, 0x9C, 0x63,
    0x60, 0x40, 0x01, 0xFF, 0xA1, 0xF4, 0x07, 0x18, 0xE3, 0x3F, 0x3F, 0x9A, 0xC0, 0x07, 0x06, 0x42,
    0xE0, 0x3F, 0x8C, 0x00, 0xE1, 0x0F, 0xFC, 0xE8, 0x0C, 0xB0, 0x34, 0x88, 0x07, 0x63, 0x80, 0x65,
    0x50, 0x18, 0x10, 0xBB, 0x90, 0x18, 0x1F, 0xA0, 0xAE, 0x40, 0x30, 0xE0, 0xEE, 0x43, 0x77, 0x28,
    0xDC, 0x0B, 0x08, 0xBF, 0xF0, 0xA3, 0x33, 0xFE, 0xC3, 0xFC, 0xC4, 0x8F, 0x66, 0x08, 0x00, 0x4F,
    0x8D, 0x28, 0xE7, 0x78, 0x9C, 0x95, 0xCE, 0xC1, 0x09, 0x00, 0x30, 0x08, 0x03, 0xC0, 0x6C, 0xE0,
    0xFE, 0x5B, 0x66, 0x83, 0x94, 0x68, 0x2D, 0x45, 0xFA, 0xA9, 0xA0, 0x07, 0x12, 0x44, 0x00, 0x42,
    0xD5, 0x90, 0x6D, 0x4C, 0xA9, 0x48, 0x25, 0x47, 0x3C, 0xBC, 0x70, 0x3B, 0x23, 0x3C, 0x65, 0x1B,
    0x97, 0x6A, 0x2B, 0xEA, 0xCC, 0x39, 0xC7, 0x7D, 0x3E, 0x37, 0x1F, 0xDF, 0x95, 0x0B, 0x03, 0x46,
    0x36, 0xBB, 0x78, 0x9C, 0x6D, 0xCD, 0xC1, 0x09, 0x00, 0x30, 0x08, 0x03, 0xC0, 0x6C, 0xE0, 0xFE,
    0x5B, 0xBA, 0x41, 0x8A, 0x68, 0x54, 0xA4, 0x3E, 0xCA, 0x81, 0xA6, 0x01, 0xE0, 0x06, 0x22, 0x26,
    0x60, 0x02, 0xBE, 0x43, 0x3D, 0xCC, 0xB3, 0x03, 0x56, 0xBA, 0xE1, 0x76, 0x31, 0x55, 0x85, 0xDC,
    0x00, 0x03, 0x75, 0xB3, 0x61, 0xBB, 0x7E, 0x43, 0x99, 0x41, 0x6D, 0x5C, 0x99, 0xFE, 0xE4, 0x01,
    0x21, 0x4D, 0x28, 0x15, 0x78, 0x9C, 0x6D, 0xCE, 0x8B, 0x09, 0x00, 0x20, 0x08, 0x04, 0xD0, 0xDB,
    0xC0, 0xFD, 0xB7, 0x74, 0x83, 0xCB, 0x3F, 0x22, 0x09, 0xC9, 0x03, 0xEB, 0x0C, 0x00, 0x94, 0x24,
    0xB0, 0xF1, 0x29, 0xED, 0x09, 0x2F, 0x54, 0x2E, 0x88, 0xCE, 0x6B, 0x48, 0x81, 0x83, 0x70, 0xC6,
    0x26, 0x24, 0x8F, 0xC5, 0x5A, 0x6D, 0xC4, 0xE6, 0x19, 0x7B, 0x9B, 0x07, 0xAC, 0xF0, 0xFC, 0x9C,
    0xF5, 0xB8, 0xE2, 0x78, 0xF8, 0xC9, 0x3B, 0x98, 0x78, 0x9C, 0x75, 0x4D, 0x41, 0x0E, 0x00, 0x20,
    0x08, 0xE2, 0x07, 0xFC, 0xFF, 0x97, 0xFC, 0x80, 0x90, 0x5A, 0xEB, 0x92, 0x43, 0x11, 0x71, 0x0A,
    0xC8, 0x36, 0x51, 0xC2, 0x2F, 0x62, 0x79, 0xAA, 0xC9, 0x2C, 0xA6, 0xE3, 0x20, 0x39, 0x02, 0xA2,
    0x88, 0xAA, 0x52, 0xAD, 0x87, 0x70, 0x95, 0x36, 0xE5, 0x9A, 0x06, 0xEC, 0x53, 0x9D, 0x09, 0xB1,
    0x00, 0x5C, 0x7E, 0x32, 0x0B, 0x78, 0x9C, 0x5D, 0x8F, 0x0B, 0x0A, 0x00, 0x40, 0x04, 0x44, 0xE7,
    0x06, 0xEE, 0x7F, 0x4B, 0x37, 0x78, 0x9B, 0xF5, 0x49, 0x84, 0x5E, 0x34, 0x0D, 0xD2, 0x0A, 0xB7,
    0xC8, 0x04, 0x3E, 0x08, 0xA8, 0x1D, 0x3A, 0x31, 0x13, 0x2E, 0xB8, 0x5D, 0x40, 0xB4, 0x86, 0xB6,
    0x4A, 0x60, 0x40, 0xE9, 0xE9, 0x03, 0x96, 0x15, 0x37, 0xC0, 0x86, 0xEF, 0x3C, 0xEB, 0x68, 0x23,
    0xA0, 0xFF, 0xA0, 0xEC, 0xEA, 0x21, 0xF4, 0x00, 0xD9, 0x27, 0x3C, 0xB5, 0x78, 0x9C, 0x65, 0x4C,
    0x41, 0x0E, 0x00, 0x30, 0x0C, 0xF1, 0x03, 0xFF, 0xFF, 0xA5, 0x1F, 0x58, 0x59, 0xB3, 0xCB, 0x44,
    0x23, 0x55, 0x05, 0x2C, 0x34, 0xE3, 0x11, 0x86, 0x19, 0x33, 0x8E, 0xDD, 0xA3, 0xF1, 0x63, 0x4E,
    0x6E, 0x82, 0x6C, 0xC0, 0xF7, 0xC7, 0x6C, 0x5A, 0x54, 0x0B, 0x56, 0xB6, 0xEE, 0x09, 0xDE, 0xA6,
    0x2B, 0xD3, 0xA6, 0x30, 0x5D, 0xB6, 0xD6, 0x21, 0x0E, 0x06, 0x7E, 0x35, 0x08, 0x78, 0x9C, 0x5D,
    0x8E, 0x89, 0x0D, 0x00, 0x30, 0x08, 0x02, 0xD9, 0x80, 0xFD, 0xB7, 0x74, 0x03, 0xDA, 0xA2, 0xF6,
    0x23, 0x31, 0x57, 0xC5, 0x60, 0x81, 0xA9, 0x10, 0x2C, 0xBD, 0x0C, 0xBE, 0x14, 0x54, 0xDB, 0x49,
    0x26, 0xD5, 0xF4, 0xD3, 0x61, 0x66, 0x95, 0x96, 0x0E, 0x7D, 0x6B, 0xCE, 0x97, 0xE5, 0x08, 0x5E,
    0x51, 0xC1, 0xA8, 0x13, 0xB6, 0xF7, 0xC7, 0xB2, 0x03, 0xBE, 0x76, 0x53, 0xED, 0x73, 0x00, 0xF9,
    0x64, 0x3A, 0xC6, 0x78, 0x9C, 0x4D, 0x8D, 0x81, 0x0D, 0x00, 0x31, 0x08, 0x02, 0xD9, 0x80, 0xFD,
    0xB7, 0x64, 0x03, 0x5E, 0xB0, 0xF9, 0x36, 0x51, 0x4E, 0x62, 0x50, 0x00, 0x36, 0x1C, 0x35, 0x09,
    0x65, 0x62, 0x6A, 0x3A, 0x06, 0xA2, 0xC6, 0xC4, 0x15, 0x5D, 0x3D, 0xC0, 0xEF, 0xE4, 0x13, 0xCB,
    0xA4, 0xC2, 0x4E, 0x68, 0xEE, 0x37, 0x0B, 0xAC, 0xAA, 0xBA, 0xD1, 0x8B, 0x65, 0x5E, 0x7E, 0x53,
    0xF4, 0x30, 0x1C, 0x78, 0x9C, 0x63, 0x60, 0x40, 0x06, 0xFF, 0xF9, 0xC1, 0xD4, 0x87, 0xFF, 0x50,
    0x2E, 0x54, 0x98, 0x9F, 0x01, 0x55, 0x15, 0x44, 0xD9, 0x7F, 0x20, 0x80, 0x2A, 0x06, 0x09, 0x80,
    0xD9, 0x48, 0x7A, 0xF9, 0x51, 0xCC, 0xF8, 0x80, 0x4E, 0xF3, 0x93, 0x48, 0xC3, 0xDC, 0x02, 0xA7,
    0xF9, 0x21, 0xF8, 0x03, 0xD4, 0x19, 0x20, 0x06, 0x90, 0x04, 0x00, 0xFD, 0x3D, 0x29, 0xB9, 0x78,
    0x9C, 0x63, 0x60, 0x40, 0x80, 0xFF, 0x60, 0xF2, 0x03, 0x84, 0xFA, 0xCF, 0x8F, 0xC4, 0xF9, 0xC0,
    0xCF, 0x80, 0x13, 0xFC, 0xFF, 0x0F, 0x21, 0x41, 0x1A, 0x40, 0xCA, 0xF9, 0xB1, 0xEB, 0xFD, 0x8F,
    0x4A, 0x31, 0xA0, 0x50, 0x28, 0x72, 0x50, 0x43, 0xA0, 0x46, 0x02, 0xB9, 0x20, 0x55, 0x00, 0x22,
    0x5F, 0x20, 0x1D, 0x78, 0x9C, 0x95, 0x8E, 0xC9, 0x09, 0x00, 0x30, 0x08, 0x04, 0xB7, 0x83, 0xED,
    0xBF, 0x4B, 0x3B, 0x98, 0x1C, 0x2A, 0x09, 0xF9, 0x45, 0x90, 0x41, 0x19, 0x0F, 0xE9, 0x44, 0xC0,
    0x26, 0x26, 0x4B, 0x85, 0x17, 0x67, 0xFA, 0xD2, 0x04, 0x4E, 0x6C, 0x7F, 0x6A, 0x5A, 0x0D, 0x52,
    0x0D, 0x4A, 0xAA, 0x11, 0x7A, 0xF7, 0x43, 0x7F, 0x92, 0x3E, 0xDE, 0x74, 0x66, 0xD4, 0x1B, 0xF5,
    0xFD, 0x00, 0x81, 0x10, 0x2E, 0x96, 0x78, 0x9C, 0x5D, 0x8C, 0xB1, 0x11, 0x00, 0x30, 0x08, 0x02,
    0xDD, 0xC0, 0xFD, 0xB7, 0x64, 0x03, 0x02, 0xC1, 0x14, 0xC6, 0x82, 0x97, 0x13, 0xA9, 0x7A, 0x03,
    0xB6, 0x41, 0x18, 0x12, 0xDA, 0x68, 0x13, 0x3A, 0xF8, 0x86, 0x8C, 0xFA, 0x0F, 0xBC, 0xA9, 0x54,
    0x80, 0x29, 0xEC, 0xC4, 0x36, 0x6A, 0x61, 0xDD, 0xA6, 0x64, 0x2A, 0x65, 0x9D, 0x3A, 0x12, 0x76,
    0x22, 0x1B, 0x78, 0x9C, 0x63, 0x60, 0x00, 0x82, 0xFF, 0xFC, 0x0C, 0x0C, 0x28, 0x34, 0x03, 0x56,
    0xF0, 0x1F, 0x22, 0xFF, 0x1F, 0x08, 0x80, 0xD4, 0x87, 0xFF, 0x10, 0x0D, 0x60, 0x36, 0x84, 0x8B,
    0xC5, 0x8C, 0x0F, 0xE8, 0x34, 0x3F, 0x89, 0x34, 0xCC, 0x2D, 0x70, 0x9A, 0x1F, 0x82, 0x3F, 0x40,
    0x9D, 0x01, 0x62, 0x00, 0x49, 0x00, 0x50, 0xD3, 0x28, 0xC9, 0x78, 0x9C, 0x63, 0x60, 0x60, 0xF8,
    0xF0, 0x9F, 0x81, 0x01, 0x4E, 0xF2, 0x33, 0x60, 0x05, 0xFF, 0xFF, 0x83, 0x89, 0xFF, 0xFC, 0x60,
    0x75, 0xFC, 0x0C, 0xFF, 0xF9, 0xD1, 0xB4, 0xFC, 0x47, 0x26, 0x19, 0x90, 0x48, 0x24, 0x71, 0x88,
    0x56, 0x88, 0x31, 0x40, 0x0E, 0x90, 0x07, 0x00, 0xBC, 0x61, 0x1E, 0x10, 0x78, 0x9C, 0x9D, 0x8E,
    0xB9, 0x01, 0x00, 0x30, 0x08, 0x02, 0xD9, 0x80, 0xFD, 0xB7, 0x74, 0x03, 0x12, 0x95, 0x3C, 0x45,
    0xAA, 0xD0, 0x78, 0x7E, 0x28, 0x70, 0x49, 0x08, 0x35, 0x50, 0x2C, 0x08, 0xC7, 0x87, 0xE4, 0x96,
    0xA6, 0x7A, 0x34, 0xF7, 0xCA, 0x65, 0x26, 0x2E, 0xD8, 0x6D, 0xFB, 0x03, 0xB8, 0x3B, 0x07, 0xF8,
    0x05, 0x6B, 0x1D, 0x07, 0xE8, 0x7B, 0xB1, 0xFE, 0x4A, 0xCA, 0x30, 0x00, 0x6B, 0x03, 0x2C, 0xB6,
    0x78, 0x9C, 0x75, 0x4C, 0xB1, 0x0D, 0x00, 0x30, 0x08, 0xE2, 0x83, 0xFE, 0xFF, 0xA5, 0x1F, 0x50,
    0x50, 0xD2, 0xC4, 0xA1, 0x46, 0x83, 0x88, 0x00, 0xA4, 0x4A, 0x7D, 0x7A, 0x68, 0x4A, 0x13, 0x01,
    0xF1, 0xAD, 0xD1, 0x48, 0xDA, 0xA6, 0x5D, 0xC0, 0x36, 0xD5, 0x98, 0x26, 0x21, 0xB7, 0x07, 0x58,
    0xB0, 0xB4, 0x84, 0x24, 0x52, 0xD4, 0x5F, 0x17, 0x98, 0x5A, 0x21, 0x1C, 0x78, 0x9C, 0x7D, 0x8E,
    0x01, 0x0A, 0x00, 0x20, 0x08, 0x03, 0xF7, 0x83, 0xFE, 0xFF, 0x4B, 0x7F, 0x70, 0x95, 0xB3, 0x22,
    0x82, 0x86, 0x70, 0x22, 0x6E, 0x2A, 0x6D, 0x45, 0x9B, 0x35, 0x44, 0x90, 0x03, 0x68, 0x7A, 0x45,
    0x8D, 0x71, 0x33, 0x77, 0x41, 0xB6, 0x6E, 0x56, 0x54, 0x1C, 0xB2, 0xA8, 0x2F, 0x7D, 0x9A, 0xC3,
    0xB4, 0xA1, 0x8B, 0x38, 0x0E, 0xFC, 0x85, 0x7B, 0xD2, 0xD1, 0x01, 0xB0, 0x56, 0x3D, 0xFF, 0x78,
    0x9C, 0x5D, 0x8E, 0xD1, 0x11, 0x00, 0x30, 0x04, 0x43, 0xB3, 0x81, 0xFD, 0xB7, 0xCC, 0x06, 0x29,
    0x55, 0xB4, 0xF5, 0xE1, 0xDE, 0x05, 0x09, 0xE0, 0x2F, 0x36, 0xA9, 0x14, 0x1B, 0xB2, 0x9A, 0x0D,
    0xC1, 0xBE, 0xFD, 0x26, 0xE9, 0x90, 0xA2, 0xB6, 0x81, 0xE2, 0x34, 0x0D, 0x0E, 0x85, 0xE4, 0xC6,
    0xD5, 0xF4, 0x52, 0x36, 0xBC, 0x84, 0x5B, 0x63, 0x53, 0x47, 0x30, 0x23, 0xE8, 0xA1, 0xB4, 0xFA,
    0x24, 0x69, 0x01, 0xC0, 0x1D, 0x35, 0x35, 0x78, 0x9C, 0x5D, 0x8E, 0xC1, 0x0D, 0x00, 0x30, 0x08,
    0x02, 0xD9, 0xC0, 0xFD, 0xB7, 0x64, 0x03, 0x5A, 0x15, 0x9B, 0xB6, 0x3E, 0xCC, 0xC5, 0x00, 0x02,
    0x48, 0x0A, 0xE4, 0x68, 0x48, 0x00, 0x65, 0x40, 0x9D, 0x12, 0x18, 0x3E, 0xE7, 0xE2, 0x11, 0xFE,
    0xC0, 0x4E, 0x91, 0x9D, 0x05, 0xB0, 0xAB, 0x21, 0x7E, 0xD8, 0xC2, 0x37, 0x38, 0x9D, 0xD7, 0x3B,
    0xF7, 0xE2, 0xF4, 0x5B, 0xE6, 0x6F, 0x39, 0xB8, 0x78, 0x9C, 0x55, 0x8E, 0x89, 0x0D, 0x00, 0x30,
    0x08, 0x02, 0xD9, 0xA0, 0xFB, 0x6F, 0xC9, 0x06, 0x14, 0x34, 0x24, 0x2D, 0x49, 0xCD, 0xD5, 0x07,
    0x05, 0x22, 0x1E, 0xAC, 0xB4, 0x20, 0xAB, 0x80, 0x96, 0x7E, 0x90, 0xA8, 0xB6, 0x66, 0xC8, 0x3F,
    0x0E, 0x24, 0xE4, 0x4D, 0x39, 0xC6, 0x6C, 0x76, 0xA1, 0x5B, 0x54, 0xAB, 0x1F, 0x3A, 0x39, 0x36,
    0x7A, 0x8D, 0xE9, 0x4D, 0x7B, 0xA8, 0xF3, 0x03, 0x17, 0x00, 0x14, 0x37, 0xE7, 0x78, 0x9C, 0x63,
    0x60, 0x60, 0xF8, 0x0F, 0x04, 0x0C, 0x0C, 0x08, 0x1A, 0x0D, 0xFC, 0x87, 0x8A, 0x43, 0xE9, 0x0F,
    0x50, 0x35, 0x1F, 0xF8, 0xF1, 0xD3, 0xFF, 0xD1, 0x69, 0x20, 0xE0, 0x47, 0xA6, 0xA1, 0xCA, 0xD1,
    0x69, 0x42, 0xC6, 0x41, 0xF5, 0xC3, 0x68, 0x00, 0x24, 0xD3, 0x35, 0x08, 0x78, 0x9C, 0x63, 0x60,
    0xF8, 0xF0, 0xFF, 0xFF, 0x7F, 0x06, 0x06, 0x18, 0x85, 0x15, 0x7C, 0x80, 0x48, 0x01, 0x55, 0xF0,
    0x03, 0x39, 0xFC, 0x40, 0x3E, 0x90, 0x03, 0x12, 0x00, 0x71, 0x90, 0xA8, 0xFF, 0x60, 0x00, 0xA7,
    0x20, 0x9A, 0xD1, 0x28, 0x7E, 0xA8, 0x89, 0x50, 0x13, 0xE0, 0x96, 0x03, 0x49, 0x00, 0xD7, 0xA8,
    0x30, 0x94, 0x78, 0x9C, 0x85, 0xCC, 0xC1, 0x0D, 0x00, 0x30, 0x08, 0x02, 0x40, 0x36, 0x70, 0xFF,
    0x2D, 0xD9, 0x80, 0xC6, 0x48, 0x6D, 0xE3, 0xA3, 0xE5, 0x73, 0x0F, 0x14, 0xA0, 0x23, 0x80, 0x56,
    0x29, 0xA5, 0xA8, 0x42, 0xB8, 0xA2, 0xCC, 0x91, 0x2E, 0x19, 0x6F, 0x35, 0x55, 0xCD, 0xB7, 0x3E,
    0x9F, 0xFE, 0xE6, 0xFC, 0xBF, 0x5D, 0xCD, 0xA3, 0x35, 0xF8, 0x78, 0x9C, 0x65, 0x8D, 0x89, 0x09,
    0x00, 0x30, 0x0C, 0x02, 0xB3, 0x41, 0xF6, 0xDF, 0x32, 0x1B, 0x5C, 0x5B, 0x4D, 0x1F, 0xA8, 0x20,
    0x42, 0x0C, 0x67, 0x44, 0x8B, 0xE9, 0x54, 0x54, 0xCA, 0xEB, 0x50, 0x80, 0x4A, 0xE2, 0x53, 0xED,
    0x0A, 0xFF, 0x17, 0x86, 0x20, 0xC0, 0x0D, 0xA4, 0x13, 0x77, 0xED, 0x89, 0x6C, 0x62, 0x13, 0xBC,
    0xEA, 0x81, 0x01, 0x81, 0xE4, 0x33, 0xAF, 0x78, 0x9C, 0x63, 0x60, 0x60, 0x60, 0xF8, 0xC0, 0xCF,
    0x00, 0x06, 0xFF, 0xA1, 0x34, 0x8C, 0x8F, 0x0A, 0xFE, 0x83, 0x00, 0x82, 0xFE, 0xF0, 0x1F, 0x55,
    0x31, 0x2E, 0xFA, 0x3F, 0x3A, 0x0D, 0x04, 0xFC, 0xC8, 0x34, 0x54, 0x39, 0x3A, 0x4D, 0xC8, 0x38,
    0xA8, 0x7E, 0x18, 0x0D, 0x00, 0xAA, 0xFE, 0x30, 0x1C, 0x78, 0x9C, 0x75, 0x8D, 0xB1, 0x0D, 0x00,
    0x30, 0x0C, 0xC2, 0xF8, 0x20, 0xFF, 0x7F, 0x99, 0x0F, 0x5C, 0x85, 0x54, 0x0C, 0x95, 0xCA, 0xE2,
    0x05, 0x83, 0x24, 0xA1, 0x49, 0x5F, 0x94, 0x7E, 0x69, 0x5C, 0x01, 0xCA, 0xBD, 0x31, 0xB0, 0x6F,
    0x29, 0xC0, 0x09, 0x56, 0x7E, 0x50, 0xF9, 0x64, 0x27, 0xC9, 0xC1, 0x01, 0xDB, 0x44, 0x2C, 0xA7,
    0x78, 0x9C, 0x63, 0x60, 0xF8, 0x0F, 0x02, 0x0C, 0x0C, 0x30, 0xFA, 0x03, 0x88, 0x0D, 0x04, 0x1F,
    0xF8, 0xF1, 0xD3, 0xFF, 0x61, 0x34, 0x10, 0xF0, 0x23, 0xD3, 0x0C, 0x50, 0x71, 0xA8, 0x72, 0x32,
    0x8C, 0x03, 0xB1, 0x61, 0x34, 0x08, 0xC0, 0x94, 0xA2, 0x9A, 0x8C, 0xA0, 0xFF, 0x23, 0xD1, 0x00,
    0x22, 0x6A, 0x33, 0x0A, 0x78, 0x9C, 0x5D, 0x8C, 0xC1, 0x0D, 0x00, 0x30, 0x08, 0x02, 0xD9, 0xC0,
    0xFD, 0xB7, 0x74, 0x83, 0xAB, 0x12, 0x63, 0xDA, 0xF2, 0xB9, 0x00, 0x01, 0x29, 0x41, 0x25, 0x20,
    0xA4, 0x8C, 0xF2, 0x65, 0x3A, 0x68, 0x73, 0x01, 0x6B, 0x21, 0xEB, 0x43, 0x18, 0xFB, 0x80, 0xAF,
    0x93, 0xC9, 0xA7, 0x1D, 0xBC, 0x4B, 0x76, 0xA9, 0x03, 0xE2, 0xBF, 0x2F, 0xB3, 0x78, 0x9C, 0x63,
    0x60, 0x80, 0x83, 0xFF, 0x60, 0xC4, 0xC0, 0xF0, 0x81, 0xFF, 0x03, 0x3F, 0x44, 0xE0, 0x3F, 0x03,
    0x16, 0xF0, 0x1F, 0x04, 0x10, 0xF4, 0x07, 0xA8, 0x22, 0xA8, 0x1E, 0x9C, 0xF4, 0x7F, 0x74, 0x1A,
    0x08, 0xF8, 0x91, 0x69, 0xA8, 0x72, 0x74, 0x9A, 0x90, 0x71, 0x50, 0xFD, 0x30, 0x1A, 0x00, 0xCF,
    0xFD, 0x33, 0x0A, 0x78, 0x9C, 0x75, 0x8D, 0x81, 0x09, 0x00, 0x30, 0x08, 0xC3, 0xFC, 0x60, 0xFF,
    0x7F, 0xE9, 0x07, 0x99, 0xB6, 0xB2, 0xC1, 0x60, 0x45, 0x09, 0x55, 0xAC, 0x11, 0xA3, 0xAC, 0x5A,
    0x6A, 0xDA, 0xD2, 0xA6, 0x40, 0xFC, 0x94, 0xDE, 0x01, 0x3E, 0xCB, 0xB2, 0x3D, 0x41, 0x39, 0x17,
    0x48, 0x07, 0x3E, 0x7E, 0xB0, 0x26, 0x71, 0x12, 0x50, 0xB4, 0x1F, 0x6C, 0x16, 0x42, 0x30, 0xA3,
    0x78, 0x9C, 0x75, 0x8E, 0x01, 0x0A, 0x00, 0x20, 0x08, 0x03, 0xFD, 0xC1, 0xFE, 0xFF, 0xCB, 0x7E,
    0x70, 0xE5, 0x34, 0x8A, 0xA0, 0x40, 0xCE, 0xC5, 0x9C, 0x46, 0x9C, 0x37, 0xC0, 0x44, 0x94, 0x8C,
    0xA1, 0xE4, 0x2A, 0x5D, 0xB6, 0x00, 0x15, 0xDC, 0x2C, 0x9B, 0x7D, 0xFE, 0x94, 0x65, 0x85, 0x34,
    0x77, 0xF6, 0x43, 0x4F, 0xA2, 0x9B, 0x69, 0xFE, 0x92, 0x0E, 0xA3, 0x87, 0xF3, 0xD6, 0x5A, 0x0F,
    0x7D, 0x6E, 0xCA, 0x09, 0x17, 0x95, 0x3A, 0xB7, 0x78, 0x9C, 0x6D, 0x8E, 0x01, 0x0A, 0xC0, 0x30,
    0x08, 0x03, 0xF3, 0x83, 0xFC, 0xFF, 0x97, 0xFE, 0x20, 0xAB, 0x57, 0x0B, 0xDD, 0x98, 0xD0, 0x1E,
    0x42, 0x3C, 0x95, 0xA4, 0x8A, 0xA8, 0x6C, 0x96, 0xCB, 0xB4, 0x82, 0xFD, 0x4D, 0xE0, 0xBF, 0xD6,
    0x78, 0x81, 0x20, 0x88, 0x11, 0xD5, 0xBC, 0x18, 0x15, 0x8A, 0xA3, 0x5A, 0xAC, 0x2F, 0x7D, 0xF5,
    0xD7, 0x38, 0xA3, 0x30, 0x31, 0xD9, 0xF6, 0xCF, 0x62, 0xBF, 0xD9, 0xAB, 0x72, 0x94, 0x9D, 0xDF,
    0xD7, 0x91, 0x7E, 0x00, 0x86, 0xBE, 0x44, 0x44, 0x78, 0x9C, 0x65, 0x8E, 0xCB, 0x11, 0x00, 0x21,
    0x0C, 0x42, 0xE9, 0x80, 0xFE, 0xBB, 0xA4, 0x03, 0x34, 0x18, 0xC7, 0xCC, 0x6E, 0x2E, 0x4F, 0xCC,
    0x07, 0x80, 0x57, 0x04, 0x5C, 0x34, 0xC4, 0xD0, 0x91, 0x90, 0x89, 0x59, 0xF6, 0x6D, 0xD7, 0x43,
    0x7B, 0xA8, 0xE6, 0xF3, 0xC9, 0xC8, 0x74, 0x7B, 0xA7, 0xA5, 0xBE, 0xCC, 0xA6, 0x39, 0x39, 0x9C,
    0xFF, 0xEC, 0x64, 0xB9, 0x17, 0x3B, 0x1F, 0x0F, 0xB9, 0x63, 0x2A, 0x69, 0x16, 0x4F, 0x22, 0x39,
    0xD6, 0x78, 0x9C, 0x7D, 0x8E, 0xCB, 0x09, 0xC0, 0x30, 0x0C, 0x43, 0xB5, 0x81, 0xF6, 0xDF, 0x52,
    0x1B, 0xA8, 0x91, 0xED, 0x86, 0x34, 0x87, 0x1A, 0xCC, 0xC3, 0xA0, 0x8F, 0x81, 0x3D, 0x04, 0x34,
    0x74, 0x68, 0xA8, 0x69, 0x33, 0x94, 0x8D, 0xBF, 0x59, 0x6A, 0xB5, 0xAC, 0x84, 0xCB, 0x14, 0x6A,
    0xB6, 0x32, 0xDC, 0xD1, 0xE2, 0xA6, 0x6E, 0xF2, 0xB8, 0x0F, 0x7B, 0x59, 0x3D, 0xDF, 0x94, 0x36,
    0xF9, 0x53, 0xCC, 0x2F, 0x53, 0xE5, 0x37, 0xF2, 0xFA, 0xFE, 0x01, 0x34, 0xDB, 0x45, 0x52, 0x78,
    0x9C, 0x75, 0x8E, 0xC9, 0x11, 0x00, 0x30, 0x08, 0x02, 0xE9, 0xC0, 0xFE, 0xBB, 0xB4, 0x83, 0x8D,
    0xD7, 0x23, 0xC9, 0x24, 0x7C, 0x90, 0x11, 0x50, 0x29, 0x80, 0x49, 0x07, 0xEB, 0x09, 0x7A, 0x0F,
    0x35, 0x78, 0xB8, 0xDC, 0x26, 0x64, 0x25, 0x1F, 0x1D, 0x7E, 0x73, 0x25, 0xB1, 0x9D, 0xD3, 0xFC,
    0x65, 0xA6, 0x8C, 0x09, 0x43, 0xDF, 0xF0, 0x7C, 0xA3, 0x9B, 0x53, 0x2E, 0xE7, 0x49, 0x34, 0xEA,
    0x78, 0x9C, 0x75, 0x8E, 0x01, 0x0A, 0x00, 0x20, 0x0C, 0x02, 0xFD, 0xC1, 0xFE, 0xFF, 0x4B, 0x7F,
    0x60, 0xCD, 0x2D, 0x58, 0x41, 0x52, 0x1C, 0x03, 0x15, 0x01, 0x80, 0x01, 0x4B, 0xCD, 0x73, 0x7F,
    0x44, 0x81, 0xC6, 0x56, 0xA5, 0x92, 0xEC, 0xEF, 0x12, 0xF9, 0xB9, 0xA8, 0xC9, 0x97, 0x31, 0xEE,
    0x11, 0x77, 0xD4, 0x94, 0xC2, 0xDE, 0xEC, 0xBF, 0x77, 0xCD, 0xBD, 0x3A, 0x95, 0xE9, 0xAF, 0x75,
    0x76, 0x2F, 0xC3, 0x95, 0x3D, 0x69, 0x78, 0x9C, 0x75, 0x8E, 0xDB, 0x0D, 0x00, 0x20, 0x08, 0x03,
    0xBB, 0x41, 0xF7, 0xDF, 0x92, 0x0D, 0x2A, 0x16, 0x34, 0x6A, 0xE2, 0x07, 0x39, 0x5E, 0xA5, 0x00,
    0x80, 0x44, 0x18, 0x4E, 0x42, 0x19, 0x49, 0x37, 0xE9, 0xD2, 0x53, 0x36, 0x0B, 0xF1, 0xD2, 0x4A,
    0xF1, 0xE4, 0x5C, 0xFE, 0x52, 0x7D, 0x4C, 0x2D, 0x96, 0xCA, 0x23, 0xE6, 0x1B, 0x75, 0x79, 0x59,
    0xE2, 0x72, 0xDE, 0x9F, 0x04, 0xAF, 0xBA, 0x30, 0x00, 0x65, 0x80, 0x36, 0xF7, 0x78, 0x9C, 0x6D,
    0x8E, 0x81, 0x0D, 0x00, 0x31, 0x08, 0x02, 0xD9, 0x80, 0xFD, 0xB7, 0x74, 0x03, 0x5A, 0x51, 0x9B,
    0xFE, 0xA7, 0x24, 0xCD, 0xC5, 0x06, 0x50, 0x60, 0x4B, 0x84, 0x81, 0x12, 0x9B, 0x33, 0x6B, 0x3E,
    0xDE, 0x0A, 0x21, 0x8C, 0xAD, 0x72, 0x27, 0xA3, 0x9F, 0xC3, 0xAA, 0xB2, 0xE0, 0x61, 0xFC, 0xC9,
    0x6B, 0xBE, 0xE2, 0x8E, 0x9A, 0x12, 0xED, 0xCD, 0xFE, 0x5E, 0xCC, 0x2F, 0x73, 0x95, 0xA6, 0x32,
    0xFD, 0x75, 0x9D, 0xDD, 0x0B, 0xC7, 0x19, 0x3E, 0x86, 0x78, 0x9C, 0x95, 0x8E, 0xC1, 0x09, 0x00,
    0x30, 0x08, 0x03, 0xB3, 0x81, 0xFB, 0x6F, 0x99, 0x0D, 0x52, 0xB1, 0xA9, 0x50, 0x1F, 0x85, 0xE6,
    0xE3, 0x41, 0xD0, 0x13, 0x00, 0xA8, 0x40, 0x45, 0x52, 0x4D, 0x06, 0x0C, 0x18, 0x91, 0xEB, 0x0D,
    0xB9, 0xC7, 0x86, 0x70, 0xFF, 0x80, 0xF2, 0xB0, 0x21, 0xCA, 0x98, 0xB9, 0xC0, 0x06, 0x0E, 0xC3,
    0xEF, 0xE1, 0xF3, 0xE8, 0x02, 0x37, 0xBE, 0x3C, 0xF1, 0x78, 0x9C, 0x6D, 0xCD, 0x89, 0x0D, 0x00,
    0x20, 0x08, 0x03, 0xC0, 0x6E, 0xD0, 0xFD, 0xB7, 0x64, 0x83, 0x8A, 0x3C, 0x91, 0xA8, 0x24, 0x78,
    0x10, 0x05, 0x81, 0x11, 0x52, 0x60, 0x34, 0x46, 0x0B, 0x84, 0x8C, 0xB2, 0x23, 0xEF, 0x5E, 0xD5,
    0xE2, 0x36, 0xD7, 0xCA, 0xB4, 0x9F, 0xF8, 0xE9, 0x89, 0x93, 0xFC, 0xC8, 0x5C, 0x67, 0xF5, 0xF3,
    0xAD, 0xDA, 0x1C, 0x41, 0x8D, 0x4D, 0x17, 0xEF, 0xC7, 0x34, 0xAE, 0x78, 0x9C, 0x63, 0x60, 0xF8,
    0xCF, 0x00, 0x04, 0x1F, 0xF8, 0x81, 0x04, 0x3E, 0xD6, 0x87, 0xFF, 0x50, 0x00, 0x62, 0x82, 0xC4,
    0x80, 0x0C, 0x88, 0x0A, 0xB0, 0x12, 0x6C, 0x2C, 0xA8, 0x06, 0x38, 0x8B, 0x90, 0x15, 0x50, 0x16,
    0xD8, 0xE0, 0xFF, 0xF8, 0x0C, 0x46, 0x63, 0x81, 0x15, 0x03, 0x00, 0x62, 0x4E, 0x3A, 0xC6, 0x78,
    0x9C, 0x75, 0xCB, 0xC1, 0x0D, 0x00, 0x30, 0x08, 0x02, 0x40, 0x36, 0x70, 0xFF, 0x2D, 0xD9, 0x80,
    0x8A, 0xDA, 0x36, 0x7D, 0xD4, 0x87, 0x67, 0x88, 0x00, 0x0C, 0x78, 0x1E, 0xE4, 0xB1, 0x1D, 0x0A,
    0x43, 0x87, 0x54, 0xE6, 0xB9, 0xFC, 0xCC, 0x4C, 0x58, 0xD7, 0x21, 0x36, 0xC2, 0x07, 0x0D, 0xD5,
    0x46, 0xD7, 0x2E, 0x0B, 0xD3, 0xB2, 0x30, 0xA3, 0x78, 0x9C, 0x75, 0x8C, 0xDB, 0x09, 0x00, 0x30,
    0x10, 0xC2, 0xDC, 0xC0, 0xFD, 0xB7, 0x74, 0x83, 0x94, 0xE3, 0x0A, 0xA5, 0x2F, 0x85, 0x7C, 0x08,
    0x51, 0x58, 0x72, 0xC0, 0xA9, 0x82, 0x22, 0xD5, 0x36, 0xC3, 0x62, 0x9A, 0x7E, 0xB3, 0x1D, 0x4E,
    0x69, 0x53, 0x3F, 0x07, 0x5C, 0x07, 0x03, 0x8A, 0x79, 0x21, 0xEE, 0x78, 0x9C, 0x63, 0xF8, 0xC0,
    0xCF, 0xC0, 0xC0, 0xCF, 0xF0, 0xFF, 0x3F, 0xC3, 0x07, 0x7E, 0x18, 0x04, 0xF3, 0x18, 0x18, 0x40,
    0x32, 0x28, 0xE0, 0x3F, 0x88, 0xF8, 0x80, 0x4C, 0xF2, 0x63, 0x27, 0xFF, 0xF3, 0xC3, 0x95, 0x63,
    0x92, 0x98, 0x5A, 0x01, 0xDE, 0xAC, 0x1D, 0xC5, 0x78, 0x9C, 0x63, 0xF8, 0xFF, 0xFF, 0x3F, 0x3F,
    0x03, 0x98, 0x40, 0x02, 0xFF, 0x61, 0xC4, 0x07, 0x30, 0xC1, 0x8F, 0x49, 0x80, 0xD5, 0xFF, 0x67,
    0xC0, 0x20, 0x3E, 0xE0, 0xD2, 0xF5, 0x1F, 0x55, 0x17, 0x00, 0x63, 0xD1, 0x1D, 0x02, 0x78, 0x9C,
    0x63, 0xF8, 0xFF, 0xFF, 0x3F, 0x3F, 0x03, 0x98, 0x40, 0x07, 0xFF, 0x81, 0xF8, 0x03, 0x82, 0xE0,
    0xC7, 0x24, 0xC0, 0x9A, 0xFE, 0x33, 0x60, 0x10, 0x68, 0x1A, 0x00, 0x18, 0xBF, 0x17, 0xE9, 0x78,
    0x9C, 0x63, 0x60, 0x00, 0x83, 0xFF, 0x50, 0xF4, 0x01, 0x48, 0x7E, 0xF8, 0xFF, 0x9F, 0x1F, 0x24,
    0xC4, 0xCF, 0x00, 0x07, 0xFF, 0x11, 0xE4, 0x07, 0x08, 0xC9, 0x8F, 0x9D, 0x84, 0x68, 0xFA, 0x8F,
    0xAE, 0x09, 0x45, 0x2B, 0x0E, 0x03, 0xFE, 0x63, 0x18, 0x00, 0x00, 0x78, 0xEC, 0x1F, 0xE1, 0x78,
    0x9C, 0x63, 0x60, 0x00, 0x03, 0x7E, 0x06, 0x86, 0x0F, 0xFC, 0x20, 0xF2, 0x3F, 0x08, 0x7D, 0x00,
    0x91, 0xFF, 0xFF, 0x03, 0xB9, 0x0C, 0x60, 0x02, 0x05, 0xFC, 0x07, 0x11, 0x1F, 0x90, 0x49, 0x7E,
    0xEC, 0x24, 0x44, 0xEB, 0x7F, 0x06, 0xAC, 0x24, 0xA6, 0x56, 0x00, 0x8C, 0x06, 0x1A, 0xF5, 0x78,
    0x9C, 0x63, 0x60, 0x60, 0xF8, 0xC0, 0xCF, 0x00, 0x25, 0xFE, 0x83, 0x09, 0x06, 0x0C, 0xE2, 0xC3,
    0x7F, 0x06, 0x64, 0x65, 0xA4, 0x6B, 0x00, 0x89, 0xA3, 0x69, 0xFF, 0x0F, 0xD3, 0x0F, 0x00, 0x1F,
    0xA7, 0x1B, 0xF4, 0x78, 0x9C, 0x63, 0x60, 0x60, 0xF8, 0xC0, 0xCF, 0xC0, 0xC0, 0xF0, 0x1F, 0x44,
    0x80, 0x59, 0x68, 0xE0, 0x3F, 0x48, 0xFC, 0x3F, 0x4C, 0x12, 0x1B, 0xF1, 0x9F, 0x01, 0x3B, 0x81,
    0xAE, 0x0B, 0x24, 0x8E, 0xA6, 0xFD, 0x3F, 0x4C, 0x3F, 0x00, 0x56, 0x85, 0x19, 0xD8, 0x78, 0x9C,
    0x63, 0x60, 0xF8, 0xC0, 0xCF, 0xC0, 0xF0, 0x1F, 0x88, 0x41, 0x34, 0x0C, 0xFC, 0x87, 0xE0, 0x0F,
    0xFF, 0x21, 0xC2, 0xC8, 0x18, 0xA4, 0xF4, 0x3F, 0x03, 0x0A, 0xFE, 0x80, 0x45, 0xE9, 0x7F, 0x24,
    0xA5, 0x00, 0xD1, 0x07, 0x19, 0xF6, 0x78, 0x9C, 0x63, 0x60, 0xF8, 0xCF, 0xF0, 0x01, 0x82, 0xF8,
    0x11, 0xE8, 0x3F, 0x10, 0x31, 0xC0, 0x11, 0x5C, 0x12, 0x00, 0xAA, 0x54, 0x11, 0xD1, 0x78, 0x9C,
    0x63, 0x60, 0xF8, 0xCF, 0xC0, 0xF0, 0x81, 0x9F, 0x01, 0x4A, 0x7D, 0x80, 0x52, 0x20, 0x01, 0x54,
    0x0A, 0xAE, 0xEA, 0x3F, 0x94, 0x62, 0x00, 0x2B, 0x46, 0xA2, 0x30, 0x0C, 0xC1, 0x34, 0x0B, 0xC3,
    0x10, 0x14, 0xB3, 0x18, 0x20, 0xD2, 0x08, 0x0A, 0x24, 0x0D, 0x94, 0xF9, 0x8F, 0xE0, 0x00, 0x00,
    0x3F, 0x7B, 0x34, 0xDB, 0x78, 0x9C, 0x7D, 0x8E, 0x51, 0x0A, 0x00, 0x30, 0x08, 0x42, 0xBD, 0x41,
    0xF7, 0xBF, 0x65, 0x37, 0x70, 0xCB, 0x8A, 0xED, 0x63, 0x4D, 0x88, 0x47, 0xA0, 0x16, 0xE0, 0x06,
    0x10, 0x7B, 0x0C, 0x1E, 0xF4, 0xE2, 0x24, 0xCA, 0x22, 0x0F, 0x9B, 0x19, 0x9B, 0xE8, 0x5D, 0x6F,
    0x27, 0xFE, 0xE2, 0xAF, 0xAE, 0x2E, 0x87, 0xFA, 0x3B, 0xC5, 0xB2, 0x59, 0xE0, 0xBD, 0x2E, 0xB3,
    0x10, 0x31, 0xC0, 0x78, 0x9C, 0x63, 0x60, 0x40, 0x01, 0xFF, 0xFF, 0x43, 0xE8, 0x0F, 0xFC, 0x1F,
    0xF8, 0x21, 0x02, 0x60, 0x84, 0x1D, 0xFC, 0xC7, 0xC9, 0xF8, 0x00, 0x67, 0xF0, 0x13, 0x66, 0xFC,
    0x87, 0x33, 0xC8, 0x37, 0x98, 0x1F, 0x6A, 0x0C, 0x50, 0x1E, 0xAA, 0xE4, 0xFF, 0x7F, 0xA8, 0xB9,
    0x1F, 0xA0, 0x7E, 0x02, 0x00, 0x27, 0x11, 0x22, 0xCF, 0x78, 0x9C, 0x63, 0x60, 0x60, 0x60, 0xF8,
    0xFF, 0x9F, 0x81, 0x01, 0x4E, 0x7D, 0xE0, 0xFF, 0xC0, 0x0F, 0xE2, 0x30, 0x80, 0x28, 0x10, 0x86,
    0x48, 0x62, 0x03, 0x10, 0x99, 0x0F, 0xA8, 0x14, 0x3F, 0x16, 0xEA, 0x3F, 0x2A, 0xC5, 0x80, 0x49,
    0x91, 0x60, 0x08, 0x92, 0xB6, 0x0F, 0x10, 0x31, 0xA8, 0x2E, 0x00, 0xD9, 0xA7, 0x24, 0xBE, 0x78,
    0x9C, 0x6D, 0x8E, 0x89, 0x0D, 0x00, 0x20, 0x08, 0x03, 0xBB, 0x01, 0xFB, 0x6F, 0xC9, 0x06, 0xD5,
    0x16, 0x34, 0x6A, 0x24, 0xA1, 0x39, 0xCB, 0x23, 0x00, 0x01, 0xA4, 0xC4, 0x19, 0xF5, 0xB0, 0x91,
    0x51, 0x69, 0x91, 0x21, 0xB0, 0x21, 0xB5, 0x31, 0x07, 0xB2, 0x01, 0x6C, 0xE0, 0x86, 0xDD, 0xE3,
    0xBD, 0xB5, 0xF8, 0x86, 0x38, 0xBE, 0xC2, 0x05, 0x9E, 0x90, 0xF0, 0xBD, 0xE0, 0x1B, 0x7D, 0xC5,
    0xD9, 0xC1, 0x55, 0x29, 0x63, 0x00, 0xF8, 0x5C, 0x38, 0xB9, 0x78, 0x9C, 0x65, 0x8E, 0xD1, 0x11,
    0x00, 0x30, 0x04, 0x43, 0x6D, 0x60, 0xFF, 0x2D, 0xB3, 0x41, 0x5A, 0x42, 0xAF, 0x5A, 0x1F, 0x5E,
    0xCE, 0x49, 0x30, 0x83, 0x5B, 0xD6, 0x4B, 0x36, 0xED, 0x23, 0x28, 0xC6, 0x4A, 0x68, 0xCA, 0x96,
    0xCE, 0xDD, 0xA8, 0x18, 0x05, 0xC1, 0x15, 0x44, 0x36, 0xD3, 0x1D, 0xDE, 0x49, 0x5D, 0x46, 0xF3,
    0xD2, 0xE7, 0xF4, 0x28, 0x3C, 0x8F, 0xD5, 0xDF, 0x35, 0x5E, 0xB5, 0x00, 0x30, 0xC1, 0x78, 0x9C,
    0x55, 0x8C, 0xC1, 0x0D, 0x00, 0x20, 0x0C, 0x02, 0xD9, 0xC0, 0xFD, 0xB7, 0x64, 0x03, 0x04, 0xB1,
    0x89, 0x3E, 0xE8, 0x41, 0x4B, 0x0A, 0x08, 0xE0, 0x95, 0x96, 0x69, 0xD9, 0x86, 0xB1, 0x19, 0x89,
    0xE6, 0x89, 0xEE, 0xA8, 0xD4, 0x90, 0xEA, 0x1E, 0x3F, 0xFB, 0x8A, 0xC3, 0xC7, 0xE7, 0xB6, 0x01,
    0xDC, 0xC0, 0x24, 0xEB, 0x78, 0x9C, 0x63, 0x60, 0x80, 0x01, 0x7E, 0x10, 0xF1, 0xFF, 0x3F, 0x90,
    0xF8, 0xF0, 0x1F, 0xCC, 0xE4, 0x67, 0x40, 0x03, 0xFF, 0x11, 0x24, 0x44, 0xC9, 0x07, 0x7E, 0xEC,
    0x24, 0x44, 0xEB, 0x7F, 0x74, 0x4D, 0x28, 0x5A, 0x71, 0x18, 0x00, 0xD5, 0x0A, 0x02, 0xFC, 0x60,
    0x92, 0x01, 0x00, 0x96, 0xE5, 0x23, 0xEC, 0x78, 0x9C, 0x63, 0x60, 0x60, 0x60, 0xE0, 0x07, 0xE2,
    0x0F, 0x40, 0xE2, 0xC3, 0x7F, 0x20, 0x01, 0xC2, 0x60, 0x11, 0x08, 0xF8, 0x8F, 0x42, 0x7C, 0xF8,
    0x0F, 0x55, 0x8A, 0x4E, 0x80, 0x75, 0xFD, 0x27, 0x59, 0x03, 0x9C, 0x0B, 0x00, 0xE7, 0xF3, 0x1B,
    0x22, 0x78, 0x9C, 0x63, 0x60, 0xF8, 0xCF, 0x00, 0x02, 0x60, 0xF2, 0x03, 0x84, 0xE4, 0xC7, 0x4E,
    0xFE, 0xE7, 0x87, 0x2B, 0xC4, 0x24, 0x3F, 0xE0, 0x35, 0x00, 0xAA, 0x15, 0x04, 0xF8, 0xC1, 0x24,
    0x03, 0x2A, 0xF8, 0x8F, 0xAC, 0x16, 0x2E, 0x00, 0x00, 0x57, 0x1D, 0x22, 0xFC, 0x78, 0x9C, 0x63,
    0x60, 0x60, 0xF8, 0xC0, 0xCF, 0x80, 0x4C, 0xFC, 0x07, 0x13, 0x0C, 0x18, 0xC4, 0x87, 0xFF, 0x0C,
    0x18, 0x6A, 0x89, 0xD0, 0x80, 0x10, 0x63, 0x80, 0xEB, 0x42, 0x51, 0x02, 0xE6, 0x01, 0x00, 0xD1,
    0x18, 0x1F, 0xA5, 0x78, 0x9C, 0x63, 0x60, 0x00, 0x82, 0x0F, 0x0C, 0x0C, 0x30, 0xEA, 0x3F, 0x9C,
    0x02, 0xB1, 0x80, 0x98, 0x1F, 0x48, 0xF1, 0xC3, 0x29, 0x06, 0x74, 0xEA, 0x3F, 0x94, 0x62, 0xC0,
    0x49, 0x7D, 0x40, 0xA5, 0xF0, 0x19, 0x02, 0x02, 0xFC, 0x10, 0x8A, 0x81, 0x01, 0x00, 0xE2, 0xEB,
    0x22, 0xCF, 0x78, 0x9C, 0x63, 0x60, 0x80, 0x02, 0x7E, 0x28, 0xF1, 0xFF, 0x03, 0x82, 0x60, 0x60,
    0xF8, 0x00, 0x26, 0xF8, 0xC1, 0x04, 0x03, 0x32, 0xF1, 0x1F, 0x4C, 0x30, 0x60, 0x10, 0x1F, 0xFE,
    0x33, 0x60, 0xA8, 0x45, 0xD2, 0x00, 0xE7, 0x02, 0x00, 0xB2, 0x56, 0x1B, 0xE5, 0x78, 0x9C, 0x63,
    0x60, 0xF8, 0xCF, 0x00, 0x02, 0x60, 0xF2, 0x03, 0x84, 0xE4, 0xC7, 0x4E, 0xFE, 0xE7, 0x87, 0x2A,
    0x04, 0x72, 0xFF, 0x83, 0x15, 0xFF, 0x07, 0x0B, 0x82, 0x45, 0x3E, 0xE0, 0x35, 0x00, 0xAA, 0x15,
    0x04, 0xF8, 0xC1, 0x24, 0x03, 0x00, 0xF0, 0x36, 0x23, 0xDD, 0x78, 0x9C, 0x63, 0x60, 0xF8, 0xCF,
    0x00, 0x04, 0x70, 0xE2, 0x03, 0x98, 0xE0, 0xC7, 0x24, 0xFE, 0x83, 0x09, 0x10, 0xFB, 0x3F, 0x88,
    0x0D, 0x25, 0x3E, 0xF0, 0x13, 0xD0, 0x00, 0xE7, 0x02, 0x00, 0xB5, 0x81, 0x1B, 0x13, 0x78, 0x9C,
    0x63, 0x60, 0x60, 0xF8, 0xCF, 0x00, 0x06, 0x10, 0xEA, 0x03, 0x94, 0xE2, 0xC7, 0x4D, 0xFD, 0xE7,
    0x07, 0xAB, 0xFD, 0xCF, 0xFF, 0x1F, 0x4C, 0x81, 0x49, 0x06, 0x64, 0xF2, 0x03, 0x94, 0xC2, 0x67,
    0xD6, 0x7F, 0x28, 0x05, 0x02, 0xFC, 0x10, 0x8A, 0x01, 0x00, 0x18, 0xC5, 0x27, 0xD9, 0x78, 0x9C,
    0x63, 0x60, 0xF8, 0xF0, 0x9F, 0x81, 0x81, 0xE1, 0x03, 0x3F, 0x26, 0xF1, 0x1F, 0x4C, 0x30, 0x80,
    0x08, 0x10, 0xFF, 0x3F, 0x90, 0xF9, 0x01, 0x8C, 0x41, 0x04, 0x01, 0x0D, 0x08, 0x02, 0x26, 0x01,
    0x00, 0x15, 0x3F, 0x1B, 0xE5, 0x78, 0x9C, 0x6D, 0x8E, 0xC1, 0x0D, 0xC0, 0x30, 0x08, 0x03, 0xBD,
    0x81, 0xF7, 0xDF, 0x92, 0x0D, 0x2E, 0x29, 0x84, 0x2A, 0x55, 0xE1, 0x01, 0x27, 0x84, 0x8D, 0xA5,
    0x4F, 0x45, 0x4F, 0x5C, 0xD0, 0x33, 0xD0, 0x5C, 0xB9, 0x0F, 0x9F, 0xCB, 0xDD, 0x4A, 0x8A, 0x2E,
    0x30, 0x13, 0x3C, 0x96, 0x78, 0x4B, 0x53, 0xAD, 0x3F, 0x14, 0xBF, 0x90, 0xF7, 0xF9, 0xC1, 0xED,
    0x30, 0x82, 0xA0, 0xD3, 0x70, 0xF2, 0xE1, 0x2B, 0xE8, 0x02, 0x9A, 0x31, 0x3F, 0xEE, 0x78, 0x9C,
    0x7D, 0x8E, 0x01, 0x0A, 0x00, 0x20, 0x08, 0x03, 0xF7, 0x83, 0xFD, 0xFF, 0x97, 0xFE, 0x60, 0x95,
    0x5A, 0x18, 0x49, 0x03, 0x3D, 0x04, 0x0F, 0x05, 0x6A, 0x14, 0xB0, 0xA4, 0x78, 0x8D, 0x46, 0x7C,
    0x22, 0x48, 0xBE, 0x64, 0x5A, 0xDE, 0xEC, 0x2E, 0x9E, 0x62, 0x43, 0xC6, 0x0D, 0x27, 0x5E, 0x6A,
    0x33, 0x7F, 0x48, 0xAD, 0x72, 0x00, 0x4D, 0xDC, 0x2F, 0x77, 0x78, 0x9C, 0x6D, 0x8E, 0x89, 0x09,
    0x00, 0x30, 0x08, 0x03, 0xB3, 0x81, 0xFB, 0x6F, 0xE9, 0x06, 0xA9, 0x0F, 0x69, 0x4B, 0xAB, 0xA0,
    0x1C, 0x98, 0x68, 0x00, 0x22, 0xCA, 0x0D, 0x60, 0x74, 0x0E, 0x6F, 0xC0, 0x05, 0xC6, 0x09, 0x9C,
    0xA9, 0x0F, 0x6B, 0xB9, 0xF1, 0x43, 0xF3, 0x86, 0xD2, 0xD7, 0x07, 0xD3, 0x85, 0x11, 0x40, 0x2A,
    0x4D, 0x39, 0x3A, 0xD6, 0x09, 0x3A, 0x95, 0x53, 0xF4, 0x82, 0x36, 0x0B, 0x5C, 0x31, 0x3F, 0xDF,
    0x78, 0x9C, 0x65, 0xCB, 0x81, 0x0D, 0x00, 0x30, 0x04, 0x44, 0xD1, 0xBF, 0x81, 0xFD, 0xB7, 0xB4,
    0xC1, 0x55, 0x8F, 0xB4, 0x49, 0x2B, 0x78, 0x21, 0x80, 0x90, 0x20, 0x23, 0xA5, 0xA0, 0x5A, 0xD5,
    0x4E, 0x13, 0x1F, 0x81, 0x06, 0x5E, 0x34, 0xF8, 0x9B, 0xBE, 0xBF, 0x9C, 0xF0, 0x7C, 0x57, 0x8D,
    0x5F, 0xA6, 0x2F, 0x8D, 0x5F, 0x2F, 0x68, 0x78, 0x9C, 0x6D, 0x8E, 0x81, 0x09, 0xC0, 0x30, 0x0C,
    0xC3, 0xFC, 0x81, 0xFF, 0xFF, 0x32, 0x1F, 0x68, 0xAD, 0xB3, 0x8E, 0xC0, 0xEA, 0x42, 0x10, 0x54,
    0x24, 0x96, 0x46, 0xAC, 0x72, 0x80, 0xF5, 0x92, 0xC2, 0xBA, 0x26, 0xFF, 0xDB, 0x8E, 0xB0, 0x46,
    0x9B, 0x68, 0x80, 0xB9, 0x41, 0xB1, 0xFD, 0xEA, 0x5B, 0xE8, 0x0F, 0xCD, 0x1F, 0xC4, 0xCF, 0x05,
    0x9F, 0x0D, 0x57, 0x10, 0x9C, 0x36, 0xBC, 0xFD, 0xF0, 0x28, 0xFA, 0x00, 0xC7, 0xDD, 0x3F, 0x0D,
    0x78, 0x9C, 0x7D, 0x8B, 0x89, 0x09, 0x00, 0x30, 0x08, 0x03, 0xB3, 0x81, 0xFB, 0x6F, 0xE9, 0x06,
    0xD7, 0x60, 0x5F, 0x68, 0xA9, 0x98, 0x1C, 0x3E, 0x91, 0x56, 0xA5, 0x3B, 0x54, 0x46, 0x2D, 0xA8,
    0xD1, 0x44, 0x9F, 0xA2, 0xDF, 0x33, 0x12, 0xFC, 0x6F, 0xB7, 0xB4, 0x15, 0x0F, 0x5A, 0x4C, 0xEA,
    0x26, 0x93, 0x3D, 0xA2, 0x11, 0x3B, 0xD9, 0x00, 0xD3, 0xB7, 0x30, 0x76, 0x78, 0x9C, 0x5D, 0xCC,
    0xC7, 0x01, 0x00, 0x20, 0x08, 0x04, 0x41, 0x3A, 0xB0, 0xFF, 0x2E, 0xE9, 0x60, 0x15, 0x0E, 0x03,
    0xF2, 0x1A, 0x8E, 0x60, 0x98, 0xCA, 0x19, 0xA5, 0x03, 0xB7, 0x9D, 0xEC, 0x60, 0xDC, 0x60, 0x19,
    0x14, 0x42, 0x9E, 0xC4, 0x87, 0x04, 0xD4, 0x6A, 0x74, 0x82, 0x3D, 0xE0, 0x20, 0x8F, 0xFE, 0x71,
    0x83, 0x37, 0xDC, 0x7F, 0xC2, 0x04, 0xBD, 0x3C, 0x2E, 0x00, 0x78, 0x9C, 0x7D, 0x8E, 0x51, 0x0E,
    0x00, 0x20, 0x08, 0x42, 0xB9, 0x41, 0xF7, 0xBF, 0x25, 0x37, 0x20, 0x91, 0x55, 0x5B, 0x6B, 0xF9,
    0xA1, 0x4F, 0x19, 0x4C, 0x40, 0xA0, 0x06, 0xAA, 0x44, 0xC9, 0x54, 0xA3, 0x96, 0x06, 0xA4, 0x31,
    0xFA, 0x0B, 0xB4, 0x01, 0x7F, 0xA0, 0x92, 0x67, 0xEB, 0x81, 0xB8, 0xC7, 0x15, 0xCC, 0x15, 0xEC,
    0x66, 0xD5, 0x1F, 0xB5, 0xDA, 0xD7, 0x09, 0x32, 0xF5, 0x36, 0xAC, 0x78, 0x9C, 0x65, 0xCD, 0x8B,
    0x09, 0x00, 0x20, 0x08, 0x45, 0xD1, 0xBB, 0xC1, 0xDB, 0x7F, 0x4B, 0x37, 0x78, 0xA9, 0x09, 0x45,
    0x85, 0x79, 0x10, 0xFC, 0x80, 0xB1, 0x21, 0x14, 0xB6, 0xC8, 0x94, 0xBF, 0xA2, 0xD1, 0x87, 0xF0,
    0xC0, 0x8B, 0x87, 0x9E, 0x66, 0xF7, 0x1F, 0xEA, 0xC5, 0xA0, 0x9B, 0xDA, 0xD7, 0x77, 0x9B, 0x2C,
    0x16, 0xDA, 0xF3, 0x32, 0x74, 0x78, 0x9C, 0x75, 0x8E, 0x89, 0x09, 0x00, 0x30, 0x08, 0x03, 0xB3,
    0x41, 0xF6, 0xDF, 0xD2, 0x0D, 0x52, 0x35, 0xB4, 0x94, 0x4A, 0x05, 0xF1, 0x7C, 0xA2, 0x02, 0x80,
    0x24, 0x02, 0x37, 0x0C, 0x8B, 0x6B, 0x44, 0x8E, 0xE9, 0x55, 0x52, 0x77, 0xD3, 0xBB, 0xBF, 0xAB,
    0x0D, 0x16, 0x30, 0x26, 0xF0, 0x01, 0xFC, 0x20, 0x0E, 0x10, 0x96, 0xD7, 0xFA, 0x7D, 0xD3, 0x09,
    0xFD, 0x9F, 0xFF, 0x2A, 0xAA, 0xB0, 0x00, 0xE0, 0xFE, 0x3B, 0xF2, 0x78, 0x9C, 0x75, 0x8D, 0xD1,
    0x09, 0x00, 0x40, 0x08, 0x42, 0xDD, 0xC0, 0xFD, 0xB7, 0x6C, 0x03, 0x3B, 0x2B, 0x3F, 0x2F, 0x82,
    0x07, 0xA6, 0x06, 0x94, 0x24, 0x62, 0x80, 0xCF, 0xD4, 0x9E, 0x62, 0xF4, 0xC2, 0x8A, 0x58, 0x07,
    0xDA, 0x15, 0xD8, 0xF5, 0xC4, 0xCD, 0x20, 0xD8, 0xE8, 0x80, 0x29, 0xB9, 0xCA, 0x7B, 0xD0, 0x6F,
    0xA7, 0x2F, 0xC2, 0x78, 0x9C, 0x75, 0x8E, 0x89, 0x0D, 0xC0, 0x30, 0x08, 0x03, 0xBD, 0x81, 0xF7,
    0xDF, 0xD2, 0x1B, 0xB8, 0x51, 0xAE, 0x4D, 0x3F, 0x05, 0x09, 0x7C, 0x20, 0x3E, 0xE9, 0x61, 0x96,
    0x3A, 0xA1, 0x8A, 0x81, 0x52, 0x50, 0x6A, 0xBD, 0x2C, 0xED, 0x6A, 0x29, 0x3A, 0xDC, 0x62, 0x45,
    0x46, 0x60, 0xC5, 0x55, 0x9D, 0xC0, 0x80, 0xF3, 0x07, 0x7F, 0x40, 0x3B, 0xC8, 0x02, 0x8B, 0xF1,
    0xFA, 0xBE, 0x49, 0x62, 0xFE, 0x3B, 0x7F, 0x0F, 0x7A, 0x00, 0x5E, 0x73, 0x3D, 0xE1, 0x78, 0x9C,
    0x65, 0x8D, 0xD1, 0x09, 0x00, 0x40, 0x08, 0x42, 0xDD, 0xC0, 0xFD, 0xB7, 0x6C, 0x03, 0xAF, 0xD2,
    0xBE, 0x4E, 0x88, 0x07, 0xA5, 0x06, 0x44, 0xD5, 0xA3, 0x06, 0x01, 0x2E, 0xC4, 0xD9, 0x48, 0x7B,
    0x14, 0x3E, 0x95, 0x4F, 0xED, 0xE0, 0x1A, 0xC6, 0x33, 0x1B, 0xB1, 0x82, 0x29, 0xA8, 0x83, 0xEB,
    0xE8, 0x0C, 0x0E, 0x8E, 0xCA, 0x1F, 0x53, 0x92, 0xCA, 0x3C, 0x78, 0x94, 0x78, 0x31, 0xCF, 0x78,
    0x9C, 0x65, 0x8E, 0x89, 0x0D, 0x00, 0x20, 0x08, 0x03, 0xBB, 0x41, 0xF7, 0xDF, 0x92, 0x0D, 0x10,
    0x28, 0xC4, 0x8F, 0x44, 0x39, 0x9F, 0xD3, 0x02, 0x67, 0x19, 0x8C, 0x05, 0xDE, 0x10, 0xB3, 0x5F,
    0x1B, 0x60, 0x5C, 0xBA, 0x1D, 0xF7, 0x76, 0xA2, 0xD4, 0x63, 0xB0, 0x9C, 0x3C, 0x45, 0x9B, 0xB3,
    0x5B, 0x20, 0x81, 0xF6, 0x03, 0x1F, 0x78, 0x13, 0xED, 0x68, 0x47, 0x46, 0xE9, 0xF9, 0xFC, 0xFC,
    0xA9, 0x05, 0x95, 0x4F, 0xB9, 0x92, 0xB2, 0x2D, 0x59, 0x26, 0x3E, 0xC2, 0x78, 0x9C, 0x55, 0x8D,
    0x89, 0x0D, 0x00, 0x30, 0x08, 0x02, 0xD9, 0x80, 0xFD, 0xB7, 0x74, 0x03, 0x6A, 0x21, 0xD6, 0x54,
    0x8D, 0x17, 0x3F, 0x04, 0x80, 0x42, 0x4C, 0x2C, 0x9A, 0xED, 0xB7, 0xFD, 0xCA, 0x70, 0x17, 0x3F,
    0x2B, 0x29, 0xD7, 0x12, 0x5D, 0xDE, 0x80, 0x25, 0xBA, 0x51, 0x43, 0xCF, 0x96, 0xDE, 0xED, 0xA4,
    0x7C, 0x58, 0xD2, 0x12, 0x21, 0x57, 0x6E, 0xE4, 0xE7, 0xDD, 0x01, 0xBE, 0xAE, 0x31, 0xC0, 0x78,
    0x9C, 0x75, 0xCF, 0x51, 0x12, 0x00, 0x10, 0x08, 0x04, 0xD0, 0xBD, 0x41, 0xF7, 0xBF, 0xA5, 0x1B,
    0x2C, 0xB5, 0x52, 0xC6, 0xF0, 0xE3, 0xCD, 0x52, 0x01, 0x00, 0xD4, 0xB2, 0xA2, 0x9B, 0x04, 0x86,
    0x67, 0x6B, 0x23, 0xCA, 0x56, 0x56, 0xC9, 0xF6, 0x09, 0x74, 0x5D, 0xC1, 0xED, 0x38, 0x55, 0xFB,
    0x72, 0xB6, 0xE4, 0xD3, 0xFE, 0xEB, 0xF6, 0x9C, 0x18, 0xC9, 0x34, 0x73, 0x54, 0xFB, 0x8A, 0x2A,
    0xD2, 0x13, 0xBD, 0x3D, 0x4B, 0xD3, 0x78, 0x9C, 0x5D, 0x8E, 0x81, 0x0D, 0x00, 0x21, 0x0C, 0x02,
    0xD9, 0x80, 0xFD, 0xB7, 0x64, 0x03, 0x1E, 0xB1, 0xBE, 0x89, 0xA6, 0xB9, 0xD2, 0x48, 0x53, 0x00,
    0xD9, 0x08, 0x08, 0xC0, 0x4E, 0x2B, 0xE4, 0x94, 0xD2, 0x33, 0xF7, 0x63, 0x41, 0x65, 0x8D, 0xE2,
    0x23, 0xF7, 0xFB, 0x25, 0x97, 0xB5, 0xAB, 0xC3, 0x91, 0x3C, 0xA7, 0x2A, 0xF7, 0xC2, 0x1C, 0x8B,
    0x83, 0x37, 0xC2, 0xC9, 0xD4, 0x74, 0x1F, 0xC1, 0xDC, 0x44, 0xE9, 0x78, 0x9C, 0x65, 0x8C, 0x8B,
    0x11, 0x00, 0x20, 0x08, 0x42, 0xDD, 0xA0, 0xFD, 0xB7, 0x64, 0x03, 0x4A, 0xA0, 0xBB, 0x3E, 0x9C,
    0xDD, 0xD3, 0x14, 0xAA, 0x4E, 0x0D, 0x03, 0x0C, 0x3C, 0x07, 0x8F, 0xB8, 0xB4, 0x49, 0x7B, 0xDA,
    0x80, 0x61, 0x87, 0x88, 0x9F, 0xCC, 0xDE, 0x54, 0xA9, 0x4F, 0xCC, 0x8E, 0x5D, 0x71, 0x08, 0x75,
    0xD2, 0xF6, 0x3E, 0xC3, 0xF3, 0xF4, 0xC7, 0xBA, 0xE2, 0x7A, 0x98, 0xA6, 0xB2, 0x3D, 0x0F, 0x78,
    0x9C, 0x63, 0x60, 0x40, 0x80, 0xFF, 0x60, 0xF2, 0x03, 0x84, 0xFA, 0xCF, 0x8F, 0xCC, 0x61, 0xC0,
    0x09, 0xFE, 0x83, 0x55, 0x7E, 0xE0, 0xFF, 0x00, 0xA6, 0x50, 0x74, 0xC1, 0x28, 0x7E, 0x64, 0xEA,
    0x3F, 0x3F, 0xB2, 0x89, 0xD8, 0x28, 0xAC, 0xDA, 0x00, 0x3D, 0x53, 0x1C, 0xC6, 0x78, 0x9C, 0x75,
    0x8D, 0x01, 0x0A, 0x00, 0x20, 0x08, 0x03, 0xF7, 0x03, 0xFF, 0xFF, 0x4B, 0x7F, 0xB0, 0xD4, 0x89,
    0x46, 0xD0, 0x30, 0x2E, 0xB3, 0x4D, 0x80, 0x21, 0x84, 0xA8, 0x8B, 0x67, 0x43, 0x83, 0x5B, 0xD0,
    0x3F, 0x8C, 0x39, 0x8B, 0x55, 0x48, 0x5F, 0xDB, 0x37, 0x4E, 0x49, 0xDE, 0x5F, 0xD2, 0x36, 0x34,
    0x71, 0x0E, 0xB1, 0x71, 0x57, 0xAC, 0x9A, 0x57, 0x15, 0xAB, 0x0D, 0x37, 0xFB, 0xF9, 0x00, 0x6F,
    0xCB, 0x3C, 0xD3, 0x78, 0x9C, 0x63, 0x60, 0x60, 0xF8, 0xCF, 0xF0, 0x9F, 0x9F, 0x81, 0xE1, 0x03,
    0xFF, 0x07, 0x30, 0x05, 0x22, 0x40, 0x14, 0x03, 0x32, 0xC5, 0x8F, 0x4C, 0xFD, 0x87, 0x52, 0x0C,
    0x38, 0x29, 0xAC, 0xDA, 0x50, 0x01, 0xD4, 0x10, 0x06, 0x64, 0x95, 0xFF, 0x21, 0x1C, 0x00, 0x29,
    0xE8, 0x1A, 0xE6, 0x78, 0x9C, 0x6D, 0x8C, 0x01, 0x0E, 0xC0, 0x30, 0x08, 0x02, 0xF9, 0x81, 0xFF,
    0xFF, 0x25, 0x3F, 0xA0, 0x03, 0x6D, 0x93, 0x6D, 0x35, 0x9A, 0x53, 0x54, 0x80, 0x13, 0x2C, 0xA8,
    0x4C, 0x51, 0x11, 0x24, 0x5C, 0x42, 0x6A, 0x5D, 0xDD, 0x30, 0x55, 0xFE, 0x06, 0x36, 0xF9, 0xA7,
    0x66, 0xDF, 0x4C, 0xA6, 0x1F, 0x9B, 0x6D, 0xFB, 0xD8, 0x71, 0x98, 0x13, 0xBF, 0xFB, 0x8C, 0x9F,
    0x8A, 0x26, 0xBC, 0xEC, 0x3C, 0x2C, 0xBB, 0x0C, 0x3F, 0xEE, 0x78, 0x9C, 0x75, 0x8D, 0xC1, 0x09,
    0x00, 0x30, 0x08, 0x03, 0xB3, 0x41, 0xF6, 0xDF, 0x32, 0x1B, 0xA4, 0x25, 0x2A, 0xF4, 0x51, 0x03,
    0x72, 0x41, 0x4E, 0x04, 0x3A, 0x06, 0xC4, 0xCC, 0x6D, 0x90, 0xCD, 0x6C, 0x8D, 0x2D, 0x86, 0xE3,
    0x2B, 0x28, 0x5D, 0xA5, 0x0F, 0xF8, 0xC2, 0x9C, 0x3F, 0x1B, 0xBE, 0x67, 0x07, 0x45, 0x8E, 0x1E,
    0xD3, 0x78, 0x9C, 0x65, 0x8E, 0x01, 0x0E, 0x00, 0x20, 0x08, 0x02, 0xFD, 0x01, 0xFF, 0xFF, 0xA5,
    0x3F, 0x30, 0x51, 0x5C, 0xB9, 0xD8, 0xDA, 0xD9, 0x30, 0xC2, 0x8C, 0x72, 0x6B, 0x85, 0xD0, 0x74,
    0x5D, 0xC7, 0x95, 0xBC, 0xED, 0x44, 0x0D, 0x01, 0x1D, 0x6D, 0xC6, 0xCE, 0xBA, 0xC4, 0x3C, 0xC7,
    0xFA, 0x65, 0xF2, 0x5E, 0x67, 0x56, 0x7F, 0xD6, 0x98, 0x3E, 0xBB, 0x55, 0x3F, 0xB6, 0x40, 0xC7,
    0x11, 0x07, 0xDB, 0x20, 0x2F, 0xB3, 0x78, 0x9C, 0x63, 0x60, 0x40, 0x80, 0x0F, 0xFC, 0x60, 0xEA,
    0x3F, 0x98, 0xFA, 0xF0, 0x1F, 0x99, 0xC3, 0xCF, 0x80, 0x13, 0xFC, 0xFF, 0x0F, 0x21, 0xC1, 0xF4,
    0x7F, 0x30, 0x82, 0x2A, 0x87, 0x51, 0xFF, 0x91, 0x15, 0x02, 0xB9, 0x68, 0xC2, 0x08, 0xC5, 0xFC,
    0x60, 0x0A, 0x24, 0x01, 0x12, 0x84, 0x1A, 0x09, 0xD1, 0x07, 0x00, 0x7D, 0x22, 0x23, 0xEC, 0x78,
    0x9C, 0x6D, 0x8E, 0x01, 0x0E, 0x00, 0x20, 0x08, 0x02, 0xFD, 0x81, 0xFF, 0xFF, 0x65, 0x3F, 0xA0,
    0x80, 0x5A, 0xBA, 0x72, 0xB9, 0xB3, 0x89, 0x4A, 0xC4, 0x8D, 0x81, 0x14, 0x31, 0xA0, 0x6F, 0x86,
    0xA9, 0x57, 0x65, 0xD8, 0x50, 0xC1, 0x21, 0xA5, 0xA5, 0x9E, 0xF9, 0x31, 0xFB, 0x95, 0x00, 0xDA,
    0xBE, 0xDA, 0x39, 0xD2, 0x97, 0x2A, 0x57, 0x9F, 0x16, 0x65, 0x93, 0x2E, 0xD2, 0xEB, 0x88, 0x09,
    0x3D, 0x17, 0x31, 0xB1, 0x78, 0x9C, 0x5D, 0x8D, 0x89, 0x09, 0x00, 0x30, 0x0C, 0x02, 0xDD, 0xC0,
    0xFD, 0xB7, 0x74, 0x03, 0xDB, 0x7C, 0xA4, 0x34, 0x08, 0x47, 0xC4, 0x44, 0x60, 0x46, 0x66, 0xC0,
    0x74, 0x02, 0xB1, 0x8A, 0x21, 0xE8, 0x1A, 0xC4, 0x3F, 0xAE, 0xA0, 0x93, 0x4E, 0xA9, 0x52, 0x03,
    0xBF, 0xC1, 0x29, 0x58, 0x7B, 0xC3, 0x5D, 0xE5, 0x32, 0xFB, 0x65, 0xDD, 0x1D, 0x05, 0x64, 0x26,
    0xF8, 0x78, 0x9C, 0x6D, 0x8E, 0xC9, 0x0D, 0x00, 0x30, 0x08, 0xC3, 0xBC, 0x01, 0xFB, 0x6F, 0xC9,
    0x06, 0x69, 0xB9, 0x3E, 0xB4, 0x0F, 0xE4, 0x28, 0x01, 0x14, 0xC0, 0x25, 0x48, 0xA4, 0x90, 0xF5,
    0x84, 0x47, 0x91, 0x1F, 0xAD, 0xE8, 0x23, 0xA4, 0x31, 0xB4, 0x93, 0x59, 0x7D, 0x99, 0xF2, 0xE6,
    0x2E, 0x72, 0x88, 0x16, 0x56, 0xEF, 0xEC, 0x7F, 0xB4, 0x8A, 0xB4, 0xDF, 0xF6, 0x01, 0x53, 0xEF,
    0x30, 0xC1, 0x78, 0x9C, 0x63, 0x60, 0x60, 0xF8, 0xFF, 0x9F, 0x81, 0x01, 0x44, 0x82, 0xE9, 0xFF,
    0x60, 0xF4, 0x81, 0x1F, 0x24, 0x04, 0xA7, 0xC0, 0x0A, 0x60, 0x0A, 0x81, 0x5C, 0x34, 0x61, 0x84,
    0x62, 0x7E, 0x30, 0x05, 0x92, 0x00, 0x09, 0x42, 0x8D, 0x84, 0xEB, 0x83, 0x2A, 0x67, 0x40, 0x36,
    0x9B, 0x01, 0xD9, 0x26, 0x88, 0x49, 0x00, 0x7A, 0xEF, 0x22, 0xED, 0x78, 0x9C, 0x6D, 0x4E, 0x81,
    0x0D, 0x00, 0x30, 0x04, 0xEB, 0x07, 0xFE, 0xFF, 0xD2, 0x07, 0x1D, 0x1D, 0xCB, 0x96, 0x29, 0xD2,
    0x46, 0x11, 0xC0, 0x81, 0x5B, 0x66, 0x80, 0x11, 0x6A, 0xD0, 0x30, 0xC0, 0xC9, 0x22, 0x89, 0x1C,
    0x52, 0x65, 0x0F, 0xA8, 0xDD, 0x81, 0xAD, 0xD7, 0x4B, 0x90, 0xCF, 0xBD, 0xDB, 0xE9, 0xD1, 0x9F,
    0x25, 0xC3, 0x77, 0x42, 0x85, 0xFC, 0x62, 0x7F, 0x2D, 0x5A, 0x4C, 0x0A, 0x2E, 0xE1, 0x78, 0x9C,
    0x7D, 0x8C, 0xD1, 0x11, 0x00, 0x20, 0x08, 0x42, 0xD9, 0x80, 0xFD, 0xB7, 0x6C, 0x03, 0x4A, 0xD1,
    0xB3, 0x7E, 0xE2, 0x07, 0x4F, 0xE0, 0x01, 0xAD, 0x45, 0x40, 0x71, 0x28, 0xCF, 0xE3, 0x92, 0x03,
    0x11, 0x3F, 0x55, 0x4D, 0xD5, 0x97, 0x31, 0x8B, 0x83, 0x35, 0xE5, 0xAD, 0x0F, 0x76, 0x92, 0x7B,
    0x42, 0x7B, 0x84, 0xF9, 0x6F, 0x7C, 0xED, 0x37, 0xA3, 0x72, 0x26, 0xDA, 0x78, 0x9C, 0xFB, 0xF0,
    0x1F, 0x0C, 0x18, 0x3E, 0x40, 0x69, 0x20, 0x00, 0x13, 0xB8, 0xE9, 0x0F, 0x30, 0x9A, 0x1F, 0x3F,
    0xFD, 0x1F, 0x9D, 0x26, 0xD3, 0x58, 0x74, 0xE5, 0xD8, 0xAD, 0x83, 0x09, 0x03, 0x00, 0xEA, 0xC2,
    0x27, 0xCA, 0x78, 0x9C, 0x63, 0x60, 0x00, 0x83, 0xFF, 0x28, 0xC4, 0x87, 0xFF, 0x20, 0xFC, 0xFF,
    0x3F, 0x3F, 0x98, 0x60, 0xF8, 0xC0, 0x0F, 0x12, 0x03, 0x11, 0xFF, 0xF9, 0xB1, 0xAA, 0x85, 0x12,
    0x70, 0x65, 0x50, 0x31, 0x90, 0x6A, 0x30, 0xF1, 0x01, 0xAE, 0x03, 0x2C, 0xCD, 0x00, 0x53, 0x08,
    0x36, 0x0E, 0x00, 0xFF, 0xA6, 0x24, 0xCD, 0x78, 0x9C, 0x63, 0x60, 0x80, 0x81, 0x0F, 0xFC, 0x20,
    0x04, 0xA4, 0xFF, 0x7F, 0xF8, 0x0F, 0x16, 0xF8, 0xFF, 0x9F, 0x9F, 0x01, 0x03, 0x7C, 0xF8, 0x0F,
    0x06, 0x70, 0x1A, 0xA4, 0x0E, 0x2A, 0x85, 0x83, 0xFE, 0x00, 0xA3, 0xF9, 0xF1, 0xD3, 0xFF, 0xD1,
    0x69, 0xB2, 0x8C, 0x05, 0x00, 0xC7, 0x5F, 0x29, 0xAA, 0x78, 0x9C, 0x63, 0x60, 0x80, 0x81, 0x0F,
    0xFC, 0x48, 0x24, 0x03, 0x8C, 0xFC, 0x0F, 0x84, 0x20, 0x92, 0x1F, 0x4C, 0x82, 0x04, 0xFF, 0x83,
    0x89, 0xFF, 0xFF, 0xF9, 0xA1, 0x24, 0x8A, 0xC6, 0xFF, 0x10, 0x92, 0x01, 0x8D, 0xFC, 0x80, 0x4C,
    0x22, 0xDB, 0x03, 0x15, 0x07, 0x6B, 0x03, 0x93, 0x00, 0x81, 0x60, 0x24, 0xAF, 0x78, 0x9C, 0xFB,
    0xF0, 0x1F, 0x0C, 0x18, 0x3E, 0x40, 0x69, 0x20, 0x00, 0x13, 0xB8, 0xE9, 0x0F, 0x30, 0x9A, 0x1F,
    0x99, 0x06, 0xEB, 0xE7, 0x87, 0xD2, 0x28, 0xF2, 0xFF, 0xF9, 0xB1, 0x1A, 0x43, 0x9C, 0xB1, 0x0C,
    0x00, 0x79, 0x26, 0x29, 0x9B, 0x78, 0x9C, 0x63, 0x60, 0xF8, 0xC0, 0xCF, 0x00, 0x04, 0xC8, 0xE4,
    0x7F, 0x10, 0xF9, 0x1F, 0x08, 0x60, 0x24, 0xC3, 0x7F, 0xB0, 0xE4, 0x7F, 0x34, 0x85, 0x1F, 0x80,
    0x92, 0xFC, 0x60, 0x12, 0x55, 0x2B, 0x44, 0x39, 0x8C, 0x84, 0x88, 0x40, 0xD4, 0x80, 0x48, 0x00,
    0xD5, 0x86, 0x23, 0xDD, 0x78, 0x9C, 0x6D, 0x8E, 0xC1, 0x0D, 0x00, 0x31, 0x08, 0xC3, 0xBC, 0x01,
    0xFB, 0x6F, 0xC9, 0x06, 0xB9, 0x00, 0xEA, 0xA9, 0xAA, 0xE0, 0x51, 0x23, 0x6A, 0x50, 0x80, 0x14,
    0x04, 0x20, 0x45, 0x9A, 0x19, 0xE9, 0xAE, 0xD8, 0x3F, 0x6F, 0x95, 0x62, 0x97, 0x52, 0x4A, 0x18,
    0x06, 0x62, 0xE5, 0x9C, 0xD0, 0xE1, 0xBF, 0xBE, 0xF2, 0x3E, 0xB7, 0xD1, 0x4F, 0x7B, 0x9A, 0xD0,
    0x33, 0x73, 0x75, 0xB0, 0x0E, 0xCD, 0x07, 0x6A, 0x4F, 0x3B, 0x11, 0x78, 0x9C, 0x75, 0x8C, 0x81,
    0x0D, 0xC0, 0x30, 0x08, 0xC3, 0xFC, 0x41, 0xFF, 0xFF, 0x92, 0x0F, 0xDC, 0xAC, 0xA8, 0xAD, 0xB4,
    0x69, 0x08, 0xB0, 0x48, 0x50, 0x00, 0x07, 0x05, 0x94, 0x62, 0x98, 0x1D, 0x05, 0xA2, 0x3E, 0xE7,
    0x5F, 0xD5, 0xE8, 0x71, 0x93, 0x2F, 0xDD, 0xA4, 0xB3, 0x6C, 0xEB, 0xCD, 0xF2, 0xC6, 0x9D, 0x48,
    0xD3, 0x8B, 0xDA, 0xBF, 0x2E, 0x6F, 0x02, 0xDA, 0xF4, 0x30, 0xC1, 0x78, 0x9C, 0x6D, 0x8E, 0xC1,
    0x0D, 0x00, 0x30, 0x08, 0x02, 0xD9, 0xC0, 0xFD, 0xB7, 0x64, 0x03, 0x6A, 0xA9, 0x36, 0x6D, 0x22,
    0x0F, 0x2F, 0x2A, 0x12, 0x01, 0x50, 0x12, 0x52, 0x2A, 0xFE, 0x62, 0x78, 0x07, 0x6D, 0xB2, 0x19,
    0x10, 0x46, 0xF2, 0x44, 0x35, 0xEF, 0xF9, 0xC8, 0x37, 0x6E, 0x62, 0x16, 0xFB, 0x64, 0x6B, 0xCD,
    0xFA, 0x4B, 0xB9, 0x5D, 0x2F, 0xD7, 0x37, 0x06, 0x78, 0x9C, 0x6D, 0xCC, 0xD1, 0x09, 0x00, 0x30,
    0x08, 0x43, 0xC1, 0x6C, 0xE0, 0xFE, 0x5B, 0xBA, 0xC1, 0xAB, 0xA6, 0xFA, 0x53, 0x2A, 0xC8, 0x41,
    0x94, 0x48, 0x09, 0x48, 0xCB, 0x6F, 0x32, 0xBC, 0x0C, 0x7A, 0x61, 0xA8, 0x8E, 0x4B, 0xBC, 0x24,
    0x5B, 0xD2, 0xD4, 0x7F, 0x07, 0x06, 0x9C, 0xF8, 0x7E, 0x00, 0x06, 0x99, 0x2D, 0xA6, 0x78, 0x9C,
    0x6D, 0x8E, 0xDB, 0x0D, 0x00, 0x20, 0x08, 0x03, 0xBB, 0x01, 0xFB, 0x6F, 0xC9, 0x06, 0x55, 0xCB,
    0x43, 0x13, 0xE1, 0x83, 0x0B, 0x70, 0x10, 0x80, 0x0E, 0x02, 0x6E, 0x50, 0xE2, 0xA9, 0x9D, 0xB4,
    0x18, 0xF0, 0x4A, 0xA1, 0x6C, 0x41, 0x33, 0x2F, 0xD6, 0xCA, 0x47, 0x17, 0x59, 0xEC, 0xF5, 0x91,
    0xEF, 0xB9, 0x89, 0x3B, 0xC9, 0xA3, 0xD4, 0xEC, 0x31, 0xDF, 0x8B, 0x6F, 0x17, 0xEE, 0xFA, 0x38,
    0x14, 0x78, 0x9C, 0x5D, 0x8C, 0x01, 0x0A, 0x00, 0x30, 0x08, 0x02, 0xFB, 0x41, 0xFF, 0xFF, 0x65,
    0x3F, 0xB8, 0xA5, 0x6B, 0xB0, 0x4D, 0x90, 0x83, 0xD4, 0x22, 0x46, 0xD5, 0xC6, 0xA8, 0xB4, 0x11,
    0x00, 0x87, 0xC4, 0xAF, 0xBB, 0x95, 0x5A, 0x7E, 0x60, 0xB0, 0xB7, 0xB8, 0xFF, 0xA2, 0x38, 0x4F,
    0x84, 0xEE, 0xEB, 0x60, 0x80, 0x2F, 0xCE, 0x17, 0x2A, 0xD3, 0x31, 0x93, 0x78, 0x9C, 0x6D, 0x8F,
    0xC1, 0x0D, 0x00, 0x20, 0x08, 0x03, 0x6F, 0x03, 0xF6, 0xDF, 0xD2, 0x0D, 0xAA, 0x69, 0xD5, 0x18,
    0x03, 0x0F, 0x2E, 0x14, 0x4A, 0x00, 0x60, 0x08, 0x87, 0x46, 0x99, 0xC5, 0xC7, 0xAD, 0x9F, 0xB9,
    0x14, 0xD6, 0x84, 0x2A, 0x9D, 0xB0, 0x10, 0x2D, 0xE3, 0xD5, 0xE1, 0xB5, 0xB7, 0x7C, 0xD7, 0x75,
    0x5C, 0xC9, 0x73, 0xCA, 0x4D, 0xD1, 0x56, 0xE4, 0x0B, 0x97, 0x13, 0xE8, 0x19, 0x36, 0x43, 0x78,
    0x9C, 0x5D, 0x8C, 0xD1, 0x11, 0x00, 0x30, 0x04, 0x43, 0xB3, 0x81, 0xFD, 0xB7, 0xB4, 0xC1, 0x2B,
    0xA9, 0x7E, 0x68, 0x9C, 0x7B, 0x27, 0x82, 0xA4, 0x24, 0x54, 0xA2, 0xAA, 0x14, 0x0B, 0xC8, 0xBB,
    0xF4, 0xB0, 0x94, 0xE1, 0x66, 0xA0, 0x1F, 0x0C, 0xEE, 0x2D, 0xCE, 0x6F, 0x24, 0xEF, 0x49, 0xA3,
    0xF2, 0x6D, 0x18, 0x60, 0xC7, 0xFB, 0x03, 0xF1, 0x4A, 0x2E, 0xE1, 0x78, 0x9C, 0x75, 0xCE, 0xDB,
    0x0D, 0x00, 0x20, 0x08, 0x03, 0xC0, 0x6E, 0xC0, 0xFE, 0x5B, 0xB2, 0x41, 0xE5, 0x15, 0x82, 0x06,
    0xFB, 0x61, 0x2E, 0x08, 0x04, 0x60, 0x44, 0x05, 0x2C, 0x18, 0x3D, 0xEC, 0x42, 0xE1, 0x4D, 0xF6,
    0xD9, 0x1F, 0x1D, 0xDA, 0x10, 0xE4, 0xC0, 0x0A, 0x0D, 0xB0, 0x31, 0xD6, 0x7C, 0x70, 0x2F, 0xDE,
    0xE1, 0x4F, 0x34, 0x73, 0x0E, 0x80, 0x96, 0xBC, 0x95, 0x59, 0x38, 0x1B, 0xD0, 0x37, 0x15, 0x78,
    0x9C, 0x75, 0x8C, 0xC1, 0x09, 0x00, 0x30, 0x08, 0x03, 0xB3, 0x81, 0xFB, 0x6F, 0xE9, 0x06, 0x57,
    0xB5, 0xA8, 0x8F, 0xD2, 0xA0, 0x1C, 0xC6, 0x10, 0x69, 0xE5, 0x72, 0x4B, 0x22, 0x92, 0x71, 0x50,
    0xB6, 0x8D, 0xAD, 0xBF, 0x32, 0x93, 0x4B, 0x53, 0x2F, 0x69, 0x86, 0xD5, 0xB4, 0x97, 0xCE, 0xD6,
    0x4D, 0x25, 0x31, 0x45, 0xB8, 0x59, 0xEA, 0x77, 0x00, 0x5A, 0x1C, 0x2F, 0xC2, 0x78, 0x9C, 0x6D,
    0xCC, 0x8B, 0x09, 0x00, 0x20, 0x08, 0x45, 0xD1, 0xBB, 0x41, 0xFB, 0x6F, 0xF9, 0x36, 0x30, 0xBF,
    0x10, 0xA1, 0x50, 0x07, 0x45, 0x1F, 0x3A, 0x78, 0x19, 0x16, 0x6A, 0x3C, 0x3E, 0x59, 0x55, 0x6A,
    0x23, 0x73, 0xBE, 0xFA, 0xC6, 0x6D, 0xFA, 0x17, 0x7B, 0x91, 0x15, 0xAF, 0x66, 0x5E, 0x64, 0x46,
    0xB6, 0x74, 0x22, 0x34, 0xFA, 0xED, 0xB5, 0xBA, 0xE6, 0x02, 0x2A, 0x25, 0x36, 0x25, 0x78, 0x9C,
    0x5D, 0xCE, 0xC1, 0x0D, 0x00, 0x30, 0x08, 0x02, 0x40, 0x36, 0x60, 0xFF, 0x2D, 0xDD, 0x80, 0x2A,
    0xF2, 0xA9, 0x26, 0x7A, 0xC1, 0xF8, 0x10, 0x45, 0xA0, 0x5B, 0x01, 0x17, 0x05, 0x54, 0xE0, 0xA5,
    0x02, 0x4D, 0xDF, 0xCF, 0xC2, 0x48, 0xDE, 0x74, 0x84, 0x8B, 0x9E, 0x09, 0xFA, 0x59, 0xE7, 0x8D,
    0x07, 0x87, 0x86, 0x2B, 0xC6, 0x78, 0x9C, 0x6D, 0xCF, 0x01, 0x0A, 0xC0, 0x20, 0x0C, 0x03, 0xC0,
    0xFE, 0xA0, 0xFF, 0xFF, 0x65, 0x7E, 0x90, 0xAD, 0xA9, 0x99, 0x56, 0x16, 0x44, 0x0E, 0x09, 0x5A,
    0x23, 0xDE, 0x80, 0xB1, 0x02, 0x22, 0x17, 0xA9, 0xA5, 0xF8, 0x68, 0x47, 0x2D, 0x0A, 0xCD, 0x34,
    0x51, 0xE4, 0x41, 0x75, 0x75, 0xED, 0x26, 0x9A, 0xD5, 0xF2, 0x9A, 0xA4, 0x9E, 0x60, 0x0C, 0x82,
    0xE1, 0x22, 0xF2, 0x66, 0x6D, 0x3D, 0x10, 0xFF, 0x48, 0xCF, 0x33, 0xF9, 0x7D, 0xFE, 0xE0, 0x03,
    0x90, 0x5B, 0x55, 0x60, 0x78, 0x9C, 0x85, 0xCE, 0xB9, 0x11, 0x00, 0x31, 0x08, 0x03, 0x40, 0x3A,
    0x50, 0xFF, 0x5D, 0xAA, 0x03, 0x1D, 0x08, 0xFC, 0x45, 0x47, 0xE2, 0xC5, 0xC3, 0x17, 0x71, 0x07,
    0x85, 0x91, 0x38, 0xCA, 0x57, 0xF3, 0x95, 0x49, 0xFC, 0x45, 0xD5, 0xD6, 0x10, 0x61, 0xCB, 0x8D,
    0x47, 0x39, 0xB0, 0x67, 0x6A, 0x04, 0x4B, 0xAE, 0x46, 0x8B, 0xE0, 0x91, 0xB3, 0x92, 0x1E, 0xC9,
    0xC7, 0x61, 0x29, 0x9B, 0xFB, 0x7A, 0xAE, 0x75, 0x97, 0x3E, 0xA8, 0x37, 0x3F, 0xDF, 0x78, 0x9C,
    0x75, 0x8D, 0xD1, 0x0D, 0x00, 0x31, 0x08, 0x42, 0xD9, 0x80, 0xFD, 0xB7, 0x74, 0x03, 0xEA, 0x01,
    0xFD, 0xEB, 0x11, 0xF5, 0x19, 0x34, 0x0A, 0x40, 0xC2, 0x6A, 0x68, 0x68, 0x9B, 0x05, 0x1D, 0x91,
    0x8D, 0xA1, 0xA1, 0x02, 0xB3, 0xDB, 0x5F, 0x2A, 0xF3, 0x74, 0xF5, 0xEF, 0x91, 0x9E, 0x9C, 0x3E,
    0x10, 0x03, 0x3C, 0xC0, 0x7F, 0xA8, 0x70, 0x3D, 0x01, 0x08, 0x2B, 0xA8, 0x78, 0x9C, 0x7D, 0xCF,
    0xCB, 0x0D, 0x00, 0x20, 0x08, 0x03, 0x50, 0x36, 0x70, 0xFF, 0x2D, 0xD9, 0xA0, 0x1A, 0x4B, 0x01,
    0x39, 0xC8, 0x41, 0x5F, 0x08, 0xE1, 0x63, 0xD6, 0xC2, 0xB1, 0x08, 0x38, 0x71, 0x3E, 0x30, 0x71,
    0xFD, 0x0D, 0xE8, 0x81, 0x45, 0xF1, 0x03, 0x44, 0xBF, 0x04, 0xFB, 0x75, 0xC0, 0x06, 0x34, 0xB2,
    0x00, 0x0D, 0x4B, 0x68, 0x2B, 0x25, 0x12, 0xB9, 0xAF, 0x8F, 0x92, 0xBA, 0x52, 0xA5, 0x1B, 0x37,
    0x7D, 0x2A, 0x04, 0x78, 0x9C, 0x75, 0xCB, 0xD1, 0x09, 0x00, 0x20, 0x0C, 0x43, 0xC1, 0x6C, 0x90,
    0xFD, 0xB7, 0xEC, 0x06, 0x51, 0x5F, 0x0B, 0xFE, 0xA8, 0x60, 0xAE, 0x62, 0x23, 0x45, 0xB2, 0xB4,
    0xA9, 0x00, 0x2F, 0x4E, 0x99, 0x80, 0x0C, 0x6C, 0x9D, 0x9B, 0xFE, 0xEF, 0xE9, 0xB6, 0xA7, 0x13,
    0xFA, 0x19, 0xDC, 0xE8, 0x81, 0xFF, 0x64, 0x20, 0x17, 0x32, 0x49, 0x2A, 0x9A, 0x78, 0x9C, 0x63,
    0x60, 0x40, 0x01, 0x1F, 0xF8, 0xA1, 0x8C, 0xFF, 0x50, 0xC6, 0x87, 0xFF, 0x30, 0x01, 0x06, 0xEC,
    0xE0, 0xC3, 0x7F, 0x10, 0xE0, 0x87, 0x31, 0x18, 0xD0, 0xB5, 0xC1, 0x0D, 0x24, 0x68, 0x03, 0x31,
    0x32, 0xE4, 0x18, 0x0F, 0x75, 0x17, 0x9C, 0x01, 0x00, 0xF4, 0x64, 0x32, 0xB0, 0x78, 0x9C, 0x63,
    0x60, 0x40, 0x80, 0x0F, 0xFC, 0x60, 0xEA, 0x3F, 0x98, 0xFA, 0xF0, 0x1F, 0x89, 0xC3, 0xC0, 0xCF,
    0x80, 0x0B, 0xFC, 0x07, 0x02, 0x7E, 0x38, 0x05, 0x12, 0x60, 0xC0, 0xD0, 0x0E, 0xE5, 0x7C, 0x20,
    0x51, 0x01, 0xD8, 0x48, 0x28, 0x05, 0x00, 0x71, 0x1F, 0x25, 0xF9, 0x78, 0x9C, 0x63, 0x60, 0x00,
    0x82, 0x0F, 0xFC, 0x0C, 0x10, 0xF0, 0x1F, 0xC6, 0x80, 0x8B, 0xA0, 0x81, 0x0F, 0xFF, 0x41, 0x80,
    0x1F, 0xC6, 0x80, 0x8B, 0xA2, 0xEB, 0x87, 0xCB, 0xA0, 0x9B, 0xFC, 0x81, 0x14, 0x19, 0x72, 0x8C,
    0x87, 0xBA, 0x0B, 0xCE, 0x00, 0x00, 0x4C, 0xCE, 0x30, 0xC1, 0x78, 0x9C, 0x63, 0x60, 0x60, 0x60,
    0xF8, 0xC0, 0xCF, 0x00, 0x02, 0xFF, 0x21, 0x14, 0x94, 0x87, 0x05, 0xFC, 0x07, 0x02, 0x7E, 0x38,
    0x05, 0x12, 0x80, 0x68, 0xF8, 0x8F, 0xA4, 0x1D, 0xCA, 0xF9, 0x40, 0xA2, 0x02, 0xB0, 0x91, 0x50,
    0x0A, 0x00, 0x2C, 0x50, 0x23, 0xEC, 0x78, 0x9C, 0x63, 0x60, 0x40, 0x02, 0xFF, 0xC1, 0x08, 0x08,
    0x3E, 0xF0, 0x7F, 0xE0, 0x87, 0x30, 0xFE, 0xFF, 0x67, 0xC0, 0x0A, 0x80, 0x12, 0x40, 0xC0, 0x0F,
    0x63, 0xC0, 0x45, 0x61, 0x26, 0xF1, 0x23, 0x8C, 0x84, 0x9A, 0x88, 0x26, 0xF3, 0x81, 0x14, 0x19,
    0x72, 0x8C, 0x87, 0xBA, 0x0B, 0xCE, 0x00, 0x00, 0x73, 0x8F, 0x34, 0x9F, 0x78, 0x9C, 0x63, 0x60,
    0x80, 0x83, 0xFF, 0x60, 0x04, 0x22, 0x3E, 0xF0, 0x83, 0xE8, 0x0F, 0xFC, 0xFF, 0xF9, 0x21, 0x12,
    0xFF, 0x19, 0xF0, 0x80, 0xFF, 0x40, 0xC0, 0x8F, 0x44, 0x33, 0x40, 0x8D, 0x01, 0x1A, 0x00, 0xA5,
    0xA1, 0xC2, 0x30, 0xEE, 0x07, 0xF2, 0x54, 0x41, 0x8C, 0x87, 0xD1, 0x00, 0x8D, 0x1F, 0x28, 0xE7,
    0x78, 0x9C, 0x65, 0x8C, 0x01, 0x0A, 0x00, 0x30, 0x08, 0x02, 0xFD, 0x81, 0xFF, 0xFF, 0x65, 0x3F,
    0x70, 0xD3, 0x15, 0x8C, 0x4D, 0x90, 0x8B, 0x8A, 0x03, 0x8A, 0x48, 0x9A, 0x72, 0x32, 0xF4, 0x5E,
    0x78, 0x99, 0x7B, 0xF9, 0x8F, 0x26, 0x77, 0x91, 0xFA, 0x27, 0x9A, 0x8B, 0x1A, 0xE2, 0x67, 0x0D,
    0x79, 0xA8, 0x4B, 0xC7, 0xD6, 0xB3, 0x62, 0x58, 0x29, 0x42, 0x34, 0xBD, 0x78, 0x9C, 0x5D, 0xCE,
    0xC1, 0x15, 0x00, 0x20, 0x08, 0x02, 0x50, 0x36, 0x70, 0xFF, 0x2D, 0xD9, 0x80, 0x4C, 0x2C, 0x7B,
    0x71, 0xF1, 0xEB, 0x41, 0x05, 0x00, 0x29, 0x80, 0xAA, 0x16, 0x95, 0xF6, 0xC8, 0x8D, 0x33, 0x88,
    0x1F, 0x1C, 0x50, 0xCE, 0x83, 0xDE, 0x8E, 0x0F, 0xBC, 0x88, 0xC6, 0xDE, 0xA7, 0x73, 0xB3, 0x1A,
    0xBF, 0x93, 0xE9, 0x5F, 0xAA, 0x2E, 0x7C, 0x80, 0x37, 0xE7, 0x78, 0x9C, 0x63, 0x60, 0x00, 0x81,
    0x0F, 0xFF, 0xF9, 0xC1, 0x34, 0xC3, 0x7F, 0x28, 0xE3, 0x03, 0x94, 0xCF, 0xF0, 0x1F, 0xCE, 0x60,
    0x40, 0x63, 0xC0, 0x95, 0x7C, 0x80, 0xEB, 0xFD, 0xFF, 0x1F, 0x95, 0x81, 0xA9, 0x09, 0xB7, 0x6E,
    0x24, 0x2B, 0x09, 0x6B, 0x82, 0xB9, 0x12, 0x66, 0x0F, 0xDC, 0xFD, 0x00, 0x0D, 0xA5, 0x21, 0xFD,
    0x78, 0x9C, 0x85, 0x8E, 0xC1, 0x0D, 0xC0, 0x30, 0x08, 0x03, 0xD9, 0x80, 0xFD, 0xB7, 0xF4, 0x06,
    0x17, 0x21, 0x64, 0xDA, 0xA4, 0x95, 0xC2, 0xEB, 0x00, 0x63, 0x13, 0x71, 0x14, 0x7C, 0x48, 0x19,
    0x07, 0x01, 0x69, 0x68, 0x12, 0xDE, 0x62, 0xB5, 0x1E, 0xA7, 0x31, 0x98, 0x91, 0xFE, 0x28, 0xAB,
    0x2B, 0xF1, 0x4E, 0x7D, 0x76, 0x21, 0xC6, 0xFE, 0xB5, 0xC0, 0xD9, 0xAA, 0x47, 0x9D, 0xD7, 0xA3,
    0x05, 0x52, 0x54, 0x38, 0xB9, 0x78, 0x9C, 0x7D, 0x8F, 0x0B, 0x0A, 0x00, 0x20, 0x08, 0x43, 0xBD,
    0xC1, 0xEE, 0x7F, 0xCB, 0xDD, 0x60, 0x89, 0xAE, 0x82, 0xA8, 0x06, 0xCA, 0x1B, 0x8A, 0x9F, 0x88,
    0x16, 0x63, 0x4A, 0x2F, 0xA2, 0x04, 0xA1, 0x6C, 0xCA, 0x90, 0x81, 0xD9, 0xC1, 0x4A, 0xCB, 0xEE,
    0x42, 0x0F, 0x4A, 0xCF, 0x1B, 0xE1, 0xA4, 0xF8, 0x10, 0x37, 0xC1, 0x1B, 0x7B, 0xD1, 0x3A, 0xA0,
    0xAC, 0xDC, 0x2C, 0xF9, 0x09, 0x1A, 0x06, 0x51, 0x0E, 0x3A, 0xE4, 0x78, 0x9C, 0x75, 0x4D, 0xB1,
    0x0D, 0x00, 0x30, 0x08, 0xF2, 0x03, 0xFE, 0xFF, 0x92, 0x0F, 0xA8, 0xA8, 0xA9, 0x5D, 0x4A, 0xA2,
    0x20, 0x46, 0x8C, 0x78, 0x41, 0xFC, 0x99, 0x12, 0x95, 0x5A, 0x09, 0x5B, 0x8A, 0x1E, 0x5D, 0x18,
    0x8D, 0xBE, 0xE0, 0xB2, 0xD0, 0xBE, 0xD7, 0x6E, 0x97, 0x2B, 0x71, 0x18, 0x1B, 0xE7, 0xF8, 0x7A,
    0xCA, 0xFA, 0x12, 0x07, 0xE9, 0xE6, 0x2E, 0xB4, 0x78, 0x9C, 0x63, 0x60, 0xC0, 0x00, 0xFF, 0x31,
    0x59, 0x1F, 0xF8, 0xE1, 0x42, 0xFC, 0x50, 0x0E, 0x90, 0x01, 0xC6, 0x0C, 0x1F, 0xFE, 0x33, 0xC0,
    0x58, 0xFC, 0x30, 0x3D, 0xB8, 0x58, 0x60, 0xB5, 0x60, 0xC5, 0x50, 0x16, 0xDC, 0x6C, 0xBC, 0x2C,
    0x74, 0x2B, 0x70, 0xB1, 0xD0, 0x5D, 0xF1, 0x1F, 0x2A, 0x04, 0xA4, 0x80, 0x00, 0xE6, 0x03, 0xA8,
    0x10, 0x00, 0xBE, 0x09, 0x33, 0x37, 0x78, 0x9C, 0x75, 0x8E, 0x89, 0x09, 0x00, 0x30, 0x08, 0x03,
    0xDD, 0xC0, 0xFD, 0xB7, 0x74, 0x83, 0xAB, 0xF5, 0x83, 0x96, 0x56, 0x50, 0x8E, 0x90, 0x04, 0x45,
    0xCE, 0xB1, 0x01, 0xBD, 0x81, 0x16, 0x48, 0xD1, 0xF0, 0xB3, 0x37, 0x1C, 0xC8, 0x0B, 0x18, 0xA8,
    0xE0, 0xC7, 0x97, 0x7D, 0x0D, 0x5A, 0x10, 0x69, 0x97, 0xAD, 0x00, 0xF2, 0x19, 0x48, 0xCF, 0x02,
    0x05, 0x51, 0x2C, 0xA7, 0x78, 0x9C, 0x63, 0x60, 0x80, 0x82, 0xFF, 0xFC, 0x60, 0x92, 0x01, 0x8D,
    0xFC, 0x00, 0x21, 0x41, 0x92, 0xFF, 0x81, 0x80, 0x1F, 0x4C, 0xC2, 0x44, 0xA0, 0x24, 0x42, 0xEB,
    0x07, 0xB0, 0xEC, 0x07, 0xB0, 0x42, 0x5C, 0xC6, 0x60, 0x92, 0x00, 0x12, 0x69, 0x23, 0xDD, 0x78,
    0x9C, 0x63, 0x60, 0xF8, 0xC0, 0xCF, 0x80, 0x82, 0xFF, 0x83, 0x30, 0x03, 0x2A, 0x46, 0x53, 0xF2,
    0x81, 0x01, 0x82, 0x61, 0x00, 0xA8, 0xE4, 0x03, 0x0C, 0x03, 0xA5, 0x01, 0x38, 0xBE, 0x13, 0xCF,
    0x78, 0x9C, 0x75, 0x8F, 0x01, 0x0A, 0x00, 0x20, 0x08, 0x03, 0xFD, 0xC1, 0xFE, 0xFF, 0x4B, 0x7F,
    0xB0, 0xB4, 0x99, 0x88, 0xD0, 0x2C, 0x39, 0xD2, 0x26, 0x9A, 0x0D, 0x39, 0xF2, 0xA4, 0x18, 0xA1,
    0x27, 0xC2, 0x3E, 0xF2, 0x6A, 0x31, 0x6E, 0x70, 0x6C, 0x78, 0x7E, 0xDE, 0x80, 0x02, 0x36, 0x5C,
    0x96, 0xAD, 0x00, 0xBA, 0x61, 0x1B, 0x9A, 0x70, 0x27, 0x77, 0x39, 0x53, 0x7F, 0xE0, 0xDB, 0x83,
    0x35, 0x4E, 0x0B, 0x05, 0x1C, 0x90, 0x63, 0x39, 0xB8, 0x78, 0x9C, 0x6D, 0x4D, 0x41, 0x0E, 0x00,
    0x30, 0x0C, 0xF1, 0x03, 0xFF, 0xFF, 0xA5, 0x1F, 0x58, 0x59, 0xB3, 0xD3, 0x24, 0x8D, 0x10, 0x14,
    0x58, 0x88, 0x80, 0x91, 0x33, 0x43, 0x72, 0xDD, 0x8A, 0x3F, 0xEC, 0x14, 0x6C, 0x93, 0x48, 0x7A,
    0xA2, 0x49, 0x9B, 0xAD, 0x8A, 0xEA, 0xCE, 0xD2, 0xAE, 0x3E, 0xC2, 0x53, 0xBA, 0x34, 0x6B, 0x72,
    0xFF, 0x69, 0x26, 0xB5, 0x0E, 0x71, 0x00, 0x20, 0xEC, 0x33, 0x19, 0x78, 0x9C, 0x63, 0x60, 0x00,
    0x83, 0xFF, 0x60, 0xF4, 0x81, 0xFF, 0x03, 0x3F, 0x88, 0xF3, 0x9F, 0x01, 0x0D, 0xFC, 0x47, 0x90,
    0x1F, 0x20, 0x24, 0x3F, 0x76, 0xF2, 0x3F, 0x3F, 0x9A, 0x72, 0x2C, 0x5A, 0x71, 0x18, 0xF0, 0x1F,
    0xC3, 0x00, 0x00, 0xE4, 0x28, 0x1C, 0xE4, 0x78, 0x9C, 0x63, 0x60, 0x00, 0x83, 0xFF, 0x50, 0xF4,
    0x01, 0x48, 0x7E, 0xE0, 0xFF, 0xCF, 0x0F, 0x12, 0xFA, 0xCF, 0x80, 0x15, 0x80, 0x85, 0x3F, 0x20,
    0x93, 0xFC, 0xD8, 0xC9, 0xFF, 0xFC, 0x70, 0xE5, 0x98, 0x24, 0xA6, 0x56, 0x00, 0xA2, 0xB3, 0x1A,
    0xC8, 0x78, 0x9C, 0x75, 0x8E, 0xC1, 0x0D, 0xC0, 0x30, 0x0C, 0x02, 0xD9, 0x80, 0xFD, 0xB7, 0x64,
    0x03, 0x5A, 0x1B, 0x37, 0x8A, 0x1A, 0x85, 0x0F, 0x97, 0x58, 0xC6, 0x00, 0x9B, 0x0C, 0x39, 0x40,
    0xB3, 0x41, 0xE3, 0xA7, 0xE4, 0x19, 0xF9, 0x55, 0xBC, 0xF6, 0x3A, 0x05, 0x9D, 0x23, 0x26, 0x33,
    0xBF, 0x0D, 0x13, 0xAE, 0x13, 0xF8, 0x03, 0xDC, 0x40, 0x0B, 0x38, 0x6D, 0x2B, 0xFE, 0xBB, 0x99,
    0x07, 0xD3, 0x2F, 0xBD, 0x8A, 0xCA, 0x1E, 0xC9, 0xDB, 0x3C, 0xE2, 0x78, 0x9C, 0x6D, 0x8D, 0xC1,
    0x0D, 0x00, 0x30, 0x08, 0x02, 0xD9, 0x80, 0xFD, 0xB7, 0x74, 0x03, 0x5A, 0x81, 0xFE, 0x6A, 0x34,
    0x17, 0x8D, 0x9E, 0x40, 0x63, 0x08, 0x08, 0x5B, 0xE2, 0x42, 0xF2, 0xD4, 0xCD, 0x37, 0x26, 0x1B,
    0x77, 0x91, 0xDB, 0x6C, 0x46, 0xC0, 0x29, 0x68, 0x6D, 0x11, 0x2B, 0x73, 0x83, 0x87, 0x9C, 0x1A,
    0x7C, 0x92, 0x2A, 0xFB, 0xE0, 0x00, 0x3C, 0x0D, 0x30, 0xDF, 0x78, 0x9C, 0x6D, 0x8E, 0xC1, 0x0D,
    0x00, 0x20, 0x08, 0x03, 0xBB, 0x01, 0xFB, 0x6F, 0xC9, 0x06, 0xA7, 0x56, 0x34, 0x26, 0xD2, 0x07,
    0x17, 0x4A, 0x21, 0x48, 0x57, 0x29, 0x11, 0x8B, 0x91, 0x61, 0x03, 0xF4, 0x6B, 0xCF, 0xA8, 0xE8,
    0x61, 0x08, 0xB5, 0x4C, 0x93, 0xC3, 0xBB, 0xDE, 0xF2, 0x3D, 0xD7, 0x71, 0x16, 0xE7, 0x70, 0xB4,
    0x3C, 0xEA, 0x4D, 0xDC, 0x0E, 0xE5, 0xD8, 0x35, 0x17, 0x78, 0x9C, 0x6D, 0xCC, 0xC1, 0x0D, 0x00,
    0x30, 0x08, 0x02, 0x40, 0x36, 0x70, 0xFF, 0x2D, 0xD9, 0x80, 0x0A, 0xD1, 0x8F, 0xA9, 0x69, 0x72,
    0x96, 0x92, 0x02, 0x33, 0x2C, 0x1F, 0x50, 0x50, 0x03, 0xF5, 0xE2, 0x34, 0x97, 0xDF, 0xA4, 0x5C,
    0x29, 0x1B, 0x5C, 0x34, 0x80, 0x43, 0x5D, 0xA8, 0xFD, 0xC4, 0x74, 0xDF, 0x41, 0x90, 0x92, 0xE4,
    0xFD, 0x01, 0x5B, 0xC1, 0x2F, 0xB3, 0x78, 0x9C, 0x6D, 0x8F, 0xC1, 0x0D, 0x00, 0x20, 0x08, 0x03,
    0xBB, 0x81, 0xFB, 0x6F, 0xC9, 0x06, 0x15, 0xB1, 0x28, 0x46, 0xFA, 0xE0, 0x02, 0xA1, 0x0D, 0x00,
    0x30, 0x92, 0x03, 0x97, 0x29, 0x03, 0xB8, 0xE8, 0x43, 0xD6, 0xFE, 0x95, 0x85, 0x85, 0x50, 0x84,
    0x98, 0x96, 0x8F, 0xA6, 0x48, 0xF1, 0xD8, 0x5B, 0xD6, 0xB8, 0x8E, 0x5E, 0x62, 0x8F, 0xB1, 0xAA,
    0x99, 0x2B, 0x0E, 0xDB, 0xCF, 0x4C, 0x8F, 0x56, 0x3D, 0x00, 0x78, 0x9C, 0x6D, 0xCC, 0xC1, 0x0D,
    0x00, 0x31, 0x08, 0x03, 0x41, 0x77, 0x40, 0xFF, 0x5D, 0xBA, 0x83, 0xCD, 0x41, 0x48, 0x14, 0xA1,
    0xE3, 0x33, 0xC2, 0x58, 0x48, 0x02, 0x42, 0x97, 0xBF, 0x71, 0xC8, 0x9B, 0xAC, 0xF4, 0x36, 0x1B,
    0xCF, 0x19, 0x4D, 0x68, 0xE4, 0x26, 0x26, 0xE6, 0x3C, 0x49, 0xBE, 0x7E, 0x06, 0x05, 0x54, 0x52,
    0xF7, 0x05, 0xED, 0x78, 0x31, 0xCF, 0x78, 0x9C, 0x6D, 0x8F, 0x51, 0x0A, 0x00, 0x30, 0x08, 0x42,
    0xBD, 0x41, 0xF7, 0xBF, 0x65, 0x37, 0x70, 0x91, 0x35, 0x0A, 0xF2, 0x63, 0x0F, 0x9B, 0x09, 0x01,
    0x43, 0x4E, 0x91, 0x26, 0x6B, 0x58, 0xBF, 0x40, 0x0E, 0x58, 0x39, 0x96, 0xDF, 0xF2, 0xCA, 0x64,
    0x87, 0x37, 0x0D, 0xC4, 0xC9, 0xAA, 0x6A, 0xFE, 0xF5, 0x93, 0xB3, 0xEE, 0x62, 0x3C, 0x99, 0xA3,
    0x4E, 0xD1, 0x2C, 0xA4, 0xA3, 0xD2, 0x3E, 0x9C, 0x7B, 0x38, 0x14, 0x78, 0x9C, 0x5D, 0x8C, 0xDB,
    0x0D, 0x00, 0x30, 0x08, 0x02, 0xD9, 0xC0, 0xFD, 0xB7, 0x64, 0x03, 0xAA, 0xF4, 0x11, 0x2B, 0x1F,
    0x5E, 0x3C, 0x8C, 0x40, 0x86, 0x70, 0xE4, 0xC9, 0x40, 0x73, 0x57, 0x71, 0x43, 0xF1, 0xB6, 0x2F,
    0x8C, 0x5E, 0x0B, 0x13, 0x3A, 0x00, 0x0F, 0x62, 0x82, 0xBA, 0x4F, 0x0A, 0x79, 0x5F, 0xC2, 0x90,
    0x6C, 0xDC, 0x2F, 0x5B, 0xA2, 0x2F, 0x95, 0x78, 0x9C, 0x6D, 0x8F, 0x51, 0x0E, 0x00, 0x20, 0x08,
    0x42, 0xB9, 0x81, 0xF7, 0xBF, 0xA5, 0x37, 0x20, 0x23, 0x6A, 0xB5, 0xC4, 0x8F, 0x37, 0x98, 0xB2,
    0x02, 0x80, 0x40, 0x46, 0x01, 0xAC, 0x99, 0x4A, 0xCA, 0x6E, 0x25, 0x56, 0x5E, 0x29, 0x6F, 0xFF,
    0xEA, 0x54, 0x84, 0x1A, 0xCC, 0x7D, 0xF2, 0x31, 0x5D, 0x69, 0x9E, 0xF3, 0x96, 0x77, 0x5D, 0x47,
    0xFA, 0x07, 0xD4, 0xAA, 0xB3, 0x92, 0x1E, 0x46, 0xD9, 0x01, 0x22, 0x64, 0x3A, 0x12, 0x78, 0x9C,
    0x5D, 0x8D, 0xD9, 0x0D, 0x00, 0x30, 0x08, 0x42, 0xD9, 0xC0, 0xFD, 0xB7, 0x74, 0x03, 0x8A, 0x57,
    0xDA, 0xEA, 0xCF, 0x0B, 0x47, 0x04, 0x98, 0x23, 0xDC, 0x04, 0x27, 0x4B, 0x1A, 0xF6, 0x29, 0xF7,
    0x42, 0x84, 0xAD, 0x76, 0xE3, 0x89, 0x89, 0x0D, 0x36, 0xB4, 0x72, 0x17, 0x3F, 0x38, 0xE7, 0x49,
    0x40, 0xFD, 0x30, 0x12, 0x64, 0x3A, 0x99, 0x1F, 0xCB, 0x92, 0x31, 0xB1, 0x78, 0x9C, 0x6D, 0x8F,
    0xDB, 0x0D, 0x00, 0x20, 0x08, 0x03, 0xBB, 0x01, 0xFB, 0x6F, 0xC9, 0x06, 0x15, 0x79, 0x28, 0x46,
    0xF8, 0xE0, 0x02, 0x39, 0x9A, 0x00, 0xDC, 0x62, 0x52, 0xE5, 0x65, 0xAD, 0x01, 0x09, 0x4D, 0x99,
    0xFA, 0x2B, 0xB4, 0x23, 0x82, 0x9B, 0x5A, 0x94, 0x08, 0xFF, 0x99, 0x51, 0xC5, 0x73, 0x3E, 0xB2,
    0xC7, 0x4D, 0xB4, 0xE6, 0x1E, 0x5D, 0xCD, 0x9D, 0x55, 0x7C, 0xE7, 0xE3, 0x02, 0xBD, 0xC4, 0x37,
    0x15, 0x78, 0x9C, 0x5D, 0xCC, 0xD1, 0x11, 0x00, 0x20, 0x08, 0x02, 0x50, 0x36, 0x60, 0xFF, 0x2D,
    0xD9, 0x80, 0xD2, 0xB4, 0xB3, 0xFC, 0x79, 0x27, 0x78, 0x02, 0x3D, 0xE2, 0x04, 0xAE, 0x14, 0x98,
    0x17, 0x3A, 0x98, 0x77, 0x7B, 0x46, 0x9C, 0xB5, 0xF1, 0xE3, 0x02, 0x2A, 0xF8, 0x23, 0xF7, 0x93,
    0x60, 0xDF, 0x47, 0x90, 0xD8, 0x99, 0x64, 0xBF, 0x00, 0x69, 0x8C, 0x2F, 0xA4, 0x78, 0x9C, 0x75,
    0xCF, 0xD1, 0x09, 0xC0, 0x30, 0x08, 0x84, 0xE1, 0xDB, 0xC0, 0xFD, 0xB7, 0x74, 0x83, 0xBF, 0xC5,
    0x18, 0x3C, 0xA1, 0x15, 0xF2, 0xF0, 0x91, 0x53, 0x13, 0xE9, 0x14, 0x10, 0xD2, 0x17, 0xFE, 0x2A,
    0x61, 0x72, 0x6C, 0x4C, 0x77, 0x86, 0xCF, 0x0D, 0xA6, 0x1F, 0x61, 0x29, 0x03, 0x91, 0x06, 0x0D,
    0xDE, 0x54, 0x2D, 0xED, 0x94, 0xA3, 0x2E, 0xED, 0x5D, 0x17, 0x2C, 0xF4, 0xE9, 0x59, 0x03, 0x16,
    0x34, 0xA8, 0xDD, 0xE7, 0xA3, 0x9D, 0xBA, 0x78, 0x00, 0x41, 0x36, 0x50, 0xEC, 0x78, 0x9C, 0x85,
    0x8E, 0x81, 0x09, 0xC0, 0x40, 0x0C, 0x02, 0xDD, 0xC0, 0xFD, 0xB7, 0x74, 0x03, 0x1B, 0xFD, 0x14,
    0x4A, 0x29, 0x54, 0x9E, 0xCF, 0x09, 0x46, 0x02, 0x8C, 0x6C, 0x13, 0x47, 0x0F, 0xFC, 0x91, 0x0D,
    0xA8, 0xE1, 0xEC, 0xC8, 0xF1, 0x60, 0x1C, 0xB1, 0x1D, 0x19, 0x7A, 0xA1, 0x9A, 0x53, 0x83, 0x47,
    0x6C, 0xD5, 0x8D, 0xC9, 0x76, 0xA3, 0xE9, 0x4F, 0xD4, 0xA2, 0xE7, 0x8D, 0xDF, 0xAE, 0x9E, 0xC0,
    0xBD, 0xA9, 0xDF, 0x05, 0x1B, 0x3F, 0x45, 0x16, 0x78, 0x9C, 0x7D, 0x8E, 0x51, 0x0E, 0x00, 0x20,
    0x08, 0x42, 0xB9, 0x81, 0xF7, 0xBF, 0xA5, 0x37, 0xA0, 0x42, 0xDC, 0x6A, 0xB5, 0xFC, 0xC8, 0x37,
    0x15, 0x08, 0xD8, 0x8A, 0x48, 0x16, 0x04, 0x43, 0x90, 0xEE, 0x8F, 0xA2, 0x57, 0x64, 0xD1, 0x92,
    0x66, 0x48, 0x3C, 0x9F, 0x40, 0x7B, 0x79, 0x50, 0xFE, 0xB0, 0xEB, 0x05, 0xBA, 0x9F, 0x87, 0x07,
    0x48, 0xF1, 0x03, 0xB6, 0x2B, 0xD1, 0xE1, 0x74, 0x5E, 0xAE, 0x7F, 0x39, 0x44, 0x83, 0x01, 0x5C,
    0x1E, 0x38, 0xD7, 0x78, 0x9C, 0x7D, 0x8F, 0xD1, 0x0D, 0xC0, 0x40, 0x08, 0x42, 0xDD, 0x80, 0xFD,
    0xB7, 0x64, 0x03, 0x2A, 0xD4, 0x36, 0xB6, 0x1F, 0x67, 0x34, 0x2F, 0x26, 0x80, 0xB1, 0xEA, 0x2D,
    0x54, 0xD1, 0x54, 0xBA, 0x17, 0x10, 0xA1, 0x74, 0x0B, 0x84, 0x3A, 0x15, 0x15, 0x7F, 0xCB, 0x63,
    0x68, 0xB5, 0xC9, 0x99, 0x98, 0x27, 0xDA, 0xB9, 0x43, 0xFE, 0x89, 0xB5, 0x2F, 0x7B, 0xAC, 0xA1,
    0x84, 0x68, 0x9D, 0x3F, 0x87, 0xF1, 0xA5, 0x4F, 0xE9, 0x89, 0xB4, 0x7E, 0x7D, 0x71, 0x01, 0xB7,
    0xA5, 0x43, 0x54, 0x78, 0x9C, 0x75, 0x8E, 0x01, 0x0E, 0xC0, 0x20, 0x08, 0x03, 0xFB, 0x83, 0xFE,
    0xFF, 0x97, 0xFD, 0x01, 0x02, 0x45, 0x5D, 0xB6, 0xAC, 0x89, 0x7A, 0x05, 0xA9, 0x02, 0x50, 0x04,
    0x51, 0x8A, 0x94, 0xCF, 0x5C, 0x55, 0x2A, 0xA7, 0xDC, 0xD4, 0xFD, 0x5D, 0x6D, 0xF0, 0x00, 0xF5,
    0x05, 0xBE, 0x00, 0x7F, 0xA0, 0x03, 0x84, 0xC7, 0x2B, 0x7E, 0xBF, 0x69, 0xC3, 0x76, 0xF3, 0xAF,
    0x22, 0x60, 0x32, 0xAC, 0x89, 0xBC, 0x85, 0x07, 0x9C, 0x3B, 0x86, 0x05, 0x16, 0xF1, 0x3D, 0xC3,
    0x78, 0x9C, 0x4D, 0x8D, 0x81, 0x0D, 0x00, 0x31, 0x08, 0x02, 0x6F, 0x03, 0xF7, 0xDF, 0x92, 0x0D,
    0xA8, 0xD4, 0xFA, 0x79, 0x63, 0x72, 0x11, 0x44, 0x41, 0x36, 0x5D, 0xB6, 0x8B, 0x1E, 0xD2, 0x44,
    0x71, 0xE9, 0xA1, 0x75, 0xB4, 0xC8, 0x56, 0x8B, 0x93, 0x61, 0x31, 0xD1, 0x8B, 0x4A, 0xC7, 0xD0,
    0x9C, 0xDC, 0x07, 0xB3, 0x8B, 0xF8, 0x0D, 0x1F, 0x9E, 0x77, 0x71, 0x00, 0x39, 0x87, 0x2E, 0xC3,
    0x78, 0x9C, 0x75, 0x8E, 0xDB, 0x09, 0x00, 0x30, 0x08, 0x03, 0xDD, 0x20, 0xFB, 0x6F, 0xE9, 0x06,
    0x57, 0xD4, 0x40, 0x1F, 0x50, 0x7F, 0xA2, 0x72, 0x89, 0x46, 0x9C, 0x85, 0x5A, 0x12, 0x8F, 0x5E,
    0x2B, 0x6E, 0x6A, 0x30, 0xE8, 0xA6, 0xE0, 0x94, 0xBD, 0xDA, 0x5E, 0x5D, 0x19, 0xF9, 0x6A, 0x3B,
    0xD1, 0xA9, 0x05, 0x7F, 0x15, 0x87, 0x61, 0x33, 0xCC, 0x8D, 0xAC, 0x37, 0x26, 0xB9, 0xC6, 0x05,
    0x93, 0xC2, 0x35, 0xDA, 0x78, 0x9C, 0x7D, 0x8E, 0xD1, 0x0D, 0xC0, 0x40, 0x08, 0x42, 0xDD, 0xC0,
    0xFD, 0xB7, 0x64, 0x03, 0x7A, 0x02, 0x6D, 0x6C, 0x3F, 0x4A, 0x62, 0x5E, 0x4C, 0x04, 0xA9, 0xDA,
    0x6A, 0x03, 0x0C, 0xBC, 0x07, 0xC5, 0xFA, 0xD5, 0x71, 0x41, 0x38, 0xB2, 0x6B, 0x88, 0x8C, 0x42,
    0xE8, 0x10, 0xF4, 0x43, 0x7C, 0xD9, 0x6B, 0x5F, 0x76, 0x59, 0x45, 0xB2, 0x99, 0x72, 0x29, 0x84,
    0x7E, 0x73, 0x5E, 0xF1, 0x8E, 0x9C, 0x7B, 0xB7, 0xD3, 0xF5, 0x05, 0x49, 0xBB, 0x40, 0x66, 0x78,
    0x9C, 0x6D, 0x8E, 0xD1, 0x11, 0x00, 0x30, 0x04, 0x43, 0xB3, 0x41, 0xF6, 0xDF, 0xD2, 0x06, 0xA9,
    0xAA, 0x3A, 0xBD, 0xF2, 0xE1, 0xDE, 0x21, 0x11, 0xA0, 0x95, 0x0A, 0x98, 0x60, 0xFA, 0x76, 0x86,
    0xA7, 0x62, 0x6E, 0x4C, 0x8D, 0x37, 0x3B, 0x80, 0x06, 0xD4, 0x04, 0xDB, 0x5B, 0x74, 0x69, 0xA8,
    0xF1, 0xC3, 0xE1, 0x82, 0xB8, 0x8F, 0x0F, 0xBC, 0x0E, 0x23, 0x40, 0xBA, 0x69, 0x94, 0xF9, 0xC4,
    0x16, 0x74, 0x01, 0x8E, 0x79, 0x3F, 0xEE, 0x78, 0x9C, 0x65, 0xCD, 0xD1, 0x09, 0x00, 0x30, 0x08,
    0x43, 0xC1, 0x6C, 0x90, 0xFD, 0xB7, 0x74, 0x83, 0xD7, 0x8A, 0xD2, 0x52, 0x9B, 0x9F, 0x03, 0x49,
    0x50, 0x3A, 0xE1, 0x21, 0x5C, 0x8C, 0xAB, 0x66, 0x10, 0x64, 0x3B, 0xC0, 0xBB, 0x4D, 0x2E, 0x72,
    0x94, 0xF8, 0xC3, 0xA2, 0xD1, 0x84, 0xA6, 0x5E, 0x56, 0xFF, 0xB2, 0x00, 0x30, 0xF2, 0x2F, 0x68,
    0x78, 0x9C, 0x6D, 0x8F, 0xD1, 0x0D, 0xC0, 0x40, 0x08, 0x42, 0xD9, 0xC0, 0xFD, 0xB7, 0x74, 0x03,
    0x7A, 0xB5, 0x35, 0x3E, 0x93, 0xF3, 0xEF, 0x45, 0x44, 0x90, 0xAE, 0x93, 0x01, 0x30, 0xC0, 0xE6,
    0xE2, 0x7E, 0xBC, 0x9D, 0xFC, 0x4E, 0xF4, 0xF5, 0x82, 0xF1, 0xCD, 0x00, 0x38, 0x60, 0x6C, 0x7C,
    0x39, 0xA9, 0x0C, 0x55, 0x02, 0x34, 0x70, 0x54, 0xF5, 0xB4, 0xB3, 0x03, 0x50, 0x2C, 0x91, 0x44,
    0x5E, 0x80, 0x66, 0x25, 0x6F, 0xF0, 0x02, 0x0D, 0xD4, 0xEF, 0xAF, 0xE8, 0xAF, 0x6A, 0x78, 0x00,
    0x41, 0x13, 0x4F, 0xDE, 0x78, 0x9C, 0x85, 0x8E, 0x51, 0x0E, 0x00, 0x20, 0x08, 0x42, 0xBD, 0x01,
    0xF7, 0xBF, 0x25, 0x37, 0x20, 0x25, 0xAB, 0xAD, 0xB5, 0xC5, 0x47, 0x3E, 0x9A, 0x32, 0x22, 0x6E,
    0x11, 0x1B, 0xB5, 0x91, 0x7A, 0x7C, 0xC6, 0xA1, 0x8F, 0xA4, 0x8A, 0x80, 0x49, 0xA0, 0xCA, 0xD7,
    0x75, 0x9A, 0x95, 0x57, 0x83, 0x17, 0xD2, 0x7B, 0xF4, 0xE2, 0x14, 0x1C, 0xB5, 0xB0, 0x76, 0x4F,
    0xE7, 0x27, 0x76, 0xF1, 0x1C, 0x54, 0xFA, 0xCE, 0x72, 0x05, 0x74, 0x27, 0x3F, 0x03, 0xB1, 0x6C,
    0x44, 0x17, 0x78, 0x9C, 0x6D, 0x8E, 0xC1, 0x09, 0x00, 0x30, 0x08, 0x03, 0x6F, 0x03, 0xF7, 0xDF,
    0xD2, 0x0D, 0xD2, 0x56, 0xE3, 0xA7, 0xAD, 0x20, 0x17, 0x12, 0x09, 0x02, 0x29, 0x41, 0xA1, 0x84,
    0xC2, 0x7B, 0x3C, 0x9A, 0xFC, 0x18, 0xCD, 0x1C, 0x21, 0x8D, 0xA1, 0x3B, 0x99, 0xD3, 0x97, 0x25,
    0x77, 0x9E, 0xA2, 0x96, 0xF3, 0x45, 0x74, 0x9D, 0xAF, 0x3C, 0x39, 0xBC, 0x1E, 0x71, 0x99, 0xED,
    0x05, 0x24, 0x01, 0x2F, 0xB3, 0x78, 0x9C, 0x63, 0x60, 0x60, 0xF8, 0xFF, 0x9F, 0x81, 0x01, 0x44,
    0x82, 0xE9, 0xFF, 0x60, 0xF4, 0x81, 0x1F, 0x24, 0x04, 0xA7, 0xC0, 0x0A, 0x60, 0x0A, 0x81, 0x5C,
    0x34, 0x61, 0x84, 0x62, 0x7E, 0x30, 0x05, 0x92, 0x00, 0x09, 0x42, 0x8D, 0x84, 0xE9, 0x83, 0x02,
    0x28, 0x07, 0xCD, 0x0A, 0x7E, 0x84, 0x49, 0x00, 0x67, 0x3F, 0x22, 0xED, 0x78, 0x9C, 0xFB, 0xF0,
    0x1F, 0x0C, 0x18, 0x3E, 0x40, 0x69, 0x20, 0x00, 0x13, 0xB8, 0xE9, 0x0F, 0x30, 0x9A, 0x1F, 0x3F,
    0xFD, 0x1F, 0x9D, 0x26, 0xCF, 0x58, 0x74, 0x00, 0x33, 0x8E, 0x01, 0x55, 0xFD, 0x7F, 0x28, 0x17,
    0x00, 0x9D, 0x79, 0x26, 0xCB, 0x78, 0x9C, 0x63, 0x60, 0x80, 0x80, 0x0F, 0xFC, 0xE8, 0xE4, 0x7F,
    0x10, 0xF9, 0x1F, 0x08, 0x60, 0x24, 0xC3, 0x7F, 0xB0, 0x4A, 0x30, 0xF9, 0xE1, 0x3F, 0x1E, 0x4D,
    0x30, 0x92, 0x01, 0x89, 0x84, 0x88, 0x80, 0x8D, 0xF9, 0xF0, 0xFF, 0x3F, 0x03, 0x0C, 0x40, 0x74,
    0xA1, 0x2A, 0x85, 0x1B, 0x0F, 0x00, 0x3D, 0x18, 0x23, 0xEC, 0x78, 0x9C, 0x63, 0x60, 0x60, 0x60,
    0xF8, 0x0F, 0xC4, 0x0C, 0x1F, 0x90, 0x49, 0x7E, 0x74, 0xF2, 0x3F, 0x32, 0xC9, 0x80, 0x46, 0x12,
    0xA5, 0x15, 0xAE, 0xFC, 0x03, 0x58, 0x00, 0xA2, 0x1A, 0x00, 0x86, 0xF1, 0x1A, 0xC8, 0x78, 0x9C,
    0x55, 0x8E, 0xC9, 0x11, 0x00, 0x30, 0x08, 0x02, 0xE9, 0xC0, 0xFE, 0xBB, 0x4C, 0x07, 0x44, 0x19,
    0xD4, 0xC4, 0x8F, 0xEB, 0x05, 0x02, 0x87, 0x19, 0xC8, 0x10, 0x44, 0x41, 0x54, 0x61, 0xC0, 0x07,
    0x1C, 0x80, 0x77, 0xB6, 0xEB, 0xEB, 0x81, 0x1A, 0xAF, 0x8C, 0x44, 0xDD, 0x3E, 0xDA, 0x48, 0x60,
    0x03, 0xC6, 0x58, 0xAF, 0x30, 0x5E, 0x87, 0x16, 0xEC, 0x7C, 0x01, 0xAB, 0xE2, 0x44, 0xBC, 0x78,
    0x9C, 0x65, 0xCB, 0xC1, 0x0D, 0x00, 0x30, 0x08, 0x02, 0x40, 0x36, 0x60, 0xFF, 0x2D, 0xD9, 0x80,
    0x0A, 0xD1, 0x57, 0x1F, 0x7A, 0x06, 0x15, 0xA2, 0x4C, 0xC0, 0xB0, 0x3D, 0xA4, 0x88, 0x26, 0x03,
    0xB2, 0x58, 0x34, 0x88, 0xA1, 0x53, 0xCF, 0x13, 0xE0, 0xE7, 0x7E, 0xF6, 0xA6, 0xFD, 0x01, 0x98,
    0xAA, 0x27, 0xAC, 0x78, 0x9C, 0x4D, 0x8C, 0x81, 0x09, 0x00, 0x30, 0x0C, 0xC2, 0xF2, 0x41, 0xFF,
    0xFF, 0xD2, 0x0F, 0x5C, 0x95, 0x31, 0x06, 0xB5, 0x1A, 0x8A, 0x05, 0x6C, 0x9C, 0xED, 0x19, 0x94,
    0x34, 0x99, 0x55, 0x00, 0x8D, 0x16, 0x42, 0xB5, 0x9E, 0x3E, 0xE3, 0x91, 0x7C, 0x6B, 0x49, 0xAA,
    0xD9, 0xFD, 0x17, 0x71, 0x00, 0x32, 0x20, 0x2A, 0x22, 0x78, 0x9C, 0x55, 0xCC, 0x81, 0x09, 0x00,
    0x40, 0x08, 0x02, 0x40, 0x37, 0x70, 0xFF, 0x2D, 0xDD, 0xC0, 0xD7, 0x08, 0xE2, 0xA1, 0x3A, 0x88,
    0x12, 0x86, 0x4C, 0xC0, 0xB4, 0xE3, 0xF4, 0x14, 0x14, 0x10, 0xFC, 0x41, 0x2D, 0x3C, 0xBC, 0xF4,
    0xA5, 0x87, 0x3D, 0x69, 0x88, 0x12, 0xD9, 0x75, 0x27, 0x1E, 0xD7, 0xC5, 0x2A, 0xE5, 0x78, 0x9C,
    0x6D, 0x8E, 0xB1, 0x0D, 0x00, 0x30, 0x08, 0xC3, 0xF2, 0x01, 0xFF, 0x7F, 0xC9, 0x07, 0xAE, 0x20,
    0xA0, 0x76, 0x28, 0x8B, 0x15, 0x84, 0x23, 0x24, 0x25, 0xA1, 0x1A, 0xCC, 0xA4, 0x93, 0xD2, 0x5B,
    0x4D, 0xFC, 0x10, 0xFA, 0x9C, 0x16, 0xAB, 0xA5, 0xD4, 0xD6, 0x19, 0xFD, 0x43, 0x96, 0xBA, 0xCC,
    0x65, 0x98, 0x3C, 0x75, 0x31, 0xF5, 0xE1, 0x37, 0x0F, 0x66, 0x76, 0x34, 0xAE, 0x78, 0x9C, 0x63,
    0x60, 0xF8, 0xF0, 0xFF, 0x3F, 0x03, 0x03, 0x88, 0xFC, 0xCF, 0x0F, 0xA4, 0xF8, 0x81, 0x2C, 0x06,
    0x30, 0x80, 0x51, 0xFC, 0x78, 0x28, 0x64, 0x95, 0x50, 0x7D, 0x40, 0x29, 0xA8, 0x21, 0x50, 0x23,
    0x19, 0x20, 0x24, 0x00, 0x12, 0xD8, 0x1D, 0x02, 0x78, 0x9C, 0x55, 0x8C, 0xD1, 0x11, 0x00, 0x30,
    0x0C, 0x41, 0x6D, 0x60, 0xFF, 0x2D, 0x6D, 0xA0, 0x22, 0xFD, 0x68, 0xF3, 0xC1, 0xE3, 0x2E, 0x00,
    0xC8, 0xC4, 0xA8, 0x1D, 0x0B, 0x6B, 0x02, 0xB0, 0xA1, 0x56, 0xD5, 0x6F, 0x2C, 0x89, 0xF9, 0x1B,
    0x74, 0x60, 0x97, 0xBC, 0x23, 0x43, 0x9D, 0x14, 0x7D, 0xEB, 0xE7, 0x0E, 0xB6, 0xB7, 0x28, 0xAB,
    0x78, 0x9C, 0x8D, 0x8E, 0xD1, 0x09, 0x00, 0x20, 0x08, 0x05, 0xDF, 0x06, 0xED, 0xBF, 0x65, 0x1B,
    0x5C, 0x3D, 0xB5, 0x22, 0xE8, 0x23, 0x41, 0x4E, 0x45, 0x0F, 0x25, 0x47, 0x6F, 0xBA, 0xC8, 0xA2,
    0x1E, 0x84, 0x20, 0x8E, 0x79, 0x42, 0xAE, 0x57, 0xBA, 0xB5, 0x26, 0x4C, 0x1C, 0x86, 0xB1, 0x56,
    0x83, 0x3A, 0xFD, 0x56, 0xA4, 0xAE, 0xE7, 0x0C, 0xF2, 0x96, 0xFF, 0xEF, 0xAA, 0xB0, 0x6F, 0x00,
    0xA7, 0x83, 0x3A, 0x12, 0x78, 0x9C, 0x6D, 0x8E, 0xD1, 0x11, 0x00, 0x20, 0x08, 0x42, 0xD9, 0xA0,
    0xFD, 0xB7, 0x64, 0x03, 0x52, 0xD4, 0xEA, 0xA3, 0xEE, 0xCC, 0x17, 0x8A, 0x09, 0xF8, 0x48, 0x95,
    0x79, 0x60, 0xA1, 0x2B, 0x07, 0xF0, 0x87, 0x70, 0xA8, 0xB2, 0xDC, 0x4B, 0xB5, 0x29, 0xAF, 0x8C,
    0x14, 0x3C, 0x8F, 0xA3, 0xF2, 0x2D, 0xDB, 0x7D, 0x01, 0x8F, 0xC2, 0x01, 0x6F, 0x15, 0x2F, 0xF6,
    0x0F, 0x52, 0xED, 0x17, 0xBA, 0x61, 0x03, 0xD5, 0x3A, 0x35, 0x17, 0x78, 0x9C, 0x45, 0x8C, 0xC1,
    0x0D, 0x00, 0x30, 0x08, 0x02, 0x6F, 0x03, 0xF7, 0xDF, 0xD2, 0x0D, 0xA8, 0x50, 0x9B, 0x26, 0xC8,
    0xF1, 0x40, 0x00, 0x09, 0xEC, 0x66, 0xCF, 0x59, 0x35, 0xB1, 0x9C, 0x3E, 0xDA, 0x0D, 0x3D, 0x90,
    0x9F, 0x45, 0xBC, 0x17, 0x15, 0x65, 0xEB, 0xF6, 0x32, 0xCC, 0x01, 0xCA, 0xFF, 0x29, 0xC8, 0x78,
    0x9C, 0x4D, 0xCD, 0xC1, 0x0D, 0x00, 0x30, 0x08, 0x02, 0x40, 0x36, 0x60, 0xFF, 0x2D, 0xDD, 0x80,
    0x52, 0xC5, 0xB4, 0x7C, 0x2E, 0x26, 0x04, 0x81, 0x92, 0xE0, 0x48, 0xA2, 0xA1, 0x6F, 0x74, 0x42,
    0x31, 0xB8, 0x77, 0x3B, 0x0B, 0xBB, 0xF2, 0x51, 0x61, 0x16, 0xF4, 0x26, 0xE7, 0xC1, 0x01, 0x21,
    0x4F, 0x28, 0xBA, 0x78, 0x9C, 0x45, 0x8E, 0xD1, 0x15, 0x00, 0x30, 0x04, 0x03, 0xB3, 0x41, 0xF6,
    0xDF, 0xD2, 0x06, 0x69, 0x1A, 0xB4, 0x9E, 0x8F, 0x20, 0x0E, 0xA0, 0x24, 0x24, 0x2C, 0xC4, 0x56,
    0x74, 0x81, 0x0D, 0xB1, 0x38, 0xEA, 0x19, 0xDC, 0xDB, 0x9D, 0x9E, 0x1A, 0x62, 0x75, 0xD3, 0x8B,
    0xC9, 0x58, 0x43, 0xA9, 0x18, 0x07, 0x8C, 0x86, 0xB9, 0xDE, 0x13, 0x8F, 0xFA, 0x5F, 0x39, 0x9B,
    0x0B, 0x30, 0x94, 0x78, 0x9C, 0x63, 0x60, 0xF8, 0xF0, 0xFF, 0x3F, 0x3F, 0x03, 0x03, 0xC3, 0x7F,
    0x20, 0x60, 0x00, 0x72, 0x80, 0x18, 0x88, 0x40, 0x22, 0x08, 0xEA, 0x3F, 0x98, 0x62, 0x80, 0x28,
    0x84, 0xA9, 0x47, 0x51, 0x81, 0xA1, 0xFE, 0x03, 0x58, 0x21, 0xC8, 0x48, 0x10, 0x0D, 0x24, 0x01,
    0x00, 0xCB, 0x21, 0x85, 0x78, 0x9C, 0x6D, 0x8C, 0xB1, 0x0D, 0x00, 0x00, 0x08, 0xC2, 0xF8, 0x80,
    0xFF, 0xBF, 0xF4, 0x03, 0x14, 0xD9, 0x8C, 0x0B, 0x35, 0xA6, 0x00, 0x40, 0x22, 0x9C, 0xD2, 0x60,
    0x4E, 0x03, 0x07, 0x65, 0xA5, 0xD6, 0x30, 0x98, 0xE7, 0x6B, 0x2A, 0x23, 0xB4, 0xB7, 0x85, 0xD4,
    0x1A, 0xEC, 0xEF, 0x1E, 0xD3, 0x78, 0x9C, 0x35, 0x8C, 0xC1, 0x11, 0x00, 0x30, 0x08, 0xC2, 0xB2,
    0x81, 0xFB, 0x6F, 0xE9, 0x06, 0x14, 0xD4, 0x3E, 0x00, 0x83, 0x77, 0x00, 0x52, 0x11, 0x97, 0xA0,
    0x2D, 0x63, 0x9A, 0xAE, 0x00, 0xF2, 0x31, 0xBD, 0x43, 0xF7, 0x8D, 0x98, 0x32, 0x61, 0xDB, 0x85,
    0x1F, 0x37, 0x72, 0x93, 0xC6, 0xC0, 0x03, 0xB5, 0xAB, 0x2A, 0x04, 0x78, 0x9C, 0x63, 0x60, 0x60,
    0x60, 0xF8, 0xCF, 0xC0, 0x80, 0x4A, 0x7E, 0x80, 0x90, 0xFC, 0x70, 0xF2, 0x3F, 0x10, 0x80, 0x28,
    0xB0, 0x08, 0x94, 0x44, 0xD7, 0x84, 0x43, 0x2B, 0x94, 0x44, 0x68, 0xFA, 0xF0, 0x1F, 0x42, 0x82,
    0x04, 0x00, 0xE0, 0x3D, 0x1C, 0xE4, 0x78, 0x9C, 0x75, 0x8F, 0xDB, 0x0D, 0xC0, 0x30, 0x08, 0x03,
    0xD9, 0xC0, 0xFB, 0x6F, 0xC9, 0x06, 0xD7, 0x10, 0x70, 0xAB, 0x54, 0x2D, 0x1F, 0xD1, 0xF1, 0xB0,
    0x03, 0x11, 0x3B, 0x92, 0x98, 0xC0, 0xF4, 0x94, 0x52, 0x2F, 0x5A, 0x2D, 0xD4, 0xC0, 0xCC, 0xAF,
    0xBC, 0xA9, 0x64, 0x2D, 0xDD, 0x23, 0x4D, 0xB7, 0x1D, 0x36, 0xC9, 0x2F, 0xD2, 0x51, 0x43, 0x87,
    0x5D, 0x69, 0xFD, 0x19, 0x88, 0xD9, 0x44, 0xF1, 0xBF, 0xA7, 0x4D, 0xEA, 0x4D, 0x0B, 0x40, 0x3E,
    0x70, 0x94, 0x17, 0x88, 0x2E, 0x43, 0x54, 0x78, 0x9C, 0x5D, 0x8D, 0x89, 0x0D, 0x00, 0x30, 0x08,
    0x02, 0xD9, 0xC0, 0xFD, 0xB7, 0x64, 0x03, 0x2A, 0xF4, 0x89, 0xA9, 0x51, 0x4F, 0x13, 0x50, 0x00,
    0x14, 0x08, 0xA3, 0xA3, 0xA9, 0x82, 0xC9, 0x53, 0xBD, 0x76, 0x4B, 0x82, 0xF5, 0xC8, 0x9F, 0x35,
    0xF6, 0x61, 0x8F, 0x35, 0x94, 0x2A, 0x5A, 0xDF, 0x47, 0x22, 0x9E, 0x41, 0xBF, 0xD2, 0x3D, 0x69,
    0x3D, 0xF6, 0x60, 0x2C, 0x55, 0xE4, 0x3A, 0x5D, 0x78, 0x9C, 0x4D, 0x8C, 0xC9, 0x0D, 0x00, 0x30,
    0x08, 0xC3, 0xBC, 0x41, 0xF6, 0xDF, 0x92, 0x0D, 0x52, 0x92, 0x4A, 0x55, 0x1F, 0x60, 0x0E, 0x03,
    0x60, 0x8B, 0x64, 0x1B, 0x26, 0xB1, 0x4D, 0x26, 0x6D, 0x02, 0xFD, 0xD8, 0xD5, 0xAC, 0x59, 0xB7,
    0x00, 0xD5, 0x9F, 0x87, 0xDC, 0xA5, 0xBC, 0x2F, 0xEB, 0xC1, 0x01, 0x59, 0x90, 0x24, 0xDC, 0x78,
    0x9C, 0x55, 0xCB, 0x89, 0x09, 0x00, 0x30, 0x0C, 0x02, 0x40, 0x37, 0x70, 0xFF, 0x2D, 0xDD, 0x20,
    0xAD, 0x79, 0x68, 0x03, 0x81, 0x0B, 0x8A, 0x22, 0x00, 0x51, 0x26, 0x60, 0xD4, 0xD0, 0x1F, 0x82,
    0xCE, 0x7D, 0x5D, 0x3F, 0x9C, 0x0D, 0xCA, 0xEC, 0x2E, 0x1A, 0x64, 0xF7, 0x23, 0x16, 0x6B, 0x36,
    0xAC, 0xD9, 0x01, 0x35, 0x9C, 0x2B, 0x99, 0x78, 0x9C, 0x6D, 0x8C, 0xC1, 0x0D, 0x00, 0x30, 0x08,
    0x02, 0xD9, 0xC0, 0xFD, 0xB7, 0x64, 0x83, 0x6B, 0x2B, 0x3C, 0x6B, 0x82, 0x46, 0x08, 0x67, 0x46,
    0x02, 0xB9, 0x52, 0xF7, 0x9D, 0x97, 0xEC, 0x9F, 0x8B, 0xD7, 0xF7, 0x88, 0xA6, 0x1B, 0xB0, 0xD6,
    0x57, 0xA1, 0x29, 0x3D, 0x08, 0xA7, 0xF8, 0x03, 0x51, 0xC2, 0x28, 0xAB, 0x78, 0x9C, 0x75, 0xCD,
    0xC1, 0x09, 0x00, 0x30, 0x0C, 0x02, 0x40, 0x37, 0x70, 0xFF, 0x2D, 0xDD, 0xC0, 0x26, 0xE2, 0x2B,
    0xD0, 0x47, 0x38, 0x50, 0x21, 0x10, 0x81, 0x39, 0x17, 0x5C, 0x5C, 0xA0, 0xC2, 0x8B, 0x0A, 0xC3,
    0xEC, 0x37, 0x08, 0x76, 0x92, 0xAE, 0xD3, 0x05, 0x7C, 0xD9, 0x27, 0x0F, 0xA6, 0x67, 0x2C, 0xC5,
    0x78, 0x9C, 0x65, 0x8D, 0xDB, 0x0D, 0x00, 0x20, 0x08, 0x03, 0x6F, 0x03, 0xF6, 0xDF, 0x92, 0x0D,
    0x2A, 0x05, 0x13, 0xA3, 0xF2, 0xC1, 0xF1, 0x68, 0x01, 0x48, 0x05, 0x15, 0x92, 0x70, 0xE3, 0x9A,
    0xEC, 0x11, 0xDA, 0xE0, 0x46, 0x2B, 0x95, 0xAA, 0x75, 0x25, 0x7B, 0x6C, 0x33, 0xE2, 0x43, 0xF4,
    0x11, 0x83, 0x17, 0xDA, 0x98, 0xA7, 0xA3, 0x3F, 0x58, 0x41, 0x1D, 0x33, 0x82, 0x78, 0x9C, 0x65,
    0x8E, 0xD1, 0x0D, 0xC0, 0x40, 0x08, 0x42, 0xDF, 0x06, 0xEE, 0xBF, 0xA5, 0x1B, 0x50, 0x39, 0xDA,
    0x4B, 0x1A, 0xFD, 0xF0, 0xA1, 0x91, 0x08, 0xD0, 0x2A, 0xA6, 0x74, 0xD0, 0xB2, 0xA6, 0xCF, 0x8A,
    0x0C, 0x0B, 0xB2, 0x52, 0xDB, 0x31, 0xCD, 0x1E, 0xDB, 0x8C, 0x5A, 0x28, 0xF4, 0x82, 0x0B, 0xFD,
    0x91, 0xA7, 0xB9, 0xE7, 0xBA, 0x59, 0x69, 0xBE, 0x50, 0xC9, 0xA9, 0x1C, 0xCC, 0xF0, 0x00, 0xE7,
    0x98, 0x3D, 0x69, 0x78, 0x9C, 0x63, 0x60, 0x60, 0xF8, 0xCF, 0xC0, 0xC0, 0xF0, 0xE1, 0x3F, 0x3F,
    0x03, 0x84, 0x85, 0x0D, 0x7C, 0xE0, 0x47, 0x21, 0xFE, 0x23, 0x08, 0x06, 0x08, 0xF1, 0xE1, 0xFF,
    0x7F, 0x20, 0xFF, 0x03, 0xC4, 0x24, 0x4C, 0x0D, 0x70, 0x5D, 0x00, 0x89, 0x3B, 0x17, 0xF8, 0x78,
    0x9C, 0x63, 0xF8, 0xC0, 0xCF, 0xF0, 0x1F, 0x82, 0x18, 0x20, 0xE8, 0x03, 0x04, 0xF1, 0x23, 0x10,
    0x48, 0x12, 0x2C, 0x02, 0x00, 0x98, 0x48, 0x11, 0xFE, 0x78, 0x9C, 0x63, 0x60, 0xF8, 0xFF, 0xFF,
    0x3F, 0x3F, 0x03, 0x88, 0x64, 0x00, 0x02, 0x30, 0xF1, 0x01, 0x99, 0xE4, 0xC7, 0x4E, 0xFE, 0xE7,
    0x87, 0x2B, 0x47, 0x22, 0x3F, 0x80, 0x8D, 0x81, 0x90, 0x00, 0xAA, 0xAB, 0x1A, 0xC8, 0x78, 0x9C,
    0x63, 0x60, 0x60, 0xF8, 0xC0, 0xCF, 0x00, 0x02, 0xA8, 0xD4, 0x7F, 0x28, 0xC5, 0x80, 0x41, 0xFD,
    0xFF, 0xFF, 0x9F, 0xE1, 0x03, 0xC3, 0x07, 0x10, 0x05, 0x64, 0xF0, 0x03, 0x19, 0xFC, 0x10, 0x3E,
    0x29, 0x86, 0xC0, 0xA8, 0x0F, 0x30, 0x0A, 0x49, 0x03, 0x00, 0x81, 0x8F, 0x23, 0xBF, 0x78, 0x9C,
    0x63, 0x60, 0x60, 0xF8, 0xCF, 0xC0, 0x80, 0x4E, 0x7C, 0x00, 0x13, 0xFC, 0x40, 0x0E, 0x90, 0xF8,
    0xF0, 0xFF, 0x3F, 0x90, 0x60, 0x80, 0x13, 0xFF, 0x81, 0x00, 0x22, 0x88, 0x45, 0x03, 0x3A, 0xF1,
    0x9F, 0x1F, 0xAA, 0x02, 0x00, 0x43, 0xD3, 0x21, 0xC1, 0x78, 0x9C, 0x63, 0x60, 0xF8, 0xC0, 0xCF,
    0x00, 0xC7, 0xFF, 0x41, 0x98, 0x01, 0x05, 0x7F, 0xF8, 0xCF, 0x80, 0xA2, 0x84, 0x54, 0x65, 0x20,
    0x36, 0x90, 0x00, 0x61, 0x00, 0x42, 0x42, 0x1F, 0x00, 0x78, 0x9C, 0x75, 0x8E, 0xC1, 0x0D, 0x00,
    0x20, 0x08, 0x03, 0xBB, 0x01, 0xFB, 0x6F, 0xD9, 0x0D, 0x6A, 0xB0, 0x80, 0x26, 0x46, 0x5E, 0x67,
    0xB0, 0x57, 0x00, 0x06, 0x3C, 0x2F, 0x68, 0x00, 0x0F, 0xEC, 0x89, 0x03, 0x3B, 0x44, 0x55, 0x3A,
    0x37, 0x86, 0xF2, 0x79, 0x1D, 0x65, 0xE8, 0xFF, 0xF9, 0x52, 0x89, 0x29, 0x0D, 0xA8, 0xAB, 0x64,
    0xE7, 0x95, 0xE0, 0x44, 0xBF, 0x57, 0xB2, 0x4B, 0xE5, 0x9B, 0xEC, 0x43, 0x37, 0x2C, 0x27, 0x64,
    0x40, 0xDE, 0x78, 0x9C, 0x55, 0xCD, 0xC1, 0x0D, 0x00, 0x20, 0x08, 0x03, 0xC0, 0x6E, 0xC0, 0xFE,
    0x5B, 0xB2, 0x41, 0xB5, 0x25, 0x6A, 0x7D, 0x34, 0x1C, 0x21, 0x00, 0x58, 0x40, 0x4F, 0x92, 0xC0,
    0x69, 0xCD, 0x69, 0x1F, 0xFB, 0x12, 0x49, 0x6D, 0x04, 0xEB, 0x63, 0x07, 0xCB, 0x85, 0x13, 0x3D,
    0xA1, 0x0E, 0x6D, 0x52, 0xB7, 0x49, 0x4F, 0xE9, 0x6C, 0x2E, 0xC9, 0x62, 0x3A, 0xE4, 0x78, 0x9C,
    0x8D, 0xCD, 0xDB, 0x0D, 0x00, 0x20, 0x0C, 0x02, 0x40, 0x36, 0xE8, 0xFE, 0x5B, 0x76, 0x03, 0x94,
    0xD6, 0x07, 0xFE, 0x69, 0x42, 0xBC, 0x46, 0x45, 0x30, 0x80, 0xEC, 0x38, 0x81, 0x3D, 0x16, 0x7B,
    0xBC, 0xCC, 0x43, 0x38, 0xF5, 0xC2, 0x18, 0x0F, 0xD3, 0x18, 0xB5, 0xB1, 0xA3, 0x4F, 0xA8, 0xA2,
    0x49, 0xAA, 0x9B, 0xAC, 0x53, 0x56, 0x74, 0x69, 0x2D, 0xE2, 0x9B, 0x69, 0x9C, 0x05, 0x03, 0xC2,
    0x6E, 0x41, 0xDD, 0x78, 0x9C, 0x6D, 0x8D, 0x89, 0x0D, 0x00, 0x30, 0x08, 0x02, 0xD9, 0x80, 0xFD,
    0xB7, 0x74, 0x03, 0x6A, 0x7D, 0xFA, 0x24, 0x9A, 0x90, 0x1C, 0x8A, 0x0A, 0x10, 0x12, 0x60, 0x5B,
    0x34, 0x29, 0xE4, 0x56, 0xA5, 0x9C, 0x44, 0xCB, 0x03, 0x15, 0x2C, 0x4C, 0xAB, 0x46, 0x7E, 0x08,
    0xB4, 0x0D, 0x4C, 0x3B, 0x61, 0x9C, 0x6C, 0xAC, 0x0F, 0xF8, 0x3E, 0x74, 0xBD, 0xC8, 0x09, 0xC5,
    0x93, 0xD4, 0x5D, 0xF2, 0xE6, 0x02, 0x56, 0x87, 0x49, 0x4E, 0x78, 0x9C, 0x6D, 0xCB, 0xD1, 0x0D,
    0x00, 0x20, 0x08, 0x03, 0xD1, 0xDB, 0x80, 0xFD, 0xB7, 0x64, 0x83, 0x53, 0x8C, 0x31, 0x68, 0xFC,
    0xE2, 0x35, 0xA5, 0x00, 0xA2, 0xF3, 0x90, 0x91, 0x1A, 0x85, 0x99, 0xD3, 0x05, 0x36, 0xE2, 0x45,
    0x3D, 0x56, 0x68, 0xE0, 0x07, 0xCF, 0x80, 0x8E, 0xFF, 0x80, 0x0E, 0xB9, 0x91, 0x1E, 0xEC, 0x62,
    0x00, 0xC6, 0x78, 0x32, 0x65, 0x78, 0x9C, 0x6D, 0xCB, 0xD9, 0x0D, 0x00, 0x31, 0x08, 0x03, 0xD1,
    0xE9, 0xC0, 0xFD, 0x77, 0x49, 0x07, 0x93, 0x0B, 0x29, 0x52, 0x76, 0x11, 0xE6, 0xFD, 0x18, 0x10,
    0x85, 0x4A, 0x69, 0x98, 0x67, 0x66, 0xED, 0x26, 0x1F, 0x82, 0x0D, 0x2F, 0x36, 0xFB, 0x9B, 0xD3,
    0xBF, 0xAC, 0xA9, 0x26, 0x7F, 0x78, 0x34, 0x03, 0xC5, 0xCC, 0x30, 0x85, 0x78, 0x9C, 0x63, 0x60,
    0xF8, 0xCF, 0xC0, 0x00, 0xC2, 0x1F, 0xE0, 0x34, 0x3F, 0x2A, 0xCD, 0xFF, 0x1F, 0x88, 0x31, 0x69,
    0x10, 0x89, 0x9D, 0x66, 0xF8, 0x0F, 0x35, 0xEA, 0x3F, 0x58, 0x3B, 0xC4, 0x68, 0x74, 0x1A, 0x00,
    0x2D, 0x14, 0x2B, 0x99, 0x78, 0x9C, 0x4D, 0x8D, 0xC9, 0x0D, 0x00, 0x30, 0x0C, 0xC2, 0xD8, 0x80,
    0xFD, 0xB7, 0xCC, 0x06, 0x2E, 0xA9, 0xD2, 0x83, 0x8F, 0x05, 0x12, 0x20, 0x15, 0x28, 0x02, 0x2C,
    0x95, 0xE3, 0x63, 0x3A, 0x70, 0x4C, 0x27, 0x07, 0xB4, 0xCC, 0x60, 0x77, 0xF4, 0x21, 0xBD, 0xB7,
    0x50, 0xDC, 0xC9, 0x39, 0x58, 0x75, 0x45, 0x2D, 0xC4, 0x78, 0x9C, 0x4D, 0x8D, 0x89, 0x0D, 0x00,
    0x30, 0x08, 0x02, 0xD9, 0x80, 0xFD, 0xB7, 0xEC, 0x06, 0x56, 0xC1, 0xA6, 0x90, 0x98, 0x9C, 0x1F,
    0x00, 0x28, 0x89, 0x0F, 0x9A, 0x4E, 0x75, 0x83, 0x91, 0xC6, 0x03, 0x33, 0x5A, 0xA2, 0x6B, 0x49,
    0x0F, 0xB5, 0xE4, 0x13, 0x6F, 0x83, 0xE8, 0x0A, 0xBB, 0x88, 0xF8, 0xB1, 0xB2, 0x90, 0xCB, 0x05,
    0x40, 0x09, 0x39, 0xF4, 0x78, 0x9C, 0x65, 0x8D, 0x01, 0x0A, 0x00, 0x30, 0x08, 0x02, 0xFD, 0x81,
    0xFF, 0xFF, 0x65, 0x3F, 0x70, 0xA5, 0xC1, 0x06, 0x8B, 0x88, 0x4B, 0x05, 0x01, 0x40, 0x12, 0x3C,
    0xD2, 0xA2, 0xAF, 0x08, 0x94, 0xDF, 0xB9, 0xC5, 0x44, 0xA2, 0xC7, 0x5E, 0x59, 0xAC, 0x4B, 0x7C,
    0x69, 0xA2, 0xC2, 0x47, 0x1D, 0xF7, 0x32, 0x72, 0xB7, 0xA5, 0xB7, 0xEC, 0xB5, 0x74, 0x00, 0xED,
    0x9A, 0x36, 0x16, 0x78, 0x9C, 0x85, 0x8E, 0x01, 0x0A, 0xC0, 0x30, 0x08, 0x03, 0xFD, 0x41, 0xFE,
    0xFF, 0x4B, 0x7F, 0x70, 0x4B, 0x6A, 0x19, 0x83, 0x75, 0x4C, 0x52, 0x7A, 0x2D, 0x26, 0x5A, 0xE5,
    0xA2, 0x76, 0xBD, 0xA0, 0xF5, 0x05, 0x80, 0xF6, 0x4D, 0xBA, 0x1B, 0x9B, 0xF2, 0xE5, 0x43, 0x5E,
    0x56, 0x2D, 0xC5, 0x11, 0x10, 0x37, 0x4C, 0xCC, 0x01, 0xE2, 0x36, 0xF4, 0x72, 0x59, 0x68, 0x82,
    0x13, 0x36, 0xA3, 0xF4, 0x1C, 0x7E, 0xDA, 0xF8, 0x77, 0xF5, 0x0B, 0x33, 0x55, 0x44, 0x08, 0x78,
    0x9C, 0x63, 0x60, 0x60, 0x60, 0xF8, 0xC0, 0xCF, 0x00, 0x27, 0xFF, 0x43, 0x48, 0x06, 0xAC, 0xE4,
    0x87, 0xFF, 0x0C, 0xD8, 0x95, 0x83, 0xC8, 0xFF, 0x40, 0xF2, 0xC3, 0x7F, 0xFE, 0x0F, 0x60, 0x65,
    0x40, 0x85, 0x00, 0xFB, 0x6B, 0x14, 0xFB, 0x78, 0x9C, 0x63, 0x60, 0x00, 0x82, 0xFF, 0x0C, 0x0C,
    0x18, 0xD4, 0x07, 0x28, 0xC5, 0x8F, 0x9B, 0xFA, 0xCF, 0x8F, 0xA9, 0x8D, 0x08, 0x43, 0xFE, 0x23,
    0x53, 0x1F, 0x40, 0x14, 0x90, 0xF8, 0x00, 0x51, 0x0D, 0x52, 0x0F, 0x00, 0xE0, 0x61, 0x1B, 0xD6,
    0x78, 0x9C, 0x63, 0x60, 0x60, 0x60, 0xF8, 0xC0, 0xCF, 0x00, 0x27, 0xFF, 0x43, 0x48, 0x06, 0xAC,
    0xE4, 0x87, 0xFF, 0x0C, 0xD8, 0x95, 0x83, 0xC8, 0xFF, 0x40, 0xF2, 0xC3, 0x7F, 0xFE, 0xFF, 0x60,
    0x65, 0x38, 0x0C, 0x80, 0x91, 0xFF, 0xA1, 0x24, 0x00, 0x67, 0x20, 0x1D, 0x02, 0x78, 0x9C, 0x63,
    0x60, 0xF8, 0xCF, 0xF0, 0x9F, 0x9F, 0xE1, 0x03, 0xFF, 0x07, 0x10, 0x09, 0xC4, 0x0C, 0x40, 0x92,
    0x01, 0x41, 0x82, 0x04, 0x18, 0xFE, 0x23, 0x93, 0x0C, 0x68, 0x24, 0xA6, 0x72, 0x4C, 0x12, 0xD9,
    0x00, 0x98, 0x25, 0x20, 0x12, 0x00, 0x77, 0x2C, 0x1E, 0xF1, 0x78, 0x9C, 0x63, 0x60, 0x60, 0xF8,
    0xFF, 0x9F, 0x9F, 0x81, 0xE1, 0xC3, 0xFF, 0xFF, 0x0C, 0x40, 0x26, 0x90, 0x05, 0x64, 0x32, 0x80,
    0x48, 0x7E, 0x74, 0xF2, 0x3F, 0x84, 0x64, 0xC0, 0x4A, 0x62, 0x6A, 0x02, 0x00, 0x0C, 0x4A, 0x13,
    0xED, 0x78, 0x9C, 0x5D, 0x8C, 0xC1, 0x0D, 0x00, 0x30, 0x08, 0x02, 0xD9, 0xA0, 0xFB, 0x6F, 0xE9,
    0x06, 0x57, 0x90, 0x57, 0x9B, 0x98, 0x9C, 0xE8, 0xA9, 0x04, 0x1C, 0x69, 0x0C, 0x0C, 0xB7, 0x8E,
    0xC1, 0x3C, 0xE8, 0x70, 0xAC, 0xD0, 0x83, 0xFA, 0x62, 0xB7, 0x41, 0x53, 0x6A, 0xAD, 0xFF, 0xC9,
    0x05, 0xF9, 0x76, 0x28, 0xE7, 0x78, 0x9C, 0x6D, 0x8C, 0xC1, 0x0D, 0x00, 0x30, 0x08, 0x02, 0xD9,
    0xC0, 0xFD, 0xB7, 0x74, 0x03, 0xEA, 0x95, 0x36, 0xE9, 0xA3, 0x0F, 0x3C, 0x0C, 0xA2, 0x64, 0x09,
    0x35, 0xAA, 0xD0, 0x15, 0x4F, 0x34, 0xC4, 0x32, 0x58, 0x27, 0xF7, 0xE6, 0x80, 0xB3, 0x5B, 0xD5,
    0x47, 0xED, 0xE7, 0x9D, 0xD3, 0xEB, 0x53, 0x5B, 0x90, 0x66, 0x2B, 0x99, 0x78, 0x9C, 0x6D, 0x8C,
    0xC1, 0x09, 0x00, 0x30, 0x0C, 0x02, 0xDD, 0xC0, 0xFD, 0xB7, 0x74, 0x03, 0x8B, 0x92, 0x3C, 0x5A,
    0x1A, 0x24, 0x07, 0x22, 0x07, 0x40, 0x26, 0xF2, 0x1D, 0x8A, 0x09, 0x8C, 0xDE, 0x82, 0x85, 0x86,
    0x7E, 0xEB, 0x7B, 0xDC, 0xA4, 0x74, 0x95, 0xA2, 0x46, 0xDC, 0xF1, 0x17, 0x2B, 0x2E, 0x0E, 0x5D,
    0x49, 0x24, 0xFA, 0x78, 0x9C, 0x63, 0x60, 0x00, 0x82, 0x0F, 0xFF, 0xF9, 0x41, 0x14, 0xC3, 0xFF,
    0xFF, 0x60, 0xEA, 0x03, 0x84, 0x07, 0xA7, 0xFF, 0xC3, 0x68, 0x06, 0xAC, 0xF4, 0x07, 0x74, 0x9A,
    0x1F, 0x3B, 0xFD, 0x9F, 0x38, 0xE3, 0x30, 0x8C, 0x25, 0x64, 0x1C, 0x8A, 0x36, 0x98, 0x57, 0x60,
    0xBA, 0x01, 0x8B, 0x37, 0x22, 0xDE, 0x78, 0x9C, 0x63, 0x60, 0x00, 0x82, 0x0F, 0xFF, 0xF9, 0x41,
    0x14, 0xC3, 0x7F, 0x08, 0xFD, 0xE1, 0x3F, 0x98, 0xC7, 0xF0, 0x81, 0x1F, 0x95, 0xFE, 0x0F, 0xA3,
    0x19, 0xF0, 0xD2, 0x38, 0xB4, 0xFF, 0x07, 0x02, 0x28, 0xCD, 0x4F, 0x05, 0xE3, 0x30, 0x5D, 0x07,
    0x55, 0x0D, 0xA3, 0x21, 0xC2, 0x00, 0xF0, 0x48, 0x28, 0xD8, 0x78, 0x9C, 0x63, 0x60, 0xF8, 0xC0,
    0xCF, 0x00, 0x04, 0xC8, 0xE4, 0x7F, 0x10, 0xF9, 0x1F, 0x08, 0x60, 0x24, 0xC3, 0x7F, 0xB0, 0xE4,
    0x7F, 0x74, 0x85, 0x18, 0x9A, 0x20, 0x0A, 0x31, 0x49, 0xFC, 0x5A, 0xA1, 0xE4, 0x7F, 0xA8, 0xBD,
    0x40, 0x02, 0x00, 0x01, 0x3F, 0x23, 0xDD, 0x78, 0x9C, 0x5D, 0x8D, 0xDB, 0x0D, 0x00, 0x30, 0x08,
    0x02, 0xD9, 0x80, 0xFD, 0xB7, 0x64, 0x03, 0xEA, 0xA3, 0x35, 0xA6, 0x7E, 0xE8, 0x45, 0x02, 0x00,
    0x06, 0x20, 0xC6, 0x4A, 0xF0, 0x00, 0x16, 0x68, 0xE0, 0xCA, 0x72, 0x4F, 0x1B, 0xF4, 0xA4, 0x96,
    0xB9, 0xF2, 0xBE, 0x60, 0xC2, 0x05, 0xE1, 0x67, 0x35, 0x28, 0x5F, 0x71, 0x0F, 0xB5, 0xE5, 0x2A,
    0x04, 0x78, 0x9C, 0x5D, 0x8D, 0xC1, 0x0D, 0x00, 0x30, 0x08, 0x02, 0xD9, 0xC0, 0xFD, 0xB7, 0x64,
    0x03, 0x0A, 0xDA, 0xA6, 0x4D, 0x1F, 0x72, 0x44, 0x22, 0x52, 0x02, 0xA5, 0xE2, 0x10, 0x60, 0x01,
    0xC6, 0x3F, 0x59, 0x47, 0x0E, 0x15, 0x5A, 0x12, 0x5F, 0xB6, 0x75, 0xCF, 0xE6, 0xEB, 0xA5, 0x3E,
    0x99, 0x27, 0xC0, 0x02, 0x07, 0xA2, 0x2A, 0xD6, 0x78, 0x9C, 0x6D, 0xCC, 0xB1, 0x15, 0x00, 0x30,
    0x08, 0x42, 0xC1, 0xBF, 0x81, 0xFB, 0x6F, 0xE9, 0x06, 0x04, 0x34, 0x45, 0x8A, 0x14, 0x78, 0x85,
    0x3C, 0xE8, 0x42, 0x02, 0x05, 0x07, 0xE8, 0x3F, 0x7D, 0x29, 0xD2, 0x5E, 0x78, 0x70, 0x82, 0x47,
    0xDC, 0x9C, 0xB2, 0xB2, 0xE8, 0xC7, 0xDC, 0x03, 0x7A, 0x6F, 0x23, 0xFB, 0x78, 0x9C, 0x55, 0xCC,
    0xC9, 0x0D, 0x00, 0x30, 0x08, 0x03, 0x41, 0x77, 0x40, 0xFF, 0x5D, 0xBA, 0x83, 0x0D, 0x97, 0xA2,
    0xE4, 0xC3, 0x58, 0x06, 0x21, 0x49, 0x44, 0x0E, 0xF9, 0x03, 0x3F, 0x38, 0x1A, 0x16, 0x15, 0xA6,
    0x52, 0x47, 0xE6, 0xC5, 0x14, 0xB5, 0xE6, 0x5E, 0x25, 0x0C, 0x07, 0x12, 0x9C, 0x1F, 0x00, 0x78,
    0x9C, 0x55, 0xCC, 0xC1, 0x0D, 0x00, 0x30, 0x08, 0x02, 0x40, 0x36, 0x70, 0xFF, 0x2D, 0xD9, 0xC0,
    0x56, 0xD0, 0xD8, 0x26, 0x10, 0xEE, 0x05, 0x00, 0x26, 0x80, 0x0C, 0x58, 0x94, 0x72, 0xC5, 0xEA,
    0x15, 0xE3, 0x53, 0x8C, 0x28, 0x65, 0xDB, 0xAA, 0x3A, 0x2B, 0x4D, 0xDF, 0x8E, 0xF0, 0xCA, 0xDF,
    0xD2, 0x01, 0x58, 0x6A, 0x3A, 0x3F, 0x78, 0x9C, 0x6D, 0xCA, 0xC1, 0x0D, 0x00, 0x20, 0x08, 0x03,
    0xC0, 0x6E, 0xC0, 0xFE, 0x5B, 0xB2, 0x41, 0x0D, 0x48, 0x4D, 0xAC, 0xF2, 0x80, 0x6B, 0x28, 0x50,
    0x93, 0xC4, 0x5C, 0x21, 0xF6, 0xC5, 0xE4, 0xD3, 0x78, 0x3F, 0x9F, 0x8A, 0x40, 0x95, 0x85, 0x0C,
    0x07, 0x61, 0xA8, 0xCD, 0x0B, 0x84, 0xA1, 0x8B, 0x1D, 0x84, 0x05, 0xA9, 0x3C, 0x27, 0x9D, 0x78,
    0x9C, 0xFB, 0xC0, 0xCF, 0xC0, 0xC0, 0xF0, 0x9F, 0xE1, 0x03, 0x90, 0x02, 0x62, 0x10, 0xF5, 0x1F,
    0x48, 0xFD, 0x07, 0x89, 0xC1, 0xC4, 0x81, 0xD4, 0x7F, 0x28, 0x05, 0x24, 0x81, 0x92, 0xFC, 0x10,
    0x8A, 0x01, 0x99, 0xE2, 0x27, 0x44, 0x01, 0x00, 0x47, 0x85, 0x19, 0xD8, 0x78, 0x9C, 0x63, 0x60,
    0xF8, 0x0F, 0x04, 0xFC, 0x0C, 0x30, 0x0A, 0x08, 0xFE, 0x83, 0xC9, 0x0F, 0x10, 0x0A, 0x22, 0x06,
    0xE5, 0x7C, 0x20, 0x51, 0x01, 0xD8, 0xC8, 0x0F, 0x08, 0x93, 0x3F, 0xF0, 0x63, 0xAA, 0x62, 0x80,
    0xD9, 0x0A, 0x37, 0x08, 0x00, 0x79, 0x86, 0x28, 0xE7, 0x78, 0x9C, 0x55, 0x4C, 0x87, 0x0D, 0x00,
    0x30, 0x08, 0xE2, 0x03, 0xFF, 0xFF, 0x92, 0x0F, 0x28, 0x68, 0x4D, 0x53, 0x48, 0x14, 0x07, 0x00,
    0x32, 0x0A, 0xDB, 0x0C, 0x75, 0xE5, 0x1D, 0xBA, 0xF1, 0xDF, 0xED, 0xD0, 0xBE, 0xA2, 0x94, 0x87,
    0xD0, 0xBB, 0xD0, 0xC2, 0x92, 0x89, 0xCC, 0x69, 0x93, 0xC7, 0x4D, 0x3C, 0x1C, 0x6E, 0xC9, 0x28,
    0xF6, 0x78, 0x9C, 0x63, 0x60, 0xF8, 0xF0, 0x1F, 0x08, 0x18, 0x18, 0x18, 0xFE, 0x43, 0x69, 0x20,
    0xF8, 0xC0, 0x0F, 0xA1, 0x71, 0x70, 0xA1, 0xF4, 0x7F, 0x7E, 0x54, 0x2E, 0x54, 0x37, 0xD0, 0x3C,
    0x7E, 0x54, 0x85, 0x0C, 0x04, 0xE8, 0x0F, 0x48, 0xF6, 0x00, 0xF5, 0x82, 0xB9, 0x20, 0x57, 0xF1,
    0x43, 0x8D, 0x03, 0x51, 0x00, 0xD2, 0xD6, 0x2B, 0x8A, 0x78, 0x9C, 0x63, 0x60, 0xF8, 0xFF, 0x9F,
    0x81, 0x01, 0x48, 0x00, 0xA9, 0x0F, 0x20, 0xC4, 0xFF, 0x01, 0xC4, 0xE5, 0x07, 0x12, 0x0C, 0x1F,
    0x30, 0xC8, 0xFF, 0x60, 0xE6, 0x7F, 0xB8, 0x00, 0x84, 0xF9, 0x1F, 0x8D, 0x09, 0x51, 0x86, 0x49,
    0x22, 0x69, 0x44, 0x21, 0x01, 0x58, 0xD6, 0x21, 0xB2, 0x78, 0x9C, 0x63, 0x60, 0xF8, 0xF0, 0x9F,
    0x9F, 0x81, 0x01, 0x48, 0xFE, 0x07, 0xD1, 0x40, 0xFC, 0xE1, 0x3F, 0xC3, 0x07, 0x90, 0x08, 0x3F,
    0x84, 0x02, 0x8A, 0x31, 0x60, 0xA3, 0x20, 0x72, 0x50, 0x25, 0x1F, 0xD0, 0x44, 0x51, 0xD4, 0x42,
    0x79, 0x1F, 0xF8, 0x09, 0x52, 0xFF, 0x91, 0x2D, 0x04, 0x00, 0xF9, 0x96, 0x1E, 0xF1, 0x78, 0x9C,
    0x6D, 0x8E, 0xC9, 0x11, 0x00, 0x30, 0x08, 0x02, 0xE9, 0xC0, 0xFE, 0xBB, 0xB4, 0x03, 0xE2, 0x62,
    0x5E, 0x99, 0x3C, 0x74, 0xF1, 0x62, 0x94, 0xD4, 0x96, 0xC8, 0x86, 0x2E, 0x79, 0x5B, 0xA3, 0xBA,
    0x44, 0xD0, 0x7F, 0xC1, 0x68, 0x51, 0xC1, 0x5C, 0xB8, 0x52, 0x23, 0x30, 0xCA, 0xE2, 0x45, 0xFB,
    0x63, 0xE2, 0xA8, 0x5E, 0x70, 0x73, 0x5F, 0x18, 0x62, 0x70, 0x00, 0x48, 0x24, 0x35, 0xBC, 0x78,
    0x9C, 0x63, 0x60, 0xF8, 0x0F, 0x04, 0x0C, 0x0C, 0x1F, 0x40, 0x14, 0x3F, 0xC3, 0x07, 0x7E, 0x06,
    0x10, 0xC6, 0xA4, 0xA0, 0x4A, 0x40, 0x2C, 0x28, 0xC5, 0x00, 0xC6, 0x60, 0x8A, 0x1F, 0x4C, 0x7D,
    0xE0, 0x87, 0xF2, 0x3E, 0x80, 0x15, 0xC3, 0x8D, 0x84, 0xA8, 0x07, 0x00, 0x57, 0x36, 0x2D, 0xE2,
    0x78, 0x9C, 0x63, 0x60, 0xF8, 0xCF, 0xC0, 0xC0, 0xF0, 0x9F, 0x9F, 0xE1, 0x03, 0x98, 0x66, 0x60,
    0xF8, 0xC0, 0x8F, 0x9B, 0x06, 0xA9, 0xF9, 0xF0, 0x1F, 0x08, 0x80, 0xEC, 0xFF, 0x30, 0x9A, 0x01,
    0x22, 0x87, 0x4C, 0xC3, 0xC4, 0xFF, 0x33, 0xE0, 0x34, 0x16, 0x00, 0x6E, 0x79, 0x26, 0xDA, 0x78,
    0x9C, 0x75, 0x8E, 0xDB, 0x09, 0x00, 0x30, 0x08, 0x03, 0xDD, 0xC0, 0xFD, 0xB7, 0x74, 0x83, 0xAB,
    0x8F, 0xB6, 0x20, 0x68, 0x3E, 0x72, 0x44, 0x34, 0x28, 0xE2, 0x32, 0x0D, 0x17, 0x1A, 0x46, 0x91,
    0x6E, 0x17, 0xBA, 0xA3, 0x77, 0x21, 0x2B, 0x86, 0x2E, 0x08, 0x18, 0xC4, 0x35, 0xB5, 0x88, 0xE7,
    0x1A, 0x6A, 0x46, 0x5E, 0x8B, 0xFD, 0xDF, 0x0E, 0x3A, 0x67, 0x27, 0xE8, 0x78, 0x9C, 0x63, 0x60,
    0xF8, 0xCF, 0xC0, 0xC0, 0xF0, 0x01, 0x41, 0xF0, 0x63, 0x12, 0xFF, 0xC1, 0x04, 0x03, 0x06, 0x01,
    0xD5, 0x05, 0x04, 0x60, 0x02, 0x00, 0xF9, 0xD6, 0x19, 0xAB, 0x78, 0x9C, 0x75, 0x8D, 0xC1, 0x0D,
    0x00, 0x20, 0x0C, 0x02, 0xD9, 0xC0, 0xFD, 0xB7, 0x64, 0x83, 0xB3, 0x8A, 0x31, 0x31, 0xEA, 0xA3,
    0x5C, 0x4A, 0x09, 0x95, 0x04, 0x4D, 0x43, 0x41, 0x72, 0x4D, 0xAD, 0x2E, 0xC3, 0xC3, 0xFD, 0x80,
    0x85, 0xDB, 0x8B, 0xFA, 0x71, 0x49, 0xDA, 0xCC, 0x77, 0x04, 0xBB, 0xE2, 0xC8, 0x07, 0x1D, 0xBC,
    0x00, 0x25, 0x09, 0x78, 0x9C, 0x63, 0x60, 0x60, 0xF8, 0xFF, 0x9F, 0x81, 0x01, 0x44, 0x82, 0xE8,
    0x0F, 0x40, 0xFC, 0x9F, 0x1F, 0x84, 0x18, 0x3E, 0x00, 0x29, 0x90, 0x04, 0x58, 0x0C, 0x17, 0xC5,
    0x00, 0xA3, 0xF8, 0x51, 0x45, 0xA1, 0x5C, 0x14, 0x0A, 0x2C, 0xF8, 0x01, 0x66, 0xCF, 0x7F, 0xA8,
    0xB5, 0xA8, 0xC6, 0x20, 0x99, 0x02, 0x00, 0xA6, 0x7D, 0x2A, 0x9A, 0x78, 0x9C, 0x8D, 0x8F, 0xD1,
    0x11, 0xC0, 0x20, 0x08, 0x43, 0xD9, 0x80, 0xFD, 0xB7, 0xCC, 0x06, 0x29, 0xD1, 0x58, 0xB8, 0x9E,
    0x1F, 0xCD, 0x87, 0x3E, 0x21, 0x80, 0x44, 0x48, 0x8C, 0xD6, 0x0F, 0x46, 0x5E, 0x18, 0x4C, 0x50,
    0xAA, 0x00, 0x8F, 0xB2, 0xC2, 0xCA, 0xEC, 0xFA, 0x95, 0xDA, 0x35, 0xA0, 0x5B, 0xD2, 0x2D, 0x7C,
    0x63, 0x5A, 0xF5, 0xA6, 0xAD, 0x66, 0xA7, 0x05, 0x7C, 0x3D, 0xE2, 0x51, 0xA3, 0x63, 0x8D, 0xC8,
    0x33, 0xAB, 0xBE, 0x66, 0x2E, 0x67, 0xE0, 0xBB, 0x03, 0x27, 0x8F, 0xD5, 0xD8, 0x31, 0xF6, 0x9A,
    0x6C, 0xCB, 0xFA, 0x42, 0x3C, 0x5F, 0xFA, 0x56, 0xF5, 0x78, 0x9C, 0x85, 0x8F, 0xD1, 0x0D, 0x00,
    0x31, 0x08, 0x42, 0xDD, 0xA0, 0xFB, 0x6F, 0xC9, 0x06, 0xB4, 0x81, 0x72, 0xA6, 0x49, 0x9B, 0xF3,
    0xEB, 0x05, 0x15, 0xA5, 0x4A, 0x05, 0x0E, 0x43, 0x91, 0x1B, 0x20, 0x85, 0x07, 0xB9, 0xF7, 0x11,
    0x42, 0xA0, 0xEA, 0x20, 0xAD, 0x79, 0xB5, 0x89, 0xE3, 0x61, 0xFC, 0x7B, 0xC2, 0xC3, 0x6D, 0x9C,
    0x6E, 0x3E, 0x5F, 0x47, 0x6D, 0x27, 0x31, 0x69, 0xAE, 0x94, 0x84, 0x4D, 0x1D, 0x1F, 0x5B, 0x9A,
    0x24, 0xCC, 0x44, 0x62, 0x78, 0x9C, 0x5D, 0x8E, 0x01, 0x0A, 0x00, 0x30, 0x08, 0x02, 0xFD, 0x41,
    0xFF, 0xFF, 0x65, 0x3F, 0x70, 0xAE, 0x6C, 0xB0, 0x84, 0xBA, 0x20, 0xB4, 0x00, 0x20, 0x03, 0x25,
    0x2E, 0xFE, 0xA2, 0x34, 0xD4, 0x90, 0x53, 0xD1, 0x8E, 0x62, 0x2E, 0xD2, 0x61, 0x66, 0x95, 0x73,
    0x1E, 0x6D, 0xBF, 0x54, 0xCB, 0xBE, 0xE1, 0x9F, 0x16, 0xB5, 0xA4, 0xCF, 0xD1, 0xFE, 0x89, 0x39,
    0xE1, 0xFE, 0x42, 0xEB, 0x78, 0x9C, 0x6D, 0xCC, 0xDB, 0x0D, 0x00, 0x20, 0x08, 0x03, 0xC0, 0x6E,
    0xD0, 0xFD, 0xB7, 0xEC, 0x06, 0x95, 0x87, 0xC4, 0x68, 0xFC, 0x80, 0x0B, 0x01, 0x0A, 0x88, 0x30,
    0x81, 0xCB, 0xA0, 0x87, 0x14, 0xAF, 0xEE, 0xBD, 0x9C, 0x27, 0x8A, 0x26, 0xA3, 0x2A, 0x6F, 0xC4,
    0xBF, 0x1E, 0x71, 0xD4, 0xC8, 0xB6, 0xA2, 0x76, 0x1C, 0xDD, 0xF1, 0x54, 0x7D, 0x2E, 0x4C, 0xB6,
    0x32, 0xEC, 0x78, 0x9C, 0x75, 0x8D, 0x01, 0x0A, 0x00, 0x30, 0x08, 0x02, 0xFB, 0x41, 0xFF, 0xFF,
    0x65, 0x3F, 0x70, 0x2E, 0x2B, 0x46, 0x30, 0xA1, 0x2E, 0x12, 0xCB, 0x0C, 0x94, 0x51, 0xD0, 0x10,
    0x5D, 0x7E, 0x77, 0x2E, 0xC6, 0x22, 0xD2, 0x1A, 0x66, 0xD5, 0x9D, 0x61, 0xC5, 0x2F, 0xD9, 0x42,
    0x3F, 0x14, 0xDF, 0xA4, 0x89, 0x7A, 0x87, 0xCA, 0xF7, 0x99, 0xAF, 0x68, 0xFB, 0xC3, 0x03, 0xD0,
    0x53, 0x45, 0xE8, 0x78, 0x9C, 0x6D, 0xCE, 0xC1, 0x0D, 0x00, 0x20, 0x08, 0x03, 0xC0, 0x6E, 0xC0,
    0xFE, 0x5B, 0x76, 0x83, 0x2A, 0x45, 0xA2, 0x31, 0x90, 0xE8, 0xF9, 0xA8, 0x0D, 0x00, 0x03, 0x9E,
    0x5F, 0xB5, 0xF8, 0x95, 0x9F, 0xA2, 0x32, 0xC2, 0x7D, 0x51, 0xF0, 0xC9, 0x8C, 0xBF, 0x0F, 0xAA,
    0xC5, 0x95, 0x6D, 0x94, 0xAE, 0x3A, 0x75, 0xA1, 0xAA, 0x0F, 0xF6, 0x22, 0xF3, 0xEC, 0x98, 0x1E,
    0x17, 0x2F, 0xB9, 0x37, 0xC9, 0x78, 0x9C, 0x7D, 0xCE, 0xC9, 0x0D, 0x00, 0x20, 0x0C, 0x03, 0x41,
    0x77, 0x90, 0xFE, 0xBB, 0xA4, 0x83, 0xE5, 0x30, 0x21, 0x42, 0x42, 0xF8, 0x33, 0x79, 0xE4, 0x92,
    0x46, 0xD0, 0x4A, 0x4B, 0x43, 0x8F, 0x00, 0xB1, 0x9D, 0xC5, 0x6C, 0x86, 0xDD, 0x7C, 0x0C, 0xDB,
    0x4A, 0x52, 0x7D, 0xF5, 0x6D, 0xCA, 0xF0, 0x43, 0x97, 0x78, 0x1D, 0xF8, 0x0B, 0xD7, 0xAC, 0x89,
    0x0E, 0x76, 0xF3, 0x3A, 0xF3, 0x78, 0x9C, 0x6D, 0x8C, 0xC1, 0x0D, 0x00, 0x20, 0x08, 0xC4, 0x6E,
    0x03, 0xF7, 0xDF, 0xD2, 0x0D, 0x2A, 0x07, 0xA8, 0x0F, 0x25, 0x40, 0x03, 0x81, 0x4A, 0x9A, 0xC3,
    0x29, 0xD1, 0x8C, 0x86, 0xE9, 0x95, 0x3E, 0x84, 0x24, 0x8E, 0xB8, 0x26, 0x3F, 0x77, 0x79, 0x7C,
    0x8C, 0xB4, 0xB1, 0x4F, 0x93, 0xBA, 0xF3, 0x51, 0x94, 0x6E, 0xD6, 0x0E, 0xEA, 0x97, 0x74, 0x2C,
    0x81, 0x36, 0x35, 0x26, 0x78, 0x9C, 0x7D, 0xCE, 0xC1, 0x09, 0x00, 0x20, 0x0C, 0x43, 0xD1, 0x6C,
    0xE0, 0xFE, 0x5B, 0x76, 0x83, 0xAF, 0x26, 0xA8, 0x78, 0xD0, 0x1E, 0xFA, 0x82, 0x90, 0xA2, 0x04,
    0x34, 0x8D, 0x21, 0xA1, 0x98, 0x71, 0x38, 0x1F, 0xB7, 0x2D, 0xD6, 0x91, 0xA5, 0xBE, 0x96, 0xE5,
    0xE8, 0x1A, 0xBA, 0x24, 0xE7, 0x20, 0xBF, 0x48, 0xC6, 0x8D, 0xF7, 0xB8, 0x99, 0x72, 0xF4, 0xEE,
    0x12, 0xEE, 0x3A, 0x12, 0x78, 0x9C, 0x6D, 0x8E, 0x89, 0x09, 0x00, 0x20, 0x0C, 0xC4, 0x6E, 0x03,
    0xF7, 0xDF, 0xB2, 0x1B, 0x44, 0xFB, 0x58, 0x29, 0x78, 0x20, 0xE1, 0xA4, 0x0D, 0x95, 0x3C, 0xB6,
    0x34, 0xC8, 0xA5, 0x3E, 0x84, 0x20, 0x9E, 0xB3, 0x42, 0x8E, 0xD7, 0xF3, 0xEA, 0x9A, 0x30, 0xF1,
    0x18, 0xC6, 0x1A, 0x0D, 0xEA, 0xF5, 0x56, 0xA4, 0xCE, 0xF2, 0x0F, 0x72, 0x97, 0xBE, 0xEA, 0x9B,
    0x3E, 0x9D, 0xD1, 0x37, 0x42, 0x25, 0x36, 0x07, 0x78, 0x9C, 0x7D, 0xCE, 0xDB, 0x0D, 0x00, 0x20,
    0x08, 0x43, 0xD1, 0x6E, 0xE0, 0xFE, 0x5B, 0xB2, 0xC1, 0x55, 0x68, 0x7C, 0x7D, 0x28, 0x3F, 0xA7,
    0x21, 0x29, 0x41, 0x02, 0x9A, 0xC6, 0xE0, 0x10, 0x64, 0x1C, 0xE6, 0x72, 0xD9, 0x6C, 0x6C, 0x99,
    0xEA, 0x6B, 0x94, 0x6C, 0xAB, 0x86, 0x2E, 0xF1, 0x39, 0xF0, 0x17, 0xCE, 0x54, 0xE3, 0x39, 0xC7,
    0xDB, 0x69, 0x07, 0x6C, 0xCA, 0x3D, 0x1E, 0x78, 0x9C, 0x6D, 0x8E, 0x81, 0x09, 0x00, 0x20, 0x08,
    0x04, 0x7F, 0x83, 0xF6, 0xDF, 0xD2, 0x0D, 0xAE, 0x7C, 0x2B, 0x09, 0x7A, 0x90, 0x43, 0xD1, 0x43,
    0x29, 0x13, 0x43, 0x0F, 0x39, 0xD4, 0x87, 0x60, 0x92, 0x59, 0x27, 0xD4, 0xFA, 0xAE, 0x6C, 0x53,
    0x63, 0x13, 0x4D, 0x1B, 0xF7, 0xAA, 0xA9, 0xEE, 0xAF, 0xA2, 0x74, 0x51, 0x33, 0xA8, 0x5B, 0xEE,
    0x57, 0xBF, 0x84, 0x9F, 0x68, 0x4E, 0xC9, 0xB5, 0x39, 0xF4, 0x78, 0x9C, 0x63, 0x60, 0x40, 0x06,
    0xFF, 0x21, 0xD4, 0x07, 0x7E, 0x14, 0x2E, 0x03, 0x3F, 0xAA, 0x22, 0x20, 0x40, 0xA6, 0xD1, 0xC0,
    0x7F, 0xA8, 0x38, 0x94, 0xFE, 0x80, 0x66, 0x26, 0x2E, 0xFA, 0x3F, 0x3A, 0x0D, 0x04, 0xFC, 0xC8,
    0x34, 0x54, 0x39, 0x3A, 0x4D, 0xC8, 0x38, 0xA8, 0x7E, 0x18, 0x0D, 0x00, 0xBE, 0x67, 0x38, 0x14,
    0x78, 0x9C, 0x6D, 0x8D, 0xD1, 0x0D, 0x00, 0x40, 0x04, 0x43, 0x6D, 0x60, 0xFF, 0x2D, 0xBB, 0x41,
    0x09, 0x52, 0x2E, 0xB9, 0x7E, 0x78, 0x11, 0xF2, 0x6A, 0xB6, 0x61, 0x4D, 0xF8, 0x59, 0x9E, 0x80,
    0xE4, 0xE2, 0x1B, 0xF4, 0x29, 0x3F, 0xBC, 0x4C, 0x60, 0x9B, 0xD8, 0x5A, 0x81, 0x15, 0xE1, 0xF6,
    0x0B, 0x3E, 0xC6, 0x31, 0xA8, 0x3C, 0x67, 0x00, 0xC0, 0xF6, 0x33, 0x91, 0x78, 0x9C, 0x63, 0x60,
    0x60, 0x60, 0xF8, 0xC0, 0xCF, 0x00, 0x06, 0x1F, 0xFE, 0x43, 0x69, 0x28, 0x1F, 0x15, 0xFC, 0x07,
    0x01, 0x04, 0x8D, 0xAE, 0x18, 0x17, 0xFD, 0x1F, 0x46, 0x23, 0x19, 0xC3, 0x8F, 0x4C, 0xA3, 0xD9,
    0x4D, 0xC0, 0xD8, 0xFF, 0x38, 0x8C, 0x05, 0x00, 0xFE, 0x23, 0x28, 0xE7, 0x78, 0x9C, 0x63, 0x60,
    0x60, 0xF8, 0xF0, 0x9F, 0x81, 0x01, 0x4E, 0xF2, 0x33, 0xC0, 0xC1, 0xFF, 0xFF, 0x60, 0x61, 0x10,
    0xF9, 0x1F, 0x2C, 0xFC, 0x9F, 0x01, 0x4E, 0x22, 0xA9, 0x06, 0xAA, 0xF8, 0x0F, 0x23, 0xA1, 0xFA,
    0x31, 0x94, 0x63, 0xD1, 0x8A, 0x64, 0x1D, 0x26, 0x09, 0x31, 0x00, 0x00, 0xB2, 0xBF, 0x26, 0x8F,
    0x78, 0x9C, 0x75, 0x8E, 0x8B, 0x09, 0x00, 0x20, 0x08, 0x44, 0x6F, 0x03, 0xF7, 0xDF, 0xD2, 0x0D,
    0x5E, 0xF9, 0x81, 0x44, 0x48, 0x88, 0xD7, 0xA9, 0x77, 0x25, 0x49, 0x80, 0x69, 0x70, 0xD7, 0x1B,
    0xC7, 0xC5, 0xB9, 0xE7, 0x32, 0x9B, 0x96, 0x32, 0xA7, 0x6D, 0x6D, 0xE9, 0x9B, 0xE9, 0xC4, 0x26,
    0x63, 0xF9, 0x4B, 0x3A, 0x8C, 0x36, 0x43, 0xBD, 0xE1, 0xF1, 0x8D, 0x4A, 0x0E, 0x79, 0x00, 0xFD,
    0x38, 0x37, 0xE7, 0x78, 0x9C, 0x75, 0x8E, 0x8B, 0x09, 0x00, 0x31, 0x08, 0x43, 0xB3, 0x41, 0xF6,
    0xDF, 0x32, 0x1B, 0xA4, 0x35, 0xD8, 0xCF, 0x1D, 0x54, 0x94, 0x87, 0x90, 0x44, 0x01, 0xD8, 0x26,
    0x70, 0xF8, 0x2A, 0x19, 0x0A, 0x66, 0x95, 0x9C, 0x28, 0xAA, 0x27, 0x5E, 0xA7, 0x21, 0x6E, 0xEA,
    0x4F, 0x5E, 0xFB, 0x65, 0x8F, 0xD5, 0xFD, 0x45, 0xB4, 0x95, 0xDF, 0x87, 0xF9, 0x65, 0x9D, 0xF2,
    0x8A, 0x5C, 0x5F, 0x2B, 0x6E, 0x0C, 0x18, 0xDB, 0x40, 0x75, 0x78, 0x9C, 0x63, 0x60, 0xF8, 0xCF,
    0x00, 0x04, 0x1F, 0xF8, 0x19, 0x20, 0x8C, 0xFF, 0xFC, 0x0C, 0x1F, 0xE0, 0x0C, 0x7E, 0x30, 0x83,
    0x01, 0x17, 0x03, 0xA4, 0xF0, 0x3F, 0x9C, 0x01, 0x06, 0xFC, 0xC8, 0x0C, 0xB2, 0x0D, 0x66, 0x40,
    0x31, 0x98, 0x1F, 0xD9, 0x18, 0x88, 0x3C, 0x1E, 0x00, 0x57, 0x00, 0xB1, 0x0D, 0x21, 0x02, 0x00,
    0xAA, 0xB8, 0x38, 0xF5, 0x78, 0x9C, 0x75, 0xCE, 0x81, 0x09, 0x00, 0x20, 0x08, 0x04, 0xC0, 0xDF,
    0xC0, 0xFD, 0xB7, 0x74, 0x83, 0xCF, 0x57, 0x21, 0x34, 0x92, 0xF4, 0x02, 0x2D, 0x04, 0xDC, 0xA0,
    0x98, 0xB0, 0xC1, 0x84, 0xBA, 0xD1, 0x19, 0xED, 0x28, 0x91, 0x3A, 0x89, 0x3D, 0x58, 0x7E, 0x22,
    0xB0, 0x61, 0x93, 0xAF, 0x51, 0xF3, 0x97, 0x4F, 0xAC, 0xCD, 0xC4, 0x01, 0x43, 0x93, 0x31, 0xB1,
    0x78, 0x9C, 0x63, 0x60, 0xF8, 0xCF, 0x00, 0x04, 0x1F, 0xF8, 0x19, 0x20, 0x8C, 0xFF, 0xFC, 0x0C,
    0x1F, 0xE0, 0x0C, 0x7E, 0x30, 0x83, 0x01, 0x17, 0x03, 0xA4, 0xF0, 0x3F, 0x9C, 0x01, 0x06, 0xFC,
    0xC8, 0x0C, 0xB2, 0x0D, 0x66, 0x40, 0x31, 0x98, 0x1F, 0xD9, 0x18, 0x88, 0x3C, 0x06, 0x40, 0xD1,
    0x09, 0x16, 0xF9, 0x00, 0x74, 0x04, 0x54, 0x0E, 0x42, 0x03, 0x00, 0x2A, 0x47, 0x3E, 0xEF, 0x78,
    0x9C, 0x65, 0xCE, 0x01, 0x0A, 0x00, 0x20, 0x08, 0x03, 0xC0, 0xFD, 0xC0, 0xFF, 0xFF, 0xD2, 0x1F,
    0x2C, 0xB7, 0x84, 0xB2, 0xC4, 0x3A, 0x21, 0x13, 0x81, 0x0C, 0x28, 0x26, 0x6C, 0x30, 0xA1, 0x2A,
    0x26, 0xEB, 0xB9, 0xAE, 0x3A, 0x4A, 0x13, 0x1F, 0xE1, 0x21, 0x02, 0x2F, 0x6C, 0xFC, 0x1B, 0xBB,
    0xFF, 0x30, 0xC3, 0xB3, 0xAE, 0x66, 0x7A, 0xB5, 0xF4, 0x26, 0x0B, 0xB9, 0xFE, 0x39, 0x6D, 0x78,
    0x9C, 0x7D, 0x8E, 0xDB, 0x09, 0x00, 0x30, 0x08, 0x03, 0xB3, 0x81, 0xFB, 0x6F, 0xE9, 0x06, 0x69,
    0x13, 0x45, 0xDA, 0x7E, 0x54, 0x30, 0x9C, 0xC1, 0x17, 0x40, 0x00, 0x29, 0x71, 0x46, 0x15, 0x36,
    0x32, 0x2A, 0x2D, 0x32, 0x04, 0x36, 0xA4, 0x36, 0xF6, 0x40, 0x36, 0x80, 0x0D, 0x1C, 0x98, 0x1E,
    0xEF, 0xAD, 0xC5, 0x37, 0xC4, 0x71, 0x0A, 0x17, 0x78, 0x42, 0xC2, 0xF7, 0x83, 0x7F, 0x4C, 0x43,
    0xFF, 0x35, 0xCE, 0x02, 0xBF, 0xB3, 0x36, 0xBB, 0x78, 0x9C, 0x6D, 0x8E, 0xC9, 0x11, 0x00, 0x30,
    0x08, 0x02, 0xED, 0xC0, 0xFE, 0xBB, 0xA4, 0x03, 0x12, 0x61, 0xCC, 0xE4, 0xE2, 0xE1, 0xF2, 0x10,
    0x34, 0x02, 0x19, 0xD2, 0x4D, 0x36, 0xE3, 0x21, 0x68, 0xD6, 0x4A, 0x79, 0x3A, 0xA6, 0xE4, 0x1C,
    0x74, 0x8D, 0x8B, 0x90, 0x2E, 0x22, 0x9B, 0x4A, 0x57, 0xF6, 0xA4, 0x2F, 0xA3, 0xB9, 0xF9, 0x75,
    0xFA, 0xAB, 0xE7, 0x5F, 0x71, 0x00, 0x77, 0x7A, 0x2E, 0x00, 0x78, 0x9C, 0x7D, 0x8E, 0xD9, 0x0D,
    0x00, 0x20, 0x08, 0x43, 0xBB, 0x01, 0xFB, 0x6F, 0xC9, 0x06, 0x68, 0xCB, 0x11, 0xF5, 0x43, 0x12,
    0x9A, 0x47, 0xC3, 0x05, 0x04, 0x00, 0xA7, 0x28, 0x2D, 0x0B, 0x19, 0x6E, 0x99, 0x12, 0x1A, 0x04,
    0x19, 0x54, 0x19, 0x7B, 0xC0, 0x0B, 0x10, 0x05, 0x31, 0x30, 0x3D, 0xDA, 0x9B, 0x8B, 0x6F, 0xB0,
    0xE3, 0x14, 0x2E, 0xD0, 0x04, 0x25, 0xDE, 0x0F, 0xBE, 0xE1, 0x7D, 0xBD, 0x61, 0x01, 0x0E, 0xE4,
    0x3A, 0xA8, 0x78, 0x9C, 0x6D, 0x8D, 0xC9, 0x11, 0x00, 0x30, 0x08, 0x02, 0xED, 0xC0, 0xFE, 0xBB,
    0xA4, 0x03, 0xA2, 0x32, 0x66, 0xCC, 0xE1, 0xC3, 0xE5, 0x21, 0xAB, 0x19, 0xDC, 0x6A, 0x6E, 0xB2,
    0x69, 0x0F, 0x41, 0x31, 0x4F, 0x32, 0x53, 0xB5, 0x6A, 0xC6, 0xA2, 0x34, 0x12, 0xC1, 0x25, 0x22,
    0x9B, 0xD5, 0xCE, 0xEE, 0x49, 0x7D, 0x46, 0x73, 0xE4, 0xFD, 0xFA, 0x37, 0xE1, 0xE5, 0xF0, 0x2F,
    0x3D, 0x62, 0x31, 0xED, 0x78, 0x9C, 0x63, 0x60, 0xF8, 0xCF, 0x00, 0x02, 0x60, 0xF2, 0x03, 0x84,
    0xE4, 0xC7, 0x4E, 0xFE, 0xE7, 0x87, 0x2B, 0xC4, 0x24, 0x3F, 0xE0, 0x35, 0x00, 0xAA, 0x15, 0x04,
    0xF8, 0xC1, 0x24, 0x03, 0x36, 0x80, 0x6E, 0x10, 0x00, 0x4D, 0xCC, 0x23, 0xBF, 0x78, 0x9C, 0x63,
    0x60, 0xF8, 0xC0, 0xCF, 0x00, 0xC7, 0xFF, 0x41, 0x98, 0x01, 0x05, 0x7F, 0xF8, 0xCF, 0x80, 0xA2,
    0x04, 0x9F, 0x32, 0x18, 0x1F, 0x09, 0xC0, 0x95, 0x03, 0x31, 0x00, 0x18, 0x03, 0x1A, 0xF5, 0x78,
    0x9C, 0x63, 0xF8, 0x0F, 0x04, 0x0C, 0x0C, 0x10, 0x12, 0x05, 0xFC, 0x47, 0x90, 0x1F, 0x20, 0x24,
    0x3F, 0x76, 0xF2, 0x3F, 0x3F, 0x9A, 0x72, 0x2C, 0x5A, 0x71, 0x18, 0x00, 0xD5, 0x0A, 0x02, 0xFC,
    0xFF, 0xB1, 0xB8, 0x01, 0xC9, 0x25, 0x48, 0x06, 0x01, 0x00, 0xBC, 0xBB, 0x2B, 0xB7, 0x78, 0x9C,
    0x63, 0xF8, 0xF0, 0xFF, 0xFF, 0x7F, 0x06, 0x06, 0x08, 0x89, 0x02, 0x3E, 0xF0, 0xA3, 0x93, 0xFF,
    0x21, 0x24, 0x03, 0x56, 0xF2, 0xC3, 0x7F, 0xEC, 0x9A, 0x88, 0xD7, 0x8A, 0x2C, 0x8E, 0x01, 0x50,
    0x8C, 0x01, 0x93, 0x00, 0xBD, 0x49, 0x22, 0xCF, 0x78, 0x9C, 0x63, 0x60, 0xF8, 0xCF, 0x00, 0x02,
    0x60, 0xF2, 0x03, 0x84, 0xE4, 0xC7, 0x4E, 0xFE, 0xE7, 0x87, 0x2B, 0xC4, 0x24, 0x3F, 0xE0, 0x35,
    0x00, 0xAA, 0x15, 0x04, 0xF8, 0xC1, 0x24, 0x03, 0x26, 0xF8, 0x00, 0x16, 0x86, 0x90, 0x00, 0xA2,
    0x45, 0x26, 0xBC, 0x78, 0x9C, 0x63, 0x60, 0x60, 0x60, 0xF8, 0xCF, 0xC0, 0x80, 0x4A, 0x7E, 0x80,
    0x90, 0xFC, 0xD8, 0xC9, 0xFF, 0xFC, 0x0C, 0xD8, 0x34, 0x91, 0xA0, 0x15, 0x49, 0x04, 0x1D, 0x7C,
    0xF8, 0xFF, 0x1F, 0x28, 0x0D, 0x22, 0x19, 0x18, 0x00, 0xA8, 0xEB, 0x1E, 0xE2, 0x78, 0x9C, 0x6D,
    0xCE, 0x01, 0x0E, 0xC0, 0x20, 0x08, 0x03, 0x40, 0x7E, 0xD0, 0xFF, 0xFF, 0xB2, 0x3F, 0xA8, 0x94,
    0x21, 0x6E, 0x66, 0x9A, 0x90, 0x0B, 0x92, 0x62, 0xC4, 0x75, 0xB0, 0x21, 0x35, 0xA8, 0x69, 0xE1,
    0x9E, 0x8E, 0xEF, 0x93, 0xEB, 0x88, 0x25, 0xFE, 0x48, 0x4C, 0xC1, 0x42, 0x66, 0x73, 0x8A, 0xC2,
    0x8A, 0xAD, 0x53, 0xC0, 0x16, 0x41, 0xAF, 0xC8, 0xA1, 0xBC, 0x8E, 0xAB, 0xF1, 0x8A, 0xAB, 0xC4,
    0x56, 0x6E, 0x51, 0x2B, 0x2A, 0x73, 0xE4, 0xFD, 0x78, 0xD4, 0x1F, 0x7F, 0x6B, 0x01, 0xC9, 0xCB,
    0x48, 0xF4, 0x78, 0x9C, 0x7D, 0x8E, 0x01, 0x0A, 0xC0, 0x30, 0x08, 0x03, 0xF3, 0x03, 0xFF, 0xFF,
    0x4B, 0x7F, 0x70, 0x2B, 0xC6, 0xB6, 0x2B, 0x2B, 0x13, 0x84, 0x33, 0x62, 0x8C, 0xF4, 0x29, 0x16,
    0xE5, 0x46, 0xE2, 0x22, 0xE6, 0x12, 0xFF, 0x0B, 0x81, 0x0F, 0x33, 0x12, 0xAA, 0xC7, 0x48, 0xB7,
    0x37, 0x25, 0x95, 0xA5, 0x47, 0x63, 0x9C, 0x18, 0x15, 0x64, 0x62, 0xE7, 0x9A, 0xA8, 0x03, 0x79,
    0xA1, 0x43, 0x37, 0xF6, 0x07, 0x6D, 0xDB, 0x81, 0x0F, 0x86, 0x74, 0x46, 0x33, 0x78, 0x9C, 0x6D,
    0xCE, 0x01, 0x0A, 0xC0, 0x30, 0x08, 0x03, 0xC0, 0xFC, 0x20, 0xFF, 0xFF, 0x65, 0x7E, 0x90, 0x19,
    0x67, 0xDD, 0x60, 0xB3, 0x60, 0x8F, 0x52, 0xA2, 0x40, 0x95, 0x88, 0x29, 0x79, 0xB5, 0x6F, 0x9F,
    0x32, 0x4F, 0x5F, 0xA9, 0xA5, 0x1F, 0xB9, 0x82, 0xC4, 0x88, 0x4E, 0xEA, 0x69, 0x46, 0x84, 0xA3,
    0xA7, 0x51, 0x23, 0x31, 0x3B, 0xD4, 0x9D, 0x93, 0xB8, 0xFE, 0xDE, 0x71, 0x9D, 0x38, 0xAA, 0x29,
    0x1E, 0xA1, 0x33, 0x57, 0x99, 0xCF, 0x5B, 0xB3, 0xF8, 0x5B, 0x17, 0xBC, 0x89, 0x47, 0xD7, 0x78,
    0x9C, 0x8D, 0x8E, 0xD1, 0x09, 0x40, 0x31, 0x08, 0x03, 0xB3, 0x81, 0xFB, 0x6F, 0xE9, 0x06, 0xF7,
    0x5A, 0xE3, 0xA3, 0xF6, 0xAF, 0x01, 0xE1, 0xA2, 0x18, 0x95, 0xB6, 0x12, 0xFD, 0x9A, 0x18, 0x7A,
    0x12, 0x02, 0x2F, 0x66, 0x24, 0x54, 0x2D, 0x4B, 0x97, 0x27, 0xD5, 0xAA, 0x48, 0x5B, 0x63, 0xDC,
    0x18, 0x62, 0xE0, 0x8E, 0x1E, 0xA8, 0x0B, 0x19, 0xE8, 0xA7, 0x1B, 0xFB, 0x82, 0x4E, 0xEC, 0xC2,
    0x0F, 0x92, 0xA3, 0x44, 0x26, 0x78, 0x9C, 0x85, 0xCF, 0x01, 0x0A, 0xC0, 0x30, 0x08, 0x03, 0xC0,
    0xFC, 0xC0, 0xFF, 0xFF, 0x32, 0x3F, 0x70, 0x49, 0xEA, 0xDA, 0x0D, 0x06, 0xB3, 0x20, 0x87, 0x48,
    0xA4, 0x40, 0x17, 0x54, 0xEE, 0x5B, 0x8C, 0xF8, 0xA1, 0xA6, 0x54, 0x56, 0xB5, 0xE6, 0xBB, 0x35,
    0x2C, 0xDC, 0x3A, 0xAD, 0x38, 0x62, 0xD1, 0x27, 0xB4, 0xA4, 0xE7, 0xB8, 0xAC, 0x27, 0x2E, 0x89,
    0x23, 0x5D, 0xE9, 0x11, 0x92, 0xB9, 0xE5, 0xFB, 0xB5, 0x84, 0xD4, 0x4B, 0xBF, 0x75, 0x76, 0xD6,
    0x37, 0x1F, 0xB3, 0x0B, 0x42, 0x3D, 0x46, 0xF6, 0x78, 0x9C, 0x8D, 0x8D, 0xC1, 0x0D, 0x00, 0x20,
    0x08, 0x03, 0x6F, 0x03, 0xF6, 0xDF, 0xD2, 0x0D, 0xAA, 0x16, 0x8C, 0x1A, 0x3F, 0x92, 0x34, 0x39,
    0x68, 0x53, 0x40, 0x48, 0xD0, 0xA6, 0xA2, 0x49, 0xD6, 0x58, 0x55, 0x4A, 0xC7, 0xA7, 0x11, 0xA8,
    0x60, 0x61, 0xDC, 0x18, 0xE8, 0x40, 0x58, 0xAB, 0x91, 0x0B, 0x75, 0xA0, 0x2B, 0x17, 0xD6, 0x07,
    0x76, 0xAD, 0x9D, 0x8F, 0x71, 0x36, 0x47, 0x0F, 0x76, 0x02, 0x09, 0x42, 0x64, 0x78, 0x9C, 0x6D,
    0x8E, 0xDB, 0x0D, 0x00, 0x30, 0x08, 0x02, 0xD9, 0x80, 0xFD, 0xB7, 0x74, 0x03, 0x6A, 0x7D, 0x34,
    0x26, 0x95, 0x0F, 0x73, 0x31, 0xA0, 0x00, 0x2E, 0xA1, 0x24, 0x36, 0x60, 0x57, 0xEC, 0x8D, 0xE5,
    0xF4, 0x61, 0x09, 0x18, 0x40, 0x6D, 0x60, 0xBA, 0x7E, 0x8F, 0x46, 0x1A, 0x3F, 0x24, 0x3F, 0x08,
    0x7F, 0x7C, 0x60, 0x5F, 0x58, 0x01, 0x52, 0xB7, 0x51, 0xF5, 0x13, 0x47, 0xD1, 0x03, 0x2B, 0xEA,
    0x3D, 0x0F, 0x78, 0x9C, 0x75, 0xCD, 0xC1, 0x09, 0x00, 0x20, 0x0C, 0x04, 0xC1, 0xED, 0x20, 0xFD,
    0x77, 0x69, 0x07, 0xAB, 0x21, 0x01, 0x45, 0x31, 0x9F, 0x79, 0xDC, 0x1D, 0x01, 0x18, 0xC2, 0x41,
    0xF0, 0x39, 0xD1, 0xCC, 0x87, 0xC6, 0x6A, 0x9B, 0x8B, 0x1C, 0x25, 0xF1, 0x10, 0xD8, 0x70, 0x63,
    0x53, 0x2F, 0xAB, 0xBF, 0x99, 0x13, 0xA1, 0x2D, 0x6A, 0x78, 0x9C, 0x7D, 0x8E, 0x89, 0x09, 0x00,
    0x30, 0x08, 0x03, 0xB3, 0x81, 0xFB, 0x6F, 0xE9, 0x06, 0xA9, 0x0F, 0xDA, 0x96, 0x4A, 0x05, 0xE5,
    0x90, 0x44, 0x03, 0x10, 0x56, 0x2A, 0x00, 0xAD, 0x7D, 0x68, 0x02, 0x0E, 0x10, 0x4E, 0xA0, 0x74,
    0xBD, 0x59, 0xC3, 0x8D, 0x17, 0x92, 0x1B, 0x42, 0x1F, 0x1F, 0xA4, 0x2E, 0x8C, 0x00, 0xB2, 0xD2,
    0x84, 0x23, 0x63, 0xED, 0xA0, 0xDF, 0x6A, 0x01, 0xE5, 0xDE, 0x2C, 0x16, 0xB3, 0x3D, 0x0F, 0x78,
    0x9C, 0x75, 0xCB, 0x81, 0x09, 0x00, 0x20, 0x08, 0x44, 0xD1, 0xBF, 0x81, 0xFB, 0x6F, 0xE9, 0x06,
    0x97, 0x5D, 0x52, 0x50, 0x24, 0xEA, 0x43, 0x54, 0x10, 0x12, 0x64, 0xA4, 0x14, 0x54, 0xAB, 0x9A,
    0x69, 0xE2, 0x21, 0x50, 0xC3, 0x8D, 0x1A, 0x7F, 0xB3, 0xEE, 0x0F, 0x9F, 0xF0, 0xD6, 0xBF, 0x7B,
    0x1A, 0x45, 0x4D, 0x2B, 0x99, 0x78, 0x9C, 0x7D, 0x8E, 0xDB, 0x09, 0x00, 0x30, 0x08, 0x03, 0xB3,
    0x81, 0xFB, 0x6F, 0xE9, 0x06, 0x57, 0xAB, 0xF4, 0x45, 0x4B, 0x03, 0xCA, 0x7D, 0x24, 0x1A, 0x09,
    0x85, 0xDC, 0x24, 0x62, 0xFA, 0xF2, 0x02, 0x6D, 0x60, 0xBC, 0xC0, 0xE9, 0xFE, 0x88, 0x66, 0x5A,
    0x37, 0x14, 0x4F, 0x48, 0x7F, 0x7E, 0xB0, 0x71, 0xE1, 0x09, 0x82, 0xD1, 0x26, 0x13, 0x55, 0x6B,
    0x15, 0xFD, 0x09, 0xE0, 0x80, 0x06, 0x33, 0x8F, 0x41, 0xFB, 0x78, 0x9C, 0x6D, 0xCB, 0xC1, 0x0D,
    0x00, 0x20, 0x08, 0x04, 0xC1, 0xED, 0x80, 0xFE, 0xBB, 0xA4, 0x83, 0x15, 0x95, 0xC4, 0x44, 0x25,
    0x70, 0xF3, 0x39, 0x40, 0x14, 0x32, 0x52, 0x83, 0x8A, 0xBA, 0xB9, 0x8B, 0x78, 0x08, 0x6C, 0xB8,
    0xB1, 0x59, 0xDF, 0xEC, 0xFE, 0xE1, 0x3F, 0xAA, 0x9B, 0x6A, 0x0D, 0x41, 0xF0, 0x2F, 0x95, 0x78,
    0x9C, 0x75, 0x8E, 0x81, 0x0D, 0x00, 0x21, 0x08, 0x03, 0xD9, 0xA0, 0xFB, 0x6F, 0xD9, 0x0D, 0xEA,
    0x63, 0xC5, 0xBC, 0x12, 0x9B, 0x10, 0x0E, 0x02, 0x85, 0x88, 0x43, 0xC4, 0x02, 0xDD, 0x8D, 0x26,
    0x49, 0x38, 0xA1, 0x89, 0xBF, 0x11, 0x39, 0x7F, 0x81, 0x65, 0x4F, 0x95, 0x7D, 0x75, 0x27, 0x78,
    0x01, 0xEC, 0x80, 0x0B, 0xE2, 0x05, 0xDC, 0x80, 0xF0, 0x7A, 0xDA, 0xD7, 0x4D, 0x17, 0xF0, 0x7F,
    0xFE, 0x2B, 0x29, 0xD3, 0x00, 0xC1, 0x60, 0x3E, 0xEF, 0x78, 0x9C, 0x65, 0x8D, 0x01, 0x0A, 0x00,
    0x30, 0x08, 0x02, 0xFD, 0x81, 0xFF, 0xFF, 0x65, 0x3F, 0x70, 0xAB, 0x6C, 0x1B, 0x4C, 0x82, 0x83,
    0x52, 0x03, 0xAE, 0xF4, 0x22, 0xF0, 0x29, 0x24, 0xB1, 0xF1, 0x1F, 0x8F, 0xA5, 0x2A, 0x6C, 0xCC,
    0xA9, 0x3E, 0x31, 0x0C, 0xA6, 0x6B, 0x90, 0xAE, 0xBD, 0xEC, 0x0C, 0x06, 0x1D, 0x2D, 0x70, 0x4A,
    0x5C, 0xE9, 0x07, 0x0B, 0x4E, 0xD2, 0x32, 0xB0, 0x78, 0x9C, 0x75, 0x8E, 0xC1, 0x11, 0x00, 0x20,
    0x08, 0xC3, 0xBA, 0x01, 0xFB, 0x6F, 0xC9, 0x06, 0x51, 0x11, 0xBC, 0x93, 0xD3, 0x7C, 0xF2, 0xA1,
    0x2D, 0xD2, 0x04, 0x05, 0xDE, 0x7C, 0xC3, 0xA4, 0xCC, 0x3E, 0x72, 0x4C, 0x6E, 0x2B, 0xF1, 0x37,
    0xE5, 0x1C, 0x22, 0x2A, 0xB2, 0xC6, 0x4E, 0x6D, 0xDF, 0x8E, 0xF8, 0xC3, 0x74, 0xE7, 0x77, 0x03,
    0x6B, 0x2A, 0x33, 0xBE, 0x78, 0x9C, 0x7D, 0x8E, 0x8B, 0x09, 0x00, 0x31, 0x0C, 0x42, 0xDD, 0xC0,
    0xFD, 0xB7, 0x74, 0x03, 0xAF, 0xB6, 0x97, 0x7E, 0x8E, 0x72, 0x81, 0xE4, 0x81, 0xA8, 0x04, 0x68,
    0x63, 0x02, 0x07, 0xF1, 0x33, 0xA2, 0xBA, 0xCF, 0xB2, 0x63, 0xCC, 0x89, 0x90, 0x15, 0x47, 0x78,
    0xA3, 0xBE, 0xE4, 0x46, 0x17, 0x47, 0x24, 0x9E, 0x59, 0x57, 0xF5, 0x5D, 0x59, 0x3F, 0xBD, 0x54,
    0x91, 0x77, 0x3E, 0x47, 0x40, 0x34, 0xCC, 0x78, 0x9C, 0x6D, 0x8C, 0x8B, 0x11, 0x00, 0x20, 0x08,
    0x42, 0xD9, 0xA0, 0xFD, 0xB7, 0x64, 0x03, 0x4A, 0xD4, 0xEE, 0xFA, 0x70, 0x76, 0x4F, 0x13, 0x01,
    0x00, 0x0A, 0xD6, 0xE6, 0xC0, 0x47, 0x5A, 0x6A, 0x2A, 0xCD, 0xD4, 0x48, 0x73, 0x93, 0x2F, 0x55,
    0xFB, 0xA4, 0xCB, 0x7D, 0xC5, 0x74, 0xEC, 0x8A, 0x63, 0xD1, 0x96, 0x38, 0x0F, 0x1B, 0xAF, 0xE7,
    0x3F, 0xE1, 0x88, 0x8B, 0x61, 0x02, 0x87, 0x49, 0x3C, 0xE2, 0x78, 0x9C, 0x63, 0x60, 0x60, 0xF8,
    0xC0, 0xCF, 0x00, 0x04, 0x1F, 0xFE, 0x83, 0x49, 0x30, 0x1B, 0x03, 0xFC, 0x67, 0xF8, 0xCF, 0x0F,
    0x94, 0xFB, 0x00, 0x22, 0xFF, 0xF3, 0x23, 0x54, 0x23, 0xE9, 0x81, 0x90, 0xFF, 0x21, 0x24, 0x03,
    0x56, 0x12, 0x53, 0x39, 0x00, 0x61, 0x8F, 0x19, 0xC9, 0x78, 0x9C, 0x75, 0x8C, 0xD1, 0x11, 0x00,
    0x20, 0x08, 0x42, 0xD9, 0xC0, 0xFD, 0xB7, 0x64, 0x03, 0xD2, 0xA0, 0xFA, 0x8A, 0xAB, 0x7B, 0x91,
    0x02, 0xA0, 0x16, 0x5A, 0xF2, 0x83, 0x63, 0x54, 0x60, 0x35, 0xF9, 0x61, 0xCF, 0xB5, 0xB9, 0x0F,
    0x26, 0x97, 0xF8, 0xAB, 0x73, 0x13, 0xB3, 0x32, 0xB1, 0xCB, 0x32, 0xEF, 0x55, 0xFE, 0xC2, 0x53,
    0x6B, 0xF3, 0x13, 0x33, 0x3C, 0x4B, 0xF6, 0x0B, 0x72, 0x9B, 0x3A, 0xF3, 0x78, 0x9C, 0x63, 0x60,
    0xF8, 0xC0, 0xFF, 0xE1, 0x3F, 0x03, 0x03, 0xC3, 0x7F, 0x86, 0xFF, 0x60, 0x0A, 0x44, 0x00, 0x29,
    0x7E, 0x14, 0x8A, 0x01, 0x89, 0xFA, 0x00, 0xA5, 0xF8, 0x71, 0x53, 0xD8, 0xB4, 0x61, 0x05, 0x30,
    0x6D, 0x28, 0x46, 0x02, 0x00, 0xE7, 0x67, 0x18, 0xE8, 0x78, 0x9C, 0x75, 0x8C, 0x01, 0x0E, 0x00,
    0x20, 0x08, 0x02, 0xF9, 0x81, 0xFF, 0xFF, 0x25, 0x3F, 0xA0, 0x0C, 0xAA, 0xAD, 0x2D, 0x57, 0x3B,
    0x51, 0x01, 0x00, 0x25, 0x01, 0x97, 0x4F, 0x29, 0x63, 0xB9, 0x61, 0x0B, 0x15, 0x58, 0x6D, 0xF9,
    0x70, 0xEE, 0xB5, 0xB8, 0x1E, 0xDA, 0x17, 0xFB, 0x8D, 0x73, 0x12, 0x73, 0xD2, 0xB6, 0xC3, 0x32,
    0xCF, 0x57, 0x66, 0xE1, 0x8E, 0xB5, 0xF8, 0x15, 0xB3, 0xDC, 0x47, 0xD6, 0x03, 0x8C, 0x9A, 0x42,
    0xCD, 0x78, 0x9C, 0x63, 0x60, 0xF8, 0xF0, 0xFF, 0xFF, 0x7F, 0x7E, 0x06, 0x18, 0x85, 0x15, 0x7C,
    0xE0, 0xFF, 0xF0, 0x1F, 0x48, 0xFD, 0x67, 0xF8, 0x0F, 0xA6, 0xFE, 0x83, 0x05, 0xA1, 0xAA, 0x61,
    0x14, 0x03, 0x12, 0xF5, 0x01, 0x4A, 0xF1, 0xE3, 0xA6, 0xB0, 0x69, 0xC3, 0x61, 0x37, 0x16, 0x23,
    0x01, 0x59, 0xF4, 0x20, 0xE0, 0x78, 0x9C, 0x75, 0x8E, 0x89, 0x0D, 0x00, 0x20, 0x08, 0x03, 0xBB,
    0x81, 0xFB, 0x6F, 0xD9, 0x0D, 0x2A, 0x14, 0x4C, 0x7C, 0x62, 0x03, 0x39, 0xE4, 0x69, 0x04, 0x14,
    0x42, 0x48, 0x55, 0xD0, 0x39, 0xC0, 0x91, 0xBD, 0x26, 0x5F, 0xAA, 0xE7, 0x45, 0x87, 0xEB, 0xB6,
    0x59, 0xB6, 0x61, 0xC7, 0xA6, 0x57, 0xF2, 0x3C, 0xD7, 0x78, 0xA5, 0x7B, 0xC2, 0x61, 0x57, 0x8F,
    0x8F, 0xF6, 0x6F, 0x07, 0x26, 0xFC, 0x29, 0x3F, 0xFD, 0x78, 0x9C, 0x63, 0x60, 0x60, 0xF8, 0xC0,
    0xFF, 0xE1, 0x3F, 0x03, 0x10, 0xFC, 0x67, 0xF8, 0x0F, 0xA1, 0xC1, 0x24, 0x90, 0xE6, 0x47, 0xA3,
    0x19, 0x50, 0xE8, 0x0F, 0x30, 0x9A, 0x1F, 0x3F, 0x8D, 0x43, 0x3B, 0x0E, 0xF0, 0xE1, 0x3F, 0xC4,
    0x7A, 0x18, 0x0D, 0x00, 0x8B, 0x66, 0x1C, 0xD5, 0x78, 0x9C, 0x65, 0x8E, 0x01, 0x0E, 0x00, 0x30,
    0x04, 0x03, 0xFD, 0xC0, 0xFF, 0x7F, 0xE9, 0x07, 0x9D, 0x76, 0x24, 0x36, 0x4D, 0xE4, 0x3A, 0x46,
    0x6A, 0x96, 0x82, 0x49, 0x51, 0xEC, 0xF7, 0xA7, 0x00, 0x0A, 0x32, 0xF0, 0x2A, 0xF6, 0xC6, 0xD2,
    0xA2, 0xF7, 0x7A, 0x19, 0xE0, 0xB9, 0x37, 0x27, 0xFD, 0x75, 0x53, 0x36, 0xE7, 0xCC, 0xA8, 0x9C,
    0x4C, 0xE1, 0xF7, 0x1C, 0x71, 0x00, 0xCB, 0x93, 0x2C, 0xD4, 0x78, 0x9C, 0x63, 0x60, 0x60, 0x60,
    0xF8, 0xCF, 0x00, 0x06, 0xFF, 0xF9, 0x21, 0x14, 0x03, 0x4E, 0xF0, 0xFF, 0x3F, 0x84, 0x04, 0xD3,
    0xFF, 0xC1, 0xE8, 0x03, 0x44, 0x13, 0x8C, 0xFA, 0x8F, 0xAC, 0x10, 0xC8, 0x45, 0x13, 0x46, 0x28,
    0xE6, 0x07, 0x53, 0x20, 0x09, 0x90, 0x20, 0xD4, 0x48, 0x88, 0x3E, 0x00, 0xBE, 0x82, 0x20, 0xEF,
    0x78, 0x9C, 0x75, 0x8E, 0xDB, 0x0D, 0x00, 0x20, 0x08, 0x03, 0x6F, 0x03, 0xF6, 0xDF, 0x92, 0x0D,
    0xAA, 0xF2, 0xF8, 0x41, 0x25, 0x21, 0xD7, 0x50, 0x52, 0x00, 0x5C, 0x82, 0x40, 0x08, 0x59, 0xF5,
    0x99, 0x91, 0xE4, 0x45, 0x4B, 0x7A, 0x0B, 0xA9, 0x07, 0x9A, 0x4E, 0xAF, 0xDE, 0x0C, 0xB9, 0x7D,
    0x17, 0xD1, 0x9C, 0x2F, 0x2C, 0xE3, 0x6A, 0xEB, 0x53, 0x3E, 0xC2, 0xF3, 0xE8, 0x02, 0xC2, 0x81,
    0x2B, 0xF3, 0x78, 0x9C, 0x63, 0x60, 0x60, 0xF8, 0xFF, 0x9F, 0x81, 0x01, 0x44, 0x82, 0xE9, 0xFF,
    0x60, 0xF4, 0x81, 0x1F, 0x24, 0x04, 0xA7, 0xC0, 0x0A, 0x60, 0x0A, 0x81, 0x5C, 0x34, 0x61, 0x84,
    0x62, 0x7E, 0x30, 0x05, 0x92, 0x00, 0x09, 0x42, 0x8D, 0x84, 0xE9, 0xC3, 0x0A, 0x60, 0x46, 0x22,
    0xF1, 0x00, 0x37, 0x8D, 0x21, 0xD0, 0x78, 0x9C, 0x63, 0x60, 0x60, 0xF8, 0xF0, 0x9F, 0x01, 0x0C,
    0xE0, 0x34, 0x3F, 0x03, 0x26, 0xF8, 0xF0, 0x1F, 0x0C, 0xE0, 0x34, 0x10, 0x40, 0x95, 0xE3, 0xA2,
    0xD1, 0x8D, 0xC3, 0x45, 0xFF, 0x47, 0xA7, 0xC9, 0x32, 0x16, 0x00, 0x91, 0x80, 0x26, 0x9E, 0x78,
    0x9C, 0x63, 0x60, 0xF8, 0xC0, 0xCF, 0xC0, 0xC0, 0xF0, 0xE1, 0x3F, 0x88, 0x00, 0xB1, 0xD0, 0xC0,
    0x7F, 0x14, 0x02, 0xA4, 0xEC, 0xC3, 0xFF, 0xFF, 0xFF, 0xF9, 0xC1, 0x04, 0x54, 0x2B, 0x88, 0xF8,
    0xCF, 0x8F, 0x55, 0x2D, 0x92, 0xB9, 0x48, 0xD6, 0x80, 0xB4, 0x32, 0x80, 0x08, 0x00, 0xC0, 0x10,
    0x23, 0xB0, 0x78, 0x9C, 0xFB, 0xF0, 0x1F, 0x0C, 0x18, 0x3E, 0x40, 0x69, 0x20, 0x00, 0x13, 0xB8,
    0xE9, 0x0F, 0x30, 0x9A, 0x1F, 0x3F, 0xFD, 0x1F, 0x9D, 0x26, 0xCF, 0x58, 0x5C, 0x00, 0xAE, 0x1D,
    0xD5, 0x78, 0x00, 0x76, 0xBE, 0x24, 0xCD, 0x78, 0x9C, 0x5D, 0x8B, 0x81, 0x09, 0x00, 0x30, 0x0C,
    0xC2, 0xFC, 0xC0, 0xFF, 0xBF, 0xEC, 0x07, 0x6E, 0x4A, 0x91, 0x31, 0xA1, 0x41, 0x24, 0x05, 0x84,
    0x9B, 0x62, 0xE4, 0x93, 0x18, 0x60, 0xE8, 0xCD, 0x10, 0x5F, 0xAD, 0xEE, 0xA2, 0xDA, 0x6E, 0xB6,
    0x83, 0x2F, 0xFD, 0x48, 0x3B, 0xCF, 0x0E, 0x23, 0xB0, 0x78, 0x9C, 0x63, 0xF8, 0x0F, 0x06, 0xFC,
    0x0C, 0x30, 0x9A, 0x81, 0xE1, 0x03, 0x88, 0xC0, 0x43, 0xFF, 0x87, 0xD1, 0x0C, 0x78, 0xE9, 0x0F,
    0xE8, 0x34, 0x99, 0xC6, 0x62, 0x07, 0x1F, 0x80, 0x8E, 0x45, 0xA6, 0x01, 0x2A, 0xC8, 0x27, 0xD9,
    0x78, 0x9C, 0x63, 0x60, 0xF8, 0xC0, 0xCF, 0x00, 0x04, 0xC8, 0xE4, 0x7F, 0x10, 0xF9, 0x1F, 0x08,
    0x60, 0x24, 0x03, 0x08, 0x43, 0xC9, 0x0F, 0xFF, 0xD1, 0x95, 0x23, 0x69, 0x82, 0x91, 0x0C, 0x48,
    0x24, 0x44, 0x04, 0x6C, 0xCC, 0x87, 0xFF, 0x10, 0x31, 0x34, 0x80, 0x6C, 0x15, 0x00, 0x6D, 0x82,
    0x25, 0xF9, 0x78, 0x9C, 0x6D, 0xCF, 0x01, 0x0A, 0x00, 0x20, 0x08, 0x03, 0x40, 0x7F, 0xE0, 0xFF,
    0x7F, 0xB9, 0x1F, 0x2C, 0x54, 0x4C, 0x17, 0x45, 0xC8, 0x91, 0x03, 0xCD, 0x4C, 0x0E, 0x7C, 0xC8,
    0x79, 0xA6, 0xFF, 0x12, 0xB6, 0x38, 0x3D, 0x26, 0x8A, 0xDE, 0x44, 0x90, 0x8B, 0x99, 0x25, 0x84,
    0x28, 0x46, 0xAA, 0xAF, 0x92, 0x39, 0x82, 0x26, 0x04, 0xAD, 0x83, 0xF0, 0x97, 0x51, 0x6A, 0x21,
    0xFE, 0xC8, 0xDE, 0x47, 0x79, 0x7F, 0xBF, 0x78, 0x00, 0xCF, 0x52, 0x53, 0x80, 0x78, 0x9C, 0x85,
    0xCE, 0xD1, 0x0D, 0xC0, 0x20, 0x08, 0x04, 0xD0, 0xDB, 0xE0, 0xF6, 0xDF, 0x92, 0x0D, 0xAE, 0x78,
    0x85, 0x12, 0x4D, 0x13, 0x09, 0x1F, 0x4F, 0x54, 0x00, 0x00, 0x88, 0x8A, 0x50, 0x0B, 0x9A, 0xE2,
    0xEF, 0x35, 0xAE, 0xA1, 0xEA, 0x22, 0x7E, 0x5A, 0xB5, 0x18, 0x65, 0xE7, 0xCC, 0x94, 0x4A, 0xB4,
    0xE4, 0xD7, 0x7C, 0x15, 0x8C, 0x91, 0x4F, 0x4B, 0xDA, 0x24, 0x6F, 0xC9, 0x56, 0x7E, 0xF6, 0x10,
    0xEF, 0x7B, 0xEA, 0x01, 0x1C, 0x73, 0x3E, 0xEF, 0x78, 0x9C, 0x75, 0xCF, 0x01, 0x0A, 0x00, 0x21,
    0x08, 0x44, 0x51, 0x6F, 0xE0, 0xFD, 0x6F, 0x39, 0x37, 0xF8, 0xA1, 0x62, 0x9B, 0xD1, 0x8A, 0xC4,
    0x23, 0x07, 0x32, 0xB3, 0xBB, 0x7C, 0x0B, 0x5A, 0xE2, 0xBB, 0x74, 0xFB, 0x2D, 0xC5, 0x8C, 0x44,
    0xD1, 0x9B, 0x0A, 0x72, 0x30, 0xB3, 0x68, 0x50, 0xC5, 0x48, 0x75, 0x4F, 0x92, 0x4F, 0x60, 0x83,
    0xC2, 0x3A, 0x28, 0xBF, 0x19, 0x47, 0x2D, 0xC4, 0x8B, 0xF4, 0x3E, 0x93, 0xFB, 0xC7, 0x07, 0x17,
    0xB6, 0x20, 0x53, 0x80, 0x78, 0x9C, 0x85, 0xCF, 0xC1, 0x0D, 0x00, 0x20, 0x08, 0x03, 0x40, 0x36,
    0xE8, 0xFE, 0x5B, 0xB2, 0x41, 0x85, 0x2A, 0x18, 0xFC, 0x48, 0x7C, 0x9C, 0x28, 0x82, 0x66, 0x33,
    0x58, 0xF0, 0x16, 0x51, 0x29, 0xF4, 0xA1, 0xFD, 0x83, 0xA7, 0x94, 0x68, 0x65, 0xCE, 0xAF, 0xE2,
    0xBD, 0x58, 0x21, 0x1E, 0x41, 0xA2, 0x6E, 0x63, 0xCB, 0xE1, 0x57, 0xDA, 0xA5, 0x38, 0x44, 0xCD,
    0x86, 0x52, 0x14, 0xAB, 0x89, 0xBE, 0xF0, 0x6A, 0x01, 0x3D, 0x08, 0x3D, 0xE1, 0x78, 0x9C, 0x6D,
    0xCE, 0x81, 0x09, 0x00, 0x31, 0x08, 0x43, 0xD1, 0xBF, 0x81, 0xFB, 0x6F, 0x99, 0x0D, 0xD2, 0x5A,
    0x91, 0xD6, 0xE3, 0x44, 0xE4, 0x21, 0x01, 0x05, 0x10, 0x98, 0x2A, 0xC7, 0x25, 0x04, 0xA3, 0x14,
    0xB5, 0xDE, 0x28, 0x46, 0x53, 0x49, 0x3F, 0x3C, 0x59, 0x6B, 0x50, 0xC5, 0x4C, 0x75, 0x4F, 0xFA,
    0x9C, 0x30, 0x83, 0x32, 0x1D, 0x54, 0x7C, 0x99, 0xA3, 0x1E, 0xF2, 0x1F, 0xDD, 0xFF, 0x4C, 0xF6,
    0x78, 0xB9, 0x00, 0x7F, 0x9F, 0x53, 0x80, 0x78, 0x9C, 0x65, 0xCD, 0x8B, 0x09, 0x00, 0x31, 0x08,
    0x03, 0xD0, 0x6C, 0x90, 0xFD, 0xB7, 0xCC, 0x06, 0x39, 0x8D, 0xFD, 0x70, 0x54, 0xB0, 0xBC, 0x8A,
    0x4D, 0x01, 0x88, 0x30, 0x52, 0x3E, 0x12, 0xB6, 0x9E, 0xF2, 0x2C, 0x56, 0x1F, 0xF5, 0x4C, 0x57,
    0x15, 0x38, 0x99, 0x5E, 0x62, 0xE4, 0x6C, 0x73, 0x24, 0xEA, 0x2A, 0xB7, 0x96, 0x7F, 0xEA, 0x7C,
    0x91, 0x5B, 0xF5, 0x38, 0x9F, 0xD4, 0x89, 0x47, 0x1F, 0xCA, 0x62, 0x3D, 0xF0, 0x78, 0x9C, 0x75,
    0x8E, 0xC1, 0x0D, 0x00, 0x30, 0x08, 0x02, 0xD9, 0x80, 0xFD, 0xB7, 0x74, 0x03, 0x1A, 0x81, 0x47,
    0x1F, 0x2D, 0x89, 0x39, 0x45, 0x49, 0x04, 0x30, 0xC4, 0x4A, 0x41, 0xA7, 0x4B, 0x76, 0x86, 0x86,
    0x0A, 0x8C, 0xE0, 0x52, 0xF6, 0xE9, 0xEA, 0x2F, 0x92, 0x91, 0xF3, 0x2A, 0x18, 0xE0, 0x01, 0xFE,
    0xD1, 0xBF, 0x72, 0x78, 0x00, 0x0C, 0xD1, 0x28, 0x9C, 0x78, 0x9C, 0x75, 0x8F, 0x01, 0x0E, 0x00,
    0x30, 0x04, 0x03, 0xFB, 0x03, 0xFF, 0xFF, 0xA5, 0x1F, 0x74, 0x43, 0x6C, 0x58, 0xD6, 0x84, 0x9C,
    0x34, 0x51, 0x80, 0x2D, 0x22, 0xA4, 0x0F, 0x7C, 0xC5, 0x6C, 0x56, 0x2A, 0x13, 0xDC, 0xB6, 0x29,
    0xC1, 0x9D, 0x06, 0x11, 0x51, 0x20, 0x1C, 0xE0, 0x42, 0x5E, 0xC1, 0x03, 0x52, 0xE3, 0xDB, 0xE9,
    0x32, 0x81, 0xF9, 0x8A, 0x8C, 0x25, 0x0B, 0x41, 0xFA, 0x26, 0xE9, 0x78, 0x9C, 0x63, 0x60, 0xF8,
    0xF0, 0x1F, 0x04, 0xF8, 0x19, 0xA0, 0x0C, 0x06, 0x08, 0xF8, 0x00, 0x63, 0x80, 0x64, 0x20, 0x0C,
    0x98, 0x0C, 0x3F, 0x9A, 0xCC, 0x07, 0x52, 0x64, 0xC8, 0x31, 0x1E, 0xEA, 0x2E, 0x38, 0x03, 0x2F,
    0xF8, 0x80, 0x61, 0x05, 0xD4, 0x44, 0x00, 0xC2, 0xB4, 0x32, 0x92, 0x78, 0x9C, 0x63, 0x60, 0xF8,
    0x0F, 0x04, 0xFC, 0x0C, 0x30, 0x0A, 0x08, 0xFE, 0x83, 0xC9, 0x0F, 0x10, 0x0A, 0x22, 0x06, 0xE5,
    0x7C, 0x20, 0x51, 0x01, 0xD8, 0xC8, 0x0F, 0x08, 0x93, 0xB1, 0x80, 0xFF, 0x0C, 0x48, 0xA6, 0x40,
    0x78, 0x00, 0x17, 0x70, 0x23, 0xEC, 0x78, 0x9C, 0x63, 0x60, 0xF8, 0xF0, 0x1F, 0x04, 0xF8, 0x19,
    0xA0, 0x0C, 0x06, 0x08, 0xF8, 0x00, 0x63, 0x80, 0x64, 0x20, 0x0C, 0x98, 0x0C, 0x3F, 0x9A, 0xCC,
    0x07, 0x52, 0x64, 0xC8, 0x31, 0x1E, 0xEA, 0x2E, 0x38, 0x03, 0x1F, 0xF8, 0x00, 0x53, 0x01, 0x63,
    0x00, 0x00, 0x29, 0x46, 0x35, 0x8F, 0x78, 0x9C, 0x63, 0x60, 0xF8, 0x0F, 0x04, 0xFC, 0x0C, 0x30,
    0x0A, 0x08, 0xFE, 0x83, 0xC9, 0x0F, 0x10, 0x0A, 0x22, 0x06, 0xE5, 0x7C, 0x20, 0x51, 0x01, 0xD8,
    0xC8, 0x0F, 0x08, 0x93, 0x31, 0x01, 0x54, 0x0A, 0x42, 0x01, 0x00, 0x40, 0x50, 0x26, 0xF8, 0x78,
    0x9C, 0x6D, 0xCD, 0x81, 0x09, 0x00, 0x20, 0x08, 0x04, 0xC0, 0xDF, 0xC0, 0xFD, 0xB7, 0x74, 0x83,
    0xCF, 0x57, 0x41, 0xAC, 0x24, 0xBB, 0x40, 0x4D, 0xC0, 0x0D, 0x8A, 0x0D, 0x1B, 0x6C, 0xA8, 0x17,
    0x9D, 0x51, 0x8E, 0x2B, 0x52, 0x27, 0xB1, 0x07, 0xCB, 0x4F, 0x04, 0x6E, 0xD8, 0xE4, 0x34, 0xAA,
    0x7F, 0xF8, 0x07, 0x59, 0xCB, 0xB5, 0x1B, 0x07, 0x15, 0xAC, 0x35, 0x9E, 0x78, 0x9C, 0x63, 0xF8,
    0xC0, 0xC0, 0xF0, 0x1F, 0x88, 0xF8, 0x3F, 0xFC, 0x07, 0x33, 0xF8, 0x19, 0xB0, 0x81, 0xFF, 0xE8,
    0x24, 0x48, 0x35, 0x90, 0xF8, 0xFF, 0x9F, 0x1F, 0x4A, 0x32, 0x7C, 0x00, 0xEB, 0x84, 0x90, 0xFF,
    0xF9, 0x71, 0x6B, 0x82, 0x91, 0x48, 0xCA, 0x61, 0xE2, 0x60, 0x6D, 0x60, 0x12, 0x00, 0x7D, 0xA5,
    0x25, 0xBD, 0x78, 0x9C, 0x6D, 0x8E, 0xD1, 0x11, 0x00, 0x20, 0x08, 0x42, 0xD9, 0x80, 0xFD, 0xB7,
    0x74, 0x03, 0x02, 0xCD, 0xBE, 0xBA, 0x53, 0x7B, 0x82, 0x67, 0x02, 0x80, 0x44, 0xA0, 0xDF, 0xA1,
    0x92, 0x39, 0x90, 0x92, 0x26, 0xE9, 0xCE, 0xB0, 0x76, 0xAD, 0xDD, 0x23, 0x1C, 0x17, 0x6F, 0x6C,
    0xC1, 0x2B, 0x9F, 0xCC, 0x2B, 0xBB, 0x0E, 0x58, 0x2F, 0x7E, 0x60, 0x3E, 0x2D, 0xDE, 0x33, 0x12,
    0xCA, 0x1E, 0xED, 0xA9, 0x07, 0xB0, 0x2D, 0x39, 0xD6, 0x78, 0x9C, 0x6D, 0x8E, 0x01, 0x0A, 0x00,
    0x20, 0x08, 0x03, 0xFD, 0x81, 0xFF, 0xFF, 0xA5, 0x3F, 0x58, 0xBA, 0x99, 0x15, 0x34, 0x90, 0x13,
    0x95, 0x4D, 0xB3, 0x54, 0xC0, 0x28, 0xBC, 0x0C, 0x7F, 0x09, 0x43, 0x5F, 0x8B, 0x2E, 0x62, 0x93,
    0x2D, 0xCD, 0xC8, 0x2E, 0x94, 0x0E, 0x99, 0x95, 0xF3, 0x5A, 0xD1, 0xC2, 0x2F, 0xAB, 0xF0, 0xE8,
    0x08, 0xAE, 0xE7, 0xB1, 0xAF, 0x74, 0xA2, 0xB0, 0xE1, 0x02, 0x90, 0xEB, 0x36, 0xD9, 0x78, 0x9C,
    0x6D, 0x8D, 0xD1, 0x11, 0x00, 0x20, 0x08, 0x42, 0xD9, 0x80, 0xFD, 0xB7, 0x64, 0x03, 0x12, 0xEA,
    0xBA, 0x3E, 0xEA, 0x54, 0x7C, 0xEA, 0x11, 0x00, 0x1B, 0x4E, 0x35, 0x09, 0xA5, 0x63, 0x62, 0x32,
    0x00, 0x51, 0x03, 0xA1, 0x4A, 0x57, 0x8F, 0xE0, 0x92, 0xB6, 0x8C, 0x9B, 0x12, 0xF1, 0xB2, 0x75,
    0x26, 0xB9, 0xFE, 0xBE, 0x1A, 0xF4, 0xDB, 0x4B, 0x0B, 0x5A, 0x39, 0x2E, 0x0F, 0x78, 0x9C, 0x55,
    0xCD, 0x81, 0x0D, 0x00, 0x20, 0x08, 0x03, 0xB0, 0x7D, 0xC0, 0xFF, 0x5F, 0xEE, 0x83, 0x89, 0x03,
    0xA2, 0x90, 0x98, 0xAA, 0xE8, 0x00, 0xB2, 0x28, 0xE0, 0x17, 0x6C, 0xB5, 0x8F, 0x53, 0xF3, 0x4E,
    0x5B, 0xC6, 0x56, 0xF5, 0x9F, 0x63, 0x94, 0x1A, 0xBD, 0x75, 0x98, 0xED, 0xA5, 0x5B, 0x4F, 0xCF,
    0xCA, 0xFB, 0xDB, 0x72, 0x44, 0x7C, 0x51, 0x0C, 0xF6, 0x08, 0xB7, 0xD3, 0x03, 0xB5, 0x08, 0x3A,
    0x7B, 0x78, 0x9C, 0x55, 0x8E, 0x89, 0x0D, 0x00, 0x30, 0x08, 0x02, 0xD9, 0x80, 0xFD, 0xB7, 0x64,
    0x03, 0x8A, 0x4F, 0x9A, 0xD6, 0xD8, 0x9C, 0x48, 0x24, 0x05, 0x00, 0xA3, 0x4A, 0xE6, 0xF0, 0xC3,
    0x78, 0x18, 0xF1, 0x97, 0x5D, 0xAE, 0x6D, 0x32, 0xC7, 0x99, 0x58, 0x9D, 0x57, 0x22, 0xF7, 0x9D,
    0xE0, 0x45, 0x5B, 0x0F, 0x70, 0x95, 0x06, 0x49, 0x93, 0xFB, 0x13, 0x4A, 0xA4, 0x76, 0x43, 0x1C,
    0xA6, 0x1D, 0x30, 0x2B, 0x78, 0x9C, 0x65, 0x8E, 0xD1, 0x11, 0x00, 0x30, 0x04, 0x43, 0xBB, 0x41,
    0xF6, 0xDF, 0x32, 0x1B, 0xA4, 0x57, 0x0D, 0xAE, 0xE5, 0x83, 0x87, 0x8B, 0x58, 0xEB, 0x0F, 0x22,
    0x49, 0x2E, 0xC2, 0x1D, 0x51, 0xF4, 0x88, 0x43, 0x15, 0xEB, 0x12, 0x4E, 0x22, 0x26, 0x29, 0x1D,
    0xD8, 0x84, 0x72, 0x6D, 0x8A, 0xC6, 0x06, 0x26, 0xE4, 0x9F, 0x3A, 0xF1, 0x52, 0xFC, 0x11, 0xDB,
    0x4E, 0x6A, 0x2A, 0xBD, 0xF2, 0x26, 0xEB, 0xFA, 0x06, 0xA2, 0xE8, 0x3C, 0xA6, 0x78, 0x9C, 0x6D,
    0x8E, 0x81, 0x09, 0x00, 0x31, 0x08, 0x03, 0xDD, 0xC0, 0xFD, 0xB7, 0x74, 0x83, 0x6B, 0x4D, 0x14,
    0xBE, 0xF0, 0x52, 0x6D, 0x38, 0x8C, 0x1A, 0xF1, 0x06, 0xF3, 0x57, 0xAA, 0x32, 0x00, 0x72, 0xB1,
    0x41, 0xE9, 0xFD, 0x07, 0xE3, 0xE2, 0xBA, 0xD2, 0x53, 0x42, 0xFE, 0x2E, 0x9D, 0x0D, 0xB4, 0xA1,
    0x96, 0x5A, 0xC4, 0xF6, 0x3D, 0x22, 0x3E, 0xA4, 0x56, 0x80, 0x07, 0x17, 0xDE, 0x00, 0xBE, 0xF8,
    0x72, 0x89, 0x03, 0x40, 0x68, 0x34, 0xF9, 0x78, 0x9C, 0x65, 0x8F, 0xD1, 0x11, 0x00, 0x20, 0x08,
    0x42, 0xDD, 0xC0, 0xFD, 0xB7, 0x64, 0x03, 0x2A, 0x31, 0xEA, 0x8A, 0x0F, 0xEF, 0x1D, 0x29, 0x5A,
    0xC4, 0x11, 0x72, 0x13, 0xED, 0x91, 0x32, 0x41, 0xC8, 0x44, 0x7C, 0x02, 0xDD, 0xFC, 0x00, 0xF2,
    0x05, 0x76, 0x36, 0x0C, 0xD9, 0x40, 0x43, 0xB1, 0x62, 0x05, 0xD9, 0xB7, 0x71, 0xE9, 0x86, 0xDA,
    0xEC, 0xE7, 0x55, 0x3C, 0xC0, 0x0E, 0xD7, 0x71, 0xB3, 0xEA, 0x77, 0x13, 0x06, 0xDA, 0x89, 0x3C,
    0x97, 0x78, 0x9C, 0x5D, 0x4C, 0x81, 0x0D, 0xC0, 0x00, 0x0C, 0xF1, 0x81, 0xFF, 0xBF, 0xF4, 0x81,
    0x55, 0x35, 0xCB, 0xB2, 0x46, 0x22, 0x28, 0x40, 0xCF, 0x25, 0xF1, 0xA4, 0x6A, 0xD8, 0xAC, 0x1B,
    0xA9, 0xC5, 0xFF, 0xEC, 0x84, 0x9E, 0x4F, 0x22, 0xAD, 0x69, 0xA4, 0x64, 0xEE, 0x84, 0xB8, 0x93,
    0x3E, 0xDA, 0xE8, 0x43, 0x78, 0x95, 0x4A, 0xB3, 0xA6, 0x20, 0x5B, 0xB6, 0xCE, 0x21, 0x1E, 0x1D,
    0xD7, 0x34, 0xF9, 0x78, 0x9C, 0x6D, 0x8E, 0xDB, 0x0D, 0xC0, 0x50, 0x08, 0x42, 0xDD, 0x80, 0xFD,
    0xB7, 0x64, 0x03, 0x9A, 0x7A, 0x45, 0xD2, 0xDC, 0xF2, 0x61, 0x8E, 0x2F, 0xB4, 0xEA, 0x48, 0x65,
    0x11, 0xAE, 0x0C, 0x49, 0x38, 0x5D, 0xCA, 0x63, 0xAC, 0x1F, 0x71, 0x3D, 0x74, 0x13, 0x71, 0x53,
    0xEC, 0x42, 0x30, 0x29, 0xD4, 0xC9, 0x1C, 0x18, 0x82, 0xFF, 0xD4, 0xAB, 0x2F, 0xF5, 0x1F, 0xDD,
    0x4D, 0x50, 0x68, 0xF7, 0x65, 0x4F, 0xAE, 0xFB, 0x03, 0xA2, 0x7D, 0x3E, 0xA4, 0x78, 0x9C, 0x6D,
    0x8C, 0x01, 0x0E, 0xC0, 0x30, 0x08, 0x02, 0xF9, 0x81, 0xFF, 0xFF, 0xA5, 0x3F, 0xB8, 0x4E, 0xE8,
    0xBA, 0x2D, 0x19, 0xD1, 0x50, 0xA8, 0x20, 0x0D, 0x50, 0xD0, 0xF5, 0xE2, 0x26, 0x3E, 0xD4, 0xF6,
    0x2C, 0xDB, 0xF3, 0x03, 0x72, 0xCF, 0x75, 0x5F, 0x4E, 0x6B, 0x82, 0x7B, 0x47, 0x4E, 0x85, 0x9B,
    0xB9, 0x39, 0xDF, 0x1F, 0xD6, 0xA3, 0x4F, 0x05, 0x7E, 0x77, 0x3C, 0x48, 0x16, 0x77, 0x2C, 0xE1,
    0xDD, 0x35, 0xF8, 0x78, 0x9C, 0x5D, 0x8E, 0x01, 0x0E, 0xC0, 0x30, 0x08, 0x02, 0xFD, 0x01, 0xFF,
    0xFF, 0x25, 0x3F, 0x60, 0x4C, 0x9C, 0xC9, 0x34, 0x56, 0x2F, 0xA5, 0x45, 0xAB, 0x1C, 0x42, 0xA1,
    0x1A, 0x14, 0x20, 0xA4, 0x80, 0xEF, 0xEA, 0x1F, 0x8C, 0xE2, 0xCE, 0x48, 0xEC, 0x3C, 0x6F, 0x06,
    0x74, 0xC1, 0xCE, 0x07, 0x34, 0x13, 0xB8, 0x80, 0x01, 0x2D, 0x34, 0xC7, 0x36, 0x80, 0x1C, 0xDB,
    0x2A, 0x9B, 0x7E, 0xD0, 0x93, 0x57, 0x7E, 0xCB, 0x7E, 0xD0, 0x98, 0x67, 0x39, 0x57, 0x62, 0xE0,
    0x01, 0x62, 0x58, 0x43, 0x9F, 0x78, 0x9C, 0x5D, 0x8D, 0x01, 0x0A, 0xC0, 0x30, 0x0C, 0x02, 0xFD,
    0x81, 0xFF, 0xFF, 0xA5, 0x3F, 0x70, 0xD1, 0x86, 0x6E, 0x2C, 0x04, 0xC4, 0x5A, 0x2F, 0x00, 0x44,
    0x10, 0x80, 0x6D, 0xC6, 0xC8, 0x78, 0x67, 0x4D, 0xA3, 0x7C, 0x8C, 0x55, 0xF7, 0x3F, 0x76, 0xC2,
    0x40, 0xD8, 0xD6, 0x34, 0x52, 0xF2, 0xE1, 0x0D, 0xB6, 0x37, 0x56, 0x1A, 0x7D, 0x04, 0xD7, 0xE9,
    0xC8, 0xD0, 0x94, 0x0D, 0xCB, 0xD6, 0xBE, 0x10, 0x0F, 0xCB, 0x79, 0x39, 0x04, 0x78, 0x9C, 0x75,
    0x8F, 0x81, 0x0D, 0x00, 0x20, 0x08, 0xC3, 0xF8, 0x60, 0xFF, 0x7F, 0xC9, 0x07, 0x13, 0x99, 0x22,
    0x9A, 0x38, 0xA2, 0x69, 0x10, 0x07, 0x98, 0x75, 0x39, 0x21, 0x60, 0x44, 0x26, 0x60, 0x6E, 0x1F,
    0x39, 0x17, 0xF0, 0x05, 0xC7, 0x0B, 0xE5, 0xD7, 0x8C, 0x05, 0x2C, 0x48, 0x96, 0xAD, 0x00, 0x3A,
    0x61, 0x1B, 0xEA, 0x90, 0x9D, 0xEB, 0x79, 0x5E, 0xF5, 0x81, 0x7B, 0x6A, 0xAE, 0x76, 0x59, 0x72,
    0x66, 0xFD, 0x2E, 0x83, 0xBD, 0xC3, 0x0D, 0x03, 0xDC, 0xF5, 0x3C, 0xC4, 0x78, 0x9C, 0x75, 0x8E,
    0xC1, 0x11, 0xC0, 0x40, 0x08, 0x02, 0xE9, 0x80, 0xFE, 0xBB, 0xA4, 0x03, 0x22, 0xC4, 0x64, 0xEE,
    0x73, 0x7E, 0x76, 0x50, 0x44, 0x81, 0xAF, 0x64, 0x06, 0xB6, 0x2B, 0x10, 0x4C, 0x4B, 0xC4, 0xA5,
    0x5C, 0xCF, 0xF8, 0xC9, 0xF8, 0x63, 0x4E, 0x84, 0xA9, 0x26, 0xB0, 0x9B, 0x5E, 0x74, 0x74, 0x00,
    0xBF, 0xD2, 0x8B, 0x49, 0x93, 0xFB, 0x84, 0x26, 0x52, 0xDB, 0xB9, 0x1F, 0xDF, 0x9F, 0x0F, 0xF5,
    0x00, 0x6E, 0x1A, 0x38, 0x05, 0x78, 0x9C, 0x5D, 0x8F, 0xDB, 0x0D, 0x00, 0x20, 0x08, 0x03, 0xD9,
    0x80, 0xFD, 0xB7, 0x64, 0x83, 0xF3, 0xD5, 0x12, 0x95, 0x0F, 0x72, 0x29, 0xDA, 0x42, 0xC4, 0x5B,
    0x65, 0xC0, 0x42, 0xBE, 0x42, 0x59, 0x9A, 0x5D, 0x00, 0x9A, 0x81, 0x1F, 0xB7, 0x9D, 0x6D, 0xF8,
    0xA1, 0xF2, 0x07, 0x14, 0x51, 0x0D, 0x29, 0xA0, 0x61, 0xF3, 0xB1, 0x3D, 0x90, 0x5A, 0x87, 0x55,
    0x37, 0xEC, 0xE4, 0x1E, 0xAF, 0xD6, 0x1F, 0xF0, 0xFA, 0x28, 0xCE, 0x77, 0xC4, 0x00, 0x46, 0x8E,
    0x41, 0x92, 0x78, 0x9C, 0x6D, 0x8D, 0x89, 0x0D, 0xC0, 0x30, 0x08, 0x03, 0xD9, 0x20, 0xFB, 0x6F,
    0xE9, 0x0D, 0xAE, 0x60, 0xA7, 0x4F, 0xA4, 0x22, 0x85, 0xE3, 0x71, 0x4C, 0xD5, 0x27, 0xB4, 0x42,
    0x8E, 0xB6, 0xB3, 0x36, 0xC9, 0x56, 0x21, 0x58, 0x20, 0x56, 0xFD, 0x05, 0x58, 0x3F, 0xB2, 0xB1,
    0xE8, 0x7A, 0x84, 0xFB, 0xD9, 0xA2, 0x0F, 0xF8, 0x06, 0x37, 0xB3, 0x3E, 0x58, 0x6F, 0xFF, 0x58,
    0xE0, 0x5A, 0x99, 0x41, 0xFE, 0x62, 0x8F, 0x0B, 0xA4, 0xA2, 0x37, 0x24, 0x78, 0x9C, 0x5D, 0x8F,
    0xC1, 0x0D, 0x00, 0x31, 0x08, 0xC3, 0xD8, 0x80, 0xFD, 0xB7, 0x64, 0x03, 0xDF, 0xB5, 0x84, 0xA8,
    0x82, 0x07, 0x58, 0x0A, 0x69, 0x68, 0xC4, 0x5B, 0x95, 0x1B, 0x02, 0x6B, 0x1E, 0x2D, 0xFE, 0x5D,
    0x00, 0x5A, 0x02, 0xDB, 0xC6, 0x34, 0x76, 0x36, 0x54, 0x6E, 0x40, 0x59, 0x65, 0x48, 0x01, 0x86,
    0xCB, 0xFD, 0x6C, 0x43, 0xEA, 0x1C, 0x4E, 0xBD, 0x70, 0x93, 0x2D, 0x9F, 0x66, 0x03, 0x73, 0x3E,
    0x8A, 0x9B, 0x7F, 0xC4, 0x07, 0x4C, 0x01, 0x41, 0x92, 0x78, 0x9C, 0x65, 0x8D, 0x81, 0x11, 0x80,
    0x30, 0x08, 0x03, 0xD9, 0xC0, 0xFD, 0xB7, 0xCC, 0x06, 0x2F, 0x24, 0xD5, 0x9E, 0x96, 0x3B, 0xFA,
    0x50, 0x42, 0xA8, 0xDA, 0xC1, 0x8F, 0xBA, 0x8C, 0x7E, 0xB5, 0x48, 0xC6, 0x0A, 0xC1, 0x02, 0x05,
    0x47, 0x80, 0xF5, 0x23, 0x1B, 0x8B, 0xAE, 0x47, 0xB8, 0xD2, 0x16, 0x7D, 0xC0, 0x37, 0x78, 0x98,
    0xF1, 0x87, 0xB5, 0xFB, 0xD7, 0x02, 0xD7, 0xCA, 0x1F, 0x64, 0x17, 0x7B, 0xDC, 0xA6, 0xAF, 0x37,
    0x24, 0x78, 0x9C, 0x5D, 0x8F, 0xD1, 0x0D, 0x40, 0x31, 0x08, 0x02, 0xD9, 0xC0, 0xFD, 0xB7, 0x74,
    0x83, 0x6B, 0x7C, 0xA2, 0x79, 0x91, 0x8F, 0xE6, 0xAC, 0x25, 0x50, 0xA9, 0x44, 0xA8, 0x95, 0x07,
    0x52, 0x28, 0x3C, 0xF7, 0x55, 0x02, 0xFD, 0x84, 0x75, 0x8D, 0xD2, 0x1B, 0x71, 0x21, 0xE3, 0x02,
    0x62, 0x3C, 0x4C, 0x22, 0x53, 0xC6, 0xE0, 0x62, 0xB9, 0x10, 0x2E, 0x46, 0xE9, 0x0F, 0x5F, 0xF2,
    0xAE, 0xEB, 0x58, 0x03, 0x53, 0x1F, 0xC7, 0xCD, 0x3F, 0xF4, 0x00, 0x75, 0x5D, 0x40, 0xC0, 0x78,
    0x9C, 0x5D, 0x8D, 0x01, 0x0E, 0x80, 0x00, 0x08, 0x02, 0xF9, 0x01, 0xFF, 0xFF, 0xA5, 0x3F, 0xB8,
    0x0A, 0xAC, 0x56, 0x6E, 0x0E, 0x45, 0x40, 0x49, 0x1A, 0x2B, 0x35, 0x68, 0x87, 0xC5, 0xEE, 0x1E,
    0x87, 0xF0, 0x12, 0xAC, 0x10, 0x70, 0x6D, 0xEB, 0xFF, 0x15, 0x44, 0x7F, 0xC9, 0xDC, 0xF0, 0x4B,
    0xB8, 0x9D, 0x88, 0xF3, 0x71, 0x7E, 0x73, 0x63, 0xCF, 0x1F, 0xD4, 0xBB, 0x3F, 0x11, 0x64, 0x9E,
    0x72, 0x50, 0x2F, 0xC9, 0x38, 0x00, 0xC7, 0x14, 0x3A, 0x03, 0x78, 0x9C, 0x5D, 0x8F, 0xDB, 0x11,
    0x00, 0x21, 0x08, 0x03, 0xD3, 0x01, 0xFD, 0x77, 0x49, 0x07, 0xEB, 0x23, 0xC2, 0xDD, 0x90, 0x0F,
    0x67, 0x27, 0x12, 0x83, 0xD2, 0x56, 0x86, 0x2C, 0x10, 0x36, 0x92, 0xEB, 0xA5, 0x6C, 0x7C, 0xDA,
    0xB3, 0x1E, 0x4F, 0xA0, 0x52, 0xA1, 0x31, 0x54, 0x21, 0x26, 0x64, 0x4C, 0x78, 0x95, 0x27, 0x43,
    0x35, 0x18, 0x68, 0xB8, 0xEC, 0x67, 0x0D, 0xF1, 0x96, 0xE6, 0xE8, 0x0F, 0xB7, 0xB9, 0xAF, 0xCF,
    0xD1, 0x01, 0x6A, 0x7D, 0x5E, 0x5D, 0xFD, 0x43, 0x0B, 0x48, 0xF8, 0x44, 0x9E, 0x78, 0x9C, 0x6D,
    0x8E, 0x8B, 0x0D, 0x00, 0x21, 0x08, 0xC5, 0xBA, 0x01, 0xFB, 0x6F, 0xC9, 0x06, 0x3D, 0x01, 0xEF,
    0x97, 0x48, 0xD4, 0x06, 0x7D, 0x34, 0x02, 0x29, 0x09, 0xC5, 0x68, 0x9A, 0x5A, 0x0C, 0x32, 0xF8,
    0x94, 0xBD, 0xD6, 0xA1, 0xB1, 0xF3, 0x9C, 0x6A, 0x4D, 0xBB, 0x63, 0xD1, 0x76, 0x2A, 0xB8, 0x77,
    0xB5, 0xE5, 0x6D, 0xB5, 0x37, 0xE7, 0xF9, 0x47, 0xDE, 0xFE, 0x51, 0x38, 0x9F, 0x9D, 0x3B, 0x9D,
    0x59, 0xDB, 0x71, 0x01, 0x5B, 0xEE, 0x3B, 0xF2, 0x78, 0x9C, 0x65, 0x8F, 0x89, 0x09, 0x00, 0x31,
    0x08, 0x04, 0xB7, 0x03, 0xFB, 0xEF, 0xD2, 0x0E, 0x26, 0x18, 0x1F, 0x72, 0x9E, 0xA8, 0x0C, 0x8A,
    0xAC, 0x2B, 0x3D, 0xE1, 0x16, 0x99, 0xC0, 0x05, 0x01, 0xB5, 0x43, 0x2B, 0x66, 0xC2, 0x06, 0xB7,
    0x0D, 0x88, 0xBE, 0xA1, 0xA5, 0x12, 0x18, 0x50, 0x6A, 0xFA, 0x80, 0x65, 0xC5, 0x0F, 0xF0, 0xC2,
    0x55, 0x9E, 0x75, 0xB4, 0x39, 0xA0, 0x7D, 0x50, 0x72, 0x65, 0xE8, 0xF7, 0xFD, 0x36, 0x63, 0xED,
    0xE1, 0x0B, 0x07, 0xD5, 0xF9, 0x3F, 0xD0, 0x78, 0x9C, 0x6D, 0x8E, 0x81, 0x09, 0x00, 0x31, 0x08,
    0x03, 0xB3, 0x41, 0xF6, 0xDF, 0x32, 0x1B, 0xA4, 0x1A, 0xA5, 0x14, 0xFE, 0x45, 0x39, 0xAA, 0x31,
    0x16, 0xD8, 0x50, 0x95, 0x0B, 0xEC, 0xEC, 0x32, 0xBB, 0x63, 0x67, 0x68, 0x7C, 0xA3, 0x46, 0x8E,
    0x82, 0x8C, 0xC0, 0xB3, 0x63, 0x46, 0x2D, 0x2A, 0x06, 0x8B, 0xB5, 0xBB, 0xC0, 0x7D, 0x69, 0x50,
    0x6E, 0xEA, 0x6C, 0x2F, 0x5B, 0xDB, 0xE1, 0xCF, 0xDD, 0x39, 0x8E, 0xF7, 0x5F, 0xC1, 0x01, 0xEA,
    0x52, 0x38, 0xF5, 0x78, 0x9C, 0x63, 0x60, 0xF8, 0x0F, 0x02, 0x0C, 0x0C, 0x30, 0xFA, 0x03, 0x88,
    0x0D, 0x04, 0x1F, 0xF8, 0xF1, 0xD3, 0xFF, 0x61, 0x34, 0x10, 0xF0, 0x23, 0xD3, 0x0C, 0x50, 0x71,
    0xA8, 0x72, 0x32, 0x8C, 0x03, 0xB1, 0x61, 0x34, 0x6E, 0x00, 0xB7, 0x88, 0x1F, 0x99, 0x0F, 0x00,
    0xD4, 0x04, 0x2F, 0x1D, 0x78, 0x9C, 0x6D, 0x8D, 0xC1, 0x09, 0x00, 0x30, 0x08, 0x03, 0xB3, 0x81,
    0xFB, 0x6F, 0xE9, 0x06, 0x57, 0x0D, 0x45, 0xDA, 0xD2, 0xFB, 0x1C, 0x09, 0x18, 0xA5, 0x04, 0x15,
    0x40, 0x48, 0x19, 0x95, 0x2B, 0x74, 0xD1, 0xE1, 0x10, 0x66, 0x24, 0xF3, 0x28, 0xAC, 0x59, 0xC0,
    0xD3, 0xFB, 0xC1, 0x97, 0xE4, 0x92, 0xEF, 0x17, 0xB5, 0xDD, 0x2D, 0x97, 0x78, 0x9C, 0x63, 0x60,
    0x60, 0x60, 0xF8, 0xCF, 0xCF, 0x00, 0x06, 0xFF, 0xFF, 0x33, 0x40, 0x19, 0x10, 0xEA, 0x03, 0x3F,
    0x0A, 0x17, 0x26, 0x09, 0x02, 0x08, 0xFA, 0x03, 0x9A, 0x62, 0x5C, 0xF4, 0x7F, 0x74, 0x1A, 0x08,
    0xF8, 0x91, 0x69, 0xA8, 0x72, 0x74, 0x9A, 0x90, 0x71, 0x50, 0xFD, 0x30, 0x1A, 0x00, 0xE3, 0xE9,
    0x33, 0x19, 0x78, 0x9C, 0x65, 0x8D, 0xC1, 0x11, 0x00, 0x20, 0x08, 0xC3, 0xBA, 0x81, 0xFB, 0x6F,
    0xC9, 0x06, 0x51, 0x8A, 0x72, 0x7A, 0xF6, 0x93, 0x47, 0x69, 0x90, 0x14, 0x28, 0x13, 0x8C, 0xE2,
    0x83, 0xDD, 0xE9, 0x4F, 0xE0, 0x0E, 0x72, 0xB7, 0xAE, 0x53, 0x83, 0x17, 0x9E, 0x36, 0x70, 0x1A,
    0xBA, 0xB4, 0x8D, 0xFD, 0xF2, 0x18, 0xB0, 0xBA, 0x1E, 0x4C, 0x29, 0x89, 0x30, 0x94, 0x78, 0x9C,
    0x85, 0x8C, 0x41, 0x0A, 0x00, 0x20, 0x0C, 0xC3, 0xF2, 0x83, 0xFE, 0xFF, 0x97, 0xFD, 0x41, 0xDD,
    0x40, 0x51, 0x3C, 0x68, 0x2E, 0x81, 0xB0, 0x0E, 0x70, 0x40, 0x40, 0x22, 0x97, 0x2D, 0xA7, 0x0A,
    0xAE, 0xD2, 0x79, 0x91, 0x66, 0xBB, 0x57, 0x8D, 0xF5, 0x76, 0x6E, 0x17, 0x3A, 0x3D, 0xCF, 0x6F,
    0xFF, 0xDE, 0xCD, 0xFD, 0xF2, 0x00, 0x4A, 0xA4, 0x38, 0x05, 0x78, 0x9C, 0x6D, 0x8D, 0x89, 0x0D,
    0x00, 0x20, 0x08, 0x03, 0xBB, 0x41, 0xF7, 0xDF, 0x92, 0x0D, 0x2A, 0x16, 0x30, 0xC6, 0x48, 0x20,
    0xC7, 0x5B, 0x80, 0x10, 0xB0, 0x5D, 0x34, 0x9C, 0x80, 0x6E, 0xFF, 0x2D, 0xE4, 0x91, 0xBC, 0x18,
    0x1C, 0x81, 0x8C, 0x2C, 0x2E, 0xC8, 0x76, 0x50, 0xC7, 0x0F, 0xD8, 0x8A, 0xAD, 0x20, 0x4B, 0xD7,
    0x83, 0x05, 0xD0, 0x25, 0x33, 0xBE, 0x78, 0x9C, 0x63, 0x60, 0x40, 0x05, 0xFF, 0xA1, 0xF4, 0x07,
    0x7E, 0x08, 0xF7, 0xFF, 0x07, 0x08, 0xCD, 0x0F, 0x15, 0xE0, 0x07, 0x23, 0x64, 0x0D, 0x20, 0x80,
    0xCC, 0xF8, 0x80, 0x66, 0x04, 0x5E, 0xC6, 0x7F, 0x4C, 0x06, 0x10, 0xF0, 0xA3, 0x32, 0x60, 0x9A,
    0x30, 0x19, 0xC4, 0x18, 0x0C, 0x33, 0x07, 0xCE, 0x00, 0x00, 0x25, 0x7C, 0x34, 0x27, 0x78, 0x9C,
    0x7D, 0x8D, 0x01, 0x0A, 0x00, 0x30, 0x08, 0x02, 0xFB, 0x41, 0xFF, 0xFF, 0xA5, 0x3F, 0x70, 0x4B,
    0xDB, 0x08, 0x06, 0x13, 0xE2, 0xB0, 0xC4, 0x22, 0xA6, 0x90, 0x26, 0x8B, 0x60, 0xC8, 0x52, 0xAE,
    0x6E, 0x8C, 0x8F, 0x40, 0x9F, 0xE9, 0xFC, 0x8E, 0xA3, 0x16, 0x3D, 0x6A, 0x1E, 0xA4, 0x34, 0xD8,
    0x2D, 0x0F, 0xF3, 0xB4, 0xF7, 0xCE, 0xF1, 0xFB, 0x6E, 0x01, 0x26, 0x7C, 0x30, 0xD0, 0x78, 0x9C,
    0x63, 0x60, 0x80, 0x81, 0xFF, 0x50, 0xFA, 0x03, 0x3F, 0x5C, 0x04, 0x22, 0xF4, 0x9F, 0x1F, 0x22,
    0xC4, 0x0F, 0x46, 0x08, 0xF5, 0x20, 0x80, 0xA0, 0x3F, 0xFC, 0x47, 0xD5, 0x8E, 0x8B, 0xFE, 0x8F,
    0x4E, 0x03, 0x01, 0x3F, 0x32, 0x0D, 0x55, 0x8E, 0x4E, 0x13, 0x32, 0x0E, 0xAA, 0x1F, 0x46, 0x03,
    0x00, 0xFB, 0x9D, 0x33, 0x37, 0x78, 0x9C, 0x65, 0x8D, 0xC1, 0x0D, 0x00, 0x30, 0x08, 0x02, 0xDD,
    0xC0, 0xFD, 0xB7, 0x74, 0x83, 0x6B, 0x15, 0x35, 0x69, 0xCA, 0xE7, 0x12, 0x44, 0x30, 0x93, 0x10,
    0xC2, 0x1B, 0x21, 0x03, 0x5C, 0x6E, 0xDF, 0x7F, 0x05, 0x28, 0x98, 0xC9, 0x1B, 0xCC, 0x47, 0xAA,
    0xB0, 0xBA, 0x16, 0x94, 0x16, 0xCF, 0xEA, 0xA0, 0xC7, 0xA7, 0x81, 0xAA, 0xD6, 0xC0, 0x01, 0xBC,
    0x0C, 0x31, 0xB1, 0x78, 0x9C, 0x8D, 0xCC, 0xCB, 0x0D, 0x00, 0x20, 0x08, 0x44, 0x41, 0x3A, 0xD8,
    0xFE, 0xBB, 0xA4, 0x83, 0x15, 0xE4, 0x13, 0x8C, 0x07, 0x7D, 0x31, 0x61, 0x2E, 0xAE, 0x88, 0xA7,
    0x94, 0x2C, 0xA0, 0x48, 0x90, 0x46, 0xBF, 0x88, 0x2B, 0xD8, 0x6F, 0x44, 0x6F, 0xA2, 0xB7, 0x14,
    0x6F, 0xF0, 0x86, 0x85, 0x13, 0xF5, 0xE9, 0xC6, 0xCF, 0x70, 0xED, 0x34, 0x16, 0xD6, 0x41, 0x37,
    0x24, 0x78, 0x9C, 0x6D, 0x8E, 0xDB, 0x09, 0x00, 0x30, 0x08, 0x03, 0xDD, 0xA0, 0xFB, 0x6F, 0xE9,
    0x06, 0xD7, 0x47, 0x62, 0x11, 0xDA, 0xFC, 0x1C, 0xE8, 0x11, 0x8D, 0xD8, 0x21, 0x94, 0x1C, 0x8D,
    0x89, 0xE6, 0x30, 0x3C, 0x2B, 0xED, 0x9B, 0x44, 0x6B, 0xE4, 0x2F, 0x3D, 0x71, 0x35, 0x6E, 0x6C,
    0xE4, 0xA4, 0xD1, 0x2D, 0x0F, 0xEB, 0xA3, 0x72, 0xA4, 0xDF, 0x73, 0x13, 0x6D, 0xBB, 0x32, 0xB0,
    0x78, 0x9C, 0x85, 0x8C, 0xC1, 0x0D, 0x00, 0x20, 0x08, 0x03, 0xBB, 0x41, 0xF7, 0xDF, 0x92, 0x0D,
    0x2A, 0x02, 0x8A, 0x31, 0x31, 0xF2, 0xB9, 0x70, 0x94, 0x02, 0x80, 0x00, 0x3A, 0x4C, 0x34, 0xC6,
    0x2A, 0x37, 0xD3, 0xC5, 0xDA, 0x93, 0xDA, 0x6D, 0x7A, 0xE6, 0x5B, 0x5F, 0x15, 0x81, 0xA2, 0x65,
    0x78, 0x77, 0xBC, 0xA8, 0x9B, 0x3E, 0x3C, 0x59, 0xF1, 0x9B, 0xBF, 0xBA, 0xFA, 0x5F, 0x1C, 0x2D,
    0x49, 0x39, 0x40, 0x78, 0x9C, 0x5D, 0x8D, 0xDB, 0x15, 0x00, 0x20, 0x08, 0x42, 0xEF, 0x06, 0xEC,
    0xBF, 0x65, 0x1B, 0x50, 0x6A, 0xC7, 0x1E, 0xFC, 0x20, 0x22, 0x02, 0x58, 0x08, 0x86, 0xED, 0xA0,
    0x35, 0x70, 0xB0, 0x45, 0x5A, 0x0C, 0x71, 0x7B, 0x0F, 0x56, 0xBC, 0x0E, 0xF3, 0x89, 0x32, 0x18,
    0x1B, 0x87, 0xB8, 0xC8, 0x89, 0xA6, 0x0A, 0x7F, 0xA4, 0xAE, 0x76, 0xBD, 0x74, 0x17, 0x4C, 0x05,
    0x4E, 0x36, 0xAC, 0x78, 0x9C, 0x63, 0x60, 0x40, 0x80, 0xFF, 0xFF, 0xC1, 0xD4, 0x07, 0xFE, 0x0F,
    0xFC, 0x60, 0x2E, 0x18, 0x61, 0x80, 0xFF, 0x20, 0x80, 0xA0, 0x3F, 0x40, 0xD5, 0x40, 0xF4, 0xE0,
    0xA6, 0xFF, 0xF3, 0x23, 0xB4, 0xF3, 0x23, 0xD3, 0x30, 0x63, 0xA1, 0xCA, 0xC9, 0x30, 0x0E, 0xC4,
    0x86, 0xD1, 0xB8, 0x01, 0xDC, 0x22, 0x7E, 0x64, 0x3E, 0x00, 0x54, 0xEA, 0x35, 0x17, 0x78, 0x9C,
    0x6D, 0x8D, 0x01, 0x0A, 0xC0, 0x30, 0x08, 0x03, 0xF3, 0x83, 0xFE, 0xFF, 0x97, 0xF9, 0xC1, 0x4D,
    0x53, 0x57, 0x58, 0x59, 0x10, 0x4F, 0xC1, 0x44, 0xE9, 0x95, 0x59, 0x0D, 0xDC, 0xA8, 0x46, 0x2F,
    0x99, 0x54, 0x65, 0xDD, 0x32, 0xE4, 0x9E, 0xF6, 0xD5, 0x95, 0xD1, 0x78, 0x92, 0x70, 0x40, 0x74,
    0xB0, 0xCD, 0x17, 0xD6, 0x24, 0x4E, 0x02, 0x89, 0x9E, 0x07, 0xBF, 0x32, 0x1F, 0xC4, 0xFF, 0x00,
    0x03, 0x0D, 0x36, 0x8E, 0x78, 0x9C, 0x63, 0x60, 0xF8, 0xCF, 0xCF, 0x00, 0xC6, 0x0C, 0x40, 0xFC,
    0x81, 0x1F, 0x4C, 0x81, 0xC1, 0x7F, 0x08, 0xFE, 0xF0, 0x1F, 0x22, 0x8C, 0x8C, 0xC1, 0x5A, 0x18,
    0x50, 0xF0, 0x07, 0x2C, 0x4A, 0xFF, 0x23, 0x29, 0x05, 0x00, 0xE9, 0xB6, 0x1A, 0x23, 0x78, 0x9C,
    0x63, 0x60, 0xF8, 0xC0, 0xCF, 0xC0, 0xC0, 0xF0, 0xFF, 0x3F, 0x03, 0x88, 0x84, 0x11, 0x60, 0x31,
    0x34, 0x00, 0x16, 0x47, 0x10, 0xFC, 0x98, 0xC4, 0x7F, 0x7E, 0x64, 0x33, 0x90, 0x4C, 0x43, 0xD5,
    0x00, 0x00, 0x3C, 0x8C, 0x17, 0xCB, 0x78, 0x9C, 0x63, 0x60, 0x60, 0xF8, 0xCF, 0xC0, 0x00, 0x21,
    0x3E, 0x80, 0x09, 0x7E, 0x4C, 0xE2, 0x3F, 0x3F, 0x03, 0x92, 0x32, 0x74, 0x0D, 0x58, 0x74, 0xFD,
    0x47, 0xD5, 0x85, 0x0A, 0xD0, 0x74, 0x01, 0x00, 0x6F, 0xED, 0x1B, 0xC7, 0x78, 0x9C, 0x63, 0x60,
    0x60, 0xF8, 0xCF, 0xC0, 0xC0, 0xF0, 0x01, 0x44, 0x80, 0x59, 0x68, 0xE0, 0x03, 0x3F, 0x48, 0x1C,
    0x41, 0x30, 0x60, 0x10, 0x60, 0xAD, 0x60, 0x65, 0x68, 0x04, 0x9A, 0x06, 0x2C, 0xE6, 0x22, 0xB4,
    0x02, 0x00, 0x67, 0x83, 0x17, 0xE9, 0x78, 0x9C, 0x85, 0x8E, 0x01, 0x0E, 0xC0, 0x20, 0x08, 0x03,
    0xFB, 0x83, 0xFE, 0xFF, 0x97, 0xFD, 0x01, 0xA3, 0x80, 0xC6, 0x6C, 0x31, 0x6B, 0xA2, 0x5E, 0x4B,
    0x00, 0x01, 0x28, 0x82, 0xB0, 0x22, 0xD5, 0x6F, 0x1E, 0x47, 0x76, 0xCA, 0x4B, 0x55, 0x5F, 0x69,
    0x41, 0x37, 0x50, 0x5F, 0xE0, 0x0B, 0x70, 0x03, 0x6D, 0x20, 0xBA, 0xDD, 0xE3, 0xD7, 0xCE, 0x36,
    0x2C, 0x37, 0xFF, 0x32, 0xE1, 0x4F, 0xB3, 0x64, 0x86, 0x1C, 0xC9, 0x03, 0x90, 0xD2, 0x39, 0xC7,
    0x78, 0x9C, 0x6D, 0x8D, 0xC1, 0x0D, 0x00, 0x30, 0x08, 0x02, 0x6F, 0x03, 0xF7, 0xDF, 0xD2, 0x0D,
    0x28, 0x6A, 0xED, 0xAB, 0xC6, 0xE4, 0x02, 0x11, 0x84, 0x94, 0xF0, 0x48, 0x0A, 0x2C, 0x6A, 0x29,
    0x47, 0x91, 0x17, 0xF6, 0xC9, 0x45, 0x5D, 0xD9, 0x9C, 0x0C, 0x8B, 0x89, 0x36, 0x62, 0x4B, 0x6E,
    0xE5, 0x3E, 0xF8, 0x4E, 0x97, 0xD2, 0xC1, 0xA7, 0x0E, 0x04, 0xCB, 0x2A, 0xE5, 0x78, 0x9C, 0x75,
    0x8E, 0xD1, 0x0D, 0x40, 0x21, 0x08, 0x03, 0xD9, 0xA0, 0xFB, 0x6F, 0xD9, 0x0D, 0xFA, 0xE0, 0xD5,
    0xFA, 0xA1, 0xB1, 0x09, 0xE1, 0x20, 0x39, 0xA5, 0xAA, 0xA3, 0x72, 0x28, 0x84, 0x2E, 0xD0, 0xB9,
    0x48, 0xA8, 0x65, 0xA9, 0xE3, 0xDE, 0x85, 0xA5, 0x50, 0x51, 0xB2, 0xFD, 0xC1, 0x02, 0x78, 0x03,
    0x0E, 0xA8, 0x17, 0x70, 0x03, 0xCA, 0xFA, 0x3C, 0x9F, 0x3F, 0x3D, 0xC0, 0xF7, 0xF9, 0xAE, 0xA1,
    0x69, 0x1F, 0xE4, 0xC9, 0x3C, 0xD3, 0x78, 0x9C, 0x55, 0x8D, 0xD1, 0x09, 0x00, 0x40, 0x08, 0x42,
    0xDD, 0xC0, 0xFD, 0xB7, 0x6C, 0x03, 0x8F, 0xD4, 0x3E, 0x4E, 0x82, 0x47, 0x98, 0x06, 0x00, 0xC2,
    0x6A, 0xC4, 0xF0, 0x43, 0x3C, 0x64, 0xF9, 0x34, 0xB2, 0x27, 0x6D, 0x6E, 0xB4, 0xE3, 0x6B, 0x71,
    0x0A, 0xBA, 0xA6, 0x70, 0xBB, 0x98, 0x0C, 0x0E, 0x89, 0x1A, 0xBC, 0x92, 0x56, 0xF6, 0xC1, 0x03,
    0xB9, 0x46, 0x2D, 0xE2, 0x78, 0x9C, 0x75, 0x8F, 0xD1, 0x11, 0xC0, 0x30, 0x08, 0x42, 0xDD, 0x80,
    0xFD, 0xB7, 0x64, 0x03, 0x5A, 0x45, 0x7A, 0xD7, 0xF4, 0xEA, 0x0F, 0xCF, 0x28, 0x6A, 0xAA, 0x8E,
    0xC0, 0x2A, 0x0D, 0x82, 0x9C, 0x6A, 0x0B, 0x2A, 0xA5, 0x95, 0x6F, 0x27, 0xB5, 0x3D, 0xBA, 0xC3,
    0xDA, 0xFE, 0xF1, 0x74, 0x35, 0x33, 0xF3, 0x3A, 0xB0, 0x4B, 0xF8, 0x05, 0x1C, 0x50, 0x7F, 0xC0,
    0x07, 0x50, 0xB6, 0xF7, 0xF8, 0xEC, 0x74, 0x02, 0xDF, 0xA7, 0x7C, 0x66, 0xF4, 0x02, 0x93, 0xB9,
    0x3D, 0xE1, 0x78, 0x9C, 0x7D, 0x4D, 0x81, 0x09, 0x00, 0x30, 0x08, 0xDA, 0x07, 0xFD, 0xFF, 0xA5,
    0x1F, 0x38, 0x2A, 0x73, 0x0C, 0xC6, 0x42, 0xCA, 0x04, 0x75, 0xAD, 0x7B, 0xA8, 0x8B, 0xE8, 0x37,
    0x5A, 0x20, 0x63, 0xE4, 0x16, 0x50, 0x78, 0x0E, 0xA8, 0x10, 0xCA, 0x05, 0x26, 0x14, 0x9E, 0x12,
    0x4C, 0x42, 0x55, 0x26, 0xE5, 0xC8, 0x75, 0x0C, 0x1F, 0xE7, 0x04, 0xBB, 0xCA, 0xE5, 0x1B, 0xB2,
    0x42, 0x31, 0xCF, 0x78, 0x9C, 0x75, 0x8E, 0x8B, 0x0D, 0x00, 0x31, 0x08, 0x42, 0xD9, 0x80, 0xFD,
    0xB7, 0x64, 0x03, 0xAE, 0x06, 0xED, 0x7D, 0x9A, 0x23, 0x69, 0x7C, 0x6D, 0x05, 0x05, 0x6E, 0x71,
    0xC0, 0x03, 0xA2, 0xFB, 0x51, 0x03, 0x7E, 0xFC, 0xE2, 0x25, 0xB9, 0x7B, 0xBC, 0x94, 0xBA, 0x0E,
    0x3B, 0x4F, 0xAE, 0xB8, 0x4E, 0xF7, 0x86, 0x18, 0xA8, 0x13, 0xF8, 0x01, 0xFC, 0x81, 0x36, 0x10,
    0xB1, 0x57, 0xFC, 0xCC, 0xCC, 0x85, 0xD9, 0x2F, 0x7B, 0x15, 0x55, 0xB9, 0x00, 0x9B, 0xFC, 0x3D,
    0xE1, 0x78, 0x9C, 0x5D, 0x8D, 0x89, 0x09, 0x00, 0x30, 0x08, 0x03, 0xBB, 0x81, 0xFB, 0x6F, 0x99,
    0x0D, 0xAE, 0x35, 0xA6, 0x14, 0x2A, 0xC2, 0xF9, 0x84, 0x64, 0xAD, 0x29, 0x06, 0xAA, 0xBB, 0xE2,
    0x09, 0xE3, 0x5C, 0xFB, 0x2F, 0xF7, 0x57, 0x82, 0x11, 0xB6, 0x52, 0x74, 0x5B, 0x4C, 0x29, 0x18,
    0x87, 0xC0, 0x7E, 0x14, 0x09, 0x79, 0x59, 0x0A, 0xEA, 0x9A, 0xC4, 0x32, 0x01, 0x1B, 0xB2, 0x43,
    0x31, 0xCF, 0x78, 0x9C, 0x75, 0x4E, 0x81, 0x0D, 0xC0, 0x30, 0x08, 0xE2, 0x03, 0xFE, 0xFF, 0x92,
    0x0F, 0x98, 0x55, 0xDA, 0x64, 0x5B, 0x4A, 0x52, 0x41, 0x1A, 0x51, 0xA0, 0x61, 0x22, 0x70, 0x57,
    0x01, 0xED, 0xC8, 0x74, 0xEC, 0xE1, 0xB2, 0x85, 0x17, 0xE4, 0x0C, 0xBB, 0x30, 0x9C, 0x3C, 0xF7,
    0x6F, 0x3D, 0x26, 0xD8, 0x47, 0x64, 0xA9, 0xFE, 0x82, 0x1F, 0x81, 0x9B, 0xD0, 0x11, 0xC4, 0x8C,
    0xAF, 0xF8, 0xBD, 0x73, 0x1A, 0xCE, 0x7D, 0xF6, 0xBE, 0x74, 0xD1, 0x03, 0x73, 0x48, 0x3E, 0xE0,
    0x78, 0x9C, 0x65, 0x8D, 0x01, 0x0A, 0x00, 0x30, 0x08, 0x02, 0xFB, 0x81, 0xFF, 0xFF, 0xA5, 0x3F,
    0x70, 0x4B, 0x17, 0x1B, 0x4C, 0xA2, 0x83, 0x88, 0xB3, 0xAA, 0xA3, 0x4A, 0x88, 0x97, 0x82, 0x9A,
    0xF2, 0xEE, 0x9B, 0xDF, 0xE8, 0xF9, 0x43, 0xC5, 0xA2, 0xFC, 0x53, 0x3D, 0x51, 0xEF, 0x03, 0x87,
    0x88, 0x6A, 0x98, 0x86, 0xA3, 0x56, 0x5D, 0xC2, 0x8A, 0x10, 0x57, 0x37, 0xFA, 0xA9, 0x5B, 0x6E,
    0x7E, 0x32, 0xDD, 0x78, 0x9C, 0x75, 0x8F, 0xCB, 0x0D, 0x00, 0x41, 0x08, 0x42, 0xE9, 0x80, 0xFE,
    0xBB, 0xA4, 0x03, 0x36, 0x8A, 0x4E, 0xF6, 0x93, 0xF5, 0x30, 0x79, 0x3A, 0x88, 0x0A, 0x00, 0x22,
    0x84, 0x0A, 0x9B, 0x6E, 0xA0, 0x3C, 0x00, 0x13, 0x8F, 0xD0, 0x16, 0x56, 0x8B, 0xED, 0xBE, 0x49,
    0x46, 0x63, 0xC7, 0xA6, 0xDE, 0x2E, 0xB9, 0x7F, 0x7B, 0x62, 0x32, 0x1F, 0x18, 0x4F, 0x7D, 0x81,
    0x2F, 0xC0, 0x1F, 0xE8, 0x00, 0x91, 0xF6, 0xB2, 0xDF, 0x99, 0x49, 0x98, 0xFD, 0xE6, 0xBC, 0x39,
    0xF3, 0x02, 0x9A, 0x1F, 0x43, 0xF9, 0x78, 0x9C, 0x5D, 0x8E, 0x89, 0x09, 0x00, 0x30, 0x08, 0x03,
    0x6F, 0x03, 0xF7, 0xDF, 0x32, 0x1B, 0xA4, 0xB5, 0xB1, 0x14, 0x2A, 0x42, 0xF0, 0xC9, 0x29, 0xA0,
    0xA2, 0x00, 0xDB, 0xD5, 0x85, 0xCC, 0x0B, 0x75, 0xAF, 0x67, 0x2D, 0x7B, 0x71, 0x66, 0xE2, 0x0F,
    0xD9, 0x3C, 0x88, 0x3B, 0xCF, 0xB2, 0xC3, 0xDB, 0x12, 0xC2, 0xC8, 0xE1, 0xB9, 0xE2, 0xE1, 0x4A,
    0xAC, 0x79, 0xE3, 0x42, 0x06, 0x39, 0x07, 0x16, 0x72, 0xB4, 0x35, 0xDA, 0x78, 0x9C, 0x85, 0x8F,
    0x8B, 0x0D, 0x80, 0x40, 0x0C, 0x42, 0xD9, 0x80, 0xFD, 0xB7, 0x64, 0x03, 0xF4, 0x4A, 0x1B, 0xF5,
    0x8C, 0xB1, 0x49, 0x2F, 0xAF, 0xE4, 0xE8, 0x07, 0xB8, 0x85, 0xEC, 0x80, 0xE9, 0x16, 0x20, 0x16,
    0x9C, 0x49, 0x6C, 0x7F, 0x23, 0xD8, 0x71, 0xAD, 0xB7, 0x24, 0xC7, 0xD8, 0xCE, 0x51, 0x0B, 0xBA,
    0xB9, 0xDE, 0xC0, 0x0D, 0xF0, 0x05, 0xD7, 0x4A, 0x44, 0xEC, 0xAB, 0xFD, 0xCC, 0x4C, 0xC1, 0xEC,
    0xE7, 0x39, 0xC2, 0xF8, 0x0B, 0xCD, 0x71, 0xF2, 0x53, 0x39, 0x00, 0xBB, 0x4D, 0x42, 0xAF, 0x78,
    0x9C, 0x6D, 0x8E, 0xD1, 0x09, 0x00, 0x40, 0x08, 0x42, 0xDD, 0xC0, 0xFD, 0xB7, 0x74, 0x83, 0xEE,
    0xB2, 0xFC, 0x2B, 0x82, 0x47, 0xA1, 0x16, 0x90, 0x52, 0xB1, 0x51, 0x55, 0x1E, 0xD0, 0xF8, 0x2B,
    0x11, 0x77, 0xC9, 0xC2, 0xD6, 0xD3, 0xFA, 0xDF, 0xEB, 0xD1, 0xA2, 0x9D, 0x0A, 0x9C, 0x5E, 0x1C,
    0x0F, 0x82, 0xB1, 0x1A, 0x4C, 0xC8, 0x46, 0xE6, 0xC0, 0x7D, 0x7C, 0xBE, 0x9A, 0x97, 0x77, 0x7A,
    0x18, 0xAC, 0x34, 0xDB, 0x78, 0x9C, 0x7D, 0x8F, 0xDB, 0x0D, 0x80, 0x30, 0x0C, 0x03, 0xBD, 0x41,
    0xF6, 0xDF, 0xD2, 0x1B, 0x1C, 0x85, 0x38, 0xAD, 0x84, 0x10, 0xFE, 0xBA, 0x3C, 0x9D, 0x48, 0xB7,
    0xAC, 0x11, 0x15, 0x30, 0xC9, 0x2E, 0x10, 0x9D, 0xAB, 0x4D, 0x0A, 0x19, 0xAA, 0x47, 0x58, 0x0A,
    0xCC, 0x16, 0x32, 0x2D, 0xEF, 0xF0, 0x14, 0x18, 0x3B, 0x7F, 0x51, 0xBD, 0x49, 0x3F, 0xE4, 0x43,
    0x15, 0xC7, 0x36, 0xDA, 0x07, 0x3C, 0x21, 0x69, 0x06, 0xE6, 0xC5, 0x86, 0x0B, 0xC6, 0xD4, 0x40,
    0xCF, 0x78, 0x9C, 0x65, 0x8E, 0x01, 0x0E, 0x00, 0x20, 0x08, 0x02, 0xFD, 0x01, 0xFF, 0xFF, 0xA5,
    0x3F, 0x20, 0x03, 0x9D, 0x6D, 0x35, 0xE7, 0x69, 0x16, 0x18, 0xF1, 0x9C, 0x6C, 0x12, 0x06, 0x7D,
    0xCB, 0x9E, 0xE2, 0xC6, 0x94, 0x1F, 0x93, 0xD4, 0x4B, 0x52, 0xFF, 0xAA, 0x76, 0x6B, 0xBD, 0x1C,
    0xE2, 0x51, 0xAA, 0x24, 0xAB, 0x4A, 0xF2, 0x60, 0x2C, 0x61, 0x63, 0x11, 0x2B, 0x77, 0xE5, 0xE1,
    0xAD, 0xD4, 0x1E, 0x4F, 0x15, 0x35, 0x9E, 0x78, 0x9C, 0x7D, 0x8F, 0xC1, 0x0D, 0xC0, 0x30, 0x08,
    0x03, 0xD9, 0x80, 0xFD, 0xB7, 0x64, 0x83, 0x6B, 0x04, 0x06, 0xA2, 0xAA, 0x2A, 0xCA, 0xE3, 0x70,
    0x0C, 0x4E, 0xCC, 0xEE, 0x8A, 0x21, 0x7C, 0x34, 0x1F, 0x9D, 0x3C, 0x32, 0xB2, 0xDE, 0x54, 0xC0,
    0x6B, 0x88, 0x53, 0x82, 0xDE, 0x43, 0x1A, 0xB4, 0xAC, 0xDA, 0xBD, 0xA0, 0x03, 0xE3, 0x8B, 0xFC,
    0x4D, 0xF6, 0x43, 0xB1, 0xE4, 0x4A, 0xAC, 0xA0, 0x79, 0x40, 0xB6, 0xC8, 0x0C, 0xFD, 0x1D, 0xC1,
    0x03, 0xD9, 0x81, 0x3F, 0xD0, 0x78, 0x9C, 0x65, 0x8E, 0xD1, 0x11, 0x00, 0x30, 0x04, 0x43, 0x6D,
    0x60, 0xFF, 0x2D, 0xB3, 0x41, 0x8A, 0xA0, 0xBD, 0xAB, 0x0F, 0xEF, 0x84, 0x4B, 0x98, 0x6D, 0x71,
    0xE8, 0x22, 0xFC, 0x5B, 0x48, 0xC2, 0xAE, 0x5E, 0x82, 0x44, 0x5E, 0x32, 0x2A, 0x25, 0x9A, 0x46,
    0x39, 0x62, 0xE8, 0x3A, 0x1F, 0x56, 0x58, 0x34, 0x76, 0xD0, 0xB2, 0x1C, 0x9B, 0x7E, 0xED, 0xD2,
    0x5E, 0x4F, 0x54, 0x8A, 0x1D, 0xB3, 0xED, 0x34, 0xBD, 0x78, 0x9C, 0x7D, 0x8F, 0x89, 0x09, 0x00,
    0x31, 0x08, 0x04, 0xED, 0xC0, 0xFE, 0xBB, 0xDC, 0x0E, 0xE6, 0xCC, 0xF9, 0x24, 0x84, 0xE3, 0x16,
    0x84, 0x11, 0xD7, 0xCF, 0x2C, 0x84, 0x95, 0x84, 0x0F, 0x9E, 0x54, 0x06, 0xDA, 0xBA, 0x8A, 0xD3,
    0x94, 0x24, 0xF0, 0xEC, 0x26, 0x54, 0x10, 0xE1, 0xED, 0x10, 0x33, 0x75, 0xD1, 0x2E, 0xE4, 0xA0,
    0xC8, 0xF5, 0x45, 0x7E, 0x93, 0xFD, 0x90, 0x36, 0x79, 0x6D, 0xCC, 0x45, 0x73, 0xC0, 0x9B, 0x52,
    0x66, 0xA0, 0xFF, 0x4E, 0x78, 0x00, 0xF9, 0x32, 0x41, 0xEC, 0x78, 0x9C, 0x65, 0x8E, 0x01, 0x0A,
    0x00, 0x20, 0x08, 0x03, 0xFD, 0xC1, 0xFE, 0xFF, 0xCB, 0xFD, 0x60, 0xD5, 0x26, 0x18, 0x25, 0xD8,
    0x69, 0xE0, 0x69, 0x55, 0x51, 0xE5, 0xA0, 0xD0, 0xC5, 0x43, 0x7D, 0x3F, 0x37, 0x29, 0xD9, 0xA0,
    0x1D, 0xB6, 0x44, 0xE8, 0x44, 0xD7, 0xC8, 0x04, 0x87, 0xDE, 0xB5, 0x1F, 0x65, 0xC1, 0x10, 0x39,
    0xC8, 0xC4, 0xE8, 0x8E, 0x1E, 0xB9, 0xD2, 0xED, 0x02, 0x70, 0xDC, 0x35, 0x9E, 0x78, 0x9C, 0x7D,
    0x8F, 0xD1, 0x09, 0x00, 0x31, 0x08, 0x43, 0xB3, 0x41, 0xF6, 0xDF, 0x32, 0x1B, 0xA4, 0xAD, 0xC6,
    0x2B, 0xF4, 0xE3, 0x04, 0xE1, 0x89, 0x31, 0x2A, 0x00, 0x19, 0x20, 0x4E, 0xD8, 0x6C, 0x12, 0xB5,
    0xD9, 0x45, 0xA7, 0x6F, 0x4C, 0x3C, 0x54, 0x32, 0xF6, 0xAC, 0x07, 0x76, 0x72, 0x14, 0x8A, 0x49,
    0xCA, 0xDB, 0x68, 0x23, 0xB3, 0x15, 0x2F, 0xF1, 0x25, 0xFC, 0x90, 0x2E, 0x31, 0x1B, 0x7B, 0xD1,
    0x77, 0x40, 0x95, 0x8E, 0xD8, 0xCE, 0x13, 0x0A, 0x2C, 0xA5, 0xF0, 0x45, 0xF7, 0x78, 0x9C, 0x5D,
    0x8E, 0x81, 0x09, 0x00, 0x31, 0x08, 0x03, 0xB3, 0x41, 0xF6, 0xDF, 0xD2, 0x0D, 0xEE, 0x9B, 0xA6,
    0xB4, 0xF0, 0x82, 0x5C, 0x14, 0x8D, 0x4A, 0x83, 0x64, 0x49, 0xE0, 0x09, 0xBD, 0x14, 0xD6, 0xD2,
    0xC3, 0x6E, 0xAC, 0xF8, 0x93, 0x68, 0xC8, 0x6A, 0xA6, 0x5B, 0xAA, 0x65, 0xD2, 0x47, 0xBB, 0x1B,
    0xF3, 0x88, 0xDB, 0xE7, 0xD8, 0x5C, 0x7A, 0x5B, 0x94, 0x7E, 0x76, 0x7D, 0xA6, 0xE7, 0x82, 0x0F,
    0xCE, 0x65, 0x39, 0xC7, 0x78, 0x9C, 0x7D, 0x8F, 0x81, 0x0D, 0x00, 0x21, 0x08, 0x03, 0xD9, 0x80,
    0xFD, 0xB7, 0xEC, 0x06, 0x95, 0x40, 0x05, 0xF3, 0x79, 0x6D, 0xA2, 0xB9, 0x2A, 0xA1, 0x60, 0x56,
    0x82, 0x6D, 0xF1, 0x46, 0x20, 0x9D, 0x9E, 0x36, 0x24, 0x88, 0xE3, 0xBB, 0x02, 0x79, 0xB5, 0x9D,
    0x8F, 0x6A, 0x14, 0x1E, 0x7F, 0xE4, 0x5F, 0xB2, 0x07, 0x61, 0xC8, 0x95, 0x58, 0x41, 0x3D, 0x40,
    0x5A, 0xAA, 0x98, 0xD4, 0x12, 0xE0, 0x6C, 0xF3, 0x92, 0xF2, 0xBA, 0xD9, 0xF9, 0xB6, 0x00, 0x64,
    0xDD, 0x3E, 0xD1, 0x78, 0x9C, 0x75, 0x4E, 0xC9, 0x0D, 0x00, 0x30, 0x08, 0x72, 0x03, 0xF6, 0xDF,
    0x92, 0x0D, 0x68, 0xD1, 0x9E, 0x0F, 0x49, 0x14, 0x8F, 0x08, 0x46, 0xBC, 0x20, 0x7A, 0xA6, 0x44,
    0xCD, 0x5A, 0x13, 0x1E, 0x29, 0xAA, 0x75, 0x60, 0xD5, 0xA8, 0x0B, 0x5E, 0x16, 0x6A, 0xEE, 0xB5,
    0xD3, 0xE1, 0x54, 0x5C, 0x8C, 0x2B, 0x67, 0xF9, 0x34, 0x65, 0xBA, 0xF4, 0xD8, 0xAF, 0xE9, 0x7F,
    0x75, 0x00, 0xD9, 0xB4, 0x31, 0xC0, 0x78, 0x9C, 0x75, 0x8C, 0xC1, 0x0D, 0x00, 0x20, 0x0C, 0x02,
    0xD9, 0xC0, 0xFD, 0xB7, 0x64, 0x03, 0x44, 0xB4, 0x89, 0x26, 0x95, 0x47, 0x2F, 0x10, 0x0A, 0x38,
    0x60, 0x09, 0x5A, 0x64, 0x71, 0x38, 0x69, 0xC9, 0x50, 0x45, 0xD4, 0x7B, 0xCB, 0x7B, 0xAE, 0xA3,
    0x4F, 0x7A, 0x4A, 0xF5, 0x64, 0x16, 0xB2, 0x11, 0xFB, 0xD7, 0x6E, 0x81, 0x7A, 0xFC, 0x04, 0x92,
    0x09, 0x33, 0x0A, 0x78, 0x9C, 0x6D, 0xCA, 0x81, 0x09, 0x00, 0x30, 0x0C, 0x02, 0x30, 0x3F, 0xF0,
    0xFF, 0x2F, 0xFD, 0xC0, 0x75, 0x22, 0x0C, 0xCA, 0x0A, 0x25, 0x28, 0x42, 0x04, 0xE6, 0x5D, 0xB0,
    0x71, 0x81, 0x0A, 0x37, 0x2A, 0x0C, 0xB3, 0xBF, 0x45, 0xB0, 0xD3, 0x74, 0xFD, 0x3D, 0x17, 0xBE,
    0x74, 0x00, 0x4A, 0x78, 0x28, 0xD8, 0x78, 0x9C, 0x6D, 0x8E, 0xDB, 0x0D, 0x00, 0x30, 0x08, 0x02,
    0xD9, 0xC0, 0xFD, 0xB7, 0x74, 0x03, 0xDA, 0x20, 0x36, 0x35, 0xAD, 0x1F, 0x9E, 0x0F, 0x30, 0x02,
    0x00, 0x03, 0x0A, 0x12, 0x2E, 0x26, 0xD3, 0xFB, 0x11, 0x35, 0x64, 0x99, 0xB3, 0x19, 0xE5, 0x79,
    0x99, 0x22, 0x9B, 0xC7, 0xFE, 0xE5, 0x7D, 0xEE, 0xC7, 0x9D, 0xA4, 0xA3, 0xA4, 0x9E, 0xD1, 0xEF,
    0x53, 0xED, 0x02, 0x29, 0x60, 0x35, 0x26, 0x78, 0x9C, 0x6D, 0xCC, 0xD1, 0x09, 0x00, 0x30, 0x08,
    0x43, 0xC1, 0x6C, 0xD0, 0xFD, 0xB7, 0x74, 0x83, 0xD7, 0x6A, 0xEC, 0x87, 0xA5, 0x82, 0x1C, 0x18,
    0x89, 0xA4, 0x40, 0x39, 0xC1, 0xB2, 0x03, 0x67, 0x9F, 0xC9, 0xFC, 0x2C, 0x8D, 0x5E, 0x68, 0x5C,
    0x8F, 0xFB, 0x06, 0xC1, 0x2D, 0x49, 0xCE, 0x7F, 0x1E, 0x0A, 0xA8, 0x4B, 0xE5, 0x1B, 0xE5, 0x0C,
    0x2C, 0xB6, 0x78, 0x9C, 0x63, 0x60, 0x40, 0x05, 0xFC, 0x30, 0xC6, 0x87, 0xFF, 0xC8, 0x0C, 0x30,
    0xE7, 0x3F, 0x3F, 0x8C, 0x05, 0x16, 0x87, 0x2B, 0x05, 0x8A, 0x43, 0x38, 0x20, 0x05, 0x60, 0x45,
    0x10, 0x3D, 0xFC, 0x30, 0x55, 0xFF, 0x19, 0xF0, 0xB0, 0x3E, 0xC0, 0xCD, 0x86, 0xB2, 0xE0, 0x66,
    0xE3, 0x65, 0xA1, 0x5B, 0x81, 0x8B, 0x85, 0xEE, 0x8A, 0xFF, 0x50, 0x21, 0x20, 0x05, 0x04, 0x30,
    0x1F, 0x40, 0x85, 0x00, 0x5B, 0xA8, 0x38, 0x32, 0x78, 0x9C, 0x6D, 0x8E, 0xD1, 0x0D, 0x00, 0x30,
    0x04, 0x44, 0x6F, 0x83, 0xEE, 0xBF, 0xA5, 0x0D, 0x5E, 0xA3, 0x47, 0xE3, 0x83, 0x44, 0x1C, 0x79,
    0x0E, 0x69, 0x06, 0xC7, 0x35, 0x58, 0x06, 0xF1, 0xC4, 0x71, 0xAA, 0x1B, 0x63, 0x1A, 0x58, 0x12,
    0xB9, 0x47, 0xA3, 0x68, 0x13, 0x7C, 0xD1, 0x07, 0x77, 0xCE, 0x7E, 0xF3, 0x74, 0x94, 0x79, 0x8E,
    0xA3, 0x04, 0xF8, 0x19, 0x30, 0x73, 0x01, 0x10, 0x6B, 0x33, 0xA0, 0x78, 0x9C, 0x63, 0x60, 0x40,
    0x02, 0x1F, 0xF8, 0xE1, 0xAC, 0xFF, 0x70, 0xC1, 0xFF, 0x20, 0xC1, 0xFF, 0x70, 0x69, 0x88, 0x04,
    0x3F, 0xB2, 0x62, 0xA0, 0x0A, 0x08, 0x07, 0xA4, 0x14, 0xAC, 0x1C, 0xAC, 0x1D, 0xC2, 0xC2, 0xA2,
    0x1B, 0x95, 0x05, 0xB1, 0xEA, 0x3F, 0x82, 0x05, 0x77, 0x08, 0x5E, 0x16, 0xBA, 0x15, 0xB8, 0x58,
    0xE8, 0xAE, 0xF8, 0x0F, 0x15, 0x02, 0x52, 0x40, 0x00, 0xF3, 0x01, 0x54, 0x08, 0x00, 0x81, 0x73,
    0x38, 0x41, 0x78, 0x9C, 0x6D, 0x8E, 0x89, 0x0D, 0x00, 0x20, 0x08, 0x03, 0xBB, 0x01, 0xFB, 0x6F,
    0xD9, 0x0D, 0xAA, 0xE5, 0x31, 0x9A, 0x48, 0x24, 0xB9, 0xC0, 0x01, 0x02, 0x20, 0x3A, 0x74, 0x20,
    0x1A, 0xA8, 0xAB, 0x57, 0x1E, 0xC3, 0x0F, 0xC3, 0xEF, 0xA4, 0x7D, 0x17, 0xE9, 0x0D, 0xCE, 0x34,
    0x84, 0x1F, 0xE8, 0xC0, 0x1C, 0xFA, 0x7B, 0xB5, 0x6F, 0x20, 0x1A, 0x72, 0x7A, 0x97, 0xD9, 0x20,
    0xD5, 0x67, 0xA4, 0x72, 0x16, 0x22, 0x77, 0x33, 0x91, 0x78, 0x9C, 0x7D, 0x8F, 0x51, 0x0E, 0x00,
    0x30, 0x04, 0x43, 0x7B, 0x03, 0xF7, 0xBF, 0xA5, 0x1B, 0x74, 0x59, 0x63, 0x6C, 0x12, 0xF3, 0xF5,
    0x2A, 0x5A, 0x00, 0x00, 0x0D, 0x51, 0x24, 0x12, 0x1F, 0x92, 0x72, 0xBB, 0xFB, 0x5E, 0x2E, 0x0B,
    0xB1, 0x83, 0x14, 0xE6, 0x3C, 0xB1, 0xE5, 0x99, 0x48, 0xB3, 0x1A, 0x0E, 0xCA, 0xEC, 0x2F, 0xF5,
    0x15, 0x13, 0xF5, 0x2B, 0x98, 0xFF, 0x92, 0xF9, 0x2E, 0xA3, 0xB5, 0x00, 0x93, 0x24, 0x39, 0x40,
    0x78, 0x9C, 0x75, 0x8E, 0xC1, 0x09, 0x00, 0x20, 0x0C, 0x03, 0xB3, 0x81, 0xFB, 0x6F, 0xD9, 0x0D,
    0x4E, 0x6D, 0x5A, 0x3F, 0x6A, 0xA1, 0x70, 0x84, 0x24, 0x44, 0x52, 0x20, 0x5F, 0x30, 0x9A, 0x2E,
    0xE0, 0x23, 0x56, 0xD0, 0x62, 0x16, 0xEC, 0x4F, 0x07, 0x7A, 0x01, 0x07, 0x2A, 0xF8, 0xF1, 0xB9,
    0xAF, 0x61, 0x14, 0x64, 0x7A, 0xC9, 0x51, 0x00, 0x1E, 0x03, 0xF6, 0x4C, 0x7E, 0x13, 0x32, 0xA1,
    0x78, 0x9C, 0x7D, 0x8F, 0x51, 0x0A, 0x00, 0x30, 0x08, 0x42, 0xBD, 0x81, 0xF7, 0xBF, 0x65, 0x37,
    0x70, 0x4B, 0x6C, 0x1F, 0x83, 0x2D, 0x08, 0x5E, 0x65, 0x49, 0x00, 0x4A, 0x00, 0xD1, 0x21, 0xB1,
    0xD8, 0x5C, 0xAC, 0xCD, 0x50, 0x93, 0xE7, 0x42, 0xA2, 0x38, 0xA4, 0x29, 0xB6, 0xD0, 0x69, 0x61,
    0x88, 0xC8, 0xCE, 0x8B, 0xAC, 0xB5, 0x38, 0x74, 0x6E, 0x7F, 0xE9, 0xB6, 0x78, 0xD1, 0xED, 0xA8,
    0xF4, 0xFB, 0x47, 0xCD, 0x33, 0x4A, 0x6B, 0x01, 0xE9, 0xDC, 0x3F, 0x1C, 0x78, 0x9C, 0x75, 0x8E,
    0xC1, 0x0D, 0x00, 0x20, 0x08, 0x03, 0xBB, 0x01, 0xFB, 0x6F, 0xC9, 0x06, 0x27, 0x48, 0xF5, 0xA5,
    0x04, 0xC8, 0x05, 0x28, 0xA9, 0x94, 0x48, 0x95, 0xD5, 0x08, 0x43, 0x63, 0x16, 0x44, 0x2F, 0x33,
    0x34, 0x71, 0x81, 0x33, 0x60, 0x86, 0x59, 0x42, 0x75, 0xED, 0x0B, 0xF4, 0x02, 0x2E, 0x58, 0xF8,
    0xB9, 0x9B, 0x7F, 0x07, 0xC2, 0xB0, 0xD5, 0xED, 0xC5, 0x00, 0x63, 0x06, 0xDB, 0x5B, 0xD8, 0x9D,
    0x37, 0xAB, 0x78, 0x9C, 0x63, 0x60, 0xC0, 0x00, 0xFF, 0x31, 0x59, 0x1F, 0xF8, 0xE1, 0x42, 0xFC,
    0x50, 0x0E, 0x90, 0x01, 0xC6, 0x0C, 0x1F, 0xFE, 0x33, 0xC0, 0x58, 0xFC, 0x30, 0x3D, 0xB8, 0x58,
    0x60, 0xB5, 0x60, 0xC5, 0x50, 0x16, 0xDC, 0x6C, 0xBC, 0x2C, 0x74, 0x2B, 0x70, 0xB1, 0xD0, 0x5D,
    0xF1, 0x1F, 0x2A, 0x04, 0xA4, 0x80, 0x00, 0xE6, 0x83, 0xFF, 0x70, 0xCF, 0xE0, 0x05, 0x08, 0xCF,
    0x63, 0x06, 0x08, 0x00, 0x07, 0x4A, 0x37, 0x24, 0x78, 0x9C, 0x75, 0x8F, 0x81, 0x09, 0x00, 0x20,
    0x08, 0x04, 0xDD, 0xC0, 0xFD, 0xB7, 0x74, 0x83, 0xCB, 0xD2, 0x8C, 0x22, 0x1F, 0x94, 0xE3, 0xF1,
    0x45, 0x45, 0x6E, 0x59, 0x81, 0xBE, 0xC0, 0x36, 0x08, 0xD3, 0xF0, 0x36, 0x6B, 0x4D, 0x20, 0x3F,
    0xA0, 0x20, 0x83, 0xCD, 0x5C, 0xEC, 0xDB, 0xA0, 0x09, 0x2B, 0xED, 0xB6, 0x25, 0x40, 0x1C, 0x03,
    0xE7, 0xAA, 0x56, 0x14, 0x3C, 0x0F, 0x0C, 0xA1, 0xC3, 0x2F, 0xB3, 0x78, 0x9C, 0x75, 0xCE, 0x01,
    0x0A, 0x00, 0x20, 0x08, 0x03, 0xC0, 0xFD, 0x60, 0xFF, 0xFF, 0xA5, 0x3F, 0x58, 0xE5, 0x06, 0x15,
    0x94, 0x20, 0x97, 0xA6, 0x11, 0x90, 0xA8, 0x40, 0xAB, 0xBB, 0xDC, 0xD1, 0x9D, 0x62, 0xA3, 0x80,
    0x9A, 0xE3, 0x2B, 0xE5, 0x7B, 0x9F, 0xD2, 0x5F, 0x78, 0xA7, 0xDF, 0x2C, 0x05, 0x1A, 0x3C, 0xE0,
    0x1F, 0xF1, 0xF8, 0xDE, 0x00, 0xAD, 0x02, 0x29, 0x7D, 0x78, 0x9C, 0x85, 0x8F, 0xB9, 0x0D, 0x00,
    0x30, 0x08, 0x03, 0xBD, 0x41, 0xF6, 0xDF, 0x92, 0x0D, 0x9C, 0x22, 0x1C, 0x79, 0x28, 0xE2, 0x02,
    0x9D, 0x64, 0x61, 0x8C, 0x24, 0x85, 0x52, 0x2E, 0x18, 0x09, 0x31, 0xBA, 0xA7, 0x8F, 0xCC, 0x30,
    0x01, 0x17, 0x98, 0x5C, 0x60, 0xDD, 0x38, 0xC1, 0x7A, 0x80, 0x1A, 0x1B, 0x68, 0xE1, 0x02, 0x9A,
    0xB6, 0xA2, 0xD1, 0x9E, 0x49, 0x27, 0xD8, 0xA9, 0x90, 0x09, 0x9B, 0x24, 0x28, 0x06, 0x78, 0x9C,
    0x75, 0xCC, 0x51, 0x0A, 0x00, 0x30, 0x08, 0x02, 0x50, 0x6F, 0xE0, 0xFD, 0x6F, 0xE9, 0x0D, 0xDC,
    0xAC, 0xD8, 0x57, 0x0B, 0xE2, 0xA1, 0x50, 0x22, 0x00, 0x51, 0xC1, 0x03, 0x64, 0xD4, 0x06, 0x16,
    0x7E, 0x7D, 0xE8, 0x9B, 0x84, 0x5B, 0x0D, 0x6C, 0xB0, 0xC0, 0x3F, 0x1E, 0xF0, 0x9F, 0xED, 0xE5,
    0x01, 0x7A, 0x84, 0x2A, 0x6D, 0x78, 0x9C, 0x5D, 0xCE, 0x81, 0x09, 0x00, 0x20, 0x08, 0x44, 0xD1,
    0xDB, 0xC0, 0xFD, 0xB7, 0x74, 0x03, 0xD3, 0x53, 0xB3, 0x0C, 0x82, 0x17, 0x1F, 0x25, 0xC0, 0xE0,
    0xC7, 0xEA, 0xAA, 0x6C, 0x30, 0xC7, 0xAB, 0xC1, 0xF2, 0x81, 0xE5, 0x45, 0x16, 0x60, 0x90, 0xC5,
    0x97, 0x5C, 0x48, 0x03, 0x0B, 0x3D, 0x33, 0x30, 0x28, 0xBF, 0xE4, 0x33, 0x44, 0x2C, 0x61, 0x3C,
    0x38, 0xE0, 0x26, 0xE9, 0x78, 0x9C, 0x75, 0xCE, 0x51, 0x0A, 0x00, 0x20, 0x08, 0x03, 0xD0, 0xDD,
    0x60, 0xF7, 0xBF, 0xA5, 0x37, 0x58, 0xE8, 0x16, 0xF5, 0x51, 0x42, 0xBD, 0x52, 0x06, 0x02, 0x10,
    0xD1, 0x15, 0x60, 0x8A, 0xD7, 0xE7, 0x74, 0x8A, 0x83, 0x02, 0x4A, 0x98, 0x23, 0xCF, 0xFD, 0x4A,
    0xBF, 0x71, 0x46, 0x93, 0x57, 0xA0, 0xC1, 0x03, 0xFE, 0xD9, 0x5B, 0xCE, 0xBD, 0x00, 0x38, 0x25,
    0x28, 0xC9, 0x78, 0x9C, 0x75, 0x8F, 0xB9, 0x0D, 0x00, 0x30, 0x08, 0x03, 0xBD, 0x41, 0xF6, 0xDF,
    0x92, 0x0D, 0x9C, 0x02, 0x1D, 0x79, 0x10, 0x2E, 0xD0, 0x15, 0x60, 0x6C, 0x49, 0x0A, 0x2B, 0x15,
    0x5E, 0x50, 0x03, 0x76, 0x46, 0x99, 0x61, 0xCE, 0x1E, 0x30, 0x6E, 0x40, 0x3A, 0xDF, 0x60, 0x7D,
    0xC0, 0xF3, 0x03, 0xA4, 0x70, 0x41, 0xCB, 0x57, 0x65, 0xA6, 0x0A, 0xD5, 0xB2, 0x4C, 0x36, 0x78,
    0x1F, 0x28, 0xF6, 0x78, 0x9C, 0x75, 0x8E, 0xC1, 0x0D, 0xC0, 0x00, 0x08, 0x02, 0x6F, 0x03, 0xF6,
    0xDF, 0xD2, 0x0D, 0xA8, 0x05, 0x9F, 0xAD, 0x89, 0x9E, 0x41, 0x48, 0x04, 0x0B, 0xC4, 0xD8, 0x9A,
    0x85, 0x76, 0x81, 0x21, 0x72, 0x6B, 0x94, 0x11, 0xF8, 0xB0, 0x7E, 0xD2, 0xEE, 0xBD, 0xDB, 0xE9,
    0x2F, 0x9A, 0x71, 0xF2, 0x3E, 0xA8, 0xE0, 0x03, 0xFA, 0xC7, 0x3D, 0x52, 0xE3, 0x03, 0x01, 0xD7,
    0x30, 0x94, 0x78, 0x9C, 0x7D, 0x8E, 0xC1, 0x0D, 0x00, 0x20, 0x08, 0x03, 0xBB, 0x01, 0xFB, 0x6F,
    0xC9, 0x06, 0x88, 0x40, 0x11, 0x7D, 0x48, 0x94, 0x9C, 0xB9, 0x40, 0x05, 0xA0, 0x06, 0xF8, 0xF1,
    0x66, 0x52, 0x10, 0xE8, 0x25, 0x21, 0xBF, 0x65, 0x6C, 0xFB, 0xAA, 0xBC, 0x10, 0x7A, 0xBF, 0x08,
    0x61, 0x2E, 0xC8, 0x84, 0x01, 0x69, 0x3C, 0xBD, 0x81, 0x9F, 0xB0, 0x06, 0x99, 0xF1, 0x13, 0x38,
    0x73, 0xA0, 0x8C, 0x72, 0xA6, 0x97, 0x2C, 0x09, 0xEA, 0x2D, 0x10, 0x78, 0x9C, 0x03, 0x00, 0x00,
    0x00, 0x00, 0x01, 0x78, 0x9C, 0x03, 0x00, 0x00, 0x00, 0x00, 0x01, 0x78, 0x9C, 0x03, 0x00, 0x00,
    0x00, 0x00, 0x01, 0x78, 0x9C, 0x03, 0x00, 0x00, 0x00, 0x00, 0x01, 0x78, 0x9C, 0xFB, 0xFF, 0xFF,
    0x3F, 0xFF, 0xFF, 0xFF, 0xFF, 0x19, 0x00, 0x1E, 0x35, 0x06, 0x0A, 0x78, 0x9C, 0xFB, 0xFF, 0xFF,
    0x3F, 0xFF, 0xFF, 0xFF, 0xFF, 0x19, 0x00, 0x1E, 0x35, 0x06, 0x0A, 0x78, 0x9C, 0xFB, 0xFF, 0x1F,
    0x01, 0x00, 0x4D, 0xBE, 0x0B, 0xF5, 0x78, 0x9C, 0xFB, 0xFF, 0x1F, 0x08, 0xF8, 0xFF, 0x83, 0x49,
    0x00, 0x46, 0x3E, 0x0A, 0x15, 0x78, 0x9C, 0xFB, 0xFF, 0x1F, 0x06, 0x18, 0xFE, 0x23, 0x98, 0x00,
    0xEF, 0x26, 0x13, 0xED, 0x78, 0x9C, 0xFB, 0xFF, 0x1F, 0x06, 0x18, 0xFE, 0x23, 0x98, 0x00, 0xEF,
    0x26, 0x13, 0xED, 0x78, 0x9C, 0xFB, 0xC0, 0xF0, 0x81, 0xFF, 0xC3, 0x00, 0x60, 0x00, 0xD0, 0x31,
    0x3A, 0x03, 0x78, 0x9C, 0x63, 0x60, 0x60, 0x60, 0xF8, 0xCF, 0xF0, 0x81, 0x9F, 0xE1, 0x03, 0x88,
    0x66, 0xF8, 0xCF, 0x0F, 0x42, 0x40, 0x2E, 0x00, 0x52, 0x89, 0x07, 0x09, 0x78, 0x9C, 0x63, 0xF8,
    0xCF, 0xF0, 0xE1, 0x3F, 0x3F, 0x03, 0x10, 0x7D, 0x60, 0x00, 0x21, 0x30, 0x0D, 0x04, 0x00, 0x6F,
    0x21, 0x06, 0xEB, 0x78, 0x9C, 0x63, 0xF8, 0xCF, 0xCF, 0x00, 0x41, 0x1F, 0xC0, 0xE8, 0x3F, 0x88,
    0x00, 0x02, 0x00, 0x65, 0xDF, 0x07, 0x27, 0x78, 0x9C, 0x63, 0x60, 0x00, 0x81, 0xFF, 0x0C, 0x1F,
    0xF8, 0x3F, 0xF0, 0x83, 0x28, 0x06, 0x06, 0x30, 0x05, 0x24, 0xF8, 0x3F, 0xFC, 0x87, 0x10, 0x60,
    0x09, 0x00, 0x00, 0xEA, 0x0E, 0xF2, 0x78, 0x9C, 0x1D, 0x86, 0x49, 0x01, 0x00, 0x00, 0x10, 0x44,
    0x34, 0xD0, 0xBF, 0xE5, 0x34, 0x98, 0x3D, 0x3C, 0x40, 0x89, 0xA9, 0x95, 0x1A, 0x09, 0x9C, 0xF6,
    0x3E, 0x37, 0xCF, 0x00, 0x43, 0x4D, 0x0C, 0xF4, 0x78, 0x9C, 0x63, 0xF8, 0xCF, 0xFF, 0x81, 0x9F,
    0x01, 0x48, 0xFC, 0x87, 0x10, 0x20, 0x0E, 0x88, 0x80, 0x50, 0x60, 0x1E, 0x18, 0x00, 0x00, 0x6B,
    0xCA, 0x0F, 0x10, 0x78, 0x9C, 0x63, 0x60, 0x60, 0xF8, 0xCF, 0x00, 0x02, 0x10, 0x92, 0x1F, 0x44,
    0x7C, 0x80, 0x93, 0x1F, 0xFE, 0x03, 0x01, 0x3F, 0x84, 0x04, 0xF2, 0xC0, 0x4A, 0x3E, 0x20, 0x29,
    0xC7, 0x24, 0xD1, 0x0C, 0x40, 0x23, 0x09, 0x6B, 0x05, 0x00, 0x75, 0xD5, 0x1C, 0xE4, 0x78, 0x9C,
    0x63, 0x60, 0x60, 0x60, 0xF8, 0xCF, 0x00, 0x06, 0x50, 0x8A, 0x1F, 0x4C, 0x7E, 0x40, 0xA2, 0x3E,
    0xFC, 0x07, 0x02, 0x7E, 0x18, 0x05, 0xE4, 0x43, 0x14, 0x7E, 0x40, 0xD1, 0x86, 0x8D, 0xFA, 0x80,
    0x69, 0x16, 0xB2, 0x91, 0x70, 0x0A, 0xAF, 0x21, 0x10, 0x07, 0x01, 0x00, 0x93, 0x54, 0x25, 0xBD,
    0x78, 0x9C, 0x63, 0xF8, 0xCF, 0xCF, 0xF0, 0xE1, 0xFF, 0x7F, 0x86, 0xFF, 0x48, 0x18, 0xC4, 0x67,
    0x00, 0x8A, 0x03, 0x00, 0xFD, 0xE1, 0x10, 0xF0, 0x78, 0x9C, 0xFB, 0xC0, 0xCF, 0xC0, 0xC0, 0xF0,
    0x01, 0x44, 0xFC, 0x67, 0xF8, 0xF0, 0x1F, 0x44, 0x81, 0xD9, 0xFC, 0xFF, 0x91, 0xD8, 0x50, 0x69,
    0x30, 0x01, 0x00, 0x67, 0x9A, 0x0E, 0x20, 0x78, 0x9C, 0x03, 0x00, 0x00, 0x00, 0x00, 0x01, 0x78,
    0x9C, 0x55, 0x90, 0x89, 0x11, 0x00, 0x31, 0x08, 0x02, 0xED, 0x80, 0xFE, 0xBB, 0xB4, 0x03, 0x0E,
    0x94, 0x5C, 0x26, 0x79, 0x67, 0xD5, 0x18, 0xB4, 0x8A, 0x2C, 0x8D, 0xAE, 0x8C, 0x26, 0xA1, 0x8B,
    0x87, 0x59, 0x2D, 0xF6, 0x3E, 0xEC, 0x75, 0xC3, 0x31, 0x8C, 0x97, 0xFB, 0x61, 0xDC, 0x6C, 0x66,
    0x2D, 0xBC, 0xAC, 0x69, 0x15, 0x3E, 0xDA, 0xC1, 0x3B, 0x37, 0x0F, 0x65, 0xC4, 0x79, 0xE5, 0x5B,
    0x56, 0x7F, 0xDF, 0x31, 0x8E, 0x24, 0x0E, 0x57, 0x74, 0xE0, 0xE7, 0xF1, 0xF7, 0x2A, 0x06, 0xC3,
    0xA7, 0x82, 0x70, 0x2A, 0x60, 0xE2, 0xA6, 0x34, 0x46, 0x27, 0xD3, 0x89, 0x69, 0xCA, 0x76, 0x26,
    0x5F, 0x4E, 0x22, 0xB9, 0x3E, 0x4A, 0xC4, 0x59, 0x5C, 0x78, 0x9C, 0x63, 0xF8, 0xCF, 0xC0, 0x00,
    0x46, 0x1F, 0xF8, 0x61, 0x88, 0x01, 0x04, 0x00, 0x65, 0x2B, 0x06, 0xEB, 0x78, 0x9C, 0x63, 0xF8,
    0xCF, 0xF0, 0x81, 0x9F, 0x01, 0x4E, 0x20, 0xB3, 0x19, 0xF8, 0x19, 0x3E, 0x80, 0x28, 0x30, 0x00,
    0x00, 0x39, 0xB1, 0x0C, 0xF4, 0x78, 0x9C, 0xFB, 0xCF, 0xF0, 0x1F, 0x0A, 0x3F, 0x80, 0x21, 0x00,
    0x47, 0x14, 0x07, 0xCC, 0x78, 0x9C, 0x63, 0x60, 0x00, 0x82, 0xFF, 0x0C, 0x1F, 0xF8, 0x21, 0x04,
    0x98, 0x06, 0x21, 0x20, 0x83, 0x81, 0x1F, 0xC2, 0x62, 0x00, 0x00, 0xB6, 0x8B, 0x09, 0xF7, 0x78,
    0x9C, 0x63, 0x60, 0x00, 0x82, 0x0F, 0x30, 0xCC, 0x0F, 0x24, 0xFE, 0x43, 0xF1, 0x07, 0x08, 0x0D,
    0x12, 0x83, 0x52, 0x20, 0x11, 0x00, 0xF3, 0xB4, 0x0A, 0xBA, 0x78, 0x9C, 0x63, 0x60, 0xF8, 0xCF,
    0xC0, 0x80, 0x8E, 0x3F, 0xC0, 0x68, 0x7E, 0x04, 0x8D, 0x15, 0x33, 0x40, 0x68, 0x90, 0xF2, 0x0F,
    0x0C, 0xA8, 0x34, 0x08, 0xF3, 0x23, 0xD1, 0x38, 0x00, 0xCC, 0xA8, 0xFF, 0x40, 0x75, 0xFF, 0xF9,
    0x11, 0x18, 0x66, 0x2C, 0x00, 0xA5, 0x3B, 0x21, 0xEE, 0x78, 0x9C, 0x4D, 0x8A, 0xC1, 0x0D, 0x00,
    0x30, 0x08, 0x02, 0xD9, 0x80, 0xFD, 0xB7, 0x64, 0x03, 0x0A, 0xF6, 0xA1, 0x26, 0x9E, 0x42, 0x0E,
    0xB0, 0x81, 0x20, 0x47, 0x84, 0x1A, 0x12, 0xB3, 0x1C, 0x7A, 0x7F, 0x31, 0x42, 0xD8, 0x42, 0xE6,
    0xB0, 0x72, 0xDB, 0x10, 0xCB, 0x3B, 0x5F, 0xB9, 0x1C, 0xFD, 0x01, 0x91, 0xA2, 0x1E, 0xA6, 0x78,
    0x9C, 0xFB, 0xF0, 0x1F, 0x19, 0x00, 0x00, 0x67, 0xD3, 0x0D, 0xE4, 0x78, 0x9C, 0x63, 0x60, 0x80,
    0x80, 0x0F, 0x10, 0xEA, 0xFF, 0x07, 0x7E, 0x30, 0x8F, 0xFF, 0xC3, 0x7F, 0x10, 0x05, 0x24, 0xFE,
    0x83, 0x00, 0x48, 0x10, 0x42, 0x01, 0x00, 0x21, 0xE0, 0x0F, 0xE2, 0x78, 0x9C, 0x63, 0x60, 0x00,
    0x83, 0x0F, 0x0C, 0x50, 0xC0, 0x0F, 0xA5, 0x3F, 0xC0, 0x18, 0xFF, 0x49, 0x90, 0x61, 0x20, 0x5A,
    0xE6, 0x03, 0x09, 0x32, 0x18, 0x16, 0x03, 0x00, 0x13, 0x8D, 0x0E, 0xF2, 0x78, 0x9C, 0x85, 0x4E,
    0x09, 0x0A, 0x00, 0x20, 0x08, 0xDB, 0x0F, 0xFC, 0xFF, 0x2F, 0xFD, 0xC1, 0x72, 0x25, 0x6A, 0x10,
    0x24, 0x32, 0xE7, 0x35, 0x05, 0x48, 0x00, 0x2E, 0x24, 0x69, 0x62, 0x81, 0x8C, 0x08, 0x37, 0x79,
    0x98, 0x26, 0x54, 0x28, 0x6A, 0x37, 0x3D, 0xF9, 0x46, 0x56, 0x2B, 0xE7, 0x5F, 0xC5, 0xB1, 0xD4,
    0xA2, 0xA9, 0x87, 0x8F, 0x0D, 0x81, 0x3E, 0x30, 0x69, 0xFF, 0xB2, 0x00, 0x91, 0x6D, 0x32, 0xB0,
    0x78, 0x9C, 0x75, 0x8C, 0x81, 0x09, 0xC0, 0x40, 0x08, 0x03, 0x6F, 0x03, 0xF7, 0xDF, 0xD2, 0x0D,
    0x52, 0x63, 0xB5, 0x14, 0x9E, 0x17, 0x12, 0x0F, 0x25, 0x01, 0x09, 0xC8, 0xA8, 0xAD, 0x80, 0x92,
    0xC8, 0x3A, 0xF9, 0xDA, 0x7E, 0x81, 0x8C, 0x81, 0x4A, 0x98, 0x3B, 0xD4, 0xE0, 0x1A, 0x43, 0x4E,
    0xF1, 0xBC, 0xD9, 0xE0, 0xE8, 0xB5, 0x63, 0xBE, 0x90, 0xB6, 0x53, 0xFF, 0x72, 0xDB, 0x03, 0xA2,
    0x4C, 0x2E, 0x69, 0x78, 0x9C, 0x6D, 0xCC, 0x89, 0x09, 0x00, 0x30, 0x08, 0x03, 0xC0, 0x6C, 0xE0,
    0xFE, 0x5B, 0xBA, 0x41, 0x8A, 0xF1, 0xA3, 0xA5, 0xC5, 0xCA, 0x21, 0x51, 0x80, 0x00, 0x18, 0x2D,
    0x44, 0x8A, 0xEC, 0xD2, 0x7F, 0xE4, 0x76, 0xCB, 0x57, 0x56, 0x8A, 0x11, 0x5C, 0x29, 0x1B, 0x75,
    0xCB, 0xEC, 0x6A, 0x12, 0xBF, 0xA7, 0x48, 0xAE, 0xB2, 0xEE, 0xEA, 0x66, 0xCA, 0x47, 0x07, 0x74,
    0xAA, 0x2D, 0x88, 0x78, 0x9C, 0x35, 0x8A, 0x41, 0x0D, 0x00, 0x40, 0x0C, 0xC2, 0xEA, 0x00, 0xFF,
    0x2E, 0x71, 0xC0, 0x71, 0xCB, 0x06, 0x0F, 0x9A, 0x14, 0x98, 0x24, 0x60, 0x59, 0x74, 0xD5, 0xF2,
    0x99, 0xF8, 0x48, 0x5E, 0x7F, 0xA7, 0x51, 0x2E, 0x3C, 0x28, 0xF8, 0x13, 0x1B, 0x78, 0x9C, 0x63,
    0xF8, 0xC0, 0xCF, 0x00, 0x44, 0x10, 0xF0, 0x1F, 0x8C, 0xF8, 0x41, 0xE8, 0x03, 0x32, 0x62, 0x00,
    0x21, 0x00, 0xC6, 0x09, 0x09, 0xF7, 0x78, 0x9C, 0x63, 0x60, 0x80, 0x80, 0xFF, 0xFC, 0x0C, 0x0C,
    0x1F, 0xFE, 0x03, 0x19, 0x1F, 0x3E, 0x00, 0x09, 0x7E, 0x20, 0xF1, 0x81, 0x1F, 0xC8, 0xFD, 0x0F,
    0x84, 0x1F, 0xF8, 0x41, 0xC4, 0xFF, 0xFF, 0x60, 0x25, 0xFC, 0x0C, 0x08, 0x02, 0x00, 0x10, 0xFC,
    0x12, 0xD0, 0x78, 0x9C, 0x63, 0x60, 0x00, 0x81, 0x0F, 0xFF, 0xFF, 0xF3, 0x33, 0x7C, 0xE0, 0x07,
    0xB1, 0x18, 0x60, 0x04, 0x48, 0x88, 0xE1, 0x3F, 0x10, 0xC2, 0x45, 0x21, 0xF2, 0x1F, 0x40, 0xA2,
    0x1F, 0xF8, 0x41, 0xBC, 0xFF, 0x40, 0x49, 0x00, 0x3C, 0xF3, 0x12, 0xB2, 0x78, 0x9C, 0x63, 0x60,
    0x00, 0x83, 0x0F, 0xFF, 0xF9, 0x81, 0x98, 0x81, 0x9F, 0xE1, 0x3F, 0x88, 0x07, 0x22, 0x3E, 0xF0,
    0x83, 0x09, 0x88, 0xF8, 0x7F, 0x10, 0xF7, 0x03, 0x3F, 0x9C, 0x00, 0x2A, 0x01, 0x8A, 0x82, 0x64,
    0x18, 0x00, 0x86, 0xD6, 0x16, 0xBD, 0x78, 0x9C, 0x63, 0x60, 0x00, 0x82, 0xFF, 0x40, 0x00, 0xA4,
    0x3E, 0xF0, 0x83, 0x08, 0xB0, 0x00, 0x06, 0x8F, 0x81, 0x1F, 0x2E, 0x04, 0x17, 0x07, 0x00, 0xC6,
    0xDD, 0x0C, 0xD6, 0x78, 0x9C, 0x35, 0x8B, 0xC1, 0x11, 0x00, 0x40, 0x0C, 0x01, 0x75, 0xA0, 0xFF,
    0x2E, 0x75, 0xB0, 0x27, 0xC9, 0x9C, 0x87, 0x61, 0x0D, 0x69, 0x05, 0x52, 0x1C, 0x0B, 0x7D, 0x6B,
    0x2D, 0xC3, 0x1D, 0xB7, 0x0D, 0x2D, 0x18, 0x6B, 0x22, 0xDC, 0xEB, 0x01, 0xE9, 0xA0, 0x19, 0x8D,
    0x78, 0x9C, 0x3D, 0x8B, 0xC1, 0x0D, 0x00, 0x30, 0x08, 0x02, 0x6F, 0x03, 0xF6, 0xDF, 0x92, 0x0D,
    0x28, 0xF8, 0xA8, 0x24, 0x17, 0x40, 0x85, 0x8D, 0x23, 0x48, 0x85, 0xB0, 0xFC, 0xB1, 0xAE, 0xC8,
    0xD6, 0x8B, 0xC5, 0xCE, 0x53, 0xDF, 0xEA, 0xBE, 0x1E, 0x98, 0xC4, 0x15, 0x19, 0x78, 0x9C, 0x63,
    0x60, 0xF8, 0xCF, 0x00, 0x04, 0x28, 0xC4, 0x7F, 0x20, 0xE0, 0x67, 0xC0, 0x22, 0x01, 0x00, 0x16,
    0x61, 0x0C, 0x04, 0x78, 0x9C, 0x63, 0x60, 0x00, 0x82, 0xFF, 0x40, 0xC0, 0x0F, 0x62, 0x30, 0x00,
    0x00, 0x22, 0x47, 0x04, 0x0C, 0x78, 0x9C, 0xFB, 0xFF, 0xFF, 0xFF, 0x7F, 0x7E, 0x06, 0x2C, 0xE0,
    0x3F, 0x5C, 0x02, 0x00, 0xA9, 0xA6, 0x08, 0x17, 0x78, 0x9C, 0x63, 0x60, 0xE0, 0x67, 0x00, 0xA2,
    0x0F, 0xFC, 0x0C, 0xFF, 0xA1, 0x34, 0x08, 0x31, 0x80, 0xD0, 0x7F, 0x18, 0x82, 0x70, 0x81, 0xE2,
    0x40, 0x00, 0x00, 0x13, 0xFD, 0x0B, 0xE6, 0x78, 0x9C, 0x63, 0x60, 0xE0, 0x67, 0x60, 0x00, 0xE3,
    0xFF, 0x78, 0x30, 0x50, 0xFE, 0x03, 0x14, 0x23, 0x73, 0x81, 0x4C, 0x00, 0x72, 0xAE, 0x0C, 0x22,
    0x78, 0x9C, 0x63, 0xF8, 0xFF, 0xE1, 0x3F, 0x03, 0xC3, 0xFF, 0xFF, 0x1F, 0xF8, 0x19, 0xFE, 0x33,
    0x00, 0x09, 0x7E, 0x20, 0xF1, 0x01, 0x85, 0x60, 0x80, 0x10, 0x0C, 0x20, 0x79, 0x10, 0x01, 0x00,
    0x37, 0x26, 0x14, 0xB0, 0x78, 0x9C, 0x63, 0x60, 0xF8, 0xCF, 0xCF, 0x00, 0xC4, 0xFF, 0x81, 0x04,
    0xC3, 0x07, 0xFE, 0x0F, 0xFC, 0x20, 0x82, 0x01, 0x48, 0xFC, 0x47, 0x25, 0x3E, 0x80, 0xE5, 0xFF,
    0x83, 0x15, 0x03, 0x05, 0x00, 0x45, 0x68, 0x15, 0xEB, 0x78, 0x9C, 0x63, 0xF8, 0xC0, 0xFF, 0xE1,
    0x3F, 0x3F, 0xC3, 0x07, 0x08, 0x62, 0x00, 0xA1, 0xFF, 0x30, 0xC4, 0x0F, 0x42, 0x00, 0xCF, 0x42,
    0x09, 0xF7, 0x78, 0x9C, 0x63, 0x60, 0xF8, 0xFF, 0x9F, 0x81, 0xE1, 0xC3, 0xFF, 0xFF, 0xFC, 0x0C,
    0x40, 0xF0, 0x1F, 0x4E, 0x80, 0xB8, 0x1F, 0xF8, 0xA1, 0x3C, 0x10, 0x03, 0xC2, 0xE1, 0x07, 0xAB,
    0xFD, 0xCF, 0x0F, 0x00, 0xAE, 0x4B, 0x10, 0x0F, 0x78, 0x9C, 0x1D, 0x8A, 0x81, 0x0D, 0x00, 0x00,
    0x0C, 0xC1, 0xFA, 0x81, 0xFF, 0xBF, 0xF4, 0x81, 0x19, 0x11, 0x2A, 0x01, 0x09, 0x38, 0x16, 0x55,
    0x91, 0xA7, 0x0C, 0x3E, 0x36, 0x1B, 0xAD, 0x3A, 0xDE, 0x59, 0x1C, 0x18, 0xC2, 0x13, 0xC0, 0x78,
    0x9C, 0x35, 0xC8, 0xC1, 0x0D, 0x00, 0x00, 0x10, 0x01, 0xC1, 0xED, 0x40, 0xFF, 0x5D, 0xEA, 0xC0,
    0xF1, 0x38, 0x92, 0x89, 0x00, 0x02, 0x78, 0x64, 0xA8, 0x78, 0x9F, 0x5A, 0x8F, 0x34, 0x62, 0xFB,
    0x81, 0x03, 0xCB, 0x10, 0x10, 0x0F, 0x78, 0x9C, 0x63, 0x60, 0xF8, 0xFF, 0xFF, 0x3F, 0x03, 0x03,
    0x03, 0x08, 0x33, 0x7C, 0xE0, 0x07, 0x93, 0x60, 0x81, 0x0F, 0xFC, 0xFF, 0xF9, 0x91, 0xC4, 0x60,
    0x24, 0x04, 0x41, 0x35, 0x7D, 0x00, 0x29, 0x01, 0x00, 0x9B, 0xB3, 0x13, 0xED, 0x78, 0x9C, 0x63,
    0x60, 0xF8, 0xFF, 0x9F, 0x81, 0xE1, 0xC3, 0xFF, 0x0F, 0xFC, 0x0C, 0x40, 0x9A, 0x01, 0x48, 0x81,
    0x78, 0xFF, 0xF9, 0x81, 0x04, 0x50, 0xE0, 0x03, 0x90, 0x03, 0x25, 0x40, 0xF2, 0x60, 0x09, 0xB0,
    0x06, 0x00, 0x8D, 0xA7, 0x17, 0x8F, 0x78, 0x9C, 0xFB, 0xF0, 0xFF, 0xFF, 0x7F, 0x7E, 0x06, 0x06,
    0x86, 0xFF, 0x40, 0xCC, 0x00, 0x62, 0x7C, 0x60, 0x80, 0xF2, 0x3E, 0xA0, 0xF0, 0x90, 0x14, 0x80,
    0x08, 0x00, 0xA4, 0xA0, 0x0B, 0xF5, 0x78, 0x9C, 0x63, 0x60, 0xF8, 0xFF, 0x9F, 0x81, 0xE1, 0x3F,
    0x3F, 0x88, 0x60, 0xF8, 0xC0, 0x0F, 0x21, 0x3E, 0x00, 0x21, 0x50, 0x9C, 0x1F, 0x22, 0x00, 0x96,
    0x82, 0xC8, 0x83, 0xC4, 0xC0, 0x1A, 0x00, 0x75, 0x0B, 0x16, 0xEA, 0x78, 0x9C, 0x35, 0x8B, 0x89,
    0x09, 0x00, 0x40, 0x0C, 0xC2, 0xB2, 0x41, 0xF7, 0xDF, 0xD2, 0x0D, 0x72, 0xB6, 0x70, 0xE0, 0x47,
    0x40, 0xE2, 0x80, 0x4A, 0xA6, 0xFA, 0x51, 0xA8, 0x6D, 0x48, 0x8D, 0x3B, 0x16, 0x95, 0xDF, 0xE1,
    0x01, 0x8C, 0x12, 0x15, 0xFA, 0x78, 0x9C, 0x63, 0x60, 0xE0, 0x67, 0x00, 0x02, 0x34, 0xE2, 0x3F,
    0x10, 0x01, 0x01, 0x3F, 0x98, 0x85, 0x26, 0x0B, 0x00, 0x97, 0xC7, 0x06, 0x73, 0x78, 0x9C, 0x63,
    0x60, 0x00, 0x82, 0xFF, 0x40, 0xC0, 0x0F, 0x62, 0x30, 0x00, 0x00, 0x22, 0x47, 0x04, 0x0C, 0x78,
    0x9C, 0x63, 0x60, 0x00, 0x82, 0xFF, 0x40, 0xC0, 0xCF, 0x80, 0x05, 0x20, 0x24, 0x00, 0xA9, 0xAB,
    0x08, 0x17, 0x78, 0x9C, 0x63, 0x60, 0x00, 0x02, 0x7E, 0x86, 0x0F, 0xFC, 0x0C, 0xFF, 0xA1, 0xF4,
    0x07, 0x06, 0x10, 0x13, 0x13, 0x7D, 0x00, 0x23, 0x20, 0x00, 0x00, 0x3D, 0x04, 0x0C, 0xE5, 0x78,
    0x9C, 0x63, 0x60, 0x60, 0x60, 0xF8, 0xC0, 0xCF, 0xC0, 0x00, 0x41, 0xFF, 0x51, 0x11, 0x3F, 0x48,
    0x0A, 0x88, 0xC0, 0x3C, 0x10, 0x93, 0x01, 0x04, 0x00, 0x1B, 0xBC, 0x0C, 0x13, 0x78, 0x9C, 0x63,
    0xF8, 0xF0, 0x9F, 0x9F, 0x81, 0xE1, 0xFF, 0x87, 0xFF, 0x0C, 0x40, 0xF0, 0x01, 0x89, 0xF8, 0xF0,
    0xFF, 0xFF, 0x7F, 0x06, 0xA0, 0x28, 0x98, 0xE0, 0x67, 0xF8, 0xC0, 0x0F, 0x56, 0x07, 0xC4, 0x00,
    0xDF, 0xD8, 0x11, 0xD1, 0x78, 0x9C, 0x65, 0xCE, 0xDB, 0x0D, 0x40, 0x21, 0x0C, 0x02, 0x50, 0x36,
    0x60, 0xFF, 0x2D, 0xD9, 0x80, 0xDB, 0xD2, 0xEB, 0x23, 0xF1, 0xC7, 0x13, 0xAB, 0x34, 0x00, 0x80,
    0x40, 0xE0, 0x56, 0x51, 0xF6, 0x8F, 0xFB, 0x5E, 0x67, 0x0F, 0x64, 0x90, 0x2D, 0xE7, 0xBB, 0x97,
    0x15, 0x43, 0x64, 0x5B, 0x2B, 0xB6, 0x8E, 0x22, 0x71, 0x62, 0x97, 0x89, 0xD5, 0xEB, 0xE8, 0xED,
    0x94, 0x29, 0x53, 0x67, 0xD5, 0xD0, 0x30, 0xDB, 0x5F, 0x3F, 0x0D, 0xF5, 0x3A, 0xD5, 0x78, 0x9C,
    0x63, 0x60, 0x60, 0x60, 0xF8, 0xFF, 0x9F, 0x81, 0x01, 0x4C, 0xFD, 0xE7, 0x07, 0xD3, 0x60, 0xC4,
    0xF0, 0x01, 0xCC, 0x41, 0xD0, 0xFF, 0x61, 0x34, 0x03, 0x0A, 0xFD, 0x1F, 0xAE, 0x0D, 0x4D, 0x3D,
    0x94, 0x06, 0xC9, 0xE3, 0xD3, 0x8F, 0x66, 0xFC, 0x07, 0xA8, 0x79, 0xFF, 0xA1, 0x34, 0x00, 0xE6,
    0x19, 0x26, 0x44, 0x78, 0x9C, 0x6D, 0xCD, 0xD1, 0x09, 0x00, 0x40, 0x08, 0x02, 0x50, 0x37, 0x70,
    0xFF, 0x2D, 0xDD, 0xC0, 0x0B, 0xFD, 0xA8, 0x8F, 0x0B, 0xE2, 0x51, 0x51, 0x01, 0x22, 0x60, 0x4C,
    0x8E, 0xAC, 0xFA, 0x49, 0xAF, 0x83, 0xAA, 0x9C, 0x68, 0xED, 0xF4, 0x55, 0x11, 0x3B, 0xCE, 0x0B,
    0x31, 0xE7, 0x56, 0xE7, 0xDC, 0x31, 0xEB, 0xC0, 0xF5, 0x01, 0x5D, 0xC9, 0x35, 0x17, 0x78, 0x9C,
    0x75, 0xCC, 0xC1, 0x09, 0x00, 0x30, 0x08, 0x03, 0xC0, 0x6C, 0x90, 0xFD, 0xB7, 0x74, 0x83, 0x54,
    0x13, 0x2C, 0xF4, 0x51, 0x51, 0x0F, 0x44, 0x05, 0x24, 0x11, 0x1D, 0xAD, 0x6C, 0x27, 0x63, 0x11,
    0x25, 0x07, 0xD7, 0x99, 0xDD, 0x9A, 0x7D, 0xEF, 0xC4, 0x9C, 0xED, 0x9B, 0x80, 0xF4, 0xAF, 0xB5,
    0xF2, 0xF5, 0x00, 0xFD, 0x98, 0x30, 0xDF, 0x78, 0x9C, 0x55, 0xCE, 0xDB, 0x0D, 0x00, 0x30, 0x08,
    0x02, 0x40, 0x36, 0x70, 0xFF, 0x2D, 0xD9, 0x80, 0x82, 0x35, 0x7D, 0x18, 0x3F, 0x2E, 0xD6, 0xAA,
    0xA0, 0xE0, 0x60, 0x4D, 0x0A, 0x1F, 0xF4, 0xA0, 0x06, 0x6C, 0xF0, 0xC0, 0x89, 0x41, 0x7A, 0xB5,
    0x23, 0x15, 0x3F, 0x64, 0x3A, 0x61, 0x54, 0xD0, 0x4D, 0x0D, 0x3C, 0xC8, 0x01, 0xFE, 0xB0, 0x2F,
    0xF1, 0xA2, 0x8B, 0x1A, 0x28, 0x58, 0xE1, 0x87, 0x40, 0x48, 0x78, 0x9C, 0x63, 0x60, 0x40, 0x06,
    0xFF, 0x51, 0xE8, 0xFF, 0x40, 0x00, 0x66, 0x7C, 0xE0, 0x67, 0x40, 0xA2, 0xFF, 0xFF, 0x07, 0xD3,
    0x1F, 0x80, 0xB2, 0x20, 0x1A, 0x48, 0xFC, 0x87, 0xCA, 0x21, 0xD3, 0x78, 0xF0, 0x07, 0x98, 0x36,
    0x64, 0x63, 0x20, 0x3C, 0x38, 0x00, 0x09, 0x83, 0x44, 0x60, 0x34, 0x00, 0x0A, 0xCD, 0x2E, 0x0F,
    0x78, 0x9C, 0x65, 0x4C, 0xC9, 0x0D, 0x00, 0x30, 0x08, 0x62, 0x03, 0xF7, 0xDF, 0xD2, 0x0D, 0x28,
    0x58, 0x6D, 0x62, 0xEA, 0x43, 0xE4, 0x10, 0x00, 0x48, 0x06, 0x0A, 0x48, 0xA3, 0x98, 0x85, 0x14,
    0x49, 0xCB, 0x65, 0x4A, 0xC6, 0xC2, 0x24, 0xE6, 0xA9, 0xDE, 0x26, 0xF6, 0xE2, 0x9A, 0x68, 0x3F,
    0x6E, 0xEB, 0xF2, 0x3F, 0x64, 0x67, 0xBA, 0xCF, 0x87, 0xD6, 0x01, 0x87, 0x38, 0x2D, 0xC4, 0x78,
    0x9C, 0x63, 0xF8, 0x0F, 0x06, 0x0C, 0x0C, 0x30, 0x9A, 0x81, 0xE1, 0x03, 0x3F, 0x03, 0x18, 0xFC,
    0x47, 0xA7, 0x19, 0x3E, 0x40, 0xE8, 0x0F, 0xFF, 0x91, 0xC5, 0xFF, 0x43, 0x79, 0x40, 0x9A, 0x1F,
    0xA4, 0xF9, 0x03, 0x54, 0xE0, 0x03, 0x8C, 0xE2, 0x87, 0x50, 0x50, 0x1A, 0xC9, 0x38, 0x7C, 0x34,
    0x00, 0x4A, 0x8A, 0x2A, 0xD6, 0x78, 0x9C, 0x75, 0xCC, 0x51, 0x0A, 0x00, 0x20, 0x0C, 0x02, 0x50,
    0x6F, 0xB0, 0xFB, 0xDF, 0xD2, 0x1B, 0x98, 0x29, 0x05, 0x7D, 0x14, 0xA3, 0xC7, 0xDC, 0x18, 0x20,
    0x69, 0xE0, 0x67, 0x15, 0x5D, 0xD3, 0x36, 0x13, 0xF7, 0x34, 0xAC, 0x6C, 0xDE, 0x6C, 0xEF, 0x27,
    0xAB, 0xB9, 0x73, 0xCF, 0x14, 0xF4, 0xFF, 0xCA, 0xE3, 0xBC, 0x2E, 0xE7, 0x09, 0x30, 0xD0, 0x78,
    0x9C, 0x5D, 0x8E, 0x01, 0x0E, 0x00, 0x30, 0x04, 0x03, 0xFB, 0x03, 0xFF, 0xFF, 0xA5, 0x1F, 0x58,
    0xB5, 0x2C, 0xCB, 0x24, 0x5C, 0x42, 0x15, 0x00, 0xC8, 0x00, 0x1E, 0xB8, 0x56, 0xA8, 0x56, 0x93,
    0xC9, 0x61, 0x16, 0x3B, 0xB1, 0xB2, 0xC2, 0x83, 0xCF, 0xE1, 0x82, 0xFB, 0x5A, 0x36, 0x5A, 0x3D,
    0x68, 0x49, 0x0E, 0xEC, 0x9C, 0xBE, 0xA3, 0x73, 0x0C, 0x79, 0x4B, 0x3C, 0x0F, 0x2D, 0x34, 0x39,
    0x01, 0x59, 0x31, 0xCF, 0x78, 0x9C, 0x63, 0x60, 0x60, 0xF8, 0xF0, 0x9F, 0x9F, 0x01, 0x44, 0xFE,
    0xFF, 0x0F, 0xA4, 0x80, 0x18, 0xCC, 0x05, 0x0A, 0xA0, 0x50, 0xFF, 0x21, 0x1C, 0x90, 0x34, 0x18,
    0x7C, 0x80, 0x50, 0x0C, 0x30, 0xE5, 0x60, 0x26, 0x44, 0x90, 0x1F, 0x4A, 0xC1, 0x0C, 0x82, 0x68,
    0xC5, 0xA4, 0x40, 0x26, 0x43, 0xCD, 0x80, 0x68, 0x07, 0x00, 0xA8, 0x99, 0x34, 0xCC, 0x78, 0x9C,
    0x6D, 0x8E, 0xD1, 0x11, 0x00, 0x20, 0x08, 0x42, 0xD9, 0x80, 0xFD, 0xB7, 0x64, 0x03, 0x42, 0xBD,
    0xAE, 0xAE, 0xCB, 0x0F, 0x5F, 0x2A, 0x86, 0x40, 0x82, 0x95, 0xA0, 0x1B, 0xB2, 0x27, 0x3B, 0xA5,
    0xA9, 0x74, 0x65, 0x38, 0xD2, 0xBC, 0x6A, 0x94, 0x7E, 0x09, 0x8D, 0x0B, 0x51, 0xD4, 0xB6, 0xF8,
    0x02, 0x1F, 0xCC, 0xFF, 0x1B, 0x6D, 0x6A, 0xB2, 0x37, 0xDC, 0xE6, 0x68, 0xEF, 0x73, 0x17, 0x0E,
    0x16, 0x41, 0x27, 0x32, 0xBF, 0x78, 0x9C, 0xFB, 0xF0, 0x1F, 0x04, 0xF8, 0x3F, 0x40, 0x28, 0x06,
    0x14, 0xF0, 0x1F, 0x22, 0xF8, 0x1F, 0x26, 0xF7, 0x01, 0x22, 0x8F, 0x95, 0x82, 0xEA, 0xFD, 0xCF,
    0x80, 0x93, 0xFA, 0xF0, 0x1F, 0xB7, 0x6E, 0x08, 0x05, 0x00, 0x28, 0xFB, 0x26, 0xF8, 0x78, 0x9C,
    0x63, 0xF8, 0x0F, 0x02, 0xFC, 0x0C, 0x60, 0x8A, 0x01, 0x08, 0x80, 0x6C, 0x10, 0xF8, 0xF0, 0x1F,
    0x4A, 0xF1, 0x03, 0x31, 0x4C, 0x8E, 0x01, 0x2A, 0x08, 0x51, 0x02, 0x51, 0x09, 0x96, 0x81, 0xC9,
    0x7F, 0x40, 0xD1, 0xCC, 0x80, 0x4A, 0xC1, 0x24, 0x31, 0xD5, 0x00, 0x00, 0x97, 0x0F, 0x26, 0xCB,
    0x78, 0x9C, 0x5D, 0x4C, 0x81, 0x0D, 0x00, 0x20, 0x08, 0xEA, 0x03, 0xFE, 0xFF, 0x92, 0x0F, 0x08,
    0xD1, 0x56, 0xCB, 0x39, 0x50, 0x06, 0xAC, 0x75, 0x46, 0x1F, 0xD1, 0x48, 0xE5, 0xA7, 0xA2, 0x72,
    0x10, 0x25, 0x4A, 0xF0, 0x11, 0x8E, 0xBF, 0xB1, 0x1C, 0x20, 0xD4, 0x45, 0x5E, 0x22, 0xB1, 0x21,
    0xBB, 0xAE, 0x50, 0x11, 0xEA, 0x29, 0xD9, 0xCA, 0xE4, 0x2B, 0xE4, 0x78, 0x9C, 0x55, 0xCC, 0x81,
    0x0D, 0x00, 0x20, 0x08, 0x03, 0xB0, 0x7D, 0xC0, 0xFF, 0x5F, 0xF2, 0xC1, 0x64, 0xE8, 0x44, 0x49,
    0x48, 0x81, 0x25, 0x00, 0x20, 0x89, 0xAA, 0x2C, 0x43, 0x46, 0x8D, 0x5B, 0xBC, 0xD2, 0x4E, 0x2B,
    0x92, 0x1D, 0xB1, 0xFF, 0x24, 0xFD, 0x4E, 0xD9, 0xD9, 0x63, 0xF4, 0xFD, 0x4A, 0x8B, 0xCF, 0x05,
    0xD0, 0xF4, 0x2F, 0xE0, 0x78, 0x9C, 0x63, 0xF8, 0xF0, 0xFF, 0x3F, 0x03, 0x03, 0x84, 0xE0, 0x67,
    0x00, 0x12, 0x40, 0xCC, 0xF0, 0x1F, 0x0B, 0x01, 0x96, 0xC4, 0x42, 0x80, 0x01, 0x00, 0xD9, 0xF1,
    0x0F, 0xD3, 0x78, 0x9C, 0xFB, 0xF0, 0x9F, 0xFF, 0xFF, 0x7F, 0x7E, 0x86, 0x0F, 0xC8, 0x88, 0x01,
    0x84, 0xFE, 0xC3, 0x10, 0x3F, 0x18, 0x31, 0x30, 0x00, 0x00, 0x6D, 0xD9, 0x0D, 0x03, 0x78, 0x9C,
    0x63, 0xF8, 0xC0, 0xC0, 0xF0, 0x1F, 0x09, 0xF1, 0x83, 0xD0, 0x07, 0x38, 0x62, 0x60, 0xF8, 0xF0,
    0x9F, 0xFF, 0xFF, 0x7F, 0xA0, 0x28, 0x03, 0x00, 0x0B, 0xE1, 0x0D, 0x03, 0x78, 0x9C, 0x63, 0x60,
    0x60, 0xF8, 0xCF, 0xC0, 0x80, 0x4C, 0xF0, 0x03, 0xF1, 0x07, 0x6C, 0x04, 0xB2, 0xB2, 0x0F, 0xFF,
    0x61, 0x04, 0x00, 0x95, 0x05, 0x0F, 0xD3, 0x78, 0x9C, 0xFB, 0xFF, 0x9F, 0x38, 0x00, 0x00, 0x31,
    0x21, 0x27, 0xD9, 0x78, 0x9C, 0xFB, 0xFF, 0x1F, 0x0F, 0xE0, 0xC7, 0x27, 0xF9, 0x9F, 0x1F, 0x00,
    0x01, 0x7F, 0x39, 0xE5, 0x78, 0x9C, 0x85, 0x8F, 0xC1, 0x0D, 0x00, 0x20, 0x08, 0x03, 0xBB, 0x01,
    0xFB, 0x6F, 0xC9, 0x06, 0x15, 0x0A, 0x24, 0xF2, 0x30, 0xFA, 0x80, 0x4B, 0xB1, 0x5A, 0x00, 0xC0,
    0x49, 0xE8, 0x90, 0xB4, 0xEC, 0x6E, 0xA1, 0x49, 0x40, 0x81, 0x0A, 0x6B, 0xD2, 0xCA, 0x82, 0x74,
    0xA5, 0x75, 0x99, 0x02, 0xAA, 0x0B, 0x66, 0xA4, 0x7B, 0xDB, 0xF9, 0x01, 0x65, 0x92, 0x73, 0x5E,
    0xA6, 0x77, 0x52, 0xA2, 0x13, 0xF7, 0x02, 0xF3, 0xE1, 0x0D, 0xF6, 0x84, 0x03, 0x94, 0x9D, 0x45,
    0x43,
};
const EpdGlyph italic_fontGlyphs[] = {
    { 0, 0, 6, 0, 0, 8, 0 }, //
    { 7, 20, 8, 1, 20, 32, 8 }, // !
    { 9, 7, 12, 3, 20, 27, 40 }, // "
    { 15, 20, 14, 0, 20, 54, 67 }, // #
    { 14, 26, 14, 0, 23, 65, 121 }, // $
    { 21, 20, 23, 1, 20, 80, 186 }, // %
    { 17, 20, 17, 0, 20, 70, 266 }, // &
    { 5, 7, 7, 3, 20, 20, 336 }, // '
    { 9, 29, 8, 1, 23, 38, 356 }, // (
    { 9, 29, 9, -2, 23, 34, 394 }, // )
    { 10, 10, 12, 3, 22, 36, 428 }, // *
    { 13, 14, 14, 1, 17, 27, 464 }, // +
    { 6, 8, 7, -1, 3, 20, 491 }, // ,
    { 7, 2, 9, 1, 9, 16, 511 }, // -
    { 4, 4, 7, 0, 4, 13, 527 }, // .
    { 16, 26, 10, -3, 21, 36, 540 }, // /
    { 13, 20, 14, 1, 20, 57, 576 }, // 0
    { 12, 19, 14, 0, 19, 45, 633 }, // 1
    { 15, 20, 14, -1, 20, 52, 678 }, // 2
    { 15, 20, 14, -1, 20, 57, 730 }, // 3
    { 14, 19, 14, 0, 19, 53, 787 }, // 4
    { 14, 20, 14, 0, 20, 50, 840 }, // 5
    { 14, 20, 14, 1, 20, 60, 890 }, // 6
    { 13, 19, 14, 3, 19, 35, 950 }, // 7
    { 14, 20, 14, 0, 20, 59, 985 }, // 8
    { 14, 20, 14, 0, 20, 60, 1044 }, // 9
    { 6, 15, 7, 0, 15, 22, 1104 }, // :
    { 7, 20, 7, -1, 15, 31, 1126 }, // ;
    { 13, 12, 14, 1, 16, 34, 1157 }, // <
    { 13, 8, 14, 1, 14, 20, 1191 }, // =
    { 13, 12, 14, 1, 16, 34, 1211 }, // >
    { 11, 20, 12, 2, 20, 49, 1245 }, // ?
    { 22, 25, 24, 1, 20, 95, 1294 }, // @
    { 16, 20, 15, -2, 20, 61, 1389 }, // A
    { 15, 20, 17, 1, 20, 59, 1450 }, // B
    { 16, 20, 16, 1, 20, 55, 1509 }, // C
    { 16, 20, 17, 1, 20, 58, 1564 }, // D
    { 15, 20, 15, 1, 20, 41, 1622 }, // E
    { 15, 20, 14, 1, 20, 42, 1663 }, // F
    { 16, 20, 17, 1, 20, 62, 1705 }, // G
    { 17, 20, 18, 1, 20, 51, 1767 }, // H
    { 7, 20, 7, 1, 20, 32, 1818 }, // I
    { 15, 20, 13, -1, 20, 44, 1850 }, // J
    { 17, 20, 16, 1, 20, 65, 1894 }, // K
    { 11, 20, 13, 1, 20, 37, 1959 }, // L
    { 20, 20, 21, 1, 20, 74, 1996 }, // M
    { 17, 20, 18, 1, 20, 64, 2070 }, // N
    { 17, 20, 18, 1, 20, 66, 2134 }, // O
    { 16, 20, 16, 1, 20, 56, 2200 }, // P
    { 17, 25, 18, 1, 20, 76, 2256 }, // Q
    { 16, 20, 16, 1, 20, 60, 2332 }, // R
    { 15, 20, 15, 0, 20, 59, 2392 }, // S
    { 15, 20, 15, 2, 20, 31, 2451 }, // T
    { 16, 20, 18, 2, 20, 55, 2482 }, // U
    { 15, 20, 14, 2, 20, 57, 2537 }, // V
    { 22, 20, 22, 2, 20, 67, 2594 }, // W
    { 18, 20, 14, -2, 20, 65, 2661 }, // X
    { 14, 20, 13, 2, 20, 52, 2726 }, // Y
    { 17, 20, 15, -1, 20, 41, 2778 }, // Z
    { 11, 27, 9, 0, 21, 42, 2819 }, // [
    { 6, 26, 10, 2, 21, 27, 2861 }, // <backslash>
    { 11, 27, 9, -2, 21, 39, 2888 }, // ]
    { 11, 12, 14, 2, 21, 35, 2927 }, // ^
    { 15, 2, 14, -2, -2, 15, 2962 }, // _
    { 7, 7, 15, 6, 24, 27, 2977 }, // `
    { 14, 15, 16, 1, 15, 55, 3004 }, // a
    { 15, 21, 16, 0, 21, 61, 3059 }, // b
    { 12, 15, 13, 1, 15, 47, 3120 }, // c
    { 16, 21, 16, 1, 21, 62, 3167 }, // d
    { 13, 15, 14, 1, 15, 51, 3229 }, // e
    { 11, 22, 8, 1, 22, 47, 3280 }, // f
    { 15, 21, 15, 0, 15, 65, 3327 }, // g
    { 14, 21, 15, 0, 21, 55, 3392 }, // h
    { 8, 21, 7, 0, 21, 35, 3447 }, // i
    { 12, 27, 7, -4, 21, 45, 3482 }, // j
    { 15, 21, 14, 0, 21, 61, 3527 }, // k
    { 7, 21, 7, 1, 21, 29, 3588 }, // l
    { 22, 15, 23, 0, 15, 62, 3617 }, // m
    { 14, 15, 15, 0, 15, 48, 3679 }, // n
    { 13, 15, 15, 1, 15, 53, 3727 }, // o
    { 16, 21, 16, -1, 15, 59, 3780 }, // p
    { 14, 21, 16, 1, 15, 61, 3839 }, // q
    { 12, 15, 10, 0, 15, 37, 3900 }, // r
    { 13, 15, 12, -1, 15, 47, 3937 }, // s
    { 10, 19, 9, 1, 19, 46, 3984 }, // t
    { 14, 15, 15, 1, 15, 44, 4030 }, // u
    { 14, 15, 13, 1, 15, 48, 4074 }, // v
    { 19, 15, 21, 2, 15, 61, 4122 }, // w
    { 16, 15, 13, -2, 15, 53, 4183 }, // x
    { 17, 21, 13, -2, 15, 59, 4236 }, // y
    { 14, 15, 12, -1, 15, 34, 4295 }, // z
    { 11, 27, 8, 0, 21, 51, 4329 }, // {
    { 3, 30, 7, 2, 22, 13, 4380 }, // |
    { 10, 27, 9, -2, 21, 40, 4393 }, // }
    { 13, 4, 14, 1, 12, 28, 4433 }, // ~
    { 0, 0, 6, 0, 0, 8, 4461 }, //  
    { 7, 21, 8, 0, 15, 27, 4469 }, // ¡
    { 12, 20, 14, 2, 20, 57, 4496 }, // ¢
    { 15, 20, 14, 0, 20, 49, 4553 }, // £
    { 15, 14, 14, 0, 17, 53, 4602 }, // ¤
    { 16, 19, 14, 0, 19, 56, 4655 }, // ¥
    { 3, 30, 7, 2, 22, 18, 4711 }, // ¦
    { 14, 23, 14, 0, 20, 69, 4729 }, // §
    { 9, 3, 15, 5, 21, 22, 4798 }, // ¨
    { 19, 20, 19, 1, 20, 76, 4820 }, // ©
    { 10, 10, 10, 2, 21, 36, 4896 }, // ª
    { 11, 12, 12, 1, 14, 42, 4932 }, // «
    { 13, 8, 14, 1, 11, 20, 4974 }, // ¬
    { 7, 2, 9, 1, 9, 16, 4994 }, // ­
    { 11, 12, 12, 2, 22, 46, 5010 }, // ®
    { 8, 2, 15, 6, 20, 11, 5056 }, // ¯
    { 8, 8, 9, 2, 21, 30, 5067 }, // °
    { 13, 17, 14, 1, 17, 31, 5097 }, // ±
    { 9, 13, 10, 2, 24, 36, 5128 }, // ²
    { 9, 13, 10, 2, 24, 38, 5164 }, // ³
    { 8, 7, 15, 7, 24, 26, 5202 }, // ´
    { 16, 19, 15, -1, 14, 52, 5228 }, // µ
    { 14, 22, 16, 2, 20, 51, 5280 }, // ¶
    { 4, 4, 7, 2, 12, 16, 5331 }, // ·
    { 6, 7, 15, 2, 0, 25, 5347 }, // ¸
    { 6, 12, 10, 4, 23, 24, 5372 }, // ¹
    { 10, 10, 10, 2, 21, 34, 5396 }, // º
    { 12, 12, 12, 0, 14, 40, 5430 }, // »
    { 18, 21, 22, 3, 20, 74, 5470 }, // ¼
    { 19, 21, 23, 2, 20, 78, 5544 }, // ½
    { 20, 21, 22, 1, 20, 82, 5622 }, // ¾
    { 11, 21, 12, -1, 15, 47, 5704 }, // ¿
    { 16, 27, 15, -2, 27, 67, 5751 }, // À
    { 17, 27, 15, -2, 27, 71, 5818 }, // Á
    { 17, 25, 15, -2, 25, 73, 5889 }, // Â
    { 19, 25, 15, -2, 25, 77, 5962 }, // Ã
    { 17, 24, 15, -2, 24, 71, 6039 }, // Ä
    { 16, 26, 15, -2, 26, 72, 6110 }, // Å
    { 26, 20, 23, -1, 20, 74, 6182 }, // Æ
    { 16, 26, 16, 1, 20, 63, 6256 }, // Ç
    { 15, 27, 15, 1, 27, 53, 6319 }, // È
    { 15, 27, 15, 1, 27, 54, 6372 }, // É
    { 15, 25, 15, 1, 25, 58, 6426 }, // Ê
    { 15, 24, 15, 1, 24, 50, 6484 }, // Ë
    { 8, 27, 7, 1, 27, 41, 6534 }, // Ì
    { 10, 27, 7, 1, 27, 45, 6575 }, // Í
    { 10, 25, 7, 1, 25, 47, 6620 }, // Î
    { 10, 24, 7, 1, 24, 43, 6667 }, // Ï
    { 17, 20, 18, 1, 20, 65, 6710 }, // Ð
    { 17, 25, 18, 1, 25, 76, 6775 }, // Ñ
    { 17, 27, 18, 1, 27, 71, 6851 }, // Ò
    { 17, 26, 18, 1, 26, 72, 6922 }, // Ó
    { 17, 26, 18, 1, 26, 75, 6994 }, // Ô
    { 17, 26, 18, 1, 26, 77, 7069 }, // Õ
    { 17, 25, 18, 1, 25, 74, 7146 }, // Ö
    { 12, 12, 14, 1, 16, 45, 7220 }, // ×
    { 21, 22, 18, -1, 21, 81, 7265 }, // Ø
    { 16, 27, 18, 2, 27, 64, 7346 }, // Ù
    { 16, 27, 18, 2, 27, 62, 7410 }, // Ú
    { 16, 26, 18, 2, 26, 64, 7472 }, // Û
    { 16, 25, 18, 2, 25, 63, 7536 }, // Ü
    { 14, 27, 13, 2, 27, 61, 7599 }, // Ý
    { 15, 20, 16, 1, 20, 59, 7660 }, // Þ
    { 15, 22, 16, 0, 22, 70, 7719 }, // ß
    { 14, 24, 16, 1, 24, 66, 7789 }, // à
    { 14, 24, 16, 1, 24, 65, 7855 }, // á
    { 14, 23, 16, 1, 23, 68, 7920 }, // â
    { 15, 22, 16, 1, 22, 68, 7988 }, // ã
    { 14, 20, 16, 1, 20, 62, 8056 }, // ä
    { 14, 23, 16, 1, 23, 71, 8118 }, // å
    { 22, 15, 22, 0, 15, 68, 8189 }, // æ
    { 12, 21, 13, 1, 15, 54, 8257 }, // ç
    { 13, 24, 14, 1, 24, 59, 8311 }, // è
    { 13, 24, 14, 1, 24, 60, 8370 }, // é
    { 13, 23, 14, 1, 23, 64, 8430 }, // ê
    { 13, 20, 14, 1, 20, 57, 8494 }, // ë
    { 8, 24, 7, 0, 24, 42, 8551 }, // ì
    { 10, 24, 7, 0, 24, 40, 8593 }, // í
    { 10, 23, 7, 0, 23, 46, 8633 }, // î
    { 10, 20, 7, 0, 20, 38, 8679 }, // ï
    { 15, 23, 15, 1, 23, 69, 8717 }, // ð
    { 16, 22, 15, 0, 22, 64, 8786 }, // ñ
    { 13, 24, 15, 1, 24, 62, 8850 }, // ò
    { 14, 24, 15, 1, 24, 63, 8912 }, // ó
    { 14, 23, 15, 1, 23, 62, 8975 }, // ô
    { 15, 22, 15, 1, 22, 66, 9037 }, // õ
    { 13, 20, 15, 1, 20, 60, 9103 }, // ö
    { 13, 14, 14, 1, 17, 30, 9163 }, // ÷
    { 16, 17, 15, 0, 16, 60, 9193 }, // ø
    { 14, 24, 15, 1, 24, 60, 9253 }, // ù
    { 14, 24, 15, 1, 24, 59, 9313 }, // ú
    { 14, 23, 15, 1, 23, 60, 9372 }, // û
    { 14, 20, 15, 1, 20, 53, 9432 }, // ü
    { 17, 30, 13, -2, 24, 70, 9485 }, // ý
    { 16, 27, 16, -1, 21, 63, 9555 }, // þ
    { 17, 26, 13, -2, 20, 66, 9618 }, // ÿ
    { 17, 24, 15, -2, 24, 68, 9684 }, // Ā
    { 14, 20, 16, 1, 20, 61, 9752 }, // ā
    { 18, 26, 15, -2, 26, 71, 9813 }, // Ă
    { 14, 23, 16, 1, 23, 65, 9884 }, // ă
    { 16, 26, 15, -2, 20, 70, 9949 }, // Ą
    { 14, 21, 16, 1, 15, 64, 10019 }, // ą
    { 16, 26, 16, 1, 26, 60, 10083 }, // Ć
    { 13, 24, 13, 1, 24, 52, 10143 }, // ć
    { 16, 26, 16, 1, 26, 67, 10195 }, // Ĉ
    { 13, 23, 13, 1, 23, 60, 10262 }, // ĉ
    { 16, 25, 16, 1, 25, 56, 10322 }, // Ċ
    { 12, 21, 13, 1, 21, 50, 10378 }, // ċ
    { 17, 26, 16, 1, 26, 68, 10428 }, // Č
    { 14, 23, 13, 1, 23, 60, 10496 }, // č
    { 16, 26, 17, 1, 26, 67, 10556 }, // Ď
    { 19, 24, 16, 1, 24, 72, 10623 }, // ď
    { 17, 20, 18, 1, 20, 65, 10695 }, // Đ
    { 17, 21, 16, 1, 21, 69, 10760 }, // đ
    { 15, 24, 15, 1, 24, 47, 10829 }, // Ē
    { 13, 20, 14, 1, 20, 54, 10876 }, // ē
    { 15, 26, 15, 1, 26, 56, 10930 }, // Ĕ
    { 14, 23, 14, 1, 23, 61, 10986 }, // ĕ
    { 15, 25, 15, 1, 25, 50, 11047 }, // Ė
    { 13, 21, 14, 1, 21, 55, 11097 }, // ė
    { 15, 26, 15, 1, 20, 52, 11152 }, // Ę
    { 13, 21, 14, 1, 15, 57, 11204 }, // ę
    { 15, 26, 15, 1, 26, 54, 11261 }, // Ě
    { 14, 23, 14, 1, 23, 61, 11315 }, // ě
    { 16, 26, 17, 1, 26, 72, 11376 }, // Ĝ
    { 15, 29, 15, 0, 23, 80, 11448 }, // ĝ
    { 16, 26, 17, 1, 26, 73, 11528 }, // Ğ
    { 15, 30, 15, 0, 24, 78, 11601 }, // ğ
    { 16, 25, 17, 1, 25, 65, 11679 }, // Ġ
    { 15, 27, 15, 0, 21, 70, 11744 }, // ġ
    { 16, 26, 17, 1, 20, 71, 11814 }, // Ģ
    { 15, 29, 15, 0, 23, 76, 11885 }, // ģ
    { 17, 25, 18, 1, 25, 64, 11961 }, // Ĥ
    { 16, 27, 15, 0, 27, 66, 12025 }, // ĥ
    { 19, 20, 19, 1, 20, 52, 12091 }, // Ħ
    { 14, 21, 15, 0, 21, 57, 12143 }, // ħ
    { 12, 25, 7, 1, 25, 51, 12200 }, // Ĩ
    { 12, 22, 7, 0, 22, 45, 12251 }, // ĩ
    { 10, 24, 7, 1, 24, 38, 12296 }, // Ī
    { 10, 20, 7, 0, 20, 33, 12334 }, // ī
    { 11, 26, 7, 1, 26, 48, 12367 }, // Ĭ
    { 11, 23, 7, 0, 23, 48, 12415 }, // ĭ
    { 10, 26, 7, -2, 20, 36, 12463 }, // Į
    { 10, 27, 7, -2, 21, 43, 12499 }, // į
    { 8, 25, 7, 1, 25, 40, 12542 }, // İ
    { 6, 15, 7, 0, 15, 24, 12582 }, // ı
    { 14, 25, 15, 1, 20, 54, 12606 }, // Ĳ
    { 15, 27, 14, 0, 21, 63, 12660 }, // ĳ
    { 18, 26, 13, -1, 26, 54, 12723 }, // Ĵ
    { 14, 29, 7, -4, 23, 54, 12777 }, // ĵ
    { 17, 26, 16, 1, 20, 75, 12831 }, // Ķ
    { 15, 27, 14, 0, 21, 68, 12906 }, // ķ
    { 15, 15, 14, 0, 15, 54, 12974 }, // ĸ
    { 11, 27, 13, 1, 27, 51, 13028 }, // Ĺ
    { 10, 27, 7, 1, 27, 42, 13079 }, // ĺ
    { 11, 26, 13, 1, 20, 44, 13121 }, // Ļ
    { 10, 27, 7, -2, 21, 38, 13165 }, // ļ
    { 13, 22, 13, 1, 22, 47, 13203 }, // Ľ
    { 10, 24, 7, 1, 24, 43, 13250 }, // ľ
    { 12, 20, 13, 1, 20, 45, 13293 }, // Ŀ
    { 10, 21, 10, 1, 21, 36, 13338 }, // ŀ
    { 13, 20, 13, -1, 20, 48, 13374 }, // Ł
    { 10, 21, 8, 0, 21, 39, 13422 }, // ł
    { 17, 27, 18, 1, 27, 73, 13461 }, // Ń
    { 15, 24, 15, 0, 24, 60, 13534 }, // ń
    { 17, 26, 18, 1, 20, 70, 13594 }, // Ņ
    { 14, 21, 15, 0, 15, 55, 13664 }, // ņ
    { 17, 26, 18, 1, 26, 73, 13719 }, // Ň
    { 16, 23, 15, 0, 23, 60, 13792 }, // ň
    { 18, 21, 22, 3, 21, 62, 13852 }, // ŉ
    { 17, 20, 18, 1, 20, 65, 13914 }, // Ŋ
    { 14, 21, 15, 0, 15, 58, 13979 }, // ŋ
    { 17, 24, 18, 1, 24, 70, 14037 }, // Ō
    { 13, 20, 15, 1, 20, 56, 14107 }, // ō
    { 17, 26, 18, 1, 26, 75, 14163 }, // Ŏ
    { 14, 23, 15, 1, 23, 65, 14238 }, // ŏ
    { 18, 27, 18, 1, 27, 77, 14303 }, // Ő
    { 16, 23, 15, 1, 23, 67, 14380 }, // ő
    { 24, 20, 24, 1, 20, 71, 14447 }, // Œ
    { 22, 15, 24, 1, 15, 69, 14518 }, // œ
    { 16, 27, 16, 1, 27, 68, 14587 }, // Ŕ
    { 13, 24, 10, 0, 24, 46, 14655 }, // ŕ
    { 16, 26, 16, 1, 20, 70, 14701 }, // Ŗ
    { 14, 21, 10, -2, 15, 48, 14771 }, // ŗ
    { 16, 26, 16, 1, 26, 71, 14819 }, // Ř
    { 14, 23, 10, 0, 23, 55, 14890 }, // ř
    { 15, 26, 15, 0, 26, 69, 14945 }, // Ś
    { 14, 24, 12, -1, 24, 57, 15014 }, // ś
    { 15, 26, 15, 0, 26, 69, 15071 }, // Ŝ
    { 14, 23, 12, -1, 23, 61, 15140 }, // ŝ
    { 15, 26, 15, 0, 20, 65, 15201 }, // Ş
    { 13, 21, 12, -1, 15, 57, 15266 }, // ş
    { 16, 26, 15, 0, 26, 67, 15323 }, // Š
    { 15, 23, 12, -1, 23, 62, 15390 }, // š
    { 15, 26, 15, 2, 20, 38, 15452 }, // Ţ
    { 10, 26, 9, 1, 20, 53, 15490 }, // ţ
    { 15, 26, 15, 2, 26, 50, 15543 }, // Ť
    { 11, 24, 9, 1, 24, 52, 15593 }, // ť
    { 15, 20, 15, 2, 20, 40, 15645 }, // Ŧ
    { 11, 19, 9, 0, 19, 47, 15685 }, // ŧ
    { 16, 26, 18, 2, 26, 71, 15732 }, // Ũ
    { 15, 22, 15, 1, 22, 64, 15803 }, // ũ
    { 16, 24, 18, 2, 24, 61, 15867 }, // Ū
    { 14, 20, 15, 1, 20, 54, 15928 }, // ū
    { 16, 26, 18, 2, 26, 67, 15982 }, // Ŭ
    { 14, 23, 15, 1, 23, 59, 16049 }, // ŭ
    { 16, 27, 18, 2, 27, 67, 16108 }, // Ů
    { 14, 23, 15, 1, 23, 60, 16175 }, // ů
    { 17, 27, 18, 2, 27, 68, 16235 }, // Ű
    { 16, 24, 15, 1, 24, 62, 16303 }, // ű
    { 16, 26, 18, 2, 20, 65, 16365 }, // Ų
    { 14, 21, 15, 1, 15, 55, 16430 }, // ų
    { 22, 25, 22, 2, 25, 79, 16485 }, // Ŵ
    { 19, 23, 21, 2, 23, 74, 16564 }, // ŵ
    { 14, 25, 13, 2, 25, 62, 16638 }, // Ŷ
    { 17, 29, 13, -2, 23, 71, 16700 }, // ŷ
    { 14, 24, 13, 2, 24, 58, 16771 }, // Ÿ
    { 17, 27, 15, -1, 27, 48, 16829 }, // Ź
    { 14, 24, 12, -1, 24, 46, 16877 }, // ź
    { 17, 25, 15, -1, 25, 47, 16923 }, // Ż
    { 14, 21, 12, -1, 21, 44, 16970 }, // ż
    { 17, 26, 15, -1, 26, 54, 17014 }, // Ž
    { 15, 23, 12, -1, 23, 52, 17068 }, // ž
    { 15, 21, 15, 0, 21, 60, 17120 }, // ƀ
    { 17, 20, 19, 1, 20, 62, 17180 }, // Ə
    { 18, 23, 14, -2, 20, 54, 17242 }, // ƒ
    { 19, 25, 17, 1, 25, 69, 17296 }, // Ɠ
    { 19, 24, 18, 1, 24, 70, 17365 }, // Ơ
    { 16, 20, 15, 1, 20, 61, 17435 }, // ơ
    { 20, 25, 18, 2, 25, 62, 17496 }, // Ư
    { 17, 21, 16, 1, 21, 62, 17558 }, // ư
    { 11, 22, 9, -1, 22, 43, 17620 }, // ǂ
    { 8, 21, 7, 0, 21, 33, 17663 }, // ǃ
    { 18, 26, 15, -2, 26, 73, 17696 }, // Ǎ
    { 14, 23, 16, 1, 23, 66, 17769 }, // ǎ
    { 11, 26, 7, 1, 26, 44, 17835 }, // Ǐ
    { 11, 23, 7, 0, 23, 42, 17879 }, // ǐ
    { 17, 26, 18, 1, 26, 74, 17921 }, // Ǒ
    { 14, 23, 15, 1, 23, 63, 17995 }, // ǒ
    { 16, 26, 18, 2, 26, 63, 18058 }, // Ǔ
    { 14, 23, 15, 1, 23, 61, 18121 }, // ǔ
    { 16, 28, 18, 2, 28, 68, 18182 }, // Ǖ
    { 14, 25, 15, 1, 25, 60, 18250 }, // ǖ
    { 16, 30, 18, 2, 30, 69, 18310 }, // Ǘ
    { 14, 25, 15, 1, 25, 60, 18379 }, // ǘ
    { 16, 29, 18, 2, 29, 71, 18439 }, // Ǚ
    { 14, 26, 15, 1, 26, 62, 18510 }, // ǚ
    { 16, 30, 18, 2, 30, 69, 18572 }, // Ǜ
    { 14, 26, 15, 1, 26, 60, 18641 }, // ǜ
    { 26, 24, 23, -1, 24, 80, 18701 }, // Ǣ
    { 22, 20, 22, 0, 20, 75, 18781 }, // ǣ
    { 17, 26, 17, 1, 26, 75, 18856 }, // Ǧ
    { 15, 30, 15, 0, 24, 80, 18931 }, // ǧ
    { 17, 26, 18, 1, 20, 77, 19011 }, // Ǫ
    { 13, 21, 15, 1, 15, 64, 19088 }, // ǫ
    { 16, 26, 17, 1, 26, 68, 19152 }, // Ǵ
    { 15, 30, 15, 0, 24, 75, 19220 }, // ǵ
    { 17, 27, 18, 1, 27, 72, 19295 }, // Ǹ
    { 14, 24, 15, 0, 24, 57, 19367 }, // ǹ
    { 26, 27, 23, -1, 27, 84, 19424 }, // Ǽ
    { 22, 24, 22, 0, 24, 78, 19508 }, // ǽ
    { 15, 26, 15, 0, 20, 67, 19586 }, // Ș
    { 13, 21, 12, -1, 15, 55, 19653 }, // ș
    { 15, 26, 15, 2, 20, 41, 19708 }, // Ț
    { 11, 26, 9, 0, 20, 53, 19749 }, // ț
    { 11, 21, 7, -4, 15, 36, 19802 }, // ȷ
    { 17, 20, 18, 0, 20, 65, 19838 }, // Ƀ
    { 13, 15, 14, 1, 15, 52, 19903 }, // ɐ
    { 14, 15, 16, 1, 15, 54, 19955 }, // ɑ
    { 14, 15, 16, 1, 15, 53, 20009 }, // ɒ
    { 15, 22, 16, 0, 22, 63, 20062 }, // ɓ
    { 13, 15, 13, -1, 15, 43, 20125 }, // ɔ
    { 13, 17, 13, 0, 15, 56, 20168 }, // ɕ
    { 16, 27, 16, 1, 21, 68, 20224 }, // ɖ
    { 18, 22, 16, 1, 22, 71, 20292 }, // ɗ
    { 14, 15, 14, 0, 15, 52, 20363 }, // ɘ
    { 13, 15, 14, 0, 15, 52, 20415 }, // ə
    { 20, 15, 19, 0, 15, 64, 20467 }, // ɚ
    { 13, 15, 12, 0, 15, 49, 20531 }, // ɛ
    { 13, 15, 12, -1, 15, 49, 20580 }, // ɜ
    { 13, 15, 14, 1, 15, 54, 20629 }, // ɞ
    { 12, 21, 8, -4, 15, 43, 20683 }, // ɟ
    { 19, 26, 16, 0, 20, 81, 20726 }, // ɠ
    { 15, 21, 15, 0, 15, 65, 20807 }, // ɡ
    { 13, 15, 14, 1, 15, 55, 20872 }, // ɢ
    { 14, 21, 13, 1, 15, 56, 20927 }, // ɣ
    { 15, 15, 15, 1, 15, 53, 20983 }, // ɤ
    { 14, 21, 15, 1, 15, 52, 21036 }, // ɥ
    { 14, 22, 15, 0, 22, 61, 21088 }, // ɦ
    { 14, 28, 15, 0, 22, 70, 21149 }, // ɧ
    { 9, 22, 8, -1, 22, 44, 21219 }, // ɨ
    { 6, 15, 7, 1, 15, 26, 21263 }, // ɩ
    { 11, 15, 10, -1, 15, 37, 21289 }, // ɪ
    { 13, 21, 11, 0, 21, 48, 21326 }, // ɫ
    { 10, 21, 9, 0, 21, 43, 21374 }, // ɬ
    { 8, 27, 7, 0, 21, 32, 21417 }, // ɭ
    { 17, 27, 17, 0, 21, 73, 21449 }, // ɮ
    { 22, 15, 23, 1, 15, 60, 21522 }, // ɯ
    { 22, 21, 23, 1, 15, 69, 21582 }, // ɰ
    { 22, 21, 23, 0, 15, 71, 21651 }, // ɱ
    { 18, 21, 15, -4, 15, 59, 21722 }, // ɲ
    { 14, 21, 15, 0, 15, 55, 21781 }, // ɳ
    { 15, 15, 15, 0, 15, 40, 21836 }, // ɴ
    { 13, 15, 15, 1, 15, 53, 21876 }, // ɵ
    { 19, 15, 20, 1, 15, 59, 21929 }, // ɶ
    { 19, 15, 20, 0, 15, 63, 21988 }, // ɷ
    { 17, 27, 19, 1, 21, 76, 22051 }, // ɸ
    { 12, 15, 10, -2, 15, 40, 22127 }, // ɹ
    { 13, 21, 10, -2, 21, 41, 22167 }, // ɺ
    { 12, 21, 10, -2, 15, 45, 22208 }, // ɻ
    { 12, 21, 10, 0, 15, 45, 22253 }, // ɽ
    { 11, 15, 10, 0, 15, 39, 22298 }, // ɾ
    { 14, 15, 14, 0, 15, 52, 22337 }, // ʀ
    { 15, 15, 14, 0, 15, 55, 22389 }, // ʁ
    { 14, 21, 12, -2, 15, 55, 22444 }, // ʂ
    { 15, 28, 7, -4, 22, 51, 22499 }, // ʃ
    { 16, 28, 8, -4, 22, 52, 22550 }, // ʄ
    { 11, 25, 9, 0, 19, 45, 22602 }, // ʈ
    { 17, 15, 16, 0, 15, 58, 22647 }, // ʉ
    { 15, 15, 15, 1, 15, 55, 22705 }, // ʊ
    { 14, 15, 15, 1, 15, 52, 22760 }, // ʋ
    { 13, 15, 13, -1, 15, 51, 22812 }, // ʌ
    { 20, 15, 21, -1, 15, 55, 22863 }, // ʍ
    { 17, 22, 13, -1, 22, 57, 22918 }, // ʎ
    { 13, 15, 12, 1, 15, 45, 22975 }, // ʏ
    { 14, 21, 12, -1, 15, 45, 23020 }, // ʐ
    { 14, 18, 13, -1, 15, 56, 23065 }, // ʑ
    { 15, 21, 12, -2, 15, 56, 23121 }, // ʒ
    { 12, 22, 12, 2, 22, 48, 23177 }, // ʔ
    { 13, 22, 12, 2, 22, 53, 23225 }, // ʕ
    { 13, 22, 14, 1, 22, 65, 23278 }, // ʘ
    { 14, 15, 14, 0, 15, 49, 23343 }, // ʙ
    { 15, 15, 16, 0, 15, 47, 23392 }, // ʜ
    { 14, 29, 8, -4, 21, 61, 23439 }, // ʝ
    { 10, 15, 12, 0, 15, 30, 23500 }, // ʟ
    { 14, 22, 12, 0, 22, 57, 23530 }, // ʡ
    { 14, 22, 12, 1, 22, 56, 23587 }, // ʢ
    { 24, 27, 24, 1, 21, 94, 23643 }, // ʤ
    { 19, 28, 16, 1, 22, 75, 23737 }, // ʧ
    { 15, 25, 17, 1, 25, 64, 23812 }, // Ḃ
    { 15, 21, 16, 0, 21, 62, 23876 }, // ḃ
    { 15, 25, 17, 1, 20, 65, 23938 }, // Ḇ
    { 15, 26, 16, 0, 21, 66, 24003 }, // ḇ
    { 16, 25, 17, 1, 25, 64, 24069 }, // Ḋ
    { 16, 21, 16, 1, 21, 63, 24133 }, // ḋ
    { 16, 26, 17, 1, 20, 64, 24196 }, // Ḍ
    { 16, 27, 16, 1, 21, 68, 24260 }, // ḍ
    { 16, 25, 17, 1, 20, 63, 24328 }, // Ḏ
    { 16, 26, 16, 1, 21, 67, 24391 }, // ḏ
    { 15, 30, 15, 1, 30, 54, 24458 }, // Ḗ
    { 13, 26, 14, 1, 26, 60, 24512 }, // ḗ
    { 15, 25, 14, 1, 25, 48, 24572 }, // Ḟ
    { 11, 26, 8, 1, 26, 52, 24620 }, // ḟ
    { 16, 24, 17, 1, 24, 67, 24672 }, // Ḡ
    { 15, 26, 15, 0, 20, 71, 24739 }, // ḡ
    { 17, 26, 18, 1, 20, 58, 24810 }, // Ḥ
    { 14, 27, 15, 0, 21, 60, 24868 }, // ḥ
    { 17, 26, 18, 1, 20, 63, 24928 }, // Ḫ
    { 14, 27, 15, 0, 21, 64, 24991 }, // ḫ
    { 17, 26, 16, 1, 20, 73, 25055 }, // Ḳ
    { 15, 27, 14, 0, 21, 66, 25128 }, // ḳ
    { 17, 25, 16, 1, 20, 72, 25194 }, // Ḵ
    { 15, 26, 14, 0, 21, 66, 25266 }, // ḵ
    { 11, 26, 13, 1, 20, 41, 25332 }, // Ḷ
    { 8, 27, 7, 0, 21, 34, 25373 }, // ḷ
    { 11, 30, 13, 1, 24, 47, 25407 }, // Ḹ
    { 11, 31, 7, 0, 25, 42, 25454 }, // ḹ
    { 11, 25, 13, 1, 20, 43, 25496 }, // Ḻ
    { 11, 26, 7, -3, 21, 42, 25539 }, // ḻ
    { 20, 27, 21, 1, 27, 85, 25581 }, // Ḿ
    { 22, 24, 23, 0, 24, 75, 25666 }, // ḿ
    { 20, 25, 21, 1, 25, 82, 25741 }, // Ṁ
    { 22, 21, 23, 0, 21, 70, 25823 }, // ṁ
    { 20, 26, 21, 1, 20, 83, 25893 }, // Ṃ
    { 22, 21, 23, 0, 15, 69, 25976 }, // ṃ
    { 17, 25, 18, 1, 25, 69, 26045 }, // Ṅ
    { 14, 21, 15, 0, 21, 55, 26114 }, // ṅ
    { 17, 26, 18, 1, 20, 70, 26169 }, // Ṇ
    { 14, 21, 15, 0, 15, 54, 26239 }, // ṇ
    { 17, 25, 18, 1, 20, 69, 26293 }, // Ṉ
    { 14, 20, 15, 0, 15, 53, 26362 }, // ṉ
    { 17, 30, 18, 1, 30, 74, 26415 }, // Ṓ
    { 13, 26, 15, 1, 26, 63, 26489 }, // ṓ
    { 16, 25, 16, 1, 25, 60, 26552 }, // Ṗ
    { 16, 27, 16, -1, 21, 67, 26612 }, // ṗ
    { 16, 25, 16, 1, 25, 67, 26679 }, // Ṙ
    { 12, 21, 10, 0, 21, 47, 26746 }, // ṙ
    { 16, 26, 16, 1, 20, 67, 26793 }, // Ṛ
    { 13, 21, 10, -1, 15, 45, 26860 }, // ṛ
    { 16, 30, 16, 1, 24, 72, 26905 }, // Ṝ
    { 13, 26, 10, -1, 20, 52, 26977 }, // ṝ
    { 16, 25, 16, 1, 20, 68, 27029 }, // Ṟ
    { 15, 20, 10, -3, 15, 47, 27097 }, // ṟ
    { 15, 25, 15, 0, 25, 66, 27144 }, // Ṡ
    { 13, 21, 12, -1, 21, 54, 27210 }, // ṡ
    { 15, 26, 15, 0, 20, 66, 27264 }, // Ṣ
    { 13, 21, 12, -1, 15, 52, 27330 }, // ṣ
    { 15, 25, 15, 2, 25, 41, 27382 }, // Ṫ
    { 10, 25, 9, 1, 25, 51, 27423 }, // ṫ
    { 15, 26, 15, 2, 20, 37, 27474 }, // Ṭ
    { 10, 25, 9, 1, 19, 50, 27511 }, // ṭ
    { 16, 25, 15, 1, 20, 39, 27561 }, // Ṯ
    { 11, 24, 9, 0, 19, 50, 27600 }, // ṯ
    { 22, 27, 22, 2, 27, 75, 27650 }, // Ẁ
    { 19, 24, 21, 2, 24, 75, 27725 }, // ẁ
    { 22, 27, 22, 2, 27, 76, 27800 }, // Ẃ
    { 19, 24, 21, 2, 24, 73, 27876 }, // ẃ
    { 22, 24, 22, 2, 24, 74, 27949 }, // Ẅ
    { 19, 20, 21, 2, 20, 70, 28023 }, // ẅ
    { 14, 25, 13, 2, 25, 60, 28093 }, // Ẏ
    { 17, 27, 13, -2, 21, 66, 28153 }, // ẏ
    { 17, 26, 15, -1, 20, 48, 28219 }, // Ẓ
    { 14, 21, 12, -1, 15, 43, 28267 }, // ẓ
    { 17, 25, 15, -1, 20, 48, 28310 }, // Ẕ
    { 14, 20, 12, -1, 15, 41, 28358 }, // ẕ
    { 14, 26, 15, 0, 21, 61, 28399 }, // ẖ
    { 11, 25, 9, 1, 25, 54, 28460 }, // ẗ
    { 17, 20, 18, 1, 20, 71, 28514 }, // ẞ
    { 16, 26, 15, -2, 20, 69, 28585 }, // Ạ
    { 14, 21, 16, 1, 15, 63, 28654 }, // ạ
    { 16, 26, 15, -2, 26, 68, 28717 }, // Ả
    { 14, 23, 16, 1, 23, 67, 28785 }, // ả
    { 20, 27, 15, -2, 27, 73, 28852 }, // Ấ
    { 17, 24, 16, 1, 24, 74, 28925 }, // ấ
    { 17, 27, 15, -2, 27, 74, 28999 }, // Ầ
    { 14, 24, 16, 1, 24, 66, 29073 }, // ầ
    { 20, 27, 15, -2, 27, 74, 29139 }, // Ẩ
    { 16, 24, 16, 1, 24, 70, 29213 }, // ẩ
    { 18, 29, 15, -2, 29, 82, 29283 }, // Ẫ
    { 14, 25, 16, 1, 25, 72, 29365 }, // ẫ
    { 17, 32, 15, -2, 26, 79, 29437 }, // Ậ
    { 14, 29, 16, 1, 23, 73, 29516 }, // ậ
    { 18, 30, 15, -2, 30, 77, 29589 }, // Ắ
    { 15, 26, 16, 1, 26, 74, 29666 }, // ắ
    { 18, 30, 15, -2, 30, 77, 29740 }, // Ằ
    { 15, 26, 16, 1, 26, 72, 29817 }, // ằ
    { 18, 28, 15, -2, 28, 78, 29889 }, // Ẳ
    { 15, 26, 16, 1, 26, 75, 29967 }, // ẳ
    { 18, 29, 15, -2, 29, 83, 30042 }, // Ẵ
    { 15, 25, 16, 1, 25, 75, 30125 }, // ẵ
    { 18, 32, 15, -2, 26, 79, 30200 }, // Ặ
    { 14, 29, 16, 1, 23, 76, 30279 }, // ặ
    { 15, 26, 15, 1, 20, 49, 30355 }, // Ẹ
    { 13, 21, 14, 1, 15, 56, 30404 }, // ẹ
    { 15, 26, 15, 1, 26, 54, 30460 }, // Ẻ
    { 13, 23, 14, 1, 23, 60, 30514 }, // ẻ
    { 16, 25, 15, 1, 25, 60, 30574 }, // Ẽ
    { 14, 22, 14, 1, 22, 60, 30634 }, // ẽ
    { 17, 27, 15, 1, 27, 56, 30694 }, // Ế
    { 16, 24, 14, 1, 24, 64, 30750 }, // ế
    { 15, 27, 15, 1, 27, 55, 30814 }, // Ề
    { 13, 24, 14, 1, 24, 62, 30869 }, // ề
    { 17, 27, 15, 1, 27, 62, 30931 }, // Ể
    { 16, 24, 14, 1, 24, 63, 30993 }, // ể
    { 15, 29, 15, 1, 29, 67, 31056 }, // Ễ
    { 14, 25, 14, 1, 25, 64, 31123 }, // ễ
    { 15, 32, 15, 1, 26, 59, 31187 }, // Ệ
    { 13, 29, 14, 1, 23, 70, 31246 }, // ệ
    { 8, 26, 7, 1, 26, 42, 31316 }, // Ỉ
    { 9, 23, 7, 0, 23, 40, 31358 }, // ỉ
    { 9, 26, 7, -1, 20, 38, 31398 }, // Ị
    { 9, 27, 7, -1, 21, 42, 31436 }, // ị
    { 17, 26, 18, 1, 20, 74, 31478 }, // Ọ
    { 13, 21, 15, 1, 15, 61, 31552 }, // ọ
    { 17, 27, 18, 1, 27, 73, 31613 }, // Ỏ
    { 13, 23, 15, 1, 23, 62, 31686 }, // ỏ
    { 18, 28, 18, 1, 28, 78, 31748 }, // Ố
    { 17, 24, 15, 1, 24, 65, 31826 }, // ố
    { 17, 28, 18, 1, 28, 78, 31891 }, // Ồ
    { 13, 24, 15, 1, 24, 65, 31969 }, // ồ
    { 18, 27, 18, 1, 27, 78, 32034 }, // Ổ
    { 16, 24, 15, 1, 24, 67, 32112 }, // ổ
    { 17, 29, 18, 1, 29, 83, 32179 }, // Ỗ
    { 14, 25, 15, 1, 25, 70, 32262 }, // ỗ
    { 17, 32, 18, 1, 26, 83, 32332 }, // Ộ
    { 14, 29, 15, 1, 23, 69, 32415 }, // ộ
    { 19, 26, 18, 1, 26, 77, 32484 }, // Ớ
    { 16, 24, 15, 1, 24, 70, 32561 }, // ớ
    { 19, 27, 18, 1, 27, 78, 32631 }, // Ờ
    { 16, 24, 15, 1, 24, 68, 32709 }, // ờ
    { 19, 27, 18, 1, 27, 81, 32777 }, // Ở
    { 16, 23, 15, 1, 23, 67, 32858 }, // ở
    { 19, 26, 18, 1, 26, 80, 32925 }, // Ỡ
    { 16, 22, 15, 1, 22, 71, 33005 }, // ỡ
    { 19, 30, 18, 1, 24, 79, 33076 }, // Ợ
    { 16, 26, 15, 1, 20, 67, 33155 }, // ợ
    { 16, 26, 18, 2, 20, 61, 33222 }, // Ụ
    { 14, 21, 15, 1, 15, 51, 33283 }, // ụ
    { 16, 27, 18, 2, 27, 65, 33334 }, // Ủ
    { 14, 23, 15, 1, 23, 59, 33399 }, // ủ
    { 20, 27, 18, 2, 27, 70, 33458 }, // Ứ
    { 17, 24, 16, 1, 24, 67, 33528 }, // ứ
    { 20, 27, 18, 2, 27, 71, 33595 }, // Ừ
    { 17, 24, 16, 1, 24, 71, 33666 }, // ừ
    { 20, 27, 18, 2, 27, 71, 33737 }, // Ử
    { 17, 23, 16, 1, 23, 64, 33808 }, // ử
    { 20, 26, 18, 2, 26, 76, 33872 }, // Ữ
    { 17, 22, 16, 1, 22, 70, 33948 }, // ữ
    { 20, 31, 18, 2, 25, 70, 34018 }, // Ự
    { 17, 27, 16, 1, 21, 67, 34088 }, // ự
    { 14, 27, 13, 2, 27, 62, 34155 }, // Ỳ
    { 17, 30, 13, -2, 24, 69, 34217 }, // ỳ
    { 14, 26, 13, 2, 20, 55, 34286 }, // Ỵ
    { 17, 21, 13, -2, 15, 63, 34341 }, // ỵ
    { 14, 26, 13, 2, 26, 62, 34404 }, // Ỷ
    { 17, 29, 13, -2, 23, 65, 34466 }, // ỷ
    { 14, 25, 13, 2, 25, 63, 34531 }, // Ỹ
    { 17, 28, 13, -2, 22, 73, 34594 }, // ỹ
    { 0, 0, 14, 0, 0, 8, 34667 }, //  
    { 0, 0, 3, 0, 0, 8, 34675 }, //
    { 0, 0, 1, 0, 0, 8, 34683 }, //
    { 0, 0, 0, 0, 0, 8, 34691 }, // ​
    { 7, 2, 9, 1, 9, 16, 34699 }, // ‐
    { 7, 2, 9, 1, 9, 16, 34715 }, // ‑
    { 12, 2, 14, 1, 9, 11, 34731 }, // ‒
    { 12, 2, 14, 1, 9, 15, 34742 }, // –
    { 21, 2, 22, 1, 9, 15, 34757 }, // —
    { 21, 2, 22, 1, 9, 15, 34772 }, // ―
    { 7, 30, 11, 2, 22, 15, 34787 }, // ‖
    { 5, 8, 7, 3, 21, 26, 34802 }, // ‘
    { 5, 8, 7, 3, 21, 23, 34828 }, // ’
    { 6, 8, 7, -1, 3, 20, 34851 }, // ‚
    { 10, 8, 12, 3, 21, 31, 34871 }, // “
    { 10, 8, 12, 3, 21, 34, 34902 }, // ”
    { 10, 8, 12, -1, 3, 27, 34936 }, // „
    { 11, 24, 13, 2, 21, 43, 34963 }, // †
    { 13, 24, 13, 0, 21, 50, 35006 }, // ‡
    { 7, 7, 9, 1, 11, 24, 35056 }, // •
    { 23, 4, 28, 2, 4, 31, 35080 }, // …
    { 0, 0, 4, 0, 0, 8, 35111 }, //  
    { 32, 20, 33, 1, 20, 106, 35119 }, // ‰
    { 5, 8, 7, 3, 21, 19, 35225 }, // ′
    { 10, 8, 12, 3, 21, 25, 35244 }, // ″
    { 3, 8, 7, 4, 21, 15, 35269 }, // ‵
    { 6, 12, 7, 1, 14, 27, 35284 }, // ‹
    { 7, 12, 7, 0, 14, 27, 35311 }, // ›
    { 15, 20, 16, 1, 20, 47, 35338 }, // ‼
    { 11, 20, 12, 2, 20, 54, 35385 }, // ‽
    { 14, 2, 14, 2, 19, 12, 35439 }, // ‾
    { 16, 6, 16, -1, 0, 32, 35451 }, // ‿
    { 17, 20, 2, -7, 20, 33, 35483 }, // ⁄
    { 22, 20, 23, 2, 20, 68, 35516 }, // ⁇
    { 17, 20, 20, 2, 20, 67, 35584 }, // ⁈
    { 19, 20, 19, 1, 20, 64, 35651 }, // ⁉
    { 10, 13, 10, 2, 24, 42, 35715 }, // ⁰
    { 5, 14, 5, 2, 25, 25, 35757 }, // ⁱ
    { 10, 12, 10, 2, 23, 44, 35782 }, // ⁴
    { 10, 13, 10, 2, 24, 42, 35826 }, // ⁵
    { 10, 13, 10, 2, 24, 42, 35868 }, // ⁶
    { 9, 12, 10, 4, 23, 29, 35910 }, // ⁷
    { 10, 13, 10, 2, 24, 45, 35939 }, // ⁸
    { 10, 13, 10, 2, 24, 45, 35984 }, // ⁹
    { 10, 9, 10, 2, 21, 22, 36029 }, // ⁺
    { 10, 3, 10, 2, 19, 18, 36051 }, // ⁻
    { 10, 7, 10, 2, 21, 19, 36069 }, // ⁼
    { 6, 16, 7, 3, 25, 31, 36088 }, // ⁽
    { 7, 16, 7, 1, 25, 25, 36119 }, // ⁾
    { 10, 10, 10, 2, 21, 36, 36144 }, // ⁿ
    { 10, 11, 10, -1, 6, 37, 36180 }, // ₀
    { 6, 11, 10, 1, 6, 25, 36217 }, // ₁
    { 10, 11, 10, -2, 6, 38, 36242 }, // ₂
    { 10, 11, 10, -2, 6, 39, 36280 }, // ₃
    { 9, 11, 10, -1, 6, 39, 36319 }, // ₄
    { 11, 11, 10, -2, 6, 39, 36358 }, // ₅
    { 10, 11, 10, -1, 6, 41, 36397 }, // ₆
    { 9, 11, 10, 0, 6, 32, 36438 }, // ₇
    { 9, 11, 10, -1, 6, 37, 36470 }, // ₈
    { 9, 11, 10, -1, 6, 42, 36507 }, // ₉
    { 10, 10, 10, -1, 6, 24, 36549 }, // ₊
    { 10, 3, 10, -1, 2, 18, 36573 }, // ₋
    { 10, 8, 10, -1, 5, 19, 36591 }, // ₌
    { 6, 17, 7, 0, 9, 29, 36610 }, // ₍
    { 6, 17, 7, -2, 9, 30, 36639 }, // ₎
    { 9, 10, 9, 2, 21, 39, 36669 }, // ₔ
    { 15, 26, 14, 1, 23, 74, 36708 }, // ₡
    { 15, 20, 14, 0, 20, 53, 36782 }, // ₤
    { 15, 20, 14, 0, 20, 59, 36835 }, // ₦
    { 15, 19, 14, 0, 19, 57, 36894 }, // ₧
    { 17, 19, 14, -1, 19, 67, 36951 }, // ₩
    { 16, 21, 14, 0, 21, 54, 37018 }, // ₫
    { 16, 20, 14, 0, 20, 63, 37072 }, // €
    { 15, 19, 14, 1, 19, 54, 37135 }, // ₮
    { 16, 19, 14, 0, 19, 58, 37189 }, // ₱
    { 14, 26, 14, 1, 23, 69, 37247 }, // ₲
    { 14, 20, 14, 0, 20, 58, 37316 }, // ₴
    { 14, 26, 14, 1, 23, 71, 37374 }, // ₵
    { 14, 20, 14, 2, 20, 41, 37445 }, // ₸
    { 13, 19, 14, 2, 19, 50, 37486 }, // ₹
    { 14, 20, 14, 0, 20, 59, 37536 }, // ₺
    { 15, 19, 14, -1, 19, 57, 37595 }, // ₽
    { 9, 14, 9, 2, 21, 30, 37652 }, // ⸢
    { 6, 14, 9, 3, 21, 28, 37682 }, // ⸣
    { 6, 14, 9, 0, 9, 30, 37710 }, // ⸤
    { 9, 13, 9, -2, 8, 27, 37740 }, // ⸥
    { 40, 2, 42, 1, 9, 12, 37767 }, // ⸺
    { 60, 2, 62, 1, 9, 17, 37779 }, // ⸻
    { 17, 28, 16, 0, 22, 77, 37796 }, // ꞵ
};
const EpdUnicodeInterval italic_fontIntervals[] = {
    { 0x20, 0x7E, 0x0 },
    { 0xA0, 0x17E, 0x5F },
    { 0x180, 0x180, 0x13E },
    { 0x18F, 0x18F, 0x13F },
    { 0x192, 0x193, 0x140 },
    { 0x1A0, 0x1A1, 0x142 },
    { 0x1AF, 0x1B0, 0x144 },
    { 0x1C2, 0x1C3, 0x146 },
    { 0x1CD, 0x1DC, 0x148 },
    { 0x1E2, 0x1E3, 0x158 },
    { 0x1E6, 0x1E7, 0x15A },
    { 0x1EA, 0x1EB, 0x15C },
    { 0x1F4, 0x1F5, 0x15E },
    { 0x1F8, 0x1F9, 0x160 },
    { 0x1FC, 0x1FD, 0x162 },
    { 0x218, 0x21B, 0x164 },
    { 0x237, 0x237, 0x168 },
    { 0x243, 0x243, 0x169 },
    { 0x250, 0x25C, 0x16A },
    { 0x25E, 0x27B, 0x177 },
    { 0x27D, 0x27E, 0x195 },
    { 0x280, 0x284, 0x197 },
    { 0x288, 0x292, 0x19C },
    { 0x294, 0x295, 0x1A7 },
    { 0x298, 0x299, 0x1A9 },
    { 0x29C, 0x29D, 0x1AB },
    { 0x29F, 0x29F, 0x1AD },
    { 0x2A1, 0x2A2, 0x1AE },
    { 0x2A4, 0x2A4, 0x1B0 },
    { 0x2A7, 0x2A7, 0x1B1 },
    { 0x1E02, 0x1E03, 0x1B2 },
    { 0x1E06, 0x1E07, 0x1B4 },
    { 0x1E0A, 0x1E0F, 0x1B6 },
    { 0x1E16, 0x1E17, 0x1BC },
    { 0x1E1E, 0x1E21, 0x1BE },
    { 0x1E24, 0x1E25, 0x1C2 },
    { 0x1E2A, 0x1E2B, 0x1C4 },
    { 0x1E32, 0x1E3B, 0x1C6 },
    { 0x1E3E, 0x1E49, 0x1D0 },
    { 0x1E52, 0x1E53, 0x1DC },
    { 0x1E56, 0x1E63, 0x1DE },
    { 0x1E6A, 0x1E6F, 0x1EC },
    { 0x1E80, 0x1E85, 0x1F2 },
    { 0x1E8E, 0x1E8F, 0x1F8 },
    { 0x1E92, 0x1E97, 0x1FA },
    { 0x1E9E, 0x1E9E, 0x200 },
    { 0x1EA0, 0x1EF9, 0x201 },
    { 0x2007, 0x2007, 0x25B },
    { 0x2009, 0x200B, 0x25C },
    { 0x2010, 0x2016, 0x25F },
    { 0x2018, 0x201A, 0x266 },
    { 0x201C, 0x201E, 0x269 },
    { 0x2020, 0x2022, 0x26C },
    { 0x2026, 0x2026, 0x26F },
    { 0x202F, 0x2030, 0x270 },
    { 0x2032, 0x2033, 0x272 },
    { 0x2035, 0x2035, 0x274 },
    { 0x2039, 0x203A, 0x275 },
    { 0x203C, 0x203F, 0x277 },
    { 0x2044, 0x2044, 0x27B },
    { 0x2047, 0x2049, 0x27C },
    { 0x2070, 0x2071, 0x27F },
    { 0x2074, 0x208E, 0x281 },
    { 0x2094, 0x2094, 0x29C },
    { 0x20A1, 0x20A1, 0x29D },
    { 0x20A4, 0x20A4, 0x29E },
    { 0x20A6, 0x20A7, 0x29F },
    { 0x20A9, 0x20A9, 0x2A1 },
    { 0x20AB, 0x20AC, 0x2A2 },
    { 0x20AE, 0x20AE, 0x2A4 },
    { 0x20B1, 0x20B2, 0x2A5 },
    { 0x20B4, 0x20B5, 0x2A7 },
    { 0x20B8, 0x20BA, 0x2A9 },
    { 0x20BD, 0x20BD, 0x2AC },
    { 0x2E22, 0x2E25, 0x2AD },
    { 0x2E3A, 0x2E3B, 0x2B1 },
    { 0xA7B5, 0xA7B5, 0x2B3 },
};
const EpdFont italic_font = {
    italic_fontBitmaps,
    italic_fontGlyphs,
    italic_fontIntervals,
    77,
    1,
    37,
    29,
    -8,
};
