#pragma once
#include "epd_driver.h"
const uint8_t regular_fontBitmaps[33414] = {
    0x78, 0x9C, 0x03, 0x00, 0x00, 0x00, 0x00, 0x01, 0x78, 0x9C, 0xFB, 0xC0, 0xFF, 0x01, 0x27, 0x64,
    0x00, 0x82, 0x0F, 0x0C, 0xFF, 0xF9, 0xFF, 0xF3, 0x7F, 0x60, 0x00, 0x00, 0x8B, 0xB9, 0x11, 0xEF,
    0x78, 0x9C, 0xFB, 0xCF, 0xF0, 0x81, 0xFF, 0x3F, 0x1E, 0x0C, 0x00, 0x0E, 0xA7, 0x0F, 0xF1, 0x78,
    0x9C, 0x5D, 0xCD, 0xD1, 0x09, 0x00, 0x30, 0x08, 0x43, 0xC1, 0xB7, 0x41, 0xF6, 0xDF, 0xB2, 0x1B,
    0xA4, 0x4D, 0xA9, 0x45, 0xF4, 0xE7, 0xC0, 0x04, 0x05, 0xB3, 0x04, 0x85, 0x26, 0x14, 0xCB, 0x19,
    0x3D, 0x92, 0x27, 0x3B, 0xB8, 0x91, 0x3B, 0xDC, 0x86, 0x8B, 0x2C, 0xC5, 0xC7, 0x83, 0xF6, 0x7C,
    0x03, 0x4A, 0xDA, 0x2F, 0xEF, 0x78, 0x9C, 0x65, 0x8E, 0xDB, 0x0D, 0x00, 0x30, 0x08, 0x02, 0xDD,
    0x80, 0xFD, 0xB7, 0x64, 0x03, 0xAA, 0xD2, 0xA6, 0x2F, 0x63, 0x8E, 0x0F, 0x88, 0x18, 0x41, 0x44,
    0xCE, 0x49, 0x09, 0x05, 0x29, 0x89, 0x5C, 0xAA, 0xBD, 0x8F, 0xE5, 0xAE, 0x78, 0x89, 0x9D, 0x29,
    0xD8, 0x81, 0xBB, 0x81, 0x4D, 0x1F, 0xA7, 0x5B, 0xE8, 0x13, 0xEF, 0x27, 0x03, 0xC5, 0x41, 0x30,
    0xD0, 0x78, 0x9C, 0x5D, 0x8E, 0x89, 0x0D, 0x00, 0x30, 0x08, 0x02, 0xDD, 0xC0, 0xFD, 0xB7, 0x74,
    0x03, 0x0A, 0x68, 0x9F, 0xB4, 0xC6, 0xE4, 0x0C, 0x15, 0x89, 0x42, 0xF0, 0x55, 0xB2, 0x01, 0x71,
    0xF5, 0x28, 0x9C, 0x96, 0x98, 0x07, 0xEB, 0xA2, 0x57, 0x7F, 0xD4, 0x17, 0x23, 0x88, 0xF4, 0x6C,
    0x55, 0xE5, 0xB1, 0x91, 0x7E, 0x56, 0x64, 0x36, 0x01, 0x0E, 0x7A, 0xE3, 0xC7, 0x39, 0xBC, 0x03,
    0x22, 0x9E, 0x80, 0x4E, 0xA4, 0xA6, 0x7D, 0x76, 0x5C, 0x5D, 0x8F, 0x05, 0x80, 0x97, 0x46, 0x9C,
    0x78, 0x9C, 0x7D, 0x4E, 0xC9, 0x0D, 0x00, 0x20, 0x0C, 0x62, 0x83, 0xEE, 0xBF, 0x25, 0x1B, 0x60,
    0x80, 0x1A, 0x7F, 0xF6, 0xD1, 0x22, 0xE1, 0x10, 0xA0, 0x06, 0x19, 0x49, 0xB9, 0x14, 0x4A, 0x71,
    0x3E, 0x80, 0x57, 0xFC, 0xEC, 0x58, 0x60, 0x42, 0x26, 0x0A, 0x9C, 0x97, 0xD4, 0xBA, 0x77, 0xA7,
    0xC4, 0x0A, 0x8D, 0xEA, 0x61, 0x5F, 0xC9, 0x8C, 0xDE, 0x3F, 0xDA, 0x9D, 0xBA, 0x76, 0x11, 0x07,
    0xC8, 0x33, 0x41, 0x0B, 0x78, 0x9C, 0xFB, 0xCF, 0xF0, 0x1F, 0x05, 0x02, 0x00, 0x47, 0xC8, 0x07,
    0xF9, 0x78, 0x9C, 0x63, 0x60, 0x00, 0x02, 0x7E, 0x86, 0x0F, 0x60, 0xF4, 0x9F, 0x01, 0x82, 0x3E,
    0xC0, 0x05, 0x90, 0x11, 0x03, 0x2A, 0x17, 0xA6, 0xE6, 0x03, 0x4C, 0x17, 0x94, 0x0F, 0x62, 0x31,
    0x00, 0x00, 0x89, 0x7E, 0x1B, 0x6D, 0x78, 0x9C, 0x63, 0x60, 0x60, 0x60, 0xF8, 0x00, 0xC2, 0xFC,
    0x40, 0xE2, 0x3F, 0x0C, 0xF3, 0x43, 0x04, 0xC0, 0xF8, 0x3F, 0x04, 0x33, 0x10, 0x89, 0xC1, 0xEA,
    0xA1, 0x7A, 0x41, 0xE6, 0xC0, 0x84, 0xA1, 0x42, 0x20, 0x00, 0x00, 0xE3, 0x21, 0x1D, 0xC5, 0x78,
    0x9C, 0x63, 0x60, 0xF8, 0xCF, 0x00, 0x04, 0x30, 0xE2, 0xC3, 0xFF, 0xFF, 0xFF, 0xF9, 0x19, 0x80,
    0x04, 0x88, 0xC9, 0x0F, 0x25, 0xFE, 0x43, 0xA4, 0x3F, 0x30, 0x00, 0x00, 0x79, 0x2B, 0x10, 0xE1,
    0x78, 0x9C, 0x63, 0x60, 0xF8, 0xC0, 0xCF, 0x00, 0x02, 0x04, 0xA9, 0xFF, 0x60, 0xC0, 0x0F, 0xA5,
    0x80, 0x82, 0xFF, 0x89, 0xD3, 0x07, 0x00, 0xDB, 0x37, 0x18, 0xF7, 0x78, 0x9C, 0x63, 0xF8, 0xCF,
    0xF0, 0xE1, 0x3F, 0x3F, 0x10, 0x31, 0x7C, 0x00, 0xA3, 0xFF, 0x60, 0x9A, 0x01, 0x04, 0x00, 0xA9,
    0xAD, 0x09, 0xE8, 0x78, 0x9C, 0x63, 0x60, 0x60, 0x60, 0xF8, 0xFF, 0xFF, 0x3F, 0x3F, 0x08, 0x03,
    0x00, 0x1E, 0x48, 0x06, 0x19, 0x78, 0x9C, 0xFB, 0xC0, 0xF0, 0x9F, 0xFF, 0x3F, 0xFF, 0x07, 0x06,
    0x00, 0x13, 0xD6, 0x03, 0xFD, 0x78, 0x9C, 0x63, 0x60, 0x60, 0x60, 0xF8, 0x0F, 0xC4, 0x0C, 0xFC,
    0x40, 0xFC, 0x01, 0x41, 0x30, 0xC0, 0xC4, 0x11, 0x04, 0x5E, 0x15, 0x68, 0x92, 0x84, 0x55, 0xC0,
    0xC5, 0x01, 0x87, 0x50, 0x15, 0xEB, 0x78, 0x9C, 0x75, 0x8C, 0xB1, 0x0D, 0x00, 0x30, 0x0C, 0xC2,
    0xFC, 0x41, 0xFE, 0xFF, 0x32, 0x1F, 0xD0, 0x06, 0x32, 0xB6, 0x8B, 0x41, 0x42, 0x18, 0x24, 0xB8,
    0x98, 0x50, 0xB5, 0xE8, 0x94, 0x82, 0x2E, 0x0D, 0xF5, 0x20, 0xFE, 0xF0, 0x59, 0xCD, 0x18, 0x62,
    0x8B, 0x79, 0x27, 0x1F, 0x0F, 0x57, 0x14, 0x37, 0xBA, 0x78, 0x9C, 0x63, 0x60, 0xF8, 0xCF, 0xC0,
    0xC0, 0xF0, 0xE1, 0x3F, 0x82, 0x64, 0x60, 0xA0, 0x32, 0xC9, 0x0F, 0xC4, 0x20, 0xC0, 0x0F, 0x21,
    0x01, 0x17, 0xAF, 0x1E, 0xF1, 0x78, 0x9C, 0x63, 0x60, 0xF8, 0xFF, 0x9F, 0x9F, 0x81, 0x01, 0x48,
    0xFE, 0xFF, 0xCF, 0xC0, 0xF0, 0x01, 0x88, 0x81, 0xDC, 0x0F, 0xFC, 0x10, 0x26, 0x03, 0x01, 0x8A,
    0x1F, 0x4C, 0xFD, 0x87, 0x52, 0xC8, 0x52, 0xB8, 0xC5, 0xD0, 0x38, 0x20, 0xC0, 0x0F, 0xA5, 0x00,
    0xA5, 0x81, 0x2C, 0xA7, 0x78, 0x9C, 0x6D, 0xCE, 0x8B, 0x09, 0x00, 0x30, 0x08, 0x43, 0xC1, 0xB7,
    0x81, 0xFB, 0x6F, 0xE9, 0x06, 0xA9, 0x24, 0x85, 0xD2, 0x52, 0x41, 0x0F, 0x04, 0x3F, 0x20, 0x15,
    0x4C, 0xB5, 0x93, 0x12, 0xB8, 0x83, 0xE3, 0x47, 0x07, 0x0F, 0xB6, 0xC4, 0x01, 0xF4, 0x0C, 0xD4,
    0x4D, 0x57, 0x50, 0xB6, 0xEC, 0xB3, 0x79, 0x62, 0x01, 0xAB, 0x5E, 0x28, 0x33, 0x78, 0x9C, 0x75,
    0xCC, 0xC1, 0x09, 0x00, 0x30, 0x08, 0x03, 0xC0, 0x6C, 0x90, 0xFD, 0xB7, 0xCC, 0x06, 0xA9, 0x8D,
    0x22, 0xFD, 0x54, 0x30, 0x27, 0x22, 0x02, 0x80, 0x59, 0x01, 0x35, 0x7E, 0x11, 0xC5, 0x1C, 0x34,
    0xB8, 0x68, 0x60, 0x70, 0x4F, 0xDE, 0x45, 0xB5, 0x53, 0x1C, 0xF2, 0x3B, 0xF9, 0xE5, 0x00, 0x09,
    0x35, 0x2A, 0x13, 0x78, 0x9C, 0x63, 0xF8, 0x0F, 0x02, 0x0C, 0x0C, 0x30, 0x8A, 0x01, 0x0C, 0xF0,
    0x52, 0x1F, 0xFE, 0xF3, 0x33, 0x40, 0x34, 0xF0, 0x83, 0x05, 0xFF, 0x43, 0x24, 0x3E, 0x10, 0xA3,
    0x97, 0xE1, 0x03, 0x44, 0x25, 0xD8, 0x2E, 0x7E, 0x88, 0x29, 0x60, 0x11, 0x10, 0x07, 0x00, 0xA3,
    0xEB, 0x2C, 0xC5, 0x78, 0x9C, 0x65, 0x8D, 0xC1, 0x0D, 0x00, 0x30, 0x08, 0x02, 0xD9, 0xC0, 0xFD,
    0xB7, 0x64, 0x03, 0x0A, 0xD8, 0x4F, 0xD3, 0xCF, 0x69, 0xCC, 0x81, 0x00, 0x35, 0x30, 0xE4, 0x21,
    0x81, 0x26, 0x90, 0x43, 0x39, 0xA1, 0x1E, 0xB2, 0x62, 0xFC, 0x46, 0xE6, 0xC6, 0x3F, 0x72, 0xA9,
    0xB6, 0xD4, 0xEC, 0x97, 0x74, 0x78, 0x3D, 0xA5, 0xD6, 0x34, 0x18, 0x78, 0x9C, 0x63, 0x60, 0x00,
    0x81, 0xFF, 0x48, 0x00, 0xC4, 0xFF, 0xC0, 0x0F, 0x16, 0x85, 0x90, 0x08, 0x81, 0x0F, 0x08, 0x01,
    0xA8, 0x30, 0x86, 0x24, 0x8A, 0x4E, 0x5C, 0x24, 0x10, 0x03, 0x00, 0xB8, 0xF3, 0x1E, 0x2E, 0x78,
    0x9C, 0x65, 0x8D, 0x01, 0x0A, 0x00, 0x30, 0x08, 0x02, 0xFD, 0x81, 0xFF, 0xFF, 0xA5, 0x3F, 0x70,
    0xE6, 0xC6, 0x60, 0x0C, 0xE2, 0x30, 0xCB, 0x02, 0x6C, 0x22, 0xB0, 0x43, 0xA6, 0x54, 0x31, 0xD4,
    0x43, 0x6C, 0xA6, 0x89, 0xB8, 0xA9, 0x1A, 0xCA, 0x3E, 0x67, 0x3A, 0xA6, 0xFC, 0x53, 0xE7, 0x78,
    0xBF, 0xD4, 0x5C, 0x46, 0x34, 0x39, 0xC7, 0x78, 0x9C, 0x65, 0x8C, 0xC1, 0x09, 0x00, 0x31, 0x0C,
    0xC3, 0xBC, 0x81, 0xF7, 0xDF, 0x32, 0x1B, 0xA8, 0x8E, 0x7B, 0x9F, 0xA3, 0x21, 0x08, 0x0B, 0x9C,
    0x68, 0x40, 0x12, 0x60, 0x0D, 0x5D, 0x47, 0x1D, 0x4D, 0x2A, 0x79, 0xD9, 0x66, 0xB8, 0x93, 0xE4,
    0xD9, 0x1F, 0xFA, 0xD1, 0x4B, 0x2E, 0xD7, 0x5A, 0xFC, 0xCE, 0x83, 0x03, 0x19, 0xF6, 0x38, 0x7D,
    0x78, 0x9C, 0xFB, 0xC0, 0xF0, 0x9F, 0xFF, 0x3F, 0xFF, 0x07, 0x06, 0x54, 0xF0, 0x01, 0x2A, 0x0A,
    0x00, 0x7F, 0x62, 0x07, 0xF9, 0x78, 0x9C, 0x63, 0xE0, 0x67, 0xF8, 0xF0, 0x1F, 0x84, 0x18, 0xF8,
    0x19, 0x70, 0x02, 0x90, 0x02, 0x7E, 0x06, 0x20, 0xFA, 0x00, 0x46, 0xFF, 0xC1, 0x34, 0x58, 0x06,
    0x00, 0x7D, 0x2A, 0x0C, 0xF4, 0x78, 0x9C, 0x63, 0x60, 0x40, 0x80, 0x0F, 0x10, 0xF2, 0x3F, 0x88,
    0xFC, 0xFF, 0x9F, 0x1F, 0x46, 0x7E, 0xF8, 0x0F, 0x15, 0x61, 0x40, 0xA2, 0xA0, 0x82, 0x30, 0x85,
    0x08, 0xFA, 0xC3, 0x7F, 0x64, 0xC3, 0x80, 0x00, 0x00, 0xA5, 0xC7, 0x17, 0xCB, 0x78, 0x9C, 0x63,
    0x60, 0x00, 0x83, 0xFF, 0x60, 0xC0, 0x0F, 0xA5, 0x18, 0xF0, 0x00, 0x54, 0x95, 0x00, 0xBB, 0x9F,
    0x18, 0x25, 0x78, 0x9C, 0x63, 0x60, 0x00, 0x03, 0x7E, 0x08, 0xF5, 0xFF, 0x3F, 0x98, 0xFA, 0x00,
    0xA5, 0x81, 0x7C, 0x7E, 0x14, 0xFA, 0xC3, 0x7F, 0x24, 0x0A, 0x22, 0x08, 0x26, 0xA1, 0x1A, 0xA0,
    0xDA, 0xA0, 0x86, 0x41, 0x01, 0x00, 0x52, 0xDE, 0x16, 0x09, 0x78, 0x9C, 0x63, 0xF8, 0xF0, 0xFF,
    0x3F, 0x03, 0x10, 0xFF, 0xE7, 0xFF, 0xCF, 0xCF, 0x00, 0x64, 0x32, 0x00, 0x39, 0xA8, 0x04, 0x3F,
    0x90, 0x00, 0xCA, 0x21, 0xF3, 0x18, 0xA0, 0x04, 0x98, 0xC7, 0x00, 0x26, 0x10, 0x80, 0x1F, 0x45,
    0x3B, 0x88, 0x0B, 0x00, 0x31, 0xFE, 0x1B, 0xC7, 0x78, 0x9C, 0x7D, 0x8F, 0xD1, 0x11, 0x00, 0x20,
    0x08, 0x42, 0xD9, 0xC0, 0xFD, 0xB7, 0x74, 0x03, 0x52, 0x30, 0xFB, 0xCB, 0xBB, 0xBC, 0x17, 0x1D,
    0x86, 0x00, 0x90, 0x24, 0xA1, 0x6A, 0x32, 0x27, 0x63, 0x1A, 0xD4, 0x8A, 0x7D, 0xBA, 0x78, 0xC5,
    0x92, 0x02, 0x23, 0x16, 0xA6, 0x3D, 0xFD, 0xDC, 0xE8, 0x59, 0x8D, 0x65, 0xB4, 0x20, 0xE3, 0x22,
    0x3E, 0x18, 0x46, 0xDD, 0x64, 0xCB, 0x45, 0x52, 0xBF, 0xD2, 0x01, 0x39, 0x13, 0x1D, 0x66, 0x33,
    0x4E, 0xCE, 0xC5, 0xC7, 0xC9, 0xB7, 0x8A, 0x16, 0x8E, 0xD5, 0x45, 0x07, 0xC5, 0x74, 0x5E, 0x75,
    0x78, 0x9C, 0x5D, 0xCD, 0x89, 0x0D, 0x00, 0x20, 0x08, 0x03, 0xC0, 0x6E, 0xC0, 0xFE, 0x5B, 0xB2,
    0x41, 0x85, 0x56, 0xE2, 0xD3, 0x60, 0x2E, 0x12, 0x53, 0x01, 0x30, 0xA0, 0x90, 0x8F, 0x19, 0x63,
    0xC6, 0x2D, 0x47, 0x24, 0x6D, 0x8F, 0x2E, 0x32, 0xDC, 0x98, 0x73, 0x58, 0xE9, 0x9D, 0xE2, 0x37,
    0x38, 0xEE, 0x8E, 0xAF, 0xBB, 0xFE, 0xB6, 0x5C, 0x62, 0xD5, 0x31, 0xED, 0x78, 0x9C, 0x6D, 0x8C,
    0xB1, 0x0D, 0x00, 0x30, 0x08, 0xC3, 0xF2, 0x41, 0xFE, 0xFF, 0x92, 0x0F, 0xDC, 0x42, 0x2A, 0x75,
    0x61, 0x32, 0x52, 0x6C, 0x00, 0x2C, 0xC1, 0x30, 0xA7, 0x90, 0x54, 0x81, 0x36, 0xF4, 0xD6, 0xA6,
    0xD3, 0xFD, 0x7C, 0x36, 0xC7, 0x0C, 0x6A, 0xC3, 0xDD, 0x1C, 0x33, 0xFD, 0xFB, 0x72, 0x00, 0x44,
    0x91, 0x3F, 0x2B, 0x78, 0x9C, 0x63, 0x60, 0x60, 0xF8, 0xFF, 0x9F, 0x9F, 0x81, 0x01, 0x44, 0x81,
    0x19, 0x1F, 0xFE, 0x03, 0x99, 0xFC, 0x10, 0xCC, 0xC0, 0x0F, 0xE6, 0x82, 0xC0, 0x07, 0x7E, 0x08,
    0xFD, 0x9F, 0x42, 0x1A, 0x66, 0x0E, 0xCC, 0x5C, 0x98, 0x3D, 0x10, 0x7B, 0xFF, 0x23, 0xDC, 0x01,
    0x75, 0x17, 0x00, 0x32, 0xBD, 0x23, 0xA1, 0x78, 0x9C, 0xFB, 0xFF, 0xFF, 0xFF, 0x7F, 0x06, 0x06,
    0x86, 0xFF, 0xFF, 0xC1, 0xF4, 0x7F, 0x7E, 0x86, 0x0F, 0x40, 0x1A, 0x24, 0xF2, 0x01, 0x42, 0x01,
    0x85, 0xC0, 0xD4, 0x07, 0x28, 0xF5, 0x9F, 0x4C, 0x8A, 0x1F, 0xC9, 0x30, 0x90, 0xD1, 0x20, 0x8B,
    0xF8, 0xE1, 0xD6, 0x42, 0x1C, 0x01, 0x00, 0x6A, 0xA7, 0x3E, 0x59, 0x78, 0x9C, 0xFB, 0xFF, 0x1F,
    0x08, 0xF8, 0xFF, 0x43, 0x48, 0x7E, 0x06, 0x20, 0xF8, 0xCF, 0x80, 0x97, 0x84, 0xA8, 0x01, 0x29,
    0x87, 0x91, 0xF8, 0xD5, 0xA3, 0xE9, 0x82, 0xD9, 0x05, 0x00, 0x38, 0xDB, 0x2A, 0x5E, 0x78, 0x9C,
    0xFB, 0xFF, 0x1F, 0x08, 0xF8, 0xFF, 0x43, 0x48, 0x7E, 0x06, 0x20, 0xF8, 0xCF, 0x40, 0x04, 0x09,
    0x52, 0x0E, 0x23, 0x89, 0xD7, 0x85, 0x44, 0x02, 0x00, 0x02, 0x8A, 0x22, 0x39, 0x78, 0x9C, 0x7D,
    0x8E, 0x81, 0x09, 0x00, 0x30, 0x08, 0xC3, 0xFA, 0x81, 0xFF, 0x7F, 0xE9, 0x07, 0x9D, 0xB6, 0x8E,
    0x31, 0x06, 0x13, 0x24, 0x41, 0x41, 0x0B, 0x80, 0x0C, 0xA0, 0x21, 0x49, 0xBA, 0x35, 0x0C, 0x69,
    0x57, 0x86, 0xC9, 0x0F, 0xEB, 0xC0, 0xC5, 0xB2, 0x87, 0xB9, 0x49, 0xD3, 0x0B, 0x9E, 0xBF, 0xCA,
    0xC1, 0x09, 0x04, 0x2C, 0xA0, 0xC4, 0x32, 0x38, 0x78, 0x9C, 0xFB, 0xCF, 0x00, 0x02, 0xFF, 0xFF,
    0x93, 0x4C, 0xF1, 0x03, 0xC9, 0x0F, 0xFF, 0xD1, 0x00, 0xB9, 0x86, 0x41, 0x28, 0x00, 0x07, 0x86,
    0x32, 0xCE, 0x78, 0x9C, 0xFB, 0xCF, 0xF0, 0x9F, 0x28, 0x08, 0x00, 0xA2, 0x93, 0x13, 0xED, 0x78,
    0x9C, 0x63, 0x60, 0x60, 0x60, 0xF8, 0xC0, 0xCF, 0x40, 0x3B, 0x12, 0x48, 0xFF, 0xE7, 0xFF, 0xF0,
    0x1F, 0x44, 0x32, 0xFC, 0x07, 0x02, 0xA0, 0xE8, 0x7F, 0x20, 0x13, 0x00, 0xDF, 0x2B, 0x1A, 0x14,
    0x78, 0x9C, 0x55, 0xCE, 0xC1, 0x0D, 0x00, 0x20, 0x08, 0x03, 0xC0, 0x6E, 0xD0, 0xFD, 0xB7, 0x64,
    0x83, 0x5A, 0xA8, 0x92, 0xE8, 0x83, 0xB3, 0x09, 0x82, 0x82, 0x8F, 0x08, 0x99, 0x72, 0x19, 0x19,
    0x15, 0x6B, 0xEE, 0x89, 0x76, 0x62, 0xCB, 0xA8, 0x64, 0x3D, 0x99, 0xBE, 0xDB, 0xE0, 0x50, 0x3B,
    0xEB, 0x9F, 0xBB, 0xFB, 0xB0, 0xE6, 0x1F, 0xFD, 0x32, 0x0A, 0x07, 0x56, 0xB2, 0x33, 0x0A, 0x78,
    0x9C, 0xFB, 0xCF, 0x00, 0x02, 0xFF, 0x69, 0x4D, 0xF2, 0x83, 0x49, 0x10, 0xE0, 0x87, 0x90, 0x00,
    0x1D, 0x1A, 0x1C, 0x12, 0x78, 0x9C, 0x6D, 0xCD, 0xC1, 0x09, 0x00, 0x30, 0x08, 0x04, 0x41, 0x3B,
    0xB0, 0xFF, 0x2E, 0xAF, 0x83, 0xCD, 0x85, 0x28, 0x26, 0x10, 0x41, 0xE7, 0xB3, 0x20, 0x19, 0x1E,
    0x01, 0x5B, 0x3E, 0x3A, 0x50, 0x82, 0xCA, 0x68, 0x1D, 0xF8, 0x8C, 0x6A, 0xD3, 0xE9, 0x65, 0xB4,
    0xEC, 0x82, 0x59, 0xB5, 0xF9, 0x7A, 0x1E, 0x97, 0x0B, 0x81, 0x35, 0x46, 0xBA, 0x78, 0x9C, 0x5D,
    0xCD, 0xB1, 0x0D, 0x00, 0x30, 0x0C, 0x02, 0x41, 0x6F, 0xC0, 0xFE, 0x5B, 0xB2, 0xC1, 0x87, 0x74,
    0xD8, 0x34, 0x27, 0x7D, 0x03, 0x9A, 0x0C, 0xD8, 0xA8, 0x19, 0x16, 0x56, 0xF3, 0x6B, 0x91, 0x5A,
    0xA4, 0x36, 0xA6, 0x39, 0xAF, 0xE6, 0x01, 0x37, 0x27, 0x3C, 0xC4, 0x78, 0x9C, 0xA5, 0x4E, 0x09,
    0x0D, 0x00, 0x40, 0x08, 0xA2, 0x81, 0xFD, 0x5B, 0xDA, 0x80, 0x13, 0x99, 0x14, 0x38, 0xA7, 0x1B,
    0x7E, 0x00, 0xD0, 0x64, 0x41, 0x41, 0x1A, 0x91, 0x2E, 0xB8, 0xAB, 0xB9, 0xD0, 0xBA, 0x4B, 0x29,
    0x40, 0xDC, 0xC7, 0x17, 0x18, 0x9E, 0x10, 0x46, 0x22, 0xA2, 0x3B, 0x5A, 0x1B, 0x31, 0x76, 0x56,
    0x1F, 0x8E, 0xC7, 0x37, 0x42, 0x78, 0x9C, 0xFB, 0xFF, 0xFF, 0xFF, 0x7F, 0x7E, 0x06, 0x86, 0xFF,
    0xFF, 0xC1, 0x34, 0x84, 0xC9, 0xF0, 0x9F, 0x81, 0x81, 0xE1, 0x03, 0x84, 0x62, 0xC0, 0x43, 0x41,
    0x95, 0x80, 0xF4, 0x41, 0xB5, 0x43, 0x0D, 0xE3, 0x67, 0x80, 0x28, 0x22, 0x91, 0x02, 0x00, 0x79,
    0x13, 0x2D, 0x1F, 0x78, 0x9C, 0xA5, 0x8F, 0x8B, 0x11, 0x00, 0x20, 0x08, 0x42, 0xD9, 0xC0, 0xFD,
    0xB7, 0x74, 0x03, 0x0A, 0x0C, 0x17, 0xA8, 0x2B, 0x8F, 0x7B, 0xE1, 0x0F, 0x68, 0xB2, 0xA0, 0x43,
    0x8E, 0x6A, 0x4A, 0x0B, 0xD4, 0x04, 0x81, 0x8B, 0x4B, 0x77, 0xFE, 0x93, 0xF1, 0x2B, 0xB6, 0xE0,
    0xB6, 0x80, 0x85, 0x0C, 0x7A, 0xC6, 0x9D, 0xC1, 0xAC, 0x9C, 0xF9, 0xFC, 0xB1, 0xBE, 0xF1, 0x17,
    0x65, 0x23, 0xAD, 0x76, 0x00, 0xC8, 0x47, 0x42, 0x28, 0x78, 0x9C, 0x7D, 0xCD, 0xC1, 0x0D, 0x00,
    0x20, 0x08, 0x43, 0xD1, 0xBF, 0x41, 0xF7, 0xDF, 0x92, 0x0D, 0x6A, 0xB0, 0x68, 0x3C, 0x79, 0x7A,
    0x84, 0x50, 0x6A, 0xDB, 0x02, 0x7B, 0x9B, 0x11, 0x03, 0x15, 0xF8, 0xD0, 0x27, 0x1D, 0x50, 0xE2,
    0xF9, 0xD2, 0x0B, 0x18, 0x6A, 0xF0, 0x86, 0x83, 0xDE, 0x86, 0x5B, 0xA4, 0x05, 0x92, 0xF8, 0x38,
    0x05, 0x78, 0x9C, 0x75, 0xCD, 0xC1, 0x09, 0x00, 0x20, 0x0C, 0x43, 0xD1, 0x6C, 0x90, 0xFD, 0xB7,
    0xEC, 0x06, 0x5F, 0xFD, 0x27, 0x11, 0xBC, 0xF4, 0x85, 0x92, 0xD2, 0x04, 0x48, 0x32, 0x28, 0xDD,
    0xA9, 0xE3, 0x26, 0x92, 0x87, 0x53, 0x11, 0xF8, 0xD8, 0xBB, 0x36, 0x0F, 0x06, 0x8A, 0x8F, 0xBC,
    0xF2, 0xCE, 0xB9, 0x00, 0x11, 0x22, 0x31, 0xC0, 0x78, 0x9C, 0xFB, 0xFF, 0x1F, 0x19, 0x30, 0x30,
    0x30, 0xFC, 0xE7, 0x67, 0x00, 0x81, 0xFF, 0x0C, 0xF4, 0xA7, 0x00, 0xC0, 0x93, 0x1F, 0xF0, 0x78,
    0x9C, 0xFB, 0xCF, 0x00, 0x02, 0xFF, 0xFF, 0x53, 0x95, 0xE2, 0x07, 0x92, 0x1F, 0xD0, 0xA8, 0x0F,
    0x60, 0x8A, 0xFF, 0x03, 0x48, 0x0D, 0x50, 0x08, 0x88, 0x40, 0xCC, 0xFF, 0x20, 0x00, 0xD6, 0x03,
    0x24, 0x01, 0xD0, 0xB0, 0x30, 0xD0, 0x78, 0x9C, 0x55, 0xCD, 0x81, 0x09, 0x00, 0x30, 0x08, 0x03,
    0x30, 0x3F, 0xE8, 0xFF, 0x5F, 0xFA, 0x41, 0xB7, 0xD9, 0xC2, 0xAA, 0xA0, 0x01, 0x15, 0x25, 0xEA,
    0x06, 0x41, 0xDB, 0xB2, 0x9A, 0xE1, 0x2B, 0x23, 0x42, 0xE7, 0xEA, 0xC5, 0x6E, 0xDE, 0xC0, 0xD2,
    0xBF, 0x1A, 0x33, 0xFE, 0x52, 0x96, 0xC6, 0xF6, 0x00, 0xC4, 0x0A, 0x2C, 0x11, 0x78, 0x9C, 0x7D,
    0xCD, 0xC1, 0x09, 0x00, 0x30, 0x08, 0x03, 0xC0, 0x6C, 0xE0, 0xFE, 0x5B, 0x66, 0x83, 0xB4, 0x44,
    0x85, 0x4A, 0xC1, 0x4F, 0x38, 0x30, 0x2A, 0x03, 0x80, 0x1C, 0xE0, 0x6B, 0x95, 0x39, 0x7D, 0x47,
    0xB7, 0xE7, 0x58, 0x1C, 0xC3, 0xBE, 0xEC, 0xFD, 0x36, 0x36, 0xE7, 0x35, 0x5B, 0xB6, 0xFF, 0xA3,
    0x1C, 0x9F, 0xB3, 0xB9, 0x9A, 0xEA, 0x38, 0x2A, 0xA0, 0x51, 0xA0, 0x78, 0x9C, 0x3D, 0x8D, 0xD1,
    0x15, 0x00, 0x20, 0x08, 0x02, 0xD9, 0xC0, 0xFD, 0xB7, 0x74, 0x03, 0x52, 0x90, 0x3E, 0x8A, 0xBA,
    0xF3, 0x49, 0x13, 0x40, 0xCF, 0xA5, 0xAC, 0xC9, 0x3B, 0x7A, 0xDB, 0xAD, 0xDE, 0xCF, 0xA2, 0x95,
    0x54, 0x76, 0x09, 0x8F, 0x75, 0xC2, 0xF8, 0x67, 0x38, 0x6F, 0x8E, 0x16, 0xD9, 0x97, 0xFD, 0xE9,
    0x3B, 0xD6, 0xE9, 0x74, 0x17, 0x1E, 0x40, 0x60, 0x2F, 0xD1, 0x78, 0x9C, 0xFB, 0xCF, 0xCF, 0xC0,
    0xC0, 0xF0, 0xE1, 0x3F, 0x08, 0x21, 0xD1, 0x40, 0x41, 0x10, 0xFD, 0x9F, 0x1F, 0x8A, 0x21, 0x62,
    0x70, 0x35, 0x20, 0x3D, 0x40, 0xC1, 0xFF, 0x10, 0x9A, 0x1F, 0x24, 0x0C, 0x92, 0x80, 0xD1, 0x60,
    0x61, 0x06, 0x06, 0x38, 0xCD, 0x40, 0x01, 0x0D, 0x00, 0xCD, 0x6A, 0x25, 0xCC, 0x78, 0x9C, 0xFB,
    0xF0, 0x1F, 0x04, 0xF8, 0x3F, 0x40, 0x28, 0x06, 0x10, 0xF8, 0x0F, 0x26, 0x3F, 0x40, 0x29, 0xA8,
    0x18, 0x3F, 0x21, 0xB1, 0xFF, 0x48, 0x62, 0x0C, 0x58, 0xC5, 0xB0, 0x19, 0x01, 0xB1, 0x16, 0x4A,
    0x01, 0x00, 0xAF, 0x58, 0x2D, 0xE2, 0x78, 0x9C, 0xFB, 0xFF, 0x9F, 0xFF, 0x3F, 0x03, 0x03, 0x15,
    0xD0, 0x7F, 0x7E, 0x06, 0x06, 0x06, 0x00, 0x6C, 0xCE, 0x1B, 0x04, 0x78, 0x9C, 0xFB, 0xC0, 0x00,
    0x04, 0x1F, 0xF8, 0x51, 0x08, 0x06, 0x30, 0xF1, 0x1F, 0x4E, 0x7C, 0x60, 0xC0, 0x2B, 0x4D, 0x8C,
    0x1A, 0x34, 0x69, 0x64, 0x35, 0x00, 0xB5, 0x22, 0x15, 0xEB, 0x78, 0x9C, 0xFB, 0xF0, 0xFF, 0x3F,
    0x03, 0x03, 0x15, 0xD0, 0x07, 0x90, 0x39, 0x0C, 0x00, 0x85, 0x10, 0x1C, 0xC6, 0x78, 0x9C, 0x63,
    0x60, 0x80, 0x80, 0x0F, 0xFF, 0x41, 0xE4, 0x7F, 0x08, 0xF9, 0x01, 0x42, 0xF2, 0x03, 0x85, 0xF9,
    0x21, 0x24, 0x03, 0x50, 0x02, 0x0D, 0xC1, 0xA4, 0xC0, 0xE4, 0x7F, 0x00, 0xDB, 0x2E, 0x16, 0xBD,
    0x78, 0x9C, 0x63, 0x60, 0x00, 0x83, 0xFF, 0x28, 0x00, 0x00, 0x68, 0xAC, 0x0D, 0xF3, 0x78, 0x9C,
    0x63, 0x60, 0x60, 0x60, 0xF8, 0xC0, 0x0F, 0xC4, 0xFF, 0x81, 0x8C, 0xFF, 0x70, 0x06, 0x03, 0x08,
    0x00, 0x00, 0x67, 0xA5, 0x06, 0xEB, 0x78, 0x9C, 0x55, 0x8C, 0xC9, 0x0D, 0x00, 0x30, 0x0C, 0xC2,
    0xD8, 0x80, 0xFD, 0xB7, 0x64, 0x03, 0x6A, 0xFA, 0x6A, 0xA3, 0xC8, 0x91, 0x38, 0xA2, 0xB4, 0x12,
    0xE0, 0xE4, 0xEE, 0xA6, 0xFE, 0x89, 0x6B, 0xE0, 0x7A, 0x81, 0x78, 0xDA, 0xCB, 0x39, 0x74, 0xBD,
    0x3F, 0x59, 0x12, 0xFD, 0x00, 0x37, 0xD0, 0x29, 0x23, 0x78, 0x9C, 0xFB, 0xCF, 0x00, 0x06, 0xFF,
    0x89, 0xA1, 0x3E, 0xFC, 0xE7, 0x07, 0x52, 0x20, 0xC0, 0xCF, 0x00, 0xC6, 0x60, 0x04, 0x14, 0x86,
    0x28, 0x21, 0x9A, 0x02, 0x69, 0x80, 0xEA, 0x03, 0x72, 0xC1, 0x86, 0xFD, 0x07, 0xB3, 0xC0, 0xA6,
    0x32, 0x00, 0x00, 0xFF, 0x79, 0x31, 0x0C, 0x78, 0x9C, 0x63, 0x60, 0xF8, 0xFF, 0x9F, 0x9F, 0x81,
    0xE1, 0xC3, 0x7F, 0x10, 0x05, 0x44, 0x1F, 0x80, 0x4C, 0x06, 0x20, 0xF8, 0xC0, 0x0F, 0x22, 0xFF,
    0x23, 0x93, 0x0C, 0x18, 0x22, 0x60, 0xF2, 0x03, 0x5C, 0x02, 0xA8, 0xE7, 0x3F, 0xD8, 0x1C, 0xB0,
    0x99, 0x00, 0xEF, 0x0C, 0x1B, 0x4F, 0x78, 0x9C, 0x63, 0x60, 0x00, 0x82, 0xFF, 0x0C, 0x0C, 0xC4,
    0x50, 0xFF, 0xFF, 0x83, 0xA8, 0xFF, 0x20, 0x00, 0xA4, 0xF8, 0x41, 0xFC, 0x0F, 0x60, 0x71, 0x86,
    0x0F, 0xFC, 0x60, 0xEA, 0x3F, 0x2A, 0xC5, 0x80, 0x4D, 0x10, 0x42, 0x81, 0xF4, 0x7D, 0x00, 0x51,
    0x60, 0x53, 0x40, 0x66, 0xF2, 0xC3, 0x6D, 0x00, 0x00, 0xCA, 0xF9, 0x31, 0x0C, 0x78, 0x9C, 0x4D,
    0x8A, 0xC9, 0x0D, 0x00, 0x30, 0x08, 0xC3, 0xBC, 0x01, 0xFB, 0x6F, 0xC9, 0x06, 0x2E, 0x47, 0x55,
    0x95, 0x87, 0x45, 0x12, 0x83, 0x06, 0xA4, 0x0A, 0xF5, 0x19, 0xD9, 0x71, 0xF9, 0xA6, 0xEF, 0xAA,
    0x19, 0x91, 0xB6, 0x86, 0x72, 0xAB, 0xCA, 0xB9, 0x46, 0xE3, 0x00, 0xAF, 0x1C, 0x29, 0x14, 0x78,
    0x9C, 0x63, 0x60, 0xF8, 0xFF, 0x9F, 0x81, 0xE1, 0x03, 0x88, 0xF8, 0xCF, 0xCF, 0x80, 0x42, 0x30,
    0x40, 0x89, 0xFF, 0xFF, 0x81, 0x7C, 0x30, 0x81, 0x26, 0x41, 0x3A, 0x01, 0x00, 0x3F, 0xBE, 0x1D,
    0x2F, 0x78, 0x9C, 0x6D, 0x8C, 0x01, 0x0A, 0x00, 0x30, 0x08, 0x02, 0xEF, 0x07, 0xFD, 0xFF, 0x97,
    0xFD, 0xC0, 0x85, 0x6E, 0xB0, 0xC1, 0x22, 0x3A, 0x30, 0x95, 0xD6, 0x4C, 0x21, 0xA3, 0xC5, 0x2C,
    0x5D, 0x30, 0xDA, 0x17, 0xC4, 0xE2, 0x40, 0x40, 0x02, 0x17, 0xB4, 0xE1, 0xE6, 0x54, 0xE7, 0xA7,
    0xD2, 0x0B, 0xD9, 0x7D, 0x9C, 0xED, 0xBB, 0x00, 0xE5, 0x05, 0x40, 0x0C, 0x78, 0x9C, 0xFB, 0xCF,
    0x00, 0x02, 0xFF, 0x09, 0x90, 0x1F, 0xFE, 0xF3, 0x33, 0xFC, 0xFF, 0xF0, 0xFF, 0xFF, 0x7F, 0x86,
    0xFF, 0x20, 0x16, 0x3F, 0x90, 0x60, 0xF8, 0x00, 0x23, 0x19, 0xC8, 0x27, 0x01, 0x9C, 0x6F, 0x29,
    0x05, 0x78, 0x9C, 0xFB, 0xCF, 0xFF, 0x1F, 0x08, 0x19, 0xC0, 0xE0, 0x03, 0x3F, 0x3E, 0x08, 0x00,
    0x6C, 0xCB, 0x12, 0x1C, 0x78, 0x9C, 0x63, 0x60, 0xF8, 0xCF, 0xCF, 0x00, 0xC7, 0xC8, 0xE0, 0x03,
    0x3F, 0x65, 0x18, 0x61, 0xEE, 0x87, 0xFF, 0xFF, 0x19, 0x3E, 0x00, 0x99, 0x00, 0xC6, 0x74, 0x1B,
    0x31, 0x78, 0x9C, 0x85, 0x8C, 0xC1, 0x09, 0x00, 0x30, 0x0C, 0x02, 0xB3, 0x41, 0xF6, 0xDF, 0xD2,
    0x0D, 0xAE, 0xD1, 0x40, 0xFB, 0xAC, 0xC8, 0x11, 0x44, 0x43, 0x59, 0x7C, 0x49, 0x0F, 0x85, 0x6F,
    0xB5, 0x19, 0x2B, 0xA4, 0x2F, 0x59, 0xBA, 0x4C, 0xA2, 0xF1, 0xF6, 0x77, 0x5B, 0xBC, 0x6F, 0x13,
    0x1D, 0x2E, 0x29, 0x2B, 0x12, 0x78, 0x9C, 0xFB, 0xCF, 0xF0, 0x9F, 0x30, 0xE4, 0xFF, 0xFF, 0xFF,
    0xC3, 0x7F, 0x00, 0xD0, 0x94, 0x16, 0xEA, 0x78, 0x9C, 0xAD, 0xC8, 0x41, 0x11, 0x00, 0x30, 0x0C,
    0x02, 0x41, 0x1C, 0xE0, 0xDF, 0x25, 0x0E, 0xAE, 0x34, 0xF9, 0x54, 0x40, 0x1F, 0x30, 0x0B, 0x28,
    0x78, 0x42, 0x00, 0x6D, 0x5C, 0xF7, 0x71, 0xAB, 0x4B, 0xCA, 0xCA, 0x23, 0xBD, 0xCA, 0x15, 0xBF,
    0x75, 0x00, 0x81, 0x79, 0x40, 0x84, 0x78, 0x9C, 0xFB, 0xCF, 0xF0, 0xE1, 0x3F, 0x3F, 0xC3, 0xFF,
    0x0F, 0xFF, 0xFF, 0xFF, 0x67, 0xF8, 0x0F, 0x62, 0xF1, 0x03, 0x09, 0x86, 0x0F, 0x30, 0x92, 0x81,
    0x7C, 0x12, 0x00, 0x04, 0xC7, 0x23, 0x0B, 0x78, 0x9C, 0x55, 0x8D, 0xC9, 0x09, 0x00, 0x30, 0x08,
    0x04, 0xA7, 0x03, 0xFB, 0xEF, 0xD2, 0x0E, 0x26, 0x9A, 0xE8, 0x23, 0x20, 0xAC, 0xEC, 0x09, 0x1A,
    0x40, 0xAA, 0x05, 0xF5, 0xD7, 0xA5, 0x4D, 0x90, 0x2D, 0xC8, 0xD5, 0x8D, 0x05, 0xDA, 0x1D, 0x3F,
    0x39, 0xCE, 0xC9, 0x4D, 0xCB, 0x76, 0xBE, 0x85, 0x03, 0x01, 0xAB, 0x26, 0x53, 0x78, 0x9C, 0xFB,
    0xCF, 0xF0, 0xE1, 0x3F, 0x3F, 0x03, 0xC3, 0xFF, 0x0F, 0xFF, 0xFF, 0x03, 0x69, 0x30, 0x06, 0x23,
    0xA0, 0x30, 0xC3, 0x7F, 0x06, 0x20, 0x20, 0x9A, 0x02, 0x69, 0x80, 0xEA, 0x03, 0x72, 0xC1, 0x86,
    0xFD, 0x07, 0xB3, 0xC0, 0xA6, 0x42, 0x54, 0x12, 0x45, 0x01, 0x00, 0x94, 0xDF, 0x30, 0xFD, 0x78,
    0x9C, 0x63, 0x60, 0xF8, 0xFF, 0x9F, 0xE1, 0x3F, 0x03, 0x90, 0x04, 0x02, 0x20, 0xC5, 0x0F, 0xE2,
    0x7F, 0x00, 0xB2, 0x80, 0x82, 0x1F, 0xF8, 0xC1, 0xD4, 0x7F, 0x54, 0x8A, 0x01, 0x9B, 0x20, 0x84,
    0x02, 0xE9, 0xFB, 0x00, 0xA2, 0xC0, 0xA6, 0x80, 0xCC, 0xE4, 0x07, 0x8B, 0x40, 0x75, 0x31, 0x10,
    0x47, 0x01, 0x00, 0x95, 0x84, 0x31, 0xFC, 0x78, 0x9C, 0xFB, 0xCF, 0xF0, 0xE1, 0xFF, 0x7F, 0x20,
    0xFA, 0xFF, 0x9F, 0x9F, 0xE1, 0xFF, 0x7F, 0x06, 0x06, 0x20, 0x05, 0xC1, 0x0C, 0x84, 0x31, 0x00,
    0x55, 0x2F, 0x15, 0xFA, 0x78, 0x9C, 0x63, 0xF8, 0xF0, 0xFF, 0x3F, 0x03, 0x03, 0xC3, 0x7F, 0x20,
    0x60, 0xF8, 0x00, 0x64, 0x41, 0x48, 0x06, 0x14, 0x12, 0x28, 0xCB, 0x8F, 0x42, 0x41, 0x04, 0xF9,
    0x91, 0xC9, 0x0F, 0xFC, 0x40, 0xC5, 0xFC, 0x1F, 0xC0, 0xE6, 0x30, 0x80, 0xCD, 0x04, 0x00, 0x75,
    0x93, 0x23, 0xBF, 0x78, 0x9C, 0x63, 0xF8, 0xCF, 0x00, 0x04, 0xA8, 0xC4, 0x7F, 0x20, 0x80, 0x10,
    0x0C, 0xFF, 0xF9, 0x31, 0x64, 0xB1, 0x13, 0xFC, 0x28, 0xC4, 0x87, 0xFF, 0x10, 0x73, 0x18, 0x00,
    0x5D, 0xA2, 0x1C, 0x12, 0x78, 0x9C, 0xFB, 0xCF, 0xC0, 0xC0, 0xF0, 0x81, 0xFF, 0x3F, 0xA9, 0x24,
    0x3F, 0x2A, 0xF9, 0x9F, 0xFF, 0xC3, 0x7F, 0x86, 0x0F, 0x20, 0xF2, 0xFF, 0xFF, 0x0F, 0xFC, 0x0C,
    0xFF, 0x81, 0x1C, 0x7E, 0x00, 0xA3, 0x93, 0x23, 0xFB, 0x78, 0x9C, 0x5D, 0xCC, 0xD1, 0x09, 0x00,
    0x40, 0x08, 0x02, 0x50, 0x37, 0x70, 0xFF, 0x2D, 0xDD, 0xC0, 0x4B, 0xE9, 0xA7, 0x83, 0xE8, 0x81,
    0x46, 0x22, 0x00, 0x51, 0xC1, 0x94, 0x43, 0x67, 0x49, 0x62, 0x22, 0xBD, 0x2E, 0xEE, 0x15, 0x3E,
    0xFA, 0x68, 0xCA, 0xCB, 0xAC, 0x07, 0x08, 0xA5, 0x20, 0xC2, 0x78, 0x9C, 0x75, 0xCC, 0xDB, 0x09,
    0x00, 0x30, 0x08, 0x03, 0xC0, 0x6C, 0x90, 0xFD, 0xB7, 0xCC, 0x06, 0x69, 0xA3, 0xB4, 0x1F, 0x7D,
    0x80, 0xE2, 0x89, 0x18, 0x11, 0x90, 0x01, 0xB8, 0xC6, 0xC1, 0x74, 0xCA, 0x84, 0xD8, 0xD4, 0x4D,
    0x16, 0x9D, 0x24, 0x06, 0x39, 0xFE, 0xE8, 0xCD, 0xF9, 0x94, 0x9D, 0x45, 0xBF, 0xA8, 0xC5, 0x01,
    0x38, 0xB2, 0x3F, 0x67, 0x78, 0x9C, 0x4D, 0x8C, 0xC1, 0x0D, 0x00, 0x30, 0x08, 0x02, 0xD9, 0xC0,
    0xFD, 0xB7, 0x64, 0x03, 0xEA, 0xA9, 0x8F, 0x26, 0x18, 0xF0, 0x0C, 0x3A, 0x92, 0x32, 0x72, 0xB5,
    0x15, 0x22, 0xC2, 0x1D, 0x63, 0x0A, 0x8C, 0xF5, 0x4C, 0x1F, 0x0C, 0xB5, 0x2E, 0x0C, 0xCD, 0xF6,
    0xF6, 0x19, 0xA4, 0x67, 0xEE, 0xD1, 0x03, 0x6E, 0xC6, 0x23, 0xBF, 0x78, 0x9C, 0x5D, 0xCB, 0xC1,
    0x09, 0x00, 0x31, 0x0C, 0x03, 0x41, 0x75, 0xA0, 0xFE, 0xBB, 0xDC, 0x0E, 0x94, 0x73, 0x48, 0x40,
    0x39, 0x30, 0xCC, 0x63, 0x65, 0x2C, 0x09, 0x33, 0xC4, 0x64, 0xD8, 0xD7, 0x58, 0xD3, 0x79, 0xF8,
    0xC2, 0xE4, 0x1F, 0xC4, 0x85, 0x2E, 0x2A, 0x38, 0xD4, 0x82, 0xF4, 0xF3, 0x02, 0x10, 0x2C, 0x26,
    0xE9, 0x78, 0x9C, 0xFB, 0xF0, 0x1F, 0x08, 0xF8, 0x3F, 0x80, 0x49, 0x06, 0x20, 0xF8, 0x0F, 0x22,
    0x3E, 0x80, 0x49, 0xEC, 0x02, 0x1F, 0xF0, 0x0A, 0x80, 0xCD, 0x81, 0x90, 0x00, 0x71, 0x01, 0x24,
    0xCD, 0x78, 0x9C, 0x63, 0xF8, 0xF0, 0x9F, 0x81, 0xE1, 0x3F, 0x3F, 0x10, 0x33, 0x10, 0xC4, 0x70,
    0xA5, 0xFC, 0x10, 0x36, 0x61, 0x3D, 0x30, 0x85, 0x0C, 0x0C, 0x00, 0x33, 0x4D, 0x1C, 0xE4, 0x78,
    0x9C, 0xFB, 0xFF, 0x1F, 0x1F, 0x00, 0x00, 0xCF, 0x5C, 0x1D, 0xE3, 0x78, 0x9C, 0xFB, 0xF0, 0x9F,
    0x81, 0x81, 0xE1, 0x3F, 0x3F, 0x03, 0xC3, 0x07, 0x62, 0x30, 0x4C, 0x31, 0x10, 0x83, 0xD8, 0x84,
    0xD4, 0x43, 0x95, 0x81, 0x00, 0x00, 0x2E, 0x16, 0x1C, 0xE4, 0x78, 0x9C, 0x63, 0xF8, 0xFF, 0x9F,
    0x01, 0x08, 0x3E, 0xFC, 0xFF, 0xCF, 0xCF, 0xF0, 0x9F, 0xE1, 0x03, 0x88, 0x01, 0x15, 0xE0, 0x67,
    0x00, 0x00, 0xBD, 0x8B, 0x0C, 0xD6, 0x78, 0x9C, 0x03, 0x00, 0x00, 0x00, 0x00, 0x01, 0x78, 0x9C,
    0xFB, 0xC0, 0xF0, 0x9F, 0xFF, 0x3F, 0xFF, 0x07, 0x06, 0x08, 0xF8, 0xC0, 0x8F, 0x1B, 0x02, 0x00,
    0x6B, 0xDB, 0x11, 0xEF, 0x78, 0x9C, 0x7D, 0x8D, 0xC1, 0x0D, 0x00, 0x30, 0x14, 0x41, 0x6D, 0x60,
    0xFF, 0x2D, 0x6D, 0xA0, 0xC4, 0xA5, 0xE9, 0xA1, 0x0E, 0xCF, 0xCF, 0x8F, 0x00, 0xC0, 0xA8, 0x2E,
    0xDA, 0x31, 0x85, 0x84, 0x69, 0x51, 0xEE, 0x5F, 0x2C, 0xFD, 0xE5, 0x32, 0xCB, 0xB7, 0x26, 0xD7,
    0x7A, 0x62, 0x7C, 0x56, 0xCA, 0x03, 0xA7, 0xAD, 0x2E, 0xFF, 0x78, 0x9C, 0x7D, 0x8B, 0xB1, 0x0D,
    0x00, 0x20, 0x0C, 0xC3, 0xFC, 0x01, 0xFF, 0x7F, 0x99, 0x0F, 0x4C, 0x5B, 0x31, 0x20, 0x21, 0x91,
    0xC1, 0xCA, 0x60, 0x43, 0x94, 0x86, 0x8B, 0x7A, 0x91, 0x3A, 0x35, 0xF9, 0xB2, 0x1D, 0x4F, 0xD4,
    0x24, 0x53, 0xBD, 0x1C, 0x33, 0x53, 0x79, 0x6D, 0x03, 0xDB, 0xB1, 0x2C, 0xF2, 0x78, 0x9C, 0xFB,
    0xC0, 0x00, 0x04, 0x1F, 0x18, 0xFE, 0xF3, 0x7F, 0x00, 0x22, 0x20, 0x01, 0x02, 0x0C, 0x40, 0x2E,
    0x08, 0x31, 0x00, 0x59, 0x1F, 0xFE, 0x83, 0x10, 0x88, 0x89, 0x95, 0x82, 0x2A, 0x81, 0x6A, 0x80,
    0x6A, 0x87, 0x19, 0xC6, 0x00, 0x06, 0x00, 0xE0, 0x4C, 0x2C, 0x89, 0x78, 0x9C, 0x6D, 0x8B, 0xC1,
    0x09, 0x00, 0x30, 0x08, 0x03, 0x6F, 0x83, 0xEC, 0xBF, 0x65, 0x36, 0xB0, 0x8D, 0x82, 0x50, 0xA8,
    0x0F, 0x2F, 0xE4, 0xD4, 0x02, 0x2C, 0x07, 0x25, 0x2A, 0x60, 0x21, 0x22, 0xBC, 0x48, 0x7F, 0xD7,
    0xA0, 0x7F, 0x70, 0x45, 0x55, 0xA6, 0x03, 0xCC, 0xCD, 0x96, 0x5F, 0xF7, 0xE2, 0x00, 0xBD, 0x26,
    0x2D, 0xD3, 0x78, 0x9C, 0xFB, 0xFF, 0x1F, 0x19, 0x30, 0x30, 0xA0, 0x70, 0xFF, 0x03, 0x00, 0xB0,
    0x7B, 0x1B, 0xE5, 0x78, 0x9C, 0x3D, 0x8D, 0x89, 0x0D, 0x00, 0x20, 0x0C, 0x02, 0xD9, 0x80, 0xFD,
    0xB7, 0x64, 0x03, 0x2C, 0x15, 0x6D, 0xCC, 0x19, 0xE5, 0x29, 0x60, 0x03, 0x83, 0x5C, 0x26, 0x42,
    0x64, 0x4A, 0x86, 0xDA, 0xC7, 0x5A, 0xC4, 0x04, 0xE6, 0x5B, 0x66, 0x44, 0xB9, 0x8C, 0x66, 0xAD,
    0x30, 0x0E, 0x8E, 0xEF, 0x06, 0x70, 0x17, 0xB4, 0xE3, 0x97, 0xAB, 0xE7, 0xC5, 0x81, 0x03, 0x1C,
    0x5F, 0x3A, 0x99, 0x78, 0x9C, 0xFB, 0xCF, 0xC0, 0xF0, 0x1F, 0x08, 0x61, 0x04, 0x00, 0x32, 0xDC,
    0x05, 0xFB, 0x78, 0x9C, 0x95, 0x4E, 0x51, 0x0E, 0x00, 0x50, 0x04, 0xEA, 0x06, 0xDD, 0xFF, 0x96,
    0xDD, 0xC0, 0x23, 0x36, 0x7E, 0x9F, 0x8D, 0x11, 0x25, 0x00, 0x8A, 0x20, 0x2A, 0x14, 0x9D, 0x80,
    0x8B, 0x12, 0x95, 0x17, 0x35, 0x7B, 0xC7, 0x02, 0x58, 0x8C, 0x1C, 0x99, 0x07, 0x83, 0x68, 0x28,
    0x90, 0x46, 0xE1, 0xA3, 0x6B, 0x15, 0x82, 0xAB, 0xEC, 0x87, 0x8D, 0xAE, 0x83, 0x75, 0x75, 0x9C,
    0x0E, 0xE3, 0xC4, 0x03, 0x68, 0x6C, 0x42, 0xA0, 0x78, 0x9C, 0x2D, 0xC7, 0x49, 0x0D, 0x00, 0x00,
    0x0C, 0x84, 0x40, 0x1C, 0xAC, 0x7F, 0x97, 0x75, 0x40, 0x8F, 0xF4, 0x31, 0x24, 0xA0, 0x94, 0x06,
    0xF0, 0xA8, 0x95, 0x29, 0x6F, 0xDF, 0xD8, 0xA5, 0x36, 0x16, 0xEA, 0x78, 0x9C, 0x63, 0x60, 0x00,
    0x81, 0x0F, 0xFC, 0x0C, 0xFC, 0x0C, 0xFF, 0x41, 0xD4, 0x7F, 0x30, 0xF5, 0x01, 0xCE, 0xFB, 0xC0,
    0x00, 0x61, 0x01, 0xC5, 0xFE, 0x33, 0x80, 0x65, 0x81, 0x42, 0x20, 0x3E, 0x03, 0x50, 0x07, 0x08,
    0x00, 0x00, 0xB2, 0x32, 0x14, 0xCE, 0x78, 0x9C, 0x63, 0x60, 0x00, 0x83, 0x0F, 0xFF, 0x41, 0x80,
    0x1F, 0x4A, 0x41, 0x84, 0x88, 0xA1, 0x00, 0xC9, 0x82, 0x11, 0xEF, 0x78, 0x9C, 0x63, 0x60, 0x60,
    0x60, 0xF8, 0xFF, 0xFF, 0x3F, 0x3F, 0x08, 0x03, 0x00, 0x1E, 0x48, 0x06, 0x19, 0x78, 0x9C, 0x35,
    0x8C, 0x81, 0x09, 0x00, 0x30, 0x0C, 0xC2, 0xF2, 0x81, 0xFF, 0x7F, 0xE9, 0x07, 0xD6, 0x96, 0x0D,
    0x44, 0x82, 0xA8, 0x38, 0x01, 0x82, 0x85, 0x0B, 0x2E, 0x46, 0x46, 0xAC, 0x7D, 0x8F, 0x8E, 0xAB,
    0x34, 0xF1, 0x6B, 0xB6, 0xD4, 0x15, 0xF7, 0x30, 0x53, 0xE2, 0x16, 0x36, 0x78, 0x9C, 0x63, 0x60,
    0x60, 0x60, 0xF8, 0x0F, 0x05, 0x00, 0x23, 0xE8, 0x07, 0xF9, 0x78, 0x9C, 0x63, 0xF8, 0xF0, 0x9F,
    0xE1, 0x03, 0x3F, 0x03, 0xFF, 0x07, 0x06, 0x86, 0x0F, 0x70, 0x0C, 0xE4, 0x33, 0xFC, 0xFF, 0xCF,
    0x00, 0x02, 0x00, 0xD9, 0xCD, 0x0B, 0xAA, 0x78, 0x9C, 0x63, 0x60, 0xF8, 0xC0, 0xCF, 0x00, 0x02,
    0x78, 0xA9, 0xFF, 0x40, 0xE2, 0x3F, 0x18, 0xF0, 0x43, 0x29, 0x02, 0x1A, 0x20, 0x14, 0x32, 0x40,
    0xD5, 0x0E, 0x00, 0x41, 0xA7, 0x24, 0x0A, 0x78, 0x9C, 0x63, 0x60, 0x00, 0x81, 0xFF, 0xFF, 0xF9,
    0x19, 0x3E, 0xF0, 0x7F, 0xF8, 0xCF, 0xF0, 0x01, 0xC8, 0x06, 0x0B, 0xC0, 0x88, 0x0F, 0xFC, 0x30,
    0x02, 0xCE, 0x03, 0xAA, 0x65, 0xF8, 0xF0, 0x1F, 0xA8, 0x05, 0x00, 0xFD, 0xE2, 0x11, 0xEF, 0x78,
    0x9C, 0x63, 0x60, 0x00, 0x82, 0xFF, 0xFF, 0x19, 0x3E, 0xF0, 0x7F, 0xE0, 0x07, 0xB1, 0x20, 0x18,
    0xC8, 0xFE, 0x00, 0x66, 0xC2, 0xC5, 0x3E, 0x80, 0xF0, 0x7F, 0x20, 0x1F, 0xA8, 0x16, 0x00, 0xAC,
    0x2C, 0x12, 0xDF, 0x78, 0x9C, 0x63, 0x60, 0x00, 0x01, 0x7E, 0x06, 0x86, 0x0F, 0xFF, 0x19, 0x18,
    0xFE, 0xF3, 0xC3, 0x28, 0x30, 0x00, 0x00, 0x53, 0x7D, 0x06, 0x0A, 0x78, 0x9C, 0xFB, 0xCF, 0xC0,
    0xC0, 0xF0, 0x81, 0x9F, 0xE1, 0x3F, 0xB9, 0x14, 0x3F, 0x9C, 0xFA, 0x8F, 0xA0, 0xFE, 0x03, 0x11,
    0x88, 0xFA, 0xFF, 0xFF, 0xC3, 0x7F, 0xFE, 0xFF, 0x60, 0x36, 0x3F, 0x48, 0x03, 0x10, 0xE0, 0xA3,
    0x00, 0x5A, 0xF8, 0x2B, 0x4E, 0x78, 0x9C, 0x63, 0x60, 0xF8, 0xFF, 0x9F, 0xE1, 0x3F, 0x03, 0x90,
    0x04, 0x51, 0x1F, 0x50, 0xA8, 0xFF, 0x84, 0x29, 0x54, 0x0D, 0x50, 0x53, 0x18, 0xA0, 0x66, 0x82,
    0x00, 0xF9, 0x14, 0x00, 0x1E, 0x8F, 0x43, 0x81, 0x78, 0x9C, 0xFB, 0xC0, 0xF0, 0x9F, 0xFF, 0x3F,
    0xFF, 0x07, 0x06, 0x00, 0x13, 0xD6, 0x03, 0xFD, 0x78, 0x9C, 0x63, 0xF8, 0xC0, 0xCF, 0xC0, 0xF0,
    0x9F, 0x01, 0x88, 0xF9, 0x19, 0xA0, 0x0C, 0x06, 0x86, 0x0F, 0xFF, 0x81, 0x88, 0x9F, 0x01, 0x00,
    0x71, 0x23, 0x08, 0xF8, 0x78, 0x9C, 0x63, 0xF8, 0xCF, 0xFF, 0xE1, 0x3F, 0x3F, 0xC3, 0x07, 0x9C,
    0x08, 0x00, 0xD9, 0x74, 0x0C, 0x04, 0x78, 0x9C, 0x63, 0xF8, 0xFF, 0x9F, 0x81, 0xE1, 0xC3, 0x7F,
    0x20, 0xF9, 0x81, 0x9F, 0xE1, 0x3F, 0x03, 0x88, 0xC3, 0x8F, 0x46, 0x80, 0x25, 0xC0, 0x4A, 0x18,
    0x40, 0x18, 0x00, 0x6A, 0x4D, 0x17, 0xCB, 0x78, 0x9C, 0x63, 0x60, 0x00, 0x81, 0x0F, 0xFC, 0x0C,
    0xFC, 0x40, 0x8A, 0x9F, 0xE1, 0x3F, 0x90, 0xFC, 0x0F, 0xE2, 0x82, 0x30, 0x84, 0x03, 0x15, 0x82,
    0xB1, 0x3F, 0xF0, 0x7F, 0xF8, 0x0F, 0x55, 0x03, 0x51, 0xF2, 0x81, 0x01, 0xAC, 0x17, 0x0C, 0x00,
    0xF7, 0xF9, 0x13, 0xED, 0x78, 0x9C, 0x6D, 0x8E, 0xDB, 0x0D, 0x00, 0x30, 0x08, 0x02, 0xD9, 0xC0,
    0xFD, 0xB7, 0x64, 0x03, 0x5B, 0x95, 0x5A, 0xD3, 0x94, 0x0F, 0x72, 0x84, 0xF8, 0x00, 0x52, 0x4C,
    0xB3, 0xF0, 0x30, 0xBA, 0x9D, 0x3C, 0xB0, 0xDC, 0xF1, 0xC1, 0xEA, 0x5F, 0x74, 0x4C, 0x54, 0x99,
    0xA9, 0x91, 0xC2, 0xE8, 0x35, 0xB9, 0xD1, 0xFB, 0x1E, 0xED, 0xA2, 0x56, 0x47, 0xBF, 0xD5, 0x0F,
    0xF0, 0x79, 0x70, 0x22, 0xA4, 0x05, 0xC6, 0x65, 0x34, 0xBD, 0x78, 0x9C, 0x75, 0xCE, 0xC1, 0x0D,
    0x00, 0x20, 0x08, 0x03, 0x40, 0x36, 0xE8, 0xFE, 0x5B, 0x76, 0x83, 0xAA, 0x6D, 0x02, 0x7C, 0xF4,
    0x41, 0x0E, 0x44, 0xB0, 0x88, 0xBA, 0xE7, 0x05, 0xCA, 0x71, 0xF1, 0xDD, 0xA4, 0xA0, 0x21, 0x9A,
    0x5C, 0xAC, 0xA6, 0x86, 0xB8, 0x83, 0x42, 0x82, 0x52, 0x9E, 0xD0, 0x89, 0xE9, 0xD6, 0xF4, 0xA3,
    0xC9, 0xE1, 0x3F, 0x4F, 0x71, 0x7D, 0xCD, 0xC3, 0xE5, 0x1D, 0x5E, 0x19, 0xF6, 0x39, 0xF0, 0x95,
    0x34, 0xCC, 0x78, 0x9C, 0x5D, 0x8E, 0x89, 0x11, 0x00, 0x21, 0x08, 0x03, 0xD3, 0x41, 0xFA, 0xEF,
    0x32, 0x1D, 0xE4, 0x48, 0x8E, 0x7B, 0x9D, 0x51, 0x56, 0x59, 0x40, 0xC8, 0xC8, 0x22, 0x20, 0x7B,
    0x4E, 0x28, 0xC8, 0x3E, 0xAB, 0x29, 0x78, 0xF7, 0x06, 0x96, 0x4E, 0xAD, 0xF4, 0x52, 0xC3, 0xAB,
    0x26, 0xF2, 0xC6, 0x51, 0x27, 0xE7, 0xF4, 0x1D, 0xD5, 0xCE, 0x34, 0x57, 0x71, 0xAF, 0xA3, 0x8A,
    0xBE, 0x3A, 0x6B, 0x9B, 0x44, 0x5D, 0xAC, 0x72, 0xFD, 0x35, 0xC5, 0xCF, 0x54, 0xE3, 0x8B, 0xFC,
    0x23, 0x70, 0x00, 0x45, 0xC2, 0x3B, 0x7A, 0x78, 0x9C, 0x63, 0x60, 0xF8, 0xC0, 0x00, 0x04, 0xFF,
    0xF9, 0x61, 0x04, 0x98, 0x8B, 0x06, 0x3E, 0x80, 0x65, 0x19, 0xA0, 0xC4, 0x87, 0xFF, 0x70, 0x0D,
    0x70, 0x39, 0x4C, 0x82, 0xFF, 0xFF, 0x7F, 0xA0, 0xCA, 0x0F, 0xFF, 0xFF, 0x03, 0x39, 0x1F, 0x80,
    0x18, 0x00, 0xF8, 0x22, 0x1A, 0x23, 0x78, 0x9C, 0x6D, 0xCE, 0x89, 0x09, 0x00, 0x20, 0x0C, 0x43,
    0xD1, 0x6E, 0xD0, 0xFD, 0xB7, 0xCC, 0x06, 0xF1, 0x68, 0x3F, 0xA2, 0x18, 0x90, 0x27, 0x1E, 0xD1,
    0x08, 0xA2, 0xD6, 0xC9, 0x84, 0x8D, 0x8C, 0x6F, 0x38, 0x68, 0x5F, 0x2A, 0xB1, 0x2E, 0xA2, 0x31,
    0xE4, 0xAE, 0x5F, 0x0A, 0xB3, 0x1A, 0xC5, 0xF0, 0xCC, 0x5A, 0xDB, 0xE9, 0xDF, 0x1C, 0xBB, 0xE3,
    0xE9, 0x9E, 0x6F, 0x97, 0x1E, 0x65, 0x9E, 0x35, 0xE9, 0x78, 0x9C, 0x5D, 0x8D, 0x81, 0x0D, 0xC0,
    0x30, 0x08, 0xC3, 0xF8, 0xA0, 0xFF, 0x7F, 0x99, 0x0F, 0xBC, 0x96, 0x10, 0x6D, 0x5D, 0x04, 0xB2,
    0x40, 0x90, 0x54, 0x7D, 0xB4, 0x0C, 0x4C, 0xE1, 0x51, 0xB3, 0x56, 0xDD, 0x22, 0xE7, 0x5C, 0xD4,
    0x0A, 0xFD, 0x18, 0x12, 0x8E, 0x31, 0x5D, 0x3D, 0x30, 0x29, 0xC7, 0x51, 0x69, 0xB6, 0xCE, 0xAE,
    0xE5, 0x9B, 0x7A, 0x39, 0x1E, 0x3F, 0xEF, 0x9D, 0x6D, 0xF2, 0x00, 0x00, 0xB7, 0x36, 0xE8, 0x78,
    0x9C, 0x5D, 0x8E, 0x81, 0x0D, 0x00, 0x20, 0x08, 0xC3, 0xF6, 0x01, 0xFF, 0x7F, 0xC9, 0x07, 0x15,
    0x41, 0x94, 0xB8, 0x68, 0x1A, 0x83, 0x14, 0x24, 0x81, 0x76, 0x1C, 0x6C, 0x93, 0x3C, 0x52, 0x3C,
    0x5C, 0x33, 0x55, 0xBE, 0xFF, 0x6F, 0x9F, 0x35, 0xDD, 0x26, 0x69, 0x86, 0x79, 0x78, 0xBD, 0x69,
    0x65, 0xF4, 0xBE, 0x90, 0x0B, 0x90, 0x39, 0x3B, 0x3C, 0x1E, 0xC7, 0xE7, 0x8E, 0xD9, 0x45, 0x16,
    0x31, 0x83, 0x39, 0xE5, 0x78, 0x9C, 0x55, 0xCE, 0xD9, 0x11, 0x00, 0x31, 0x08, 0x02, 0x50, 0x3A,
    0xA0, 0xFF, 0x2E, 0xE9, 0x80, 0x1C, 0xA2, 0x9B, 0xE5, 0xEB, 0xC5, 0xD1, 0x28, 0x30, 0xB1, 0x01,
    0x16, 0xA8, 0x03, 0x51, 0x9B, 0x17, 0x90, 0xF1, 0xCF, 0x14, 0xFC, 0x81, 0x81, 0x98, 0x96, 0x06,
    0xD3, 0xBD, 0xDF, 0x05, 0x0F, 0xF0, 0x80, 0xF9, 0x37, 0xDB, 0x1B, 0x3E, 0xB9, 0x0B, 0x1A, 0xAC,
    0x81, 0x1A, 0x75, 0x5F, 0xA7, 0x17, 0xCC, 0x91, 0x39, 0xCA, 0x58, 0x86, 0xC1, 0x41, 0xB0, 0x78,
    0x9C, 0x65, 0x8D, 0x81, 0x09, 0x00, 0x40, 0x08, 0x02, 0xDD, 0xC0, 0xFD, 0xB7, 0x6C, 0x83, 0x9E,
    0xD0, 0x8A, 0x27, 0x29, 0x0E, 0x2A, 0x2E, 0x20, 0x51, 0x85, 0xC3, 0x93, 0xF0, 0x38, 0x87, 0x14,
    0x83, 0x5A, 0x9B, 0x1C, 0xCA, 0xC7, 0xEB, 0xA7, 0x58, 0x87, 0xD3, 0x59, 0x59, 0xF6, 0xCD, 0xEF,
    0xB0, 0x33, 0x96, 0xFE, 0xFD, 0x00, 0xBF, 0x14, 0x3A, 0xA8, 0x78, 0x9C, 0x5D, 0xCE, 0xC1, 0x0D,
    0x00, 0x20, 0x08, 0x03, 0xC0, 0x6E, 0xC0, 0xFE, 0x5B, 0x76, 0x83, 0x8A, 0xD6, 0x34, 0x62, 0x1F,
    0xE4, 0x02, 0x48, 0x04, 0x40, 0xC1, 0x29, 0xD6, 0x05, 0xEA, 0xEB, 0x64, 0x27, 0x49, 0x27, 0x90,
    0xEE, 0xB2, 0xF8, 0x81, 0x41, 0x41, 0x13, 0x0A, 0x8E, 0x0D, 0x0E, 0x50, 0x3B, 0x03, 0xE5, 0xB1,
    0x5F, 0xEC, 0x22, 0xBC, 0xE8, 0xB9, 0x7F, 0xD5, 0xD5, 0xB7, 0x1A, 0x0B, 0xD0, 0xF5, 0x39, 0xC7,
    0x78, 0x9C, 0x5D, 0xCE, 0xD1, 0x0D, 0x00, 0x20, 0x08, 0x43, 0xC1, 0x6E, 0xD0, 0xFD, 0xB7, 0x64,
    0x83, 0xAA, 0x20, 0xD8, 0xC8, 0xD7, 0xC5, 0x3C, 0x51, 0x60, 0x8F, 0x72, 0x80, 0xCF, 0x21, 0x11,
    0x77, 0x82, 0x6A, 0x42, 0x6E, 0x8C, 0xC3, 0xCD, 0xE7, 0xBD, 0x64, 0xF6, 0xA8, 0x1E, 0x60, 0xE5,
    0xCF, 0xC4, 0xF4, 0xF6, 0x17, 0xF7, 0xC9, 0xBB, 0x39, 0x79, 0x5B, 0xEE, 0x39, 0xA8, 0xBC, 0xEE,
    0x33, 0xF3, 0xEB, 0x05, 0x67, 0xD1, 0x49, 0x03, 0x78, 0x9C, 0x63, 0x60, 0x60, 0xF8, 0xFF, 0x9F,
    0x9F, 0x81, 0x01, 0x44, 0x81, 0x19, 0x1F, 0xFE, 0x43, 0x30, 0x58, 0x90, 0x1F, 0xCC, 0x04, 0x81,
    0x0F, 0xFC, 0x10, 0xFA, 0x3F, 0x85, 0x34, 0xCC, 0x1C, 0x98, 0xB9, 0x10, 0x89, 0xFF, 0x08, 0x7B,
    0x61, 0xEE, 0x80, 0xBB, 0x0B, 0xE4, 0x0A, 0x14, 0xAD, 0x18, 0x66, 0x41, 0xF9, 0x60, 0x0A, 0x00,
    0x30, 0xC9, 0x2A, 0x9A, 0x78, 0x9C, 0x63, 0x60, 0x00, 0x83, 0x0F, 0x60, 0xF2, 0x3F, 0x3F, 0x98,
    0xFD, 0x1F, 0x22, 0xC4, 0xCF, 0x80, 0x02, 0xFE, 0x83, 0x00, 0x3F, 0x94, 0x04, 0xCB, 0x41, 0xD4,
    0xE1, 0x24, 0xF9, 0x61, 0xBA, 0xF8, 0x61, 0x24, 0x7E, 0xF5, 0x68, 0xBA, 0x60, 0x76, 0x01, 0x00,
    0x02, 0x84, 0x2F, 0x4A, 0x78, 0x9C, 0x63, 0x60, 0x80, 0x82, 0x0F, 0xFC, 0x20, 0xF2, 0x3F, 0x88,
    0xFC, 0xF0, 0x1F, 0x21, 0xF0, 0x01, 0x26, 0xCF, 0xF0, 0x1F, 0x04, 0xF8, 0xA1, 0x24, 0x44, 0x31,
    0x03, 0x5E, 0x92, 0x1F, 0xA6, 0x8B, 0x1F, 0x46, 0xE2, 0x57, 0x8F, 0xA6, 0x0B, 0x66, 0x17, 0x00,
    0x7F, 0x61, 0x30, 0x49, 0x78, 0x9C, 0x63, 0x60, 0xF8, 0xCF, 0xCF, 0xC0, 0xC0, 0xF0, 0x81, 0xFF,
    0x3F, 0x90, 0xFC, 0x0F, 0xA4, 0x19, 0x18, 0x40, 0x7C, 0x28, 0xF8, 0x0F, 0x02, 0xFC, 0x50, 0x12,
    0x2C, 0xFE, 0x9F, 0x01, 0x2F, 0xC9, 0x0F, 0xD3, 0xC5, 0x0F, 0x23, 0xF1, 0xAB, 0x47, 0xD3, 0x05,
    0xB3, 0x0B, 0x00, 0x06, 0x92, 0x2F, 0x77, 0x78, 0x9C, 0x63, 0xF8, 0xCF, 0xC0, 0x80, 0x86, 0x90,
    0xC0, 0x7F, 0x10, 0xE0, 0x87, 0x92, 0xFC, 0x60, 0x11, 0x06, 0xBC, 0x24, 0x3F, 0x4C, 0x17, 0x3F,
    0x8C, 0xC4, 0xAF, 0x1E, 0x4D, 0x17, 0xCC, 0x2E, 0x00, 0x86, 0xD5, 0x30, 0x58, 0x78, 0x9C, 0x63,
    0x60, 0x60, 0xF8, 0xC0, 0xCF, 0xF0, 0xE1, 0x3F, 0x03, 0xC3, 0x7F, 0x08, 0xC5, 0xCF, 0xC0, 0x00,
    0x11, 0x22, 0x13, 0x01, 0x00, 0x0D, 0xB8, 0x19, 0xE7, 0x78, 0x9C, 0x63, 0x60, 0x00, 0x81, 0xFF,
    0x0C, 0x0C, 0x1F, 0x80, 0xF8, 0x3F, 0x3F, 0xC3, 0x07, 0x7E, 0x06, 0x38, 0x00, 0xB1, 0xA9, 0x89,
    0x01, 0x28, 0x03, 0x18, 0xE8, 0x78, 0x9C, 0x63, 0xF8, 0xF0, 0x9F, 0x9F, 0x81, 0xE1, 0x3F, 0xFF,
    0x7F, 0x20, 0xC1, 0xF0, 0x81, 0xFF, 0x03, 0x03, 0x03, 0x03, 0x90, 0x0F, 0x06, 0xFF, 0x69, 0x4E,
    0x00, 0x00, 0x25, 0x42, 0x1A, 0xF5, 0x78, 0x9C, 0xFB, 0xCF, 0xC0, 0xF0, 0x1F, 0x08, 0x61, 0x04,
    0x12, 0xF8, 0xC0, 0x4F, 0x73, 0x02, 0x00, 0xC5, 0xDE, 0x19, 0xE7, 0x78, 0x9C, 0x6D, 0xCE, 0xC1,
    0x0D, 0x00, 0x20, 0x08, 0x03, 0xC0, 0x6E, 0xD0, 0xFD, 0xB7, 0xEC, 0x06, 0xD5, 0x8A, 0x3C, 0x24,
    0xF2, 0x39, 0x08, 0x09, 0x05, 0xB2, 0x8D, 0x5D, 0x31, 0x8D, 0x08, 0xA4, 0x89, 0xBA, 0xC2, 0x2C,
    0xD5, 0x7A, 0x9A, 0x62, 0x66, 0xFF, 0xF7, 0x43, 0x3E, 0x77, 0x3B, 0xE7, 0xE4, 0xF6, 0x1F, 0xC5,
    0x02, 0x2A, 0xAD, 0x40, 0x2A, 0x78, 0x9C, 0x5D, 0x8D, 0xDB, 0x0D, 0x00, 0x30, 0x08, 0x02, 0xD9,
    0xC0, 0xFD, 0xB7, 0x64, 0x03, 0x0A, 0xA6, 0x49, 0x49, 0xFD, 0xF0, 0xF4, 0xE2, 0x03, 0xB8, 0xA1,
    0x01, 0x01, 0x4A, 0x90, 0x9B, 0x2D, 0x22, 0xAC, 0xDF, 0x40, 0x72, 0x7C, 0x63, 0x1A, 0xD9, 0x2D,
    0x70, 0x1A, 0x7B, 0xF8, 0xC1, 0xB6, 0x60, 0xDB, 0xA0, 0x1A, 0xDF, 0x57, 0xEA, 0x00, 0xAE, 0xFF,
    0x48, 0x9A, 0x78, 0x9C, 0xA5, 0x8E, 0x81, 0x0D, 0x00, 0x30, 0x08, 0xC2, 0xF8, 0x60, 0xFF, 0x7F,
    0xE9, 0x07, 0x8C, 0x0C, 0xE1, 0x81, 0x99, 0xCC, 0x30, 0xA2, 0x15, 0x60, 0xB0, 0xC5, 0xB3, 0x62,
    0x18, 0x6B, 0x62, 0xA1, 0xA2, 0x33, 0x3B, 0x4E, 0x5A, 0x91, 0x7E, 0xC6, 0xA8, 0x99, 0x22, 0x82,
    0x21, 0xFA, 0x66, 0xE3, 0x4B, 0x88, 0x53, 0x60, 0x4F, 0xF4, 0xE8, 0xB3, 0x5E, 0x8C, 0x06, 0x4B,
    0xD4, 0x0B, 0xC7, 0x2A, 0x3C, 0x3D, 0x78, 0x9C, 0xA5, 0x8E, 0xC1, 0x0D, 0x00, 0x30, 0x08, 0x02,
    0xD9, 0xC0, 0xFD, 0xB7, 0x74, 0x03, 0x4A, 0x8A, 0xF2, 0xE8, 0xB7, 0x26, 0x6D, 0xD0, 0x70, 0x0A,
    0xA0, 0x2A, 0xB8, 0x9A, 0x23, 0x58, 0xCF, 0xA0, 0xD7, 0x82, 0x58, 0xC7, 0x43, 0x5A, 0x91, 0x7E,
    0x66, 0xF5, 0x99, 0x15, 0x68, 0x56, 0xED, 0x12, 0x5F, 0x42, 0x7B, 0xB2, 0x30, 0x27, 0x72, 0xF4,
    0x8E, 0x6E, 0x8C, 0x04, 0xDB, 0xA8, 0x07, 0x72, 0x33, 0x3D, 0x3C, 0x78, 0x9C, 0xA5, 0x4F, 0x41,
    0x0E, 0x00, 0x20, 0x08, 0xF2, 0x07, 0xFE, 0xFF, 0x97, 0xFE, 0x80, 0x08, 0xD2, 0xD6, 0x39, 0xE6,
    0xA6, 0x38, 0x44, 0x8D, 0xB8, 0x00, 0x9C, 0x0B, 0x95, 0x6E, 0x28, 0x08, 0xD2, 0x8A, 0x07, 0x05,
    0x1C, 0x0D, 0x5C, 0xED, 0x61, 0x19, 0x98, 0x25, 0x15, 0xD2, 0x65, 0xD8, 0x8C, 0xB4, 0x27, 0xBE,
    0x0A, 0xFA, 0x8C, 0xE1, 0xAC, 0x98, 0xA5, 0x6A, 0xF9, 0x8F, 0x3E, 0xAC, 0x4F, 0x5D, 0x0E, 0x68,
    0x3F, 0x2B, 0x78, 0x9C, 0xA5, 0x8E, 0xC1, 0x0D, 0xC0, 0x00, 0x08, 0x02, 0x6F, 0x03, 0xF7, 0xDF,
    0xD2, 0x0D, 0xA8, 0x68, 0xF5, 0xD5, 0x5F, 0x4D, 0x4C, 0x4E, 0x23, 0x08, 0x48, 0x10, 0x54, 0x49,
    0x91, 0x86, 0x8C, 0x2C, 0x6C, 0x20, 0xC5, 0x77, 0xBD, 0x27, 0x56, 0x0D, 0xD9, 0xC6, 0xCD, 0x4C,
    0x2B, 0xB5, 0x47, 0x8C, 0x80, 0x55, 0xFC, 0x82, 0xF2, 0x39, 0xC3, 0x7B, 0x71, 0x4F, 0x7B, 0xD5,
    0x31, 0x2E, 0xD8, 0x46, 0x7D, 0x00, 0xB1, 0x85, 0x43, 0x45, 0x78, 0x9C, 0xA5, 0x4E, 0xB1, 0x0D,
    0x00, 0x30, 0x08, 0xE2, 0x03, 0xFF, 0xFF, 0xB2, 0x1F, 0x50, 0x0B, 0x91, 0xA5, 0xDD, 0x6A, 0x34,
    0x41, 0x03, 0x08, 0x40, 0x9C, 0x06, 0x1E, 0xE0, 0xAE, 0x45, 0x96, 0x39, 0x34, 0x22, 0x3D, 0xF0,
    0x56, 0xCD, 0x10, 0xAF, 0x4E, 0x4B, 0x80, 0x51, 0x7C, 0x81, 0xF6, 0x89, 0x61, 0x5E, 0xE4, 0xA9,
    0x4E, 0x8A, 0x91, 0x60, 0x13, 0x75, 0x03, 0x85, 0x44, 0x3D, 0x3C, 0x78, 0x9C, 0x2D, 0x4C, 0x81,
    0x0D, 0x00, 0x00, 0x08, 0xF1, 0x81, 0xFF, 0xBF, 0xEC, 0x83, 0x22, 0xAC, 0x15, 0x46, 0xC0, 0x63,
    0xBC, 0x88, 0xA1, 0xE8, 0x02, 0x1E, 0x53, 0x5A, 0xC8, 0xB1, 0x90, 0xB5, 0xC9, 0xE6, 0xC4, 0x6C,
    0x24, 0x85, 0xD6, 0xFB, 0xAC, 0x38, 0x46, 0xE9, 0x1A, 0xC8, 0x78, 0x9C, 0x55, 0x8E, 0x81, 0x0D,
    0x00, 0x21, 0x08, 0x03, 0xBB, 0x01, 0xFB, 0x6F, 0xC9, 0x06, 0x27, 0xB5, 0x1A, 0xFF, 0x49, 0x30,
    0x17, 0x6C, 0x0B, 0xD2, 0x2B, 0x40, 0x5D, 0x52, 0x0F, 0x30, 0xD0, 0xB8, 0xF1, 0x40, 0x79, 0x66,
    0x60, 0xD9, 0x74, 0xF4, 0x95, 0x9F, 0xEA, 0x80, 0xED, 0x06, 0x7B, 0xFF, 0xB0, 0xB9, 0x4F, 0xBC,
    0xE1, 0xF8, 0x88, 0xAF, 0x9C, 0x75, 0x61, 0x47, 0x7F, 0x97, 0x92, 0x53, 0x7C, 0x1F, 0x24, 0x95,
    0xC8, 0x6E, 0x2D, 0xC6, 0x68, 0x51, 0x28, 0x78, 0x9C, 0x63, 0x60, 0x80, 0x02, 0x7E, 0x30, 0xF9,
    0xE1, 0x3F, 0x84, 0xF7, 0x01, 0xC2, 0x65, 0x80, 0x71, 0x19, 0xE0, 0x00, 0x22, 0xF2, 0x9F, 0xBA,
    0x14, 0x3F, 0xD8, 0x6A, 0x54, 0x0A, 0xEC, 0x84, 0x0F, 0xFC, 0x60, 0x17, 0x01, 0x85, 0x80, 0x08,
    0xC4, 0xFC, 0x0F, 0x02, 0x60, 0x3D, 0x40, 0x12, 0x00, 0xFB, 0x4A, 0x35, 0xBC, 0x78, 0x9C, 0x63,
    0x60, 0x80, 0x83, 0x0F, 0x10, 0xEA, 0x3F, 0x3F, 0x82, 0x64, 0xF8, 0x0F, 0x11, 0xE3, 0x47, 0xA8,
    0x82, 0x88, 0xFC, 0xA7, 0x2E, 0x05, 0x32, 0xFF, 0x03, 0x1A, 0xF5, 0x01, 0x4C, 0xF1, 0x7F, 0xF8,
    0x0F, 0x71, 0x0D, 0x10, 0x81, 0x98, 0xFF, 0x41, 0x00, 0xAC, 0x07, 0x48, 0x02, 0x00, 0x80, 0x6B,
    0x34, 0xEA, 0x78, 0x9C, 0x63, 0x60, 0x80, 0x82, 0x0F, 0xFF, 0xF9, 0x41, 0xD4, 0x7F, 0x20, 0x04,
    0x72, 0xF8, 0x41, 0x08, 0x15, 0xFC, 0x87, 0x90, 0xD4, 0xA5, 0xF8, 0xC1, 0x36, 0xA3, 0x52, 0x60,
    0x9B, 0x3F, 0xF0, 0x7F, 0x00, 0xA9, 0x01, 0x0A, 0x01, 0x11, 0x88, 0xF9, 0x1F, 0x04, 0xC0, 0x7A,
    0x80, 0x24, 0x00, 0xAC, 0xFA, 0x36, 0xCA, 0x78, 0x9C, 0x63, 0xF8, 0xC0, 0xCF, 0x00, 0x44, 0x0C,
    0xA8, 0x14, 0x0A, 0xF8, 0x0F, 0x21, 0xA9, 0x4B, 0x81, 0x2C, 0xF9, 0x80, 0x46, 0x81, 0x6D, 0xFE,
    0xC0, 0xFF, 0x01, 0xA4, 0x06, 0x28, 0x04, 0x44, 0x20, 0xE6, 0x7F, 0x10, 0x00, 0xEB, 0x01, 0x92,
    0x00, 0xAD, 0xD4, 0x36, 0xCA, 0x78, 0x9C, 0x63, 0x60, 0x40, 0x80, 0x0F, 0xFC, 0x10, 0xFA, 0x3F,
    0x84, 0xFE, 0xF0, 0x1F, 0xCA, 0x65, 0xC0, 0x02, 0xC0, 0x6A, 0x80, 0x2A, 0xC0, 0x8A, 0xE0, 0x34,
    0x3F, 0x44, 0x35, 0x48, 0xF2, 0x3F, 0x94, 0x0D, 0x14, 0x83, 0xAB, 0xE1, 0x87, 0x18, 0x07, 0x31,
    0xFF, 0x3F, 0xFF, 0x7F, 0xA8, 0x35, 0x30, 0x1A, 0xD5, 0x7A, 0xB8, 0xBD, 0x64, 0xD1, 0x00, 0x88,
    0x6B, 0x2A, 0xC7, 0x78, 0x9C, 0xFB, 0xCF, 0x00, 0x06, 0xFF, 0x51, 0x29, 0x7E, 0x08, 0x05, 0x02,
    0x50, 0x8A, 0x1F, 0x2C, 0xF7, 0xE1, 0x3F, 0x44, 0xC9, 0x7F, 0x7E, 0x42, 0x14, 0x48, 0x25, 0x54,
    0x1F, 0x98, 0x84, 0x9B, 0x89, 0xD5, 0x3E, 0x08, 0x05, 0x00, 0xDE, 0x47, 0x2C, 0x4D, 0x78, 0x9C,
    0x6D, 0x8E, 0xD1, 0x0D, 0x00, 0x40, 0x04, 0x43, 0xBB, 0x81, 0xFD, 0xB7, 0xB4, 0x41, 0xAF, 0x25,
    0x7E, 0x38, 0x91, 0x3C, 0x2A, 0x05, 0xD0, 0x91, 0xA4, 0x41, 0x32, 0xDC, 0x38, 0xE1, 0xF2, 0x02,
    0x3D, 0x13, 0xB6, 0xFE, 0xC1, 0x18, 0xA2, 0x14, 0x19, 0xFB, 0x4A, 0x14, 0xF2, 0x40, 0x2B, 0x3D,
    0xD3, 0x33, 0x1C, 0xDF, 0x03, 0x04, 0xF5, 0x38, 0xD7, 0x78, 0x9C, 0x5D, 0x8C, 0xDB, 0x0D, 0x00,
    0x30, 0x08, 0x02, 0xDD, 0x80, 0xFD, 0xB7, 0x64, 0x03, 0x0A, 0x9A, 0xC6, 0xA6, 0x7E, 0x9C, 0x91,
    0x87, 0x55, 0x3D, 0xC4, 0xB2, 0x34, 0x1C, 0x69, 0x8E, 0x7F, 0x28, 0x35, 0xBC, 0xA8, 0x1B, 0x9A,
    0xC6, 0xD2, 0x2E, 0x0C, 0x08, 0x09, 0x10, 0xD1, 0x5E, 0xC6, 0x71, 0x17, 0xF9, 0xC3, 0x24, 0xAD,
    0x1F, 0x12, 0x83, 0x2F, 0x1D, 0x78, 0x9C, 0x6D, 0x8C, 0xC9, 0x11, 0x00, 0x30, 0x08, 0x02, 0xED,
    0x80, 0xFE, 0xBB, 0xA4, 0x03, 0x02, 0xE6, 0x18, 0x1F, 0xF1, 0xB1, 0x3A, 0x1C, 0x56, 0xDD, 0x51,
    0xC0, 0xA6, 0xF0, 0x4E, 0xA2, 0x7E, 0x43, 0xA9, 0xE1, 0x45, 0x9D, 0xE8, 0xAE, 0x0D, 0xDA, 0x85,
    0x01, 0x21, 0x01, 0x22, 0xDA, 0x64, 0x1C, 0x77, 0x91, 0x3F, 0x4C, 0xD2, 0xFA, 0x02, 0x8A, 0x74,
    0x30, 0x0D, 0x78, 0x9C, 0x55, 0x4C, 0xDB, 0x0D, 0x00, 0x40, 0x0C, 0xB1, 0x81, 0xFD, 0xB7, 0xB4,
    0x81, 0xA3, 0xFD, 0xB8, 0x54, 0x54, 0xD3, 0x07, 0xC0, 0xC2, 0x5E, 0x25, 0x20, 0x2A, 0xC3, 0x32,
    0x10, 0x0E, 0xD4, 0xCF, 0x48, 0x9A, 0x86, 0xE3, 0xE3, 0x55, 0x37, 0x28, 0xE5, 0x89, 0x12, 0x37,
    0xF6, 0x6B, 0x2F, 0xF1, 0xB2, 0x39, 0xEA, 0x67, 0xF6, 0x0F, 0xCE, 0xBF, 0x33, 0x0A, 0x78, 0x9C,
    0x6D, 0x4D, 0x41, 0x0A, 0x00, 0x30, 0x08, 0xF2, 0x07, 0xFE, 0xFF, 0x97, 0xFE, 0xC0, 0x69, 0x97,
    0x36, 0x98, 0x81, 0x82, 0x5A, 0x01, 0x03, 0x1B, 0x60, 0x98, 0xEA, 0x8C, 0x42, 0xC6, 0x07, 0x6A,
    0x35, 0x14, 0xD9, 0x8E, 0xF9, 0x72, 0xD2, 0xB9, 0x96, 0x3B, 0x6D, 0xB3, 0xDE, 0xCD, 0x4D, 0xB2,
    0xDB, 0x4F, 0x56, 0x9B, 0xF1, 0x0F, 0x90, 0x48, 0x34, 0x36, 0x78, 0x9C, 0x65, 0x8C, 0xC1, 0x0D,
    0x00, 0x30, 0x08, 0x02, 0xD9, 0x80, 0xFD, 0xB7, 0x64, 0x03, 0x0A, 0xBE, 0x6C, 0x6B, 0xC8, 0x99,
    0x00, 0x0A, 0x03, 0x8F, 0xFE, 0x91, 0x3D, 0xC8, 0xD2, 0xA8, 0x63, 0xDE, 0x4C, 0xCA, 0x80, 0x66,
    0x0B, 0x62, 0xBD, 0xCD, 0x26, 0xB9, 0x65, 0xFF, 0xA8, 0xCD, 0xF8, 0x07, 0xF6, 0x51, 0x2F, 0x1D,
    0x78, 0x9C, 0x55, 0x8D, 0xC1, 0x0D, 0x00, 0x20, 0x0C, 0x02, 0xD9, 0x80, 0xFD, 0xB7, 0x64, 0x03,
    0x84, 0x1A, 0xA3, 0xFA, 0x38, 0x93, 0x5E, 0x7A, 0x05, 0x64, 0x00, 0xA2, 0x58, 0xC2, 0x97, 0x9D,
    0x6C, 0xFB, 0x3E, 0xD9, 0x83, 0x7C, 0xF2, 0xD1, 0xE6, 0xCF, 0xD8, 0x44, 0x4C, 0x53, 0x93, 0x32,
    0x7F, 0xD6, 0x64, 0x97, 0xED, 0xF4, 0x5C, 0x42, 0x5C, 0xCC, 0x1B, 0x34, 0xF9, 0x78, 0x9C, 0x4D,
    0x8E, 0xC1, 0x11, 0xC0, 0x40, 0x08, 0x02, 0xE9, 0x80, 0xFE, 0xBB, 0xA4, 0x03, 0x12, 0x60, 0x72,
    0x17, 0x1F, 0xCE, 0xAA, 0xA0, 0x42, 0x36, 0x20, 0x33, 0xC9, 0x66, 0x13, 0xC4, 0x54, 0x44, 0xDA,
    0x6F, 0x4C, 0x32, 0x4C, 0xA7, 0xA8, 0x0F, 0x63, 0x69, 0x54, 0xB8, 0xAA, 0x72, 0xF1, 0x58, 0xFE,
    0x78, 0x17, 0xF9, 0xA0, 0xEE, 0xD5, 0xAD, 0xE8, 0x74, 0x4F, 0x01, 0x0F, 0x1D, 0x25, 0x48, 0xA9,
    0x78, 0x9C, 0x5D, 0x8C, 0x89, 0x09, 0x00, 0x30, 0x08, 0x03, 0x6F, 0x03, 0xF7, 0xDF, 0x32, 0x1B,
    0xA4, 0x3E, 0x50, 0x6C, 0x45, 0xCE, 0x2F, 0x06, 0xEC, 0x00, 0xB9, 0x4A, 0xA6, 0x42, 0x26, 0x43,
    0x51, 0xF4, 0x26, 0xFF, 0x66, 0x34, 0xBA, 0x87, 0x9C, 0xC7, 0x67, 0x3C, 0x61, 0xA9, 0x9E, 0x97,
    0xEE, 0x0B, 0x07, 0x16, 0x8C, 0x20, 0x77, 0x78, 0x9C, 0x63, 0x60, 0x00, 0x83, 0x0F, 0xFC, 0x08,
    0x92, 0xE1, 0x3F, 0x84, 0x44, 0x16, 0xC2, 0x00, 0xFF, 0x41, 0xD2, 0x1F, 0xFE, 0xFF, 0xFF, 0x0F,
    0x56, 0xF8, 0x9F, 0x1F, 0xA4, 0xEE, 0x03, 0x84, 0x84, 0x4B, 0x21, 0x01, 0x7E, 0x74, 0x13, 0x3F,
    0xC0, 0x2D, 0x01, 0xF2, 0x3F, 0x40, 0x54, 0x80, 0x08, 0x00, 0x21, 0xBF, 0x2E, 0x1E, 0x78, 0x9C,
    0x6D, 0x8C, 0xC9, 0x11, 0x00, 0x20, 0x0C, 0x02, 0xD3, 0x01, 0xFD, 0x77, 0x49, 0x07, 0x28, 0x41,
    0x33, 0x3E, 0xE4, 0xB1, 0x93, 0x63, 0x87, 0xAA, 0x1B, 0x19, 0x6C, 0x0A, 0x33, 0x12, 0xF5, 0x8D,
    0xEC, 0x50, 0x52, 0xDB, 0x82, 0x3D, 0x86, 0xF3, 0x7A, 0x82, 0xA9, 0x3D, 0x8D, 0x69, 0xF7, 0x69,
    0xEF, 0x8C, 0x61, 0x2C, 0x01, 0xCF, 0x2F, 0xFE, 0x78, 0x9C, 0x55, 0x8C, 0xC1, 0x0D, 0x00, 0x30,
    0x08, 0x02, 0xD9, 0xC0, 0xFD, 0xB7, 0x64, 0x03, 0x8B, 0x5E, 0x1F, 0x2D, 0x31, 0x44, 0x10, 0x94,
    0x40, 0x37, 0x5C, 0x92, 0xCB, 0x11, 0x4C, 0x60, 0xFD, 0x20, 0xD3, 0x53, 0xC8, 0xD6, 0x65, 0x2A,
    0x98, 0xF7, 0xF4, 0xA0, 0xB6, 0xB3, 0x6C, 0x98, 0xB7, 0xB1, 0xA2, 0x4D, 0x62, 0xE8, 0x00, 0x46,
    0x1A, 0x32, 0xFB, 0x78, 0x9C, 0x6D, 0x8C, 0xB1, 0x11, 0x00, 0x30, 0x08, 0x02, 0xD9, 0x80, 0xFD,
    0xB7, 0x64, 0x03, 0x42, 0x24, 0x85, 0x45, 0x28, 0xFE, 0x14, 0x50, 0x88, 0x30, 0xB0, 0xF9, 0x91,
    0xCD, 0xA4, 0x76, 0xD2, 0x4C, 0xA6, 0xA6, 0xAC, 0x9A, 0x2F, 0x5A, 0xE2, 0xDC, 0x0C, 0x55, 0xF6,
    0x6D, 0xAC, 0xEC, 0x6A, 0xE3, 0xE2, 0x00, 0xB0, 0x0F, 0x2F, 0xFE, 0x78, 0x9C, 0xFB, 0xC0, 0xC0,
    0xF0, 0x9F, 0x9F, 0xE1, 0xC3, 0x7F, 0x08, 0xC5, 0x0F, 0xA4, 0x18, 0xE0, 0xE0, 0x03, 0x3F, 0xF1,
    0x08, 0x00, 0x14, 0xE5, 0x15, 0xEB, 0x78, 0x9C, 0x63, 0x60, 0x00, 0x81, 0xFF, 0x0C, 0x0C, 0x1F,
    0x80, 0xF8, 0x3F, 0x3F, 0x98, 0xFA, 0xC0, 0xCF, 0x80, 0x02, 0x40, 0x7C, 0x72, 0x31, 0x00, 0x1B,
    0x8C, 0x15, 0xDC, 0x78, 0x9C, 0x63, 0x60, 0x00, 0x81, 0x0F, 0xFF, 0xF9, 0x19, 0x18, 0xFE, 0xF3,
    0xFF, 0x07, 0x12, 0x0C, 0x1F, 0xF8, 0x3F, 0x80, 0x38, 0x0C, 0xE8, 0xE0, 0x3F, 0xB5, 0x08, 0x00,
    0x60, 0x2C, 0x16, 0xF9, 0x78, 0x9C, 0xFB, 0xCF, 0xC0, 0xF0, 0x1F, 0x08, 0x61, 0x04, 0x3A, 0xF8,
    0xC0, 0x4F, 0x2D, 0x02, 0x00, 0x93, 0x2C, 0x14, 0xEC, 0x78, 0x9C, 0x85, 0x8D, 0x09, 0x11, 0x00,
    0x40, 0x08, 0x02, 0x6D, 0x60, 0xFF, 0x96, 0x36, 0xD8, 0x73, 0x31, 0xC0, 0x31, 0xA8, 0xE3, 0x03,
    0x56, 0x1D, 0xA6, 0x37, 0x96, 0xF4, 0x60, 0x0B, 0x99, 0xD2, 0xC9, 0x6E, 0x8B, 0x50, 0x64, 0x7A,
    0x9A, 0x02, 0x05, 0x88, 0x9C, 0x5B, 0xF4, 0xE2, 0xAE, 0xFE, 0x65, 0xD4, 0xC5, 0x2C, 0xF2, 0x3E,
    0xB3, 0xBC, 0xB1, 0x79, 0xA3, 0xCE, 0x3A, 0xD5, 0x78, 0x9C, 0x9D, 0x8B, 0xC1, 0x0D, 0x00, 0x30,
    0x08, 0x02, 0xD9, 0xC0, 0xFD, 0xB7, 0x64, 0x83, 0xEB, 0x99, 0xF4, 0xD1, 0x77, 0x25, 0x5E, 0x30,
    0x42, 0x3A, 0xC9, 0x04, 0xD2, 0x29, 0xAE, 0xF2, 0x5A, 0x96, 0xBC, 0x63, 0x02, 0x5F, 0xC5, 0x2C,
    0xEB, 0x46, 0xD8, 0xBA, 0xCC, 0x3F, 0x0F, 0x5A, 0x3B, 0x30, 0xFD, 0x78, 0x9C, 0x6D, 0x8D, 0xC9,
    0x0D, 0x00, 0x40, 0x08, 0x02, 0xED, 0xC0, 0xFE, 0xBB, 0xDC, 0x0E, 0xC6, 0x03, 0x7D, 0x98, 0xAC,
    0xD1, 0xE0, 0x01, 0x68, 0xA6, 0x78, 0x2E, 0x40, 0x23, 0x67, 0xBB, 0xE3, 0x2F, 0xC0, 0x5B, 0x47,
    0x71, 0xB2, 0xCF, 0x2C, 0x93, 0xAC, 0x16, 0x63, 0x7D, 0xC7, 0x17, 0x64, 0x7B, 0x97, 0xC3, 0x1C,
    0xDD, 0xB8, 0xAC, 0xA7, 0x3E, 0x04, 0x63, 0x94, 0x2C, 0x3E, 0x78, 0x9C, 0x75, 0x4D, 0xDB, 0x11,
    0x00, 0x20, 0x08, 0x62, 0x03, 0xF6, 0xDF, 0xB2, 0x0D, 0x48, 0x51, 0xBB, 0xFA, 0x88, 0xF3, 0x75,
    0x28, 0x08, 0x1C, 0xC8, 0x75, 0x75, 0xE3, 0xCD, 0x11, 0x5F, 0x48, 0xB4, 0x4A, 0x79, 0x1A, 0x73,
    0x44, 0x5A, 0x44, 0x5A, 0x25, 0x78, 0x2F, 0x4E, 0x2B, 0xBF, 0x97, 0xEC, 0xCB, 0xD6, 0xB5, 0xCB,
    0x78, 0xD6, 0x87, 0x0D, 0x5B, 0xBA, 0x2C, 0x3E, 0x78, 0x9C, 0x75, 0x4D, 0xDB, 0x11, 0x00, 0x20,
    0x08, 0x62, 0x03, 0xF6, 0xDF, 0xB2, 0x0D, 0x28, 0x08, 0x3F, 0xFA, 0xC8, 0xD3, 0xC3, 0x07, 0x20,
    0xD0, 0x58, 0x0A, 0x48, 0xF4, 0x40, 0x78, 0x54, 0xBA, 0x4F, 0x94, 0x29, 0x85, 0x49, 0xA7, 0x3D,
    0x4E, 0x45, 0x23, 0xE4, 0x2E, 0x0E, 0xE4, 0x09, 0xDF, 0x65, 0x99, 0xD5, 0xD5, 0x65, 0x3C, 0xEF,
    0x87, 0x0D, 0x65, 0x12, 0x2E, 0x4B, 0x78, 0x9C, 0x75, 0x8D, 0xC1, 0x0D, 0x00, 0x30, 0x08, 0x02,
    0xDD, 0x80, 0xFD, 0xB7, 0x64, 0x03, 0x0A, 0x6A, 0x1F, 0x7D, 0xD4, 0xA4, 0x39, 0xA3, 0x1E, 0xAD,
    0x9A, 0x92, 0xFC, 0x02, 0x18, 0x44, 0x37, 0x06, 0x8D, 0x4F, 0xA9, 0x57, 0x54, 0xCC, 0x8A, 0x96,
    0xEB, 0x0C, 0xE2, 0x25, 0xAC, 0xF7, 0xC2, 0x45, 0x1C, 0xE2, 0x1D, 0xEE, 0xE5, 0x7A, 0x9B, 0x72,
    0x33, 0xE7, 0x87, 0x03, 0xA7, 0xBE, 0x32, 0x65, 0x78, 0x9C, 0x6D, 0x4D, 0x81, 0x09, 0x00, 0x30,
    0x08, 0xF2, 0x03, 0xFF, 0xFF, 0xB2, 0x0F, 0x5C, 0x6E, 0x0E, 0x16, 0x2C, 0x02, 0xC5, 0xD4, 0x50,
    0x84, 0x00, 0x4C, 0xF8, 0x8F, 0x44, 0x5B, 0x24, 0x5B, 0x9A, 0xF7, 0x96, 0x2C, 0x38, 0xD6, 0x0A,
    0xF6, 0x5D, 0x7C, 0xA1, 0x38, 0xC5, 0x38, 0x93, 0x4B, 0xCB, 0xED, 0x3C, 0x1F, 0x16, 0x3A, 0xD5,
    0x2C, 0x5C, 0x78, 0x9C, 0x63, 0x60, 0xF8, 0xF0, 0x9F, 0x01, 0x04, 0x50, 0x29, 0x2C, 0xE0, 0x3F,
    0x18, 0xF0, 0x43, 0x29, 0x1C, 0x8A, 0xB0, 0x18, 0x06, 0x00, 0x9F, 0xA0, 0x17, 0xAD, 0x78, 0x9C,
    0x3D, 0x4C, 0x8B, 0x0D, 0x00, 0x51, 0x0C, 0xB1, 0x81, 0xFD, 0xB7, 0xB4, 0x81, 0xC3, 0x6B, 0x4E,
    0xD2, 0x88, 0x5F, 0x81, 0x83, 0x4D, 0x11, 0x72, 0x10, 0xC1, 0xE8, 0x08, 0xF4, 0x62, 0x57, 0xC5,
    0x13, 0xCD, 0x46, 0x18, 0x71, 0xA4, 0x47, 0x1B, 0xC9, 0xAD, 0xFE, 0xBB, 0x56, 0xEF, 0xE5, 0x46,
    0x4D, 0x0F, 0x1F, 0xE5, 0x68, 0x32, 0x65, 0x78, 0x9C, 0x63, 0xF8, 0xC0, 0x00, 0x02, 0xFF, 0x21,
    0x24, 0x3F, 0x88, 0xFC, 0x80, 0xC2, 0x01, 0x93, 0xE8, 0xE0, 0x3F, 0x58, 0x86, 0x64, 0x92, 0x1F,
    0x95, 0xFC, 0xCF, 0x0F, 0xB4, 0xEA, 0x03, 0x88, 0xFC, 0xFF, 0x1F, 0x68, 0xCF, 0x7F, 0x20, 0x87,
    0x1F, 0x00, 0x19, 0x41, 0x2A, 0xF4, 0x78, 0x9C, 0x63, 0x60, 0x60, 0x60, 0xE0, 0x07, 0x62, 0x86,
    0x0F, 0xFF, 0x41, 0xE4, 0x7F, 0x30, 0x1B, 0xCC, 0xFC, 0x00, 0x11, 0x66, 0xC0, 0x06, 0xFE, 0x83,
    0xE5, 0x49, 0x26, 0xF9, 0x51, 0xC9, 0xFF, 0xFC, 0x40, 0x4B, 0x3F, 0x80, 0xC8, 0xFF, 0xFF, 0x81,
    0xB6, 0xFD, 0x07, 0x72, 0xF8, 0x01, 0x91, 0x33, 0x29, 0xF5, 0x78, 0x9C, 0x63, 0x60, 0x80, 0x80,
    0xFF, 0xFF, 0x81, 0xC4, 0x87, 0xFF, 0xFF, 0xF9, 0x81, 0x4C, 0x86, 0x0F, 0x40, 0x12, 0xCC, 0xC0,
    0x04, 0x60, 0x65, 0xFC, 0x24, 0x93, 0xFC, 0xA8, 0xE4, 0x7F, 0xFE, 0x0F, 0x40, 0x5B, 0x40, 0xE4,
    0xFF, 0xFF, 0x40, 0xCB, 0xFE, 0x83, 0xAC, 0x04, 0x00, 0x77, 0x91, 0x2C, 0x02, 0x78, 0x9C, 0x63,
    0xF8, 0xCF, 0xC0, 0x80, 0x86, 0x30, 0x00, 0x48, 0xEC, 0x03, 0x3F, 0xC9, 0x24, 0x3F, 0x2A, 0xF9,
    0x9F, 0xFF, 0xC3, 0x7F, 0x86, 0x0F, 0x20, 0xF2, 0xFF, 0xFF, 0x0F, 0xFC, 0x0C, 0xFF, 0x81, 0x1C,
    0x7E, 0x00, 0x62, 0x23, 0x29, 0xF5, 0x78, 0x9C, 0x75, 0x8E, 0x51, 0x0A, 0x00, 0x30, 0x08, 0x42,
    0xBD, 0x41, 0xF7, 0xBF, 0xA5, 0x37, 0x70, 0xC3, 0x16, 0x38, 0xC6, 0xFC, 0xE8, 0x41, 0x29, 0x09,
    0x00, 0x84, 0xA5, 0x0A, 0x50, 0xD7, 0x0E, 0x1F, 0xB1, 0x3C, 0x0C, 0x95, 0x43, 0x6A, 0x7B, 0xA0,
    0x6C, 0xE3, 0x85, 0x7D, 0x10, 0x1E, 0x70, 0x9E, 0x67, 0x95, 0xF9, 0xDE, 0x38, 0xC5, 0x18, 0x0E,
    0x2A, 0xC3, 0x0B, 0x3C, 0xD0, 0x2D, 0xF1, 0x78, 0x9C, 0xFB, 0xCF, 0x00, 0x06, 0xFF, 0x89, 0xA1,
    0x3E, 0xFC, 0xE7, 0x07, 0x52, 0x20, 0xC0, 0xCF, 0x00, 0xC6, 0x60, 0x04, 0x14, 0x86, 0x28, 0x21,
    0x9A, 0x02, 0x69, 0x80, 0xEA, 0x03, 0x72, 0xC1, 0x86, 0xFD, 0x07, 0xB3, 0xC0, 0xA6, 0x12, 0xE7,
    0x16, 0x30, 0x00, 0x00, 0x9E, 0x65, 0x37, 0x06, 0x78, 0x9C, 0x6D, 0x8D, 0x01, 0x0A, 0x00, 0x30,
    0x08, 0x02, 0xFD, 0x41, 0xFF, 0xFF, 0x65, 0x3F, 0x70, 0x4B, 0x17, 0x6D, 0xB0, 0x08, 0x2E, 0x12,
    0x15, 0x19, 0xD8, 0x8B, 0x17, 0xBF, 0xD1, 0x3F, 0x23, 0x39, 0x60, 0x40, 0xD0, 0x55, 0x28, 0x3B,
    0x27, 0x8C, 0x36, 0x51, 0x72, 0x01, 0x32, 0xD1, 0x71, 0x86, 0xA4, 0x06, 0x1A, 0x6E, 0xE4, 0x14,
    0x1F, 0x29, 0x79, 0xBB, 0x16, 0xBF, 0x47, 0x30, 0xD0, 0x78, 0x9C, 0x65, 0x8D, 0x81, 0x0D, 0x00,
    0x40, 0x04, 0x03, 0x6D, 0x60, 0xFF, 0x2D, 0x6D, 0x50, 0xBE, 0xC8, 0x07, 0x0D, 0xB9, 0xA4, 0xA2,
    0x15, 0x41, 0x48, 0x42, 0xCD, 0xA3, 0xB6, 0x17, 0x0D, 0x50, 0x52, 0x6D, 0x33, 0xF3, 0x38, 0x93,
    0xFA, 0xCE, 0x9F, 0x5C, 0x64, 0x31, 0x9A, 0xF3, 0xA7, 0xB2, 0x4E, 0x47, 0x75, 0xC3, 0x01, 0x20,
    0xE5, 0x3B, 0xC5, 0x78, 0x9C, 0x65, 0x8C, 0xC1, 0x0D, 0x00, 0x30, 0x08, 0x02, 0xDD, 0x80, 0xFD,
    0xB7, 0x64, 0x03, 0xCB, 0xE9, 0xA7, 0x4D, 0x89, 0xB9, 0x07, 0x20, 0xD5, 0x51, 0xD5, 0xF2, 0x97,
    0xB1, 0x3D, 0xA9, 0xE7, 0x50, 0xEB, 0x65, 0x52, 0x05, 0x6A, 0x51, 0xB0, 0xF0, 0x6E, 0x92, 0xE4,
    0x57, 0xEC, 0x98, 0x66, 0xFC, 0x03, 0xC8, 0x87, 0x31, 0x1B, 0x78, 0x9C, 0x5D, 0x8E, 0x81, 0x09,
    0x00, 0x31, 0x08, 0x03, 0xDD, 0xC0, 0xFD, 0xB7, 0xCC, 0x06, 0xD7, 0xBE, 0x9A, 0xD2, 0x7E, 0x50,
    0x0F, 0x14, 0x12, 0x23, 0x2C, 0xAA, 0xBE, 0xA1, 0xA2, 0x20, 0xFB, 0x40, 0x3C, 0x9A, 0xF5, 0xD9,
    0x0F, 0x95, 0xA6, 0xF2, 0x26, 0xE6, 0xF8, 0x4E, 0x8E, 0xCC, 0x6C, 0x47, 0xB9, 0xA1, 0x82, 0x29,
    0x9D, 0x9F, 0xDE, 0xDF, 0xF8, 0x79, 0xEF, 0xEC, 0x26, 0x0B, 0x87, 0x07, 0x3B, 0xD4, 0x78, 0x9C,
    0x55, 0x8D, 0xC1, 0x0D, 0x00, 0x41, 0x08, 0x02, 0xE9, 0x80, 0xFE, 0xBB, 0xB4, 0x83, 0x59, 0xF0,
    0xEE, 0xB1, 0x4B, 0x0C, 0x21, 0x4E, 0x44, 0x69, 0x85, 0x34, 0x5E, 0x4F, 0xFE, 0x02, 0x50, 0x80,
    0x5E, 0x0D, 0x3F, 0x24, 0xDE, 0xD9, 0x73, 0xBF, 0x1E, 0x9A, 0x12, 0x8C, 0x67, 0x9B, 0xBB, 0xBB,
    0xBD, 0x24, 0xB7, 0x6E, 0x4F, 0xFF, 0xA6, 0xC8, 0x07, 0xA1, 0xEB, 0x35, 0x08, 0x78, 0x9C, 0x65,
    0xCE, 0xC1, 0x0D, 0x00, 0x20, 0x08, 0x03, 0xC0, 0x6E, 0xD0, 0xFD, 0xB7, 0xEC, 0x06, 0x15, 0x11,
    0x88, 0x51, 0x1E, 0xE6, 0x34, 0xAD, 0x01, 0x80, 0x8C, 0x33, 0x03, 0x9B, 0x05, 0x3D, 0x10, 0x2B,
    0x14, 0xF7, 0x07, 0x71, 0x9E, 0xDA, 0x8D, 0xAC, 0xED, 0x4A, 0xD6, 0xE4, 0x3D, 0x03, 0x56, 0x30,
    0x81, 0x1B, 0x91, 0xD6, 0x80, 0xF5, 0x7D, 0x83, 0xBD, 0x65, 0xAF, 0x3D, 0x0F, 0x3F, 0x5A, 0x32,
    0x17, 0x7B, 0x07, 0x3D, 0xD2, 0x78, 0x9C, 0x5D, 0x8D, 0x01, 0x0A, 0x00, 0x30, 0x08, 0x02, 0xFB,
    0x81, 0xFF, 0xFF, 0xA5, 0x3F, 0x70, 0x27, 0x1B, 0x63, 0x2C, 0xE2, 0x0A, 0x34, 0x1B, 0x27, 0x33,
    0x80, 0x61, 0x36, 0x9A, 0x8A, 0x4A, 0x5F, 0xA2, 0x0A, 0xC8, 0xAA, 0xC7, 0xAA, 0xFE, 0x32, 0xA5,
    0xD1, 0x31, 0xBA, 0xCE, 0x73, 0xBB, 0xD3, 0xBE, 0xB0, 0xBE, 0xDB, 0xAA, 0x16, 0xE1, 0x27, 0x2E,
    0x1E, 0x78, 0x9C, 0x63, 0x60, 0x00, 0x02, 0x7E, 0x06, 0x30, 0xF8, 0xF0, 0x1F, 0x42, 0xFF, 0xE7,
    0x47, 0xE1, 0x7E, 0x60, 0x40, 0x05, 0xFF, 0x21, 0xF2, 0xFF, 0xFF, 0x83, 0x19, 0x20, 0x55, 0x20,
    0x1A, 0x2C, 0xC8, 0x8F, 0xD0, 0xC4, 0x8F, 0x62, 0x16, 0xD9, 0xF4, 0x07, 0x34, 0xB7, 0xC1, 0xEC,
    0x81, 0xD8, 0xFB, 0x1F, 0xE1, 0x0E, 0xA8, 0xBB, 0x00, 0x7E, 0x70, 0x29, 0x8C, 0x78, 0x9C, 0x63,
    0x60, 0x80, 0x81, 0xFF, 0x20, 0xE2, 0x03, 0x84, 0xE4, 0x47, 0x08, 0xF0, 0x33, 0x60, 0x05, 0xFF,
    0xFF, 0xF3, 0x83, 0x54, 0x83, 0x28, 0x20, 0xFA, 0x80, 0xAA, 0x11, 0x99, 0x64, 0xC0, 0x10, 0xE1,
    0x47, 0x58, 0x04, 0xD6, 0x0B, 0x34, 0x01, 0x6C, 0x0E, 0xD8, 0x4C, 0x00, 0xCB, 0xDB, 0x21, 0x3A,
    0x78, 0x9C, 0xA5, 0x4E, 0xC1, 0x11, 0x00, 0x20, 0x08, 0x62, 0x03, 0xF7, 0xDF, 0x92, 0x0D, 0xC8,
    0x44, 0xAB, 0x7F, 0x9C, 0x1E, 0xA2, 0x1E, 0x0A, 0x1C, 0x48, 0x45, 0x0C, 0x46, 0xC9, 0x0A, 0x20,
    0x05, 0xF1, 0x42, 0xF2, 0x5C, 0x55, 0x70, 0xEF, 0x85, 0x33, 0x77, 0x69, 0x13, 0xD8, 0xA3, 0xDB,
    0x1F, 0x3C, 0x3E, 0xE3, 0x3B, 0x77, 0x7C, 0x57, 0xF7, 0x8F, 0xFE, 0x6B, 0x01, 0x45, 0x30, 0x2A,
    0x9A, 0x78, 0x9C, 0x6D, 0x4D, 0x81, 0x09, 0x00, 0x41, 0x08, 0x72, 0x03, 0xF7, 0xDF, 0xD2, 0x0D,
    0xFC, 0x34, 0x0E, 0x1E, 0xEE, 0x44, 0x2C, 0xCA, 0x0C, 0x58, 0xC8, 0x1C, 0x75, 0x54, 0x84, 0x11,
    0x8A, 0x78, 0x60, 0x3D, 0x4E, 0x19, 0x6A, 0xDA, 0xDE, 0xD7, 0xEB, 0xBF, 0xE2, 0x9A, 0x70, 0x3F,
    0x9D, 0x45, 0x1E, 0x35, 0xA7, 0x99, 0x1F, 0xB6, 0x9E, 0x23, 0x56, 0x78, 0x9C, 0x63, 0x60, 0x60,
    0xF8, 0xF0, 0x9F, 0x01, 0x0C, 0xD0, 0x69, 0x74, 0xF0, 0xFF, 0x3F, 0x3F, 0x84, 0x02, 0x33, 0x40,
    0xAA, 0x40, 0x18, 0x2C, 0xC8, 0x8F, 0xD0, 0xCC, 0x0F, 0x55, 0x4C, 0x21, 0x0D, 0x33, 0x07, 0xEE,
    0x18, 0xB0, 0xC4, 0x7F, 0x84, 0xBD, 0x30, 0x77, 0x40, 0xDD, 0x05, 0x00, 0x09, 0x0A, 0x2B, 0x30,
    0x78, 0x9C, 0x63, 0x60, 0xF8, 0xF0, 0x9F, 0x01, 0x08, 0x90, 0x49, 0x4C, 0xF0, 0xFF, 0x3F, 0x3F,
    0x48, 0xF2, 0x3F, 0x50, 0x1A, 0xC8, 0xFA, 0x0F, 0x53, 0xCD, 0x0F, 0x96, 0x43, 0x26, 0x19, 0x30,
    0x44, 0xF8, 0x91, 0xCC, 0x05, 0xE9, 0x05, 0xA2, 0xFF, 0x60, 0xE3, 0x40, 0x04, 0x00, 0x99, 0x65,
    0x21, 0x2B, 0x78, 0x9C, 0xA5, 0x4E, 0xB1, 0x0D, 0x00, 0x30, 0x08, 0xE2, 0x03, 0xFE, 0xFF, 0xD2,
    0x0F, 0x68, 0x2A, 0x12, 0x97, 0x6E, 0x35, 0x1A, 0xD4, 0x28, 0x00, 0x24, 0xD4, 0x09, 0x14, 0x8B,
    0x5E, 0x08, 0xCF, 0x90, 0x68, 0xE8, 0xA6, 0xEE, 0x1F, 0x5D, 0x60, 0x8F, 0x66, 0x99, 0xE3, 0x4F,
    0x0C, 0x4F, 0x78, 0xA3, 0x63, 0x5D, 0xAD, 0x8F, 0xF1, 0x75, 0x00, 0x9A, 0x9F, 0x29, 0x9B, 0x78,
    0x9C, 0x6D, 0x4D, 0x41, 0x0A, 0x00, 0x30, 0x08, 0xF2, 0x07, 0xFD, 0xFF, 0x97, 0xFE, 0xC0, 0xA9,
    0x87, 0x18, 0x6C, 0x21, 0x96, 0x46, 0x06, 0xB4, 0x04, 0x70, 0x02, 0x45, 0xB8, 0x5B, 0x6B, 0xF0,
    0x2B, 0xC5, 0xA7, 0xD2, 0x0C, 0x7A, 0x8C, 0xDB, 0x13, 0xE8, 0x66, 0x3C, 0x4E, 0x99, 0xBB, 0xC8,
    0xBB, 0xE6, 0x34, 0xF3, 0x00, 0xAF, 0x69, 0x23, 0x47, 0x78, 0x9C, 0x9D, 0x8E, 0xC1, 0x09, 0x00,
    0x30, 0x0C, 0x02, 0xDD, 0x20, 0xFB, 0x6F, 0xE9, 0x06, 0xD6, 0xC6, 0x50, 0x4A, 0x9F, 0xF5, 0x73,
    0x08, 0x51, 0x03, 0x44, 0x2A, 0xC8, 0xA0, 0xA8, 0xB6, 0xF6, 0x8F, 0x64, 0x0D, 0xD4, 0xF7, 0x34,
    0x93, 0x41, 0x32, 0xD5, 0xE0, 0x40, 0x9F, 0xA8, 0xAB, 0x6C, 0x57, 0xEF, 0xA1, 0x3A, 0xB3, 0x79,
    0x62, 0x01, 0x91, 0xD2, 0x46, 0x51, 0x78, 0x9C, 0x75, 0x8D, 0x01, 0x0A, 0x00, 0x20, 0x0C, 0x02,
    0xFD, 0x81, 0xFF, 0xFF, 0xE5, 0x7E, 0x60, 0x98, 0x11, 0xA3, 0x98, 0x30, 0x0E, 0x74, 0x28, 0xB0,
    0x25, 0x74, 0x6A, 0x24, 0xFF, 0x6F, 0x25, 0x95, 0x65, 0xD2, 0x0E, 0x4A, 0xC9, 0x8B, 0xA1, 0x5E,
    0x62, 0xF0, 0x0F, 0xEB, 0x5E, 0xFA, 0xDC, 0xCF, 0xB6, 0xB7, 0x00, 0xB9, 0x67, 0x36, 0x16, 0x78,
    0x9C, 0x6D, 0xCE, 0xC1, 0x0D, 0x00, 0x20, 0x08, 0x03, 0xC0, 0x6E, 0xD0, 0xFD, 0xB7, 0xEC, 0x06,
    0xD5, 0x8A, 0x3C, 0x24, 0xF2, 0x39, 0x08, 0x09, 0x05, 0xB2, 0x8D, 0x5D, 0x31, 0x8D, 0x08, 0xA4,
    0x89, 0xBA, 0xC2, 0x2C, 0xD5, 0x7A, 0x9A, 0x62, 0x66, 0xFF, 0xF7, 0x43, 0x3E, 0x77, 0x3B, 0xE7,
    0xE4, 0xF6, 0x1F, 0xC5, 0x02, 0x2A, 0xAD, 0x40, 0x2A, 0x78, 0x9C, 0x8D, 0x8D, 0xC1, 0x0D, 0x00,
    0x30, 0x08, 0x02, 0xD9, 0x80, 0xFD, 0xB7, 0x64, 0x03, 0x0B, 0x1A, 0xFB, 0xE8, 0xAB, 0x3C, 0xBC,
    0x44, 0x10, 0x01, 0xAB, 0x80, 0x85, 0xCA, 0xBA, 0xC8, 0x92, 0x78, 0x22, 0x36, 0x2A, 0x33, 0x09,
    0xD9, 0x56, 0xD0, 0x5E, 0x67, 0xBF, 0x20, 0x62, 0xEE, 0x98, 0xBA, 0x94, 0x71, 0xBE, 0xDA, 0x3B,
    0x54, 0x30, 0x38, 0xE6, 0x78, 0x9C, 0x63, 0xF8, 0x0F, 0x04, 0x0C, 0x0C, 0x10, 0x12, 0x09, 0x80,
    0x04, 0xFE, 0xF3, 0x43, 0x49, 0x7E, 0xB0, 0x08, 0x03, 0x5E, 0x92, 0x1F, 0xAE, 0x0B, 0x46, 0xE2,
    0x57, 0x8F, 0xAE, 0x0B, 0x6A, 0x17, 0x00, 0xF7, 0x7B, 0x34, 0x36, 0x78, 0x9C, 0x63, 0xF8, 0x0F,
    0x04, 0x0C, 0x0C, 0x10, 0x12, 0x0B, 0xF8, 0xFF, 0x9F, 0x9F, 0x81, 0xE1, 0x03, 0x44, 0x0D, 0x3F,
    0x10, 0x7D, 0x00, 0x71, 0x21, 0x24, 0x5C, 0x0A, 0x09, 0xF0, 0x83, 0xF5, 0x80, 0xC9, 0x0F, 0x10,
    0x12, 0x62, 0x2C, 0x50, 0x08, 0xC8, 0xFF, 0x00, 0x51, 0x01, 0x22, 0x00, 0x3F, 0xE2, 0x31, 0x0C,
    0x78, 0x9C, 0x7D, 0x8D, 0xC1, 0x09, 0x00, 0x40, 0x08, 0xC3, 0xB2, 0x41, 0xF7, 0xDF, 0xD2, 0x0D,
    0x7A, 0x2A, 0xFA, 0xB9, 0x87, 0x41, 0x42, 0x11, 0x8B, 0xD0, 0x08, 0x5C, 0x13, 0x19, 0xC2, 0x4E,
    0x63, 0x33, 0xB8, 0xD0, 0x58, 0xBD, 0xE1, 0xB4, 0xB6, 0xA5, 0xF5, 0x7D, 0xFF, 0xB5, 0xF6, 0xD7,
    0x03, 0x86, 0x71, 0x32, 0x65, 0x78, 0x9C, 0x5D, 0x8C, 0x81, 0x0D, 0x00, 0x31, 0x08, 0x02, 0xD9,
    0xC0, 0xFD, 0xB7, 0x64, 0x03, 0x5E, 0xA0, 0xF9, 0x34, 0x25, 0xE6, 0xA2, 0x82, 0x02, 0x91, 0x00,
    0x8E, 0xE9, 0x4A, 0x43, 0x49, 0x36, 0x84, 0x47, 0x5A, 0xFF, 0xB8, 0x4E, 0x0E, 0x3D, 0x96, 0xBF,
    0x75, 0x69, 0x72, 0x13, 0xB2, 0xEC, 0xC7, 0x5D, 0xED, 0xCC, 0x26, 0x8C, 0x0F, 0x20, 0x6C, 0x35,
    0x08, 0x78, 0x9C, 0x63, 0x60, 0xF8, 0xCF, 0xCF, 0x00, 0x04, 0xC8, 0x24, 0x02, 0xFC, 0x07, 0x01,
    0x7E, 0x28, 0x09, 0x51, 0xC1, 0x80, 0x97, 0xE4, 0x87, 0xE9, 0xE2, 0x87, 0x91, 0xF8, 0xD5, 0xA3,
    0xE9, 0x82, 0xD9, 0x05, 0x00, 0xFA, 0x27, 0x2D, 0x88, 0x78, 0x9C, 0x65, 0x8C, 0xD1, 0x09, 0x00,
    0x40, 0x08, 0x42, 0xDB, 0xC0, 0xFD, 0xB7, 0x74, 0x03, 0xCF, 0x0A, 0x42, 0x38, 0x3F, 0x1E, 0x99,
    0x59, 0x15, 0x55, 0x56, 0xF2, 0x97, 0x84, 0x0E, 0xE5, 0xD8, 0x93, 0xC0, 0xB6, 0xCB, 0x8B, 0x42,
    0x98, 0xCE, 0x90, 0x88, 0xBF, 0x5E, 0xD9, 0x73, 0x2F, 0x1A, 0x0F, 0x58, 0xEE, 0x2E, 0xE1, 0x78,
    0x9C, 0xFB, 0xFF, 0x1F, 0x08, 0xF8, 0xFF, 0x43, 0x48, 0x7E, 0x06, 0x20, 0xF8, 0xCF, 0x80, 0x97,
    0x04, 0x29, 0x84, 0x91, 0xC4, 0xA8, 0x87, 0x90, 0xFC, 0x30, 0xBD, 0x30, 0xBB, 0xE0, 0x72, 0x1F,
    0xF8, 0x31, 0xC8, 0xFF, 0xFF, 0x21, 0x7A, 0x00, 0xCA, 0x2B, 0x32, 0x56, 0x78, 0x9C, 0x4D, 0x8C,
    0xC1, 0x0D, 0x00, 0x30, 0x08, 0x02, 0x6F, 0x03, 0xF7, 0xDF, 0xD2, 0x0D, 0xA8, 0x62, 0x63, 0xF4,
    0x41, 0x04, 0x4E, 0x41, 0x0A, 0x48, 0x49, 0x50, 0x9B, 0x22, 0xDB, 0x8E, 0x6E, 0x75, 0xA6, 0x12,
    0x83, 0x34, 0x65, 0x15, 0x3F, 0x2A, 0x9F, 0x43, 0xF8, 0xDB, 0x02, 0xD3, 0x5F, 0xF5, 0x7D, 0x2A,
    0x1E, 0x0E, 0x26, 0x31, 0xFC, 0x78, 0x9C, 0x63, 0x60, 0x00, 0x83, 0xFF, 0x60, 0xF4, 0x81, 0xFF,
    0x3F, 0x3F, 0x88, 0xF3, 0x9F, 0x01, 0x05, 0xFC, 0x07, 0x01, 0x7E, 0x28, 0xC9, 0x0F, 0x55, 0x8E,
    0x8F, 0xE4, 0x87, 0xE9, 0xE2, 0x87, 0x91, 0xF8, 0xD5, 0xA3, 0xE9, 0x82, 0xD9, 0x05, 0x00, 0x8F,
    0xFF, 0x30, 0x67, 0x78, 0x9C, 0x6D, 0x4C, 0xC1, 0x11, 0x00, 0x30, 0x0C, 0xC9, 0x06, 0xF6, 0xDF,
    0xD2, 0x06, 0x2A, 0xF4, 0xD1, 0x47, 0x5D, 0xCE, 0x05, 0x91, 0x99, 0x40, 0x19, 0x82, 0x5A, 0x21,
    0x84, 0xE7, 0x8B, 0xA4, 0xD4, 0xC6, 0xDE, 0x04, 0x22, 0xC5, 0x9A, 0x37, 0x7A, 0x80, 0x74, 0xC2,
    0x2C, 0xF7, 0xAF, 0x2D, 0x6B, 0xF6, 0x62, 0xE9, 0x00, 0xE9, 0xD1, 0x32, 0x0B, 0x78, 0x9C, 0x7D,
    0x8E, 0x01, 0x0E, 0xC0, 0x20, 0x08, 0x03, 0xFB, 0x03, 0xFF, 0xFF, 0x4B, 0x7E, 0x70, 0x23, 0x2D,
    0xBA, 0x2C, 0x26, 0x33, 0xC8, 0x35, 0x52, 0x10, 0xE9, 0x1C, 0x58, 0x61, 0x99, 0x9D, 0x31, 0x1D,
    0xBA, 0x7C, 0x60, 0x51, 0xE4, 0xFA, 0x71, 0x59, 0x4E, 0x77, 0xCC, 0x3F, 0xEC, 0x01, 0x1F, 0xB6,
    0xBA, 0x58, 0x9B, 0x84, 0x29, 0xF0, 0xFE, 0xEB, 0x3D, 0x98, 0x85, 0xA4, 0x07, 0x56, 0xA2, 0x3A,
    0x21, 0x78, 0x9C, 0x6D, 0x8D, 0x81, 0x09, 0x00, 0x31, 0x0C, 0x02, 0xDD, 0x20, 0xFB, 0x6F, 0xE9,
    0x06, 0x7E, 0x54, 0x0A, 0x7D, 0xA8, 0x94, 0x1C, 0x6D, 0xD5, 0x00, 0x14, 0x2C, 0x05, 0x14, 0xC7,
    0x18, 0xF8, 0xAA, 0x9C, 0xB7, 0xA8, 0xD5, 0xDA, 0x82, 0xED, 0x70, 0x8D, 0xB3, 0xFB, 0xF6, 0x04,
    0x6A, 0x49, 0xA0, 0xE8, 0x1E, 0x5C, 0xD0, 0xDD, 0xDC, 0xEA, 0xFE, 0x69, 0xF4, 0x87, 0xE2, 0x3E,
    0x4E, 0x66, 0x7E, 0xCB, 0xC7, 0x4A, 0xE3, 0x78, 0x9C, 0x75, 0x8E, 0x01, 0x0E, 0x00, 0x31, 0x04,
    0x04, 0xE7, 0x07, 0xFE, 0xFF, 0x4B, 0x3F, 0xD8, 0xEA, 0xD2, 0xB4, 0xC9, 0xE5, 0x04, 0xB3, 0x48,
    0x00, 0xC7, 0xB2, 0x3C, 0x70, 0x92, 0x6B, 0xC9, 0x44, 0x0A, 0x5E, 0x9B, 0xBA, 0xC6, 0x5B, 0xA4,
    0x3A, 0xDC, 0x0C, 0x4B, 0x98, 0x55, 0x4C, 0xFB, 0x87, 0xFB, 0xC0, 0xCB, 0x52, 0x1F, 0xE6, 0xA1,
    0x9A, 0x3D, 0xD0, 0xBD, 0xEB, 0x3F, 0x34, 0x0F, 0xC1, 0x02, 0xBA, 0xD3, 0x3C, 0x1F, 0x78, 0x9C,
    0x75, 0x8E, 0x81, 0x09, 0x00, 0x21, 0x0C, 0x03, 0xB3, 0x41, 0xF7, 0xDF, 0xB2, 0x1B, 0x9C, 0x35,
    0x41, 0x50, 0xF8, 0x2F, 0xC2, 0xB5, 0x7A, 0x0D, 0x4A, 0xA9, 0x92, 0x7A, 0x80, 0x8F, 0x28, 0xA3,
    0x99, 0x66, 0x8F, 0xE8, 0xAF, 0x46, 0xD9, 0x12, 0x46, 0x33, 0xF3, 0xDC, 0x95, 0x13, 0x3E, 0xA1,
    0x28, 0x5E, 0x08, 0x94, 0x85, 0x0B, 0xDC, 0xC9, 0x89, 0xCE, 0x1B, 0xC5, 0x0B, 0x6C, 0x1F, 0x33,
    0xDF, 0x5D, 0x1D, 0x7D, 0x4A, 0x11, 0x78, 0x9C, 0x63, 0x60, 0x60, 0xF8, 0xF0, 0x9F, 0x01, 0x0C,
    0xD0, 0x69, 0x74, 0xF0, 0xFF, 0x3F, 0x3F, 0x84, 0x02, 0x33, 0x40, 0xAA, 0x40, 0x18, 0x2C, 0xC8,
    0x8F, 0xD0, 0xCC, 0x0F, 0x55, 0x8C, 0x87, 0x06, 0x1A, 0x80, 0x42, 0x03, 0x59, 0x18, 0xF4, 0x07,
    0x18, 0xFD, 0x1F, 0x42, 0x43, 0x24, 0xFE, 0x23, 0xEC, 0x05, 0xBB, 0xE3, 0x3F, 0xD4, 0x41, 0x0C,
    0x0C, 0x00, 0xE6, 0x84, 0x38, 0x05, 0x78, 0x9C, 0x6D, 0x8D, 0xC1, 0x09, 0x00, 0x30, 0x08, 0x03,
    0xB3, 0x41, 0xF6, 0xDF, 0xD2, 0x0D, 0x52, 0x4D, 0x28, 0xB4, 0x60, 0x1E, 0x1E, 0xE8, 0xA9, 0x40,
    0x09, 0x93, 0x1F, 0x6B, 0xD4, 0xA1, 0xAB, 0xD8, 0xDE, 0xA8, 0xC5, 0x6E, 0x73, 0x07, 0xA2, 0x78,
    0x21, 0x40, 0x16, 0x1E, 0xDC, 0xA7, 0xBE, 0x9C, 0xD3, 0x99, 0x89, 0xFA, 0x21, 0xDB, 0xD7, 0x2C,
    0xD7, 0x03, 0x6D, 0xB2, 0x44, 0xE9, 0x78, 0x9C, 0x7D, 0x8E, 0x01, 0x0A, 0x00, 0x20, 0x08, 0x03,
    0xF7, 0x03, 0xFF, 0xFF, 0x4B, 0x7F, 0xB0, 0x6C, 0x5A, 0x61, 0x41, 0x82, 0xDC, 0x50, 0x71, 0x03,
    0x40, 0x1A, 0x30, 0x21, 0xE1, 0xCC, 0xD6, 0xD0, 0x24, 0x67, 0xB9, 0x25, 0xF9, 0x61, 0x3C, 0x68,
    0x0C, 0xF5, 0xD0, 0x17, 0x99, 0xCC, 0x05, 0x8F, 0xAF, 0x72, 0xB0, 0x02, 0xA1, 0x55, 0x59, 0x6D,
    0xCF, 0x2B, 0x93, 0xCE, 0x07, 0x54, 0xDC, 0x37, 0x60, 0x78, 0x9C, 0x6D, 0x8C, 0xC1, 0x0D, 0x00,
    0x30, 0x08, 0x02, 0xD9, 0xC0, 0xFD, 0xB7, 0x64, 0x83, 0xAB, 0x91, 0x34, 0x6D, 0x93, 0xF2, 0xE0,
    0xA2, 0x22, 0x92, 0x29, 0xB5, 0xE2, 0x42, 0x37, 0x9C, 0xE5, 0x4F, 0xA6, 0x55, 0x62, 0x60, 0x7A,
    0x4E, 0xBC, 0x77, 0x5F, 0x28, 0x91, 0x79, 0x08, 0x4E, 0xFF, 0x06, 0x77, 0x73, 0xAA, 0x73, 0xA3,
    0x78, 0xC1, 0xA4, 0x77, 0xD2, 0xE3, 0x0B, 0x5B, 0x3B, 0x46, 0x15, 0x78, 0x9C, 0x63, 0x60, 0xF8,
    0xF0, 0x9F, 0x9F, 0x01, 0x08, 0xFE, 0xFF, 0xFF, 0x0F, 0x24, 0x3F, 0xF0, 0x83, 0x10, 0xC3, 0x07,
    0x20, 0x13, 0x2C, 0x0A, 0x96, 0x81, 0x90, 0xA4, 0x53, 0x20, 0x13, 0x3E, 0xFC, 0x47, 0x03, 0xE4,
    0x1A, 0x06, 0xA1, 0x00, 0x20, 0x5E, 0x3A, 0xC6, 0x78, 0x9C, 0x63, 0x60, 0x80, 0x80, 0xFF, 0xFF,
    0x81, 0xC4, 0x87, 0xFF, 0x1F, 0xF8, 0x81, 0x24, 0x3F, 0xC3, 0x7F, 0xB0, 0xD8, 0x07, 0x98, 0x1C,
    0x51, 0xE4, 0x87, 0xFF, 0x40, 0x7D, 0x1F, 0xFE, 0x03, 0x0D, 0xFA, 0x0F, 0x62, 0xF1, 0xFF, 0x07,
    0x1B, 0x05, 0x25, 0x19, 0xC8, 0x27, 0x01, 0x17, 0x9B, 0x30, 0xDF, 0x78, 0x9C, 0x63, 0xF8, 0xCF,
    0x00, 0x02, 0xFF, 0xC1, 0x08, 0x07, 0xE3, 0x3F, 0x06, 0x60, 0xF8, 0xCF, 0x0F, 0x94, 0xF9, 0x80,
    0xA2, 0x18, 0x2E, 0x02, 0x55, 0x82, 0xC4, 0x20, 0x6C, 0x05, 0x49, 0x0C, 0x00, 0xDC, 0xAF, 0x41,
    0xBF, 0x78, 0x9C, 0x63, 0xF8, 0xCF, 0x00, 0x06, 0x10, 0xEA, 0x3F, 0x08, 0xC0, 0x29, 0x86, 0xFF,
    0xFC, 0x48, 0x72, 0x08, 0xEA, 0x03, 0x48, 0xFC, 0xFF, 0x07, 0xA8, 0x52, 0x7E, 0x06, 0x08, 0x62,
    0xF8, 0x80, 0xA0, 0x18, 0x28, 0xA1, 0x00, 0x8E, 0x6F, 0x30, 0x0D, 0x78, 0x9C, 0x63, 0x60, 0x00,
    0x81, 0x0F, 0xFF, 0xF9, 0x19, 0x3E, 0x00, 0xC9, 0xFF, 0x0C, 0x60, 0x08, 0xA6, 0x19, 0x80, 0x62,
    0x30, 0xF0, 0x7F, 0x40, 0x48, 0x00, 0xC9, 0xC7, 0x20, 0xD1, 0x78, 0x9C, 0xFB, 0xF0, 0x9F, 0x81,
    0xE1, 0xFF, 0x87, 0xFF, 0xFC, 0x0C, 0xFF, 0xFF, 0x33, 0xFC, 0x07, 0x11, 0x40, 0x36, 0x48, 0x88,
    0x9F, 0x01, 0x09, 0xFC, 0xA7, 0x16, 0x01, 0x00, 0x9B, 0x8F, 0x1C, 0xE4, 0x78, 0x9C, 0xFB, 0xFF,
    0x1F, 0x02, 0x18, 0x60, 0xE0, 0x03, 0x3F, 0x55, 0x31, 0x00, 0x11, 0x76, 0x1B, 0xE5, 0x78, 0x9C,
    0xFB, 0xFF, 0x1F, 0x02, 0x18, 0x90, 0xC1, 0x07, 0x7E, 0xB2, 0x31, 0x00, 0x30, 0x76, 0x16, 0xEA,
    0x78, 0x9C, 0x63, 0x60, 0x00, 0x82, 0x0F, 0xFC, 0x0C, 0x0C, 0xFC, 0x1F, 0xFE, 0x83, 0xE8, 0xFF,
    0xFF, 0xFF, 0x03, 0xF9, 0xFF, 0xF9, 0x19, 0xA0, 0xE0, 0x3F, 0xCD, 0x09, 0x00, 0xF7, 0xBF, 0x1C,
    0xE4, 0x78, 0x9C, 0x63, 0x60, 0x00, 0x82, 0x0F, 0x40, 0xFC, 0xFF, 0x03, 0x3F, 0x88, 0xF8, 0xCF,
    0x00, 0xA4, 0xFF, 0xFF, 0xFF, 0xCF, 0xCF, 0xF0, 0x01, 0x88, 0x91, 0xC1, 0x7F, 0x6A, 0x11, 0x00,
    0xC2, 0xC8, 0x1A, 0xD7, 0x78, 0x9C, 0x63, 0xF8, 0xCF, 0xC0, 0x40, 0x01, 0xFA, 0xC0, 0xCF, 0xF0,
    0x1F, 0x82, 0xFE, 0xF3, 0x7F, 0xF8, 0xCF, 0x0F, 0x00, 0x0C, 0xA7, 0x1C, 0x12, 0x78, 0x9C, 0xFB,
    0xF0, 0x9F, 0xE1, 0x03, 0x18, 0xC1, 0xC1, 0x07, 0x7E, 0x12, 0x11, 0x03, 0xC3, 0x7F, 0x08, 0xFA,
    0xCF, 0x0F, 0x34, 0x07, 0x00, 0x79, 0x88, 0x1C, 0xA8, 0x78, 0x9C, 0xFB, 0xCF, 0xFF, 0x1F, 0x08,
    0x19, 0x80, 0xE0, 0x03, 0x3F, 0x71, 0x10, 0x00, 0x39, 0x33, 0x17, 0x17, 0x78, 0x9C, 0xFB, 0xCF,
    0xF0, 0x1F, 0x0F, 0x04, 0x00, 0xEF, 0x2E, 0x0E, 0xF2, 0x78, 0x9C, 0xFB, 0xCF, 0xC0, 0xC0, 0xF0,
    0xFF, 0x3F, 0x6D, 0x09, 0x20, 0xFE, 0x80, 0x42, 0xFC, 0xFF, 0xCF, 0x0F, 0x96, 0x03, 0x00, 0x35,
    0x4B, 0x31, 0xB1, 0x78, 0x9C, 0xFB, 0xCF, 0xCF, 0xF0, 0xE1, 0xFF, 0x7F, 0x38, 0xC1, 0x80, 0x0A,
    0x3E, 0xF0, 0x33, 0x30, 0xFC, 0xA7, 0x0E, 0x01, 0x32, 0x0E, 0x44, 0x7C, 0x40, 0x21, 0x40, 0xB6,
    0x02, 0x09, 0x06, 0x00, 0xF7, 0x0B, 0x31, 0xB1, 0x78, 0x9C, 0x63, 0x60, 0x40, 0x80, 0xFF, 0xFF,
    0xC1, 0xD4, 0x07, 0xFE, 0x0F, 0xFC, 0x60, 0x2E, 0x18, 0x61, 0x01, 0x10, 0xE9, 0x01, 0xA2, 0x81,
    0xF8, 0x3F, 0x10, 0x7F, 0xF8, 0x0F, 0xA1, 0x81, 0x8E, 0x86, 0x3A, 0xFB, 0x3F, 0x98, 0x0B, 0x00,
    0xFE, 0xA9, 0x20, 0x0E, 0x78, 0x9C, 0x63, 0x60, 0xF8, 0xCF, 0xCF, 0xC0, 0xF0, 0xE1, 0xFF, 0x7F,
    0x06, 0x20, 0xE3, 0x3F, 0x90, 0xC1, 0xF0, 0x81, 0xFF, 0x03, 0x50, 0x04, 0xC8, 0x47, 0x03, 0xFF,
    0x69, 0x45, 0x00, 0xED, 0x84, 0x38, 0xE0, 0x03, 0xC8, 0x29, 0x00, 0x24, 0xAE, 0x23, 0xBF, 0x78,
    0x9C, 0x55, 0x8D, 0x81, 0x11, 0x00, 0x20, 0x08, 0x02, 0xDB, 0xC0, 0xFD, 0xB7, 0x64, 0x03, 0x32,
    0xC0, 0xAE, 0x3C, 0xCF, 0x57, 0x2C, 0xE1, 0xEA, 0x60, 0xB1, 0x2B, 0xB8, 0xA8, 0xC1, 0x50, 0xA2,
    0xDC, 0x09, 0xB0, 0x7E, 0xB4, 0x06, 0x35, 0x31, 0x28, 0x3D, 0xF1, 0xB2, 0x5B, 0xDC, 0x4F, 0xEF,
    0x4D, 0x04, 0x36, 0x8A, 0xED, 0x40, 0xD7, 0xFF, 0x88, 0x22, 0xC3, 0x81, 0xFC, 0x36, 0x49, 0x2A,
    0x37, 0x15, 0x78, 0x9C, 0x85, 0x8D, 0xDB, 0x0D, 0x00, 0x20, 0x08, 0x03, 0xD9, 0xA0, 0xFB, 0x6F,
    0xD9, 0x0D, 0x4E, 0x1E, 0x51, 0xE3, 0x97, 0x0D, 0xB9, 0xF0, 0x28, 0x40, 0x94, 0xF8, 0x12, 0x25,
    0x4D, 0xE5, 0x56, 0xB1, 0xC3, 0x4D, 0x74, 0xC8, 0xB0, 0xFB, 0x6D, 0xCE, 0x7A, 0xFC, 0xB3, 0x1B,
    0xDC, 0x6B, 0x35, 0x78, 0x84, 0xEE, 0x53, 0xB3, 0xB1, 0x00, 0x9A, 0x44, 0x30, 0xDF, 0x78, 0x9C,
    0x35, 0xCC, 0x81, 0x09, 0x00, 0x30, 0x08, 0x03, 0xC1, 0xDF, 0xC0, 0xFD, 0xB7, 0xEC, 0x06, 0xA9,
    0x5F, 0x2D, 0xC8, 0x11, 0x82, 0x1A, 0x20, 0x15, 0x38, 0x41, 0x4B, 0xA3, 0xC7, 0x60, 0xFC, 0x66,
    0xB5, 0x7F, 0x55, 0xCF, 0xEC, 0xCF, 0x2D, 0xAB, 0xDF, 0xBA, 0xBA, 0xBF, 0xEE, 0x26, 0x17, 0x78,
    0x9C, 0x63, 0x60, 0x80, 0x80, 0xFF, 0x20, 0xE2, 0x03, 0x98, 0xFC, 0xCF, 0x0F, 0x62, 0xF2, 0x33,
    0xA0, 0x01, 0x88, 0x08, 0xCD, 0x49, 0xA8, 0x43, 0x40, 0x00, 0x42, 0x02, 0x00, 0x0A, 0x72, 0x23,
    0xB0, 0x78, 0x9C, 0x63, 0x60, 0x00, 0x01, 0x7E, 0x06, 0x86, 0x0F, 0xFF, 0x19, 0x18, 0xFE, 0xF3,
    0x83, 0xA9, 0x0F, 0x0C, 0x10, 0xF0, 0x81, 0x9F, 0x4A, 0x18, 0x64, 0x26, 0xD0, 0x6C, 0x90, 0xF9,
    0x00, 0xEB, 0xE8, 0x1C, 0xD5, 0x78, 0x9C, 0xFB, 0xCF, 0x00, 0x02, 0xFF, 0x69, 0x4D, 0xF2, 0x83,
    0x49, 0x10, 0xE0, 0x87, 0x90, 0x0C, 0x28, 0xE0, 0x03, 0x3F, 0x9A, 0x96, 0x0F, 0x20, 0x15, 0x00,
    0x46, 0x7A, 0x21, 0x0D, 0x78, 0x9C, 0xFB, 0xC0, 0xCF, 0xF0, 0x81, 0x0C, 0xF4, 0x1F, 0x88, 0xF8,
    0x19, 0x80, 0x08, 0x08, 0x80, 0xC4, 0x7F, 0xB0, 0xE8, 0x7F, 0x7E, 0x20, 0x0D, 0x00, 0x76, 0x22,
    0x1B, 0x22, 0x78, 0x9C, 0x63, 0x60, 0x60, 0xF8, 0xC0, 0xCF, 0xC0, 0x00, 0x26, 0xFF, 0x63, 0x25,
    0x19, 0x40, 0x24, 0x03, 0x15, 0x49, 0xB0, 0x75, 0xFF, 0x41, 0x80, 0x1F, 0x42, 0x02, 0x00, 0xC0,
    0x80, 0x21, 0xFD, 0x78, 0x9C, 0x63, 0x60, 0xF8, 0xCF, 0xC0, 0xF0, 0xFF, 0x3F, 0x02, 0xF1, 0x83,
    0xF8, 0x44, 0x22, 0x7E, 0x90, 0x86, 0x0F, 0xFF, 0x19, 0x00, 0xEC, 0xDC, 0x1B, 0xF4, 0x78, 0x9C,
    0xFB, 0xCF, 0x00, 0x02, 0xFF, 0x49, 0x22, 0xF9, 0x41, 0xE4, 0x87, 0xFF, 0x08, 0x12, 0x22, 0x82,
    0x4F, 0x17, 0x3F, 0x98, 0x04, 0x01, 0x7E, 0x08, 0x09, 0x00, 0x0A, 0x1D, 0x20, 0x0E, 0x78, 0x9C,
    0xFB, 0xCF, 0xC0, 0xC0, 0xF0, 0x9F, 0x30, 0xE6, 0xFF, 0xCF, 0xF0, 0xE1, 0x3F, 0x04, 0x83, 0xD8,
    0x58, 0xD4, 0xF0, 0x03, 0x31, 0x90, 0xF1, 0x01, 0x88, 0x01, 0x40, 0x97, 0x1A, 0xE6, 0x78, 0x9C,
    0x63, 0xF8, 0xC0, 0xCF, 0x00, 0x02, 0x24, 0x51, 0x20, 0xD6, 0x07, 0xFE, 0x0F, 0xFF, 0x41, 0xD4,
    0x7F, 0x10, 0xC9, 0xF0, 0x01, 0x4A, 0xFE, 0x07, 0xA9, 0x80, 0x08, 0x31, 0x7C, 0xC0, 0x6B, 0xCA,
    0x7F, 0x28, 0x05, 0x02, 0x50, 0x0A, 0x00, 0xA5, 0x66, 0x28, 0x9C, 0x78, 0x9C, 0x63, 0xF8, 0xC0,
    0xCF, 0xC0, 0xC0, 0x40, 0x80, 0xF8, 0xFF, 0x1F, 0x4A, 0x40, 0x30, 0x50, 0xEC, 0x3F, 0x51, 0xDA,
    0xC0, 0x04, 0x88, 0x09, 0x24, 0x00, 0x1D, 0x46, 0x1D, 0xD4, 0x78, 0x9C, 0x5D, 0xCD, 0xD1, 0x0D,
    0x00, 0x20, 0x08, 0x43, 0x41, 0x36, 0x60, 0xFF, 0x2D, 0xBB, 0xC1, 0x13, 0x21, 0xD1, 0x2A, 0x3F,
    0x97, 0x96, 0x10, 0x22, 0xCE, 0x68, 0x20, 0x3B, 0x30, 0x21, 0xFE, 0x99, 0x35, 0xF0, 0x92, 0x4E,
    0x9F, 0x5D, 0x94, 0xCE, 0x6E, 0x8D, 0x6A, 0x8D, 0x6A, 0x1D, 0xE1, 0x7C, 0x5F, 0xC5, 0x02, 0x6E,
    0x1E, 0x41, 0xB0, 0x78, 0x9C, 0x9D, 0x8B, 0xC1, 0x09, 0x00, 0x30, 0x10, 0xC2, 0xDC, 0xC0, 0xFD,
    0xB7, 0x74, 0x83, 0xB4, 0x16, 0xAE, 0xAF, 0xBE, 0x9A, 0x47, 0x08, 0x88, 0xD2, 0x40, 0x95, 0x63,
    0x7C, 0x33, 0xD6, 0x03, 0xF6, 0x6A, 0x11, 0x40, 0xB4, 0xDC, 0x4B, 0xC6, 0xFA, 0xF7, 0x02, 0x57,
    0x6B, 0x29, 0xF5, 0x78, 0x9C, 0x5D, 0xCD, 0xC1, 0x0D, 0x00, 0x30, 0x08, 0x02, 0x40, 0x37, 0x60,
    0xFF, 0x2D, 0xDD, 0x80, 0x52, 0x3E, 0x85, 0xFA, 0xF0, 0x22, 0x31, 0x4A, 0x8C, 0x8A, 0x64, 0x83,
    0x64, 0x58, 0x2C, 0x92, 0x9B, 0x06, 0x4A, 0x03, 0xA5, 0xC9, 0x32, 0xF9, 0xBE, 0xAE, 0x7B, 0x95,
    0xFF, 0xFB, 0xD8, 0x9B, 0xBC, 0x7C, 0x00, 0x70, 0x95, 0x41, 0xDD, 0x78, 0x9C, 0xFB, 0xCF, 0xF0,
    0xE1, 0x3F, 0x3F, 0xC3, 0xFF, 0x0F, 0xFF, 0xFF, 0xFF, 0x67, 0xF8, 0x0F, 0x62, 0xF1, 0x03, 0x09,
    0x86, 0x0F, 0x30, 0x92, 0x81, 0x7C, 0x92, 0x01, 0x05, 0xFC, 0xFF, 0x0F, 0xA1, 0x40, 0xC4, 0x07,
    0xB0, 0x02, 0x90, 0x0D, 0x00, 0x47, 0x94, 0x29, 0xF5, 0x78, 0x9C, 0x5D, 0xCD, 0xB1, 0x0D, 0x00,
    0x30, 0x08, 0x03, 0x41, 0x6F, 0xC0, 0xFE, 0x5B, 0xB2, 0xC1, 0x07, 0x42, 0x11, 0x07, 0x0B, 0xE9,
    0x84, 0x0B, 0x90, 0x26, 0x19, 0x3D, 0x12, 0xC1, 0x5D, 0x09, 0xAD, 0x4C, 0x03, 0xFC, 0x84, 0x23,
    0x3E, 0xFA, 0xE2, 0xA3, 0x5B, 0xA3, 0x5A, 0xA3, 0x5A, 0x27, 0x71, 0xD6, 0xD7, 0xE4, 0x00, 0x1D,
    0x1C, 0x42, 0xCD, 0x78, 0x9C, 0x9D, 0x8A, 0xC1, 0x09, 0x00, 0x30, 0x10, 0xC2, 0xDC, 0xC0, 0xFD,
    0xB7, 0x74, 0x83, 0xF4, 0x3C, 0xE8, 0xAF, 0xAF, 0x06, 0x09, 0x88, 0x4A, 0x0B, 0x52, 0xDC, 0xD0,
    0x82, 0xD7, 0x7A, 0x80, 0x32, 0x2B, 0x61, 0xE6, 0xFE, 0x70, 0xCF, 0xB9, 0xD6, 0xBF, 0x0F, 0xCC,
    0x0E, 0x2B, 0x12, 0x78, 0x9C, 0xAD, 0xCA, 0xD1, 0x09, 0x00, 0x20, 0x0C, 0x03, 0xD1, 0x6C, 0xD0,
    0xFD, 0xB7, 0xCC, 0x06, 0x27, 0xDA, 0x8A, 0x15, 0x7F, 0x2D, 0x04, 0x1E, 0x5C, 0x85, 0xEA, 0x4C,
    0x3C, 0x92, 0x8F, 0x36, 0x44, 0x8F, 0xAC, 0xEF, 0x19, 0x31, 0x64, 0x82, 0x70, 0x29, 0x72, 0x97,
    0xD4, 0xE5, 0xEF, 0x1A, 0xB1, 0xD2, 0x2D, 0xF1, 0x78, 0x9C, 0xFB, 0xCF, 0xC0, 0xF0, 0xFF, 0x3F,
    0x03, 0x90, 0x00, 0x52, 0x20, 0xC6, 0xFF, 0xFF, 0xFC, 0x0C, 0x1F, 0x80, 0x18, 0x22, 0xC8, 0x0F,
    0x42, 0x0C, 0x40, 0x01, 0x06, 0x10, 0x17, 0x4E, 0x33, 0x50, 0x89, 0x46, 0x37, 0x17, 0x64, 0x1F,
    0x88, 0x07, 0x72, 0x07, 0x03, 0xD8, 0x19, 0x0C, 0x00, 0xEE, 0x82, 0x35, 0xBC, 0x78, 0x9C, 0xFB,
    0xCF, 0xF0, 0xE1, 0x3F, 0x3F, 0xC3, 0xFF, 0x0F, 0xFF, 0xFF, 0xFF, 0x67, 0xF8, 0x0F, 0x62, 0xF1,
    0x03, 0x09, 0x86, 0x0F, 0x30, 0x92, 0x81, 0x7C, 0x92, 0x01, 0x2B, 0x09, 0x32, 0x17, 0x6C, 0x11,
    0x88, 0x64, 0x00, 0x00, 0x65, 0x2B, 0x2B, 0x21, 0x78, 0x9C, 0x63, 0x60, 0xF8, 0x0F, 0x04, 0x0C,
    0x20, 0x00, 0x67, 0x60, 0x82, 0x0F, 0xFF, 0xFF, 0xF3, 0xC3, 0xD5, 0xF0, 0x83, 0x69, 0x08, 0x66,
    0x80, 0xF0, 0xF8, 0x81, 0x2A, 0xC0, 0xEA, 0xF8, 0x41, 0x08, 0xAC, 0x81, 0x01, 0xA6, 0x83, 0x22,
    0x06, 0xD0, 0x1C, 0xB8, 0x81, 0x70, 0x2B, 0xE0, 0x96, 0x82, 0x85, 0x20, 0x8E, 0x86, 0x39, 0x0C,
    0xE6, 0x54, 0x00, 0x08, 0xD4, 0x3F, 0x3A, 0x78, 0x9C, 0x63, 0xF8, 0xF0, 0xFF, 0xFF, 0x7F, 0x7E,
    0x06, 0x06, 0x28, 0x85, 0x1D, 0x40, 0xA4, 0x40, 0x4A, 0x40, 0x1C, 0x7E, 0x86, 0x0F, 0x40, 0x04,
    0x66, 0x82, 0x58, 0x20, 0x0A, 0x22, 0xCF, 0x0F, 0xA3, 0x18, 0x50, 0x78, 0x10, 0x0A, 0xAA, 0x12,
    0xAA, 0x0F, 0x6A, 0x0A, 0xCC, 0x4C, 0x88, 0x0D, 0x00, 0xB9, 0xC7, 0x2C, 0x11, 0x78, 0x9C, 0xA5,
    0x8E, 0xC1, 0x0D, 0x00, 0x30, 0x08, 0x02, 0xD9, 0xC0, 0xFD, 0xB7, 0xEC, 0x06, 0x54, 0x21, 0x92,
    0xF4, 0x5D, 0xD2, 0xC7, 0x69, 0x51, 0x01, 0x22, 0x02, 0xC7, 0x50, 0xC3, 0xAD, 0xC3, 0x46, 0xB7,
    0x88, 0x57, 0xF9, 0x22, 0x4D, 0xE3, 0x90, 0xCB, 0x55, 0xB5, 0x43, 0xBE, 0x9A, 0xA7, 0x01, 0xEC,
    0xC4, 0x17, 0xF4, 0x9E, 0x2C, 0xCC, 0x89, 0x1C, 0x55, 0xCB, 0x61, 0x37, 0xD8, 0x46, 0xBD, 0xD4,
    0x83, 0x40, 0x39, 0x78, 0x9C, 0x65, 0x8D, 0x89, 0x09, 0x00, 0x30, 0x08, 0x03, 0xB3, 0x41, 0xF6,
    0xDF, 0xD2, 0x0D, 0xD2, 0xF8, 0xB4, 0x20, 0x15, 0x25, 0xA2, 0x5E, 0x04, 0x3A, 0x04, 0x04, 0x9F,
    0xB8, 0xDC, 0x21, 0x24, 0xD5, 0x52, 0xC4, 0x17, 0x3D, 0x9C, 0x13, 0xF7, 0xCE, 0x48, 0x5C, 0xE5,
    0x60, 0xBE, 0xF6, 0xE2, 0x95, 0x64, 0x82, 0x7B, 0x38, 0x97, 0xC3, 0x8D, 0xCB, 0x7E, 0x7B, 0x00,
    0x5F, 0x16, 0x32, 0x47, 0x78, 0x9C, 0xA5, 0x8E, 0xC9, 0x0D, 0x00, 0x30, 0x08, 0xC3, 0xB2, 0x01,
    0xFB, 0x6F, 0xD9, 0x0D, 0xDC, 0x23, 0x05, 0xD4, 0x77, 0x91, 0x90, 0xCC, 0x15, 0x22, 0x75, 0x8C,
    0x10, 0x2F, 0xB0, 0xD1, 0xE0, 0x86, 0x72, 0xD2, 0x47, 0x70, 0x57, 0x30, 0x81, 0x53, 0xAE, 0x62,
    0x6D, 0x5C, 0x4D, 0x6B, 0xAD, 0x92, 0x12, 0xFD, 0x80, 0x41, 0x0B, 0xD6, 0x8B, 0x7A, 0x7A, 0x5A,
    0xC7, 0x46, 0x19, 0x4B, 0xAB, 0x13, 0x16, 0x3B, 0x40, 0x48, 0x78, 0x9C, 0x65, 0x4D, 0x87, 0x0D,
    0x00, 0x30, 0x08, 0xE2, 0x03, 0xFF, 0xFF, 0x92, 0x0F, 0x28, 0xAE, 0x26, 0x4D, 0xD5, 0x04, 0x45,
    0x44, 0x00, 0xE1, 0x74, 0xC8, 0x09, 0x30, 0x98, 0x13, 0x51, 0xD0, 0x9C, 0xF7, 0xC4, 0x17, 0x52,
    0x09, 0xA5, 0x94, 0xB8, 0x77, 0x51, 0x49, 0xDC, 0xD3, 0x82, 0x58, 0x40, 0xB9, 0xBF, 0xE4, 0x28,
    0xE7, 0x6E, 0x5C, 0xD6, 0xB3, 0x3F, 0x1C, 0xE3, 0x84, 0x2F, 0x59, 0x78, 0x9C, 0x63, 0x60, 0x60,
    0xF8, 0x0F, 0x01, 0xFC, 0x70, 0x16, 0x90, 0xF9, 0x01, 0x8C, 0x19, 0x40, 0x00, 0x24, 0xF1, 0x81,
    0x1F, 0xC4, 0x02, 0x0B, 0x40, 0x99, 0xFC, 0x70, 0xE6, 0x7F, 0x3C, 0xCC, 0xFF, 0x48, 0x4C, 0x20,
    0xC0, 0x64, 0xE2, 0x31, 0x01, 0xC9, 0x0A, 0x24, 0x8B, 0x91, 0x9C, 0x83, 0xEC, 0x48, 0xB8, 0xD3,
    0xFF, 0x23, 0xB1, 0x01, 0x93, 0x55, 0x4E, 0xFD, 0x78, 0x9C, 0x5D, 0x8E, 0x01, 0x0A, 0x00, 0x30,
    0x08, 0x02, 0xFD, 0x81, 0xFF, 0xFF, 0x65, 0x3F, 0x70, 0x92, 0x8E, 0xC1, 0x22, 0x0E, 0x23, 0xB1,
    0x00, 0x89, 0xC0, 0x04, 0x52, 0x00, 0x8F, 0xE2, 0x62, 0xB4, 0x0B, 0x83, 0x63, 0x0F, 0x6A, 0xFC,
    0x65, 0xCA, 0x6A, 0x03, 0xF4, 0x0C, 0x65, 0x64, 0x12, 0x6A, 0x6B, 0x2E, 0x7A, 0xCD, 0x3B, 0xB7,
    0xEE, 0x0F, 0xC4, 0xFB, 0xEC, 0x00, 0x10, 0x6E, 0x48, 0x22, 0x78, 0x9C, 0x7D, 0x8E, 0xC1, 0x11,
    0x00, 0x20, 0x0C, 0xC2, 0xD8, 0x80, 0xFD, 0xB7, 0xEC, 0x06, 0x58, 0xE1, 0xD4, 0xBE, 0xE4, 0x13,
    0xCF, 0x8A, 0x29, 0x70, 0x52, 0x34, 0x64, 0x94, 0xE6, 0x5D, 0xE1, 0x45, 0x1D, 0x06, 0xCD, 0x1C,
    0xA1, 0x54, 0x5C, 0xFA, 0x60, 0x3F, 0xA1, 0x15, 0xAE, 0xBF, 0xCF, 0xA2, 0x55, 0x84, 0x8A, 0x5E,
    0xC8, 0x20, 0x3B, 0x0D, 0xC3, 0x15, 0x71, 0x01, 0x67, 0xC9, 0x3D, 0xF0, 0x78, 0x9C, 0x63, 0x60,
    0x80, 0x80, 0xFF, 0x40, 0xFC, 0x01, 0x44, 0xFC, 0xE7, 0x87, 0x32, 0x3E, 0xF0, 0x33, 0xA0, 0x83,
    0xFF, 0x20, 0x99, 0xFF, 0x1F, 0xFE, 0x03, 0x09, 0x90, 0xB2, 0xFF, 0x30, 0xF5, 0x50, 0x82, 0x81,
    0x04, 0x02, 0x00, 0xF6, 0x03, 0x1C, 0xE4, 0x78, 0x9C, 0x7D, 0x8C, 0xC1, 0x0D, 0x00, 0x30, 0x08,
    0x02, 0xD9, 0xC0, 0xFD, 0xB7, 0x74, 0x83, 0x6B, 0xA3, 0xD4, 0x34, 0x7D, 0x94, 0x87, 0x47, 0x22,
    0x00, 0x10, 0x12, 0x14, 0xDB, 0x0A, 0x6D, 0x7D, 0x90, 0x4C, 0xD2, 0x3D, 0xAF, 0x48, 0x46, 0x1A,
    0x14, 0x74, 0x10, 0x5D, 0x8F, 0x59, 0xB9, 0xA7, 0x43, 0x8F, 0x12, 0xB3, 0x3F, 0x1D, 0xA8, 0xBB,
    0x00, 0xFF, 0x61, 0x3C, 0x2E, 0x78, 0x9C, 0x63, 0xF8, 0xCF, 0xF0, 0x9F, 0x9F, 0xE1, 0xFF, 0x07,
    0x10, 0xF1, 0x9F, 0x81, 0x01, 0xC4, 0x41, 0x21, 0x18, 0x48, 0x20, 0x10, 0x00, 0xD5, 0x14, 0xB0,
    0xC1, 0x00, 0xD5, 0x9D, 0x18, 0x52, 0x78, 0x9C, 0x7D, 0x8E, 0xED, 0x0D, 0x00, 0x40, 0x04, 0x43,
    0xBB, 0x41, 0xF7, 0xDF, 0xD2, 0x06, 0x0E, 0x75, 0x1F, 0xB9, 0x1F, 0x1A, 0xC9, 0x23, 0x51, 0x05,
    0x48, 0x5E, 0x05, 0xA3, 0xB1, 0x46, 0xC7, 0x2F, 0x0F, 0x51, 0x08, 0xAA, 0x95, 0x47, 0xC0, 0x80,
    0x5C, 0x49, 0x03, 0x65, 0xBF, 0xC7, 0x80, 0x86, 0x35, 0xFA, 0x8F, 0x0D, 0xBE, 0x09, 0x27, 0x88,
    0x0B, 0x71, 0x5E, 0x3D, 0xFF, 0x78, 0x9C, 0x63, 0x60, 0x00, 0x82, 0x0F, 0xFC, 0x20, 0xF4, 0x9F,
    0xE1, 0x3F, 0x90, 0xF8, 0xFF, 0x1F, 0xC8, 0x07, 0x32, 0xD0, 0x00, 0x48, 0x9E, 0xFF, 0x03, 0xFF,
    0x7F, 0x20, 0x01, 0x57, 0xF1, 0xE1, 0x3F, 0x03, 0x8C, 0xE0, 0x27, 0x81, 0x00, 0x00, 0xCC, 0x09,
    0x1F, 0xE1, 0x78, 0x9C, 0x6D, 0x8D, 0xC1, 0x0D, 0x00, 0x20, 0x0C, 0x02, 0xD9, 0xA0, 0xFB, 0x6F,
    0xC9, 0x06, 0xA8, 0xA7, 0x26, 0x6A, 0xE4, 0x01, 0x6D, 0xC2, 0xB5, 0x92, 0x64, 0xA1, 0xD4, 0x70,
    0xE7, 0x58, 0x34, 0x7D, 0x29, 0x09, 0x05, 0xB2, 0x17, 0x9C, 0xA2, 0xED, 0x0D, 0xDD, 0xB1, 0x6F,
    0x4C, 0xEC, 0x97, 0x75, 0xD6, 0xFC, 0x04, 0x43, 0x2A, 0x3C, 0x82, 0x82, 0xC3, 0x1B, 0x5A, 0x1E,
    0x36, 0xCA, 0x78, 0x9C, 0x63, 0x60, 0x80, 0x82, 0x0F, 0xFC, 0x60, 0xF2, 0x3F, 0x88, 0xFC, 0xCF,
    0x8F, 0xCA, 0xC4, 0x04, 0x1F, 0xFE, 0x83, 0x64, 0xFF, 0x03, 0x01, 0x58, 0xDD, 0x7F, 0xA8, 0x6A,
    0x64, 0x12, 0x28, 0xCB, 0x8F, 0x42, 0x31, 0x20, 0xCC, 0x83, 0x91, 0x40, 0x4B, 0x3F, 0x00, 0x49,
    0xB0, 0x39, 0x10, 0x33, 0x01, 0xCF, 0xB7, 0x2A, 0xB8, 0x78, 0x9C, 0x6D, 0x8D, 0x89, 0x0D, 0xC0,
    0x30, 0x08, 0x03, 0xBD, 0x81, 0xF7, 0xDF, 0x92, 0x0D, 0x5C, 0xE7, 0x12, 0x55, 0x55, 0x54, 0x40,
    0x1C, 0x9F, 0x13, 0xE9, 0xD8, 0xC4, 0x0B, 0xA9, 0xB7, 0xF1, 0x0A, 0x4D, 0x4B, 0xEB, 0xB5, 0x84,
    0x5D, 0x60, 0xCF, 0x2B, 0x19, 0x26, 0x02, 0xBA, 0xA0, 0xFD, 0xE2, 0x91, 0xFD, 0xD1, 0xDF, 0xB3,
    0xB9, 0x40, 0x11, 0x87, 0x8F, 0x50, 0xA1, 0x23, 0x3F, 0x85, 0x97, 0x38, 0xB9, 0x78, 0x9C, 0x55,
    0x8D, 0xC1, 0x09, 0x00, 0x00, 0x08, 0x02, 0xDD, 0xA0, 0xFD, 0xB7, 0x74, 0x03, 0x33, 0xFB, 0x94,
    0xC4, 0x25, 0x21, 0x06, 0xAC, 0x24, 0x83, 0x52, 0xD9, 0x16, 0x87, 0x19, 0x1B, 0xE2, 0x89, 0x49,
    0xCA, 0xB2, 0x9D, 0xCC, 0x10, 0x8F, 0x48, 0xCD, 0x59, 0x7B, 0xAC, 0x4B, 0xBF, 0xA0, 0x99, 0x9E,
    0xED, 0x6C, 0x22, 0x3F, 0x2D, 0xC4, 0x78, 0x9C, 0x75, 0x8D, 0xC1, 0x0D, 0xC0, 0x30, 0x08, 0x03,
    0xBD, 0x01, 0xFB, 0x6F, 0xC9, 0x06, 0xD7, 0xE6, 0xA2, 0x48, 0x2D, 0x52, 0x3E, 0x9C, 0x41, 0xB6,
    0x49, 0x80, 0x24, 0x8D, 0xA4, 0x5E, 0x55, 0xED, 0x25, 0x22, 0x03, 0xCB, 0x22, 0xE0, 0xC2, 0xFA,
    0xDA, 0x7A, 0x40, 0x41, 0xE1, 0x23, 0x53, 0xE6, 0x4E, 0xFA, 0xE7, 0x1E, 0x1D, 0x7B, 0x73, 0x3E,
    0x9B, 0x23, 0x36, 0xF7, 0x78, 0x9C, 0x55, 0x8C, 0xC1, 0x09, 0x00, 0x40, 0x08, 0xC3, 0xB2, 0x41,
    0xF7, 0xDF, 0xB2, 0x1B, 0x78, 0x62, 0xE1, 0x50, 0x1F, 0xB1, 0x68, 0x09, 0xAE, 0x02, 0xAA, 0x07,
    0x77, 0x0A, 0x39, 0xEC, 0xAF, 0xCE, 0xCA, 0x51, 0x9B, 0x56, 0x97, 0xE5, 0xF1, 0x10, 0x27, 0x4E,
    0x8F, 0x6D, 0xFA, 0x79, 0xF0, 0x00, 0x0C, 0x0C, 0x2C, 0x7A, 0x78, 0x9C, 0x6D, 0x8E, 0xC1, 0x0D,
    0x00, 0x20, 0x08, 0x03, 0xBB, 0x01, 0xFB, 0x6F, 0xC9, 0x06, 0x15, 0x0F, 0x1F, 0x06, 0x45, 0xE2,
    0x05, 0x68, 0x15, 0xA9, 0x23, 0x63, 0xA7, 0xE4, 0x3A, 0xBB, 0x74, 0xE8, 0x09, 0xDB, 0x8C, 0x60,
    0x09, 0x4A, 0x94, 0x74, 0x04, 0x34, 0xA0, 0xF3, 0x46, 0xDB, 0x7E, 0x8C, 0x5B, 0x96, 0x03, 0xBD,
    0x4E, 0x98, 0x8F, 0x70, 0xE1, 0xE3, 0x5E, 0xED, 0x5D, 0x37, 0xBA, 0x78, 0x9C, 0x6D, 0x8D, 0xC1,
    0x0D, 0x00, 0x30, 0x08, 0x02, 0xD9, 0xC0, 0xFD, 0xB7, 0x64, 0x03, 0x8A, 0xF2, 0xD0, 0x47, 0x89,
    0x39, 0x09, 0x89, 0x08, 0xB4, 0x58, 0x80, 0x3C, 0xD5, 0x86, 0x92, 0x09, 0x09, 0x3F, 0x71, 0x72,
    0x59, 0xB6, 0x7D, 0x45, 0x25, 0x5E, 0x22, 0x05, 0xBB, 0x12, 0xD6, 0xA5, 0x1F, 0xD1, 0x9C, 0x9E,
    0x74, 0x3E, 0xB5, 0xBB, 0x2C, 0xC5, 0x78, 0x9C, 0xFB, 0xFF, 0x1F, 0x19, 0x30, 0x30, 0x30, 0xFC,
    0xE7, 0x67, 0x00, 0x81, 0xFF, 0x0C, 0x03, 0x42, 0x41, 0x2C, 0xFF, 0xC0, 0x0F, 0x15, 0x44, 0xE1,
    0x42, 0x78, 0x60, 0x47, 0x02, 0x00, 0x62, 0x16, 0x26, 0x17, 0x78, 0x9C, 0x63, 0x60, 0x00, 0x81,
    0xFF, 0x98, 0xC4, 0x7F, 0x20, 0x80, 0x10, 0x0C, 0xFF, 0xF9, 0xB1, 0x2B, 0xC1, 0x20, 0xF8, 0x51,
    0x88, 0x0F, 0xFF, 0x21, 0xE6, 0x80, 0x98, 0x70, 0x35, 0x1F, 0xE0, 0xCA, 0x41, 0x2C, 0x10, 0x06,
    0x00, 0x1C, 0x21, 0x24, 0xCD, 0x78, 0x9C, 0x63, 0x60, 0x80, 0x80, 0x0F, 0xFC, 0x20, 0xC4, 0xC0,
    0xF0, 0x1F, 0x08, 0x41, 0xDC, 0xFF, 0xFC, 0x0C, 0x68, 0xE0, 0x3F, 0x0A, 0x00, 0x09, 0x40, 0x94,
    0xFC, 0x67, 0xA0, 0x3F, 0x05, 0x00, 0x9C, 0xDD, 0x25, 0xEA, 0x78, 0x9C, 0x63, 0x60, 0x60, 0xF8,
    0xC0, 0xCF, 0x80, 0x46, 0xFC, 0x87, 0x12, 0x0C, 0x40, 0x82, 0x01, 0x42, 0xFC, 0x07, 0x02, 0x7E,
    0x30, 0xC1, 0xF0, 0x9F, 0x9F, 0x01, 0x49, 0x02, 0x0F, 0xC1, 0x8F, 0x42, 0x7C, 0x00, 0xE9, 0x05,
    0x9A, 0xC3, 0x0F, 0x00, 0xB3, 0x8B, 0x22, 0x39, 0x78, 0x9C, 0xFB, 0xFF, 0x1F, 0x19, 0x30, 0x30,
    0x30, 0xFC, 0xE7, 0x67, 0x00, 0x81, 0xFF, 0x0C, 0x84, 0x29, 0x90, 0x4A, 0xA8, 0x36, 0x98, 0x6E,
    0xA2, 0xF4, 0xE1, 0xA2, 0x00, 0xF7, 0x2D, 0x27, 0xF7, 0x78, 0x9C, 0x63, 0xF8, 0xCF, 0x00, 0x04,
    0xA8, 0xC4, 0x7F, 0x20, 0x80, 0x10, 0x0C, 0xFF, 0xF9, 0x89, 0x94, 0xE5, 0x47, 0x21, 0x3E, 0xFC,
    0x87, 0xA8, 0x64, 0x00, 0x00, 0x53, 0xAB, 0x22, 0x1B, 0x78, 0x9C, 0xAD, 0x8E, 0xC1, 0x0D, 0xC0,
    0x40, 0x08, 0xC3, 0xBC, 0x01, 0xFB, 0x6F, 0x99, 0x0D, 0xDC, 0x23, 0xF7, 0x6A, 0xDF, 0xE5, 0x11,
    0x47, 0x48, 0x08, 0x13, 0x21, 0xA0, 0x72, 0x9A, 0x2D, 0x0C, 0x71, 0x78, 0x8F, 0x37, 0xFF, 0xC5,
    0x3E, 0xC9, 0x07, 0x29, 0x66, 0xC5, 0x38, 0x2B, 0x57, 0xA6, 0x82, 0xBD, 0x6A, 0x3E, 0x56, 0x10,
    0x3D, 0xB4, 0x78, 0x9C, 0x63, 0x60, 0x00, 0x83, 0xFF, 0xFC, 0x0C, 0x1F, 0xF8, 0x19, 0xFE, 0xFF,
    0xE7, 0xFF, 0x00, 0x82, 0xFF, 0xFF, 0x43, 0x78, 0x0C, 0x98, 0x00, 0xA8, 0x10, 0x28, 0x47, 0x29,
    0x09, 0xB4, 0x07, 0x68, 0x05, 0x88, 0xFC, 0xFF, 0x1F, 0x62, 0xD3, 0x07, 0x7E, 0x00, 0x64, 0x75,
    0x30, 0x85, 0x78, 0x9C, 0x63, 0xF8, 0xF0, 0xFF, 0xFF, 0x7F, 0x7E, 0x06, 0x06, 0x28, 0x85, 0x02,
    0xFE, 0x43, 0x48, 0xEA, 0x52, 0x20, 0x4B, 0x3E, 0xA0, 0x51, 0x1F, 0xC0, 0x14, 0xFF, 0x07, 0x90,
    0x1A, 0xA0, 0x10, 0x10, 0x81, 0x98, 0xFF, 0x41, 0x00, 0xAC, 0x07, 0x48, 0x02, 0x00, 0xDB, 0x8F,
    0x38, 0xC8, 0x78, 0x9C, 0x63, 0xF8, 0x0F, 0x04, 0x0C, 0x0C, 0x10, 0x12, 0x03, 0x80, 0xC4, 0x3E,
    0xF0, 0x93, 0x4C, 0xF2, 0xA3, 0x92, 0xFF, 0xF9, 0x3F, 0xFC, 0x67, 0xF8, 0x00, 0x22, 0xFF, 0xFF,
    0xFF, 0xC0, 0x0F, 0xB4, 0x8B, 0x9F, 0x81, 0x1F, 0x00, 0x32, 0xA6, 0x2B, 0x12, 0x78, 0x9C, 0x63,
    0x60, 0x80, 0x80, 0x0F, 0x40, 0xC4, 0x0F, 0xC6, 0x20, 0x8A, 0xE1, 0xFF, 0xFF, 0xFF, 0x60, 0xD1,
    0xFF, 0xFC, 0x0C, 0x30, 0xF0, 0x1F, 0x42, 0x52, 0x97, 0xE2, 0x07, 0x5B, 0x82, 0x4A, 0x81, 0x1D,
    0xF0, 0x81, 0xFF, 0x03, 0x48, 0x0D, 0x50, 0x08, 0x88, 0x40, 0xCC, 0xFF, 0xFF, 0x21, 0x6E, 0x02,
    0x93, 0x00, 0x6E, 0x0A, 0x39, 0xB8, 0x78, 0x9C, 0x95, 0x8D, 0xC1, 0x09, 0x00, 0x40, 0x08, 0xC3,
    0xDC, 0xA0, 0xFB, 0x6F, 0xD9, 0x0D, 0x72, 0xAD, 0x3F, 0x9F, 0x57, 0x34, 0x45, 0x10, 0x32, 0xD3,
    0x58, 0xD9, 0x25, 0x1D, 0x97, 0x90, 0x33, 0x35, 0x27, 0xEC, 0xF7, 0x37, 0x75, 0x89, 0x5C, 0x4B,
    0x08, 0xB1, 0x46, 0x62, 0x3D, 0x15, 0x97, 0x2F, 0xE0, 0x78, 0x9C, 0xAD, 0x8D, 0xC1, 0x0D, 0x00,
    0x30, 0x08, 0x02, 0xD9, 0x80, 0xFD, 0xB7, 0x64, 0x03, 0x8B, 0xE8, 0xA3, 0xFD, 0x17, 0x8D, 0x67,
    0x08, 0x46, 0x40, 0x45, 0x58, 0xE5, 0xB2, 0x08, 0x5D, 0x58, 0x73, 0x23, 0x18, 0x2B, 0xF3, 0x2F,
    0x98, 0x27, 0x2F, 0x14, 0x50, 0x9D, 0xB1, 0xE5, 0xEE, 0xB5, 0x5A, 0xB9, 0xF1, 0x3C, 0x5F, 0xB5,
    0x3A, 0xC6, 0x78, 0x9C, 0x95, 0xCD, 0xB1, 0x11, 0x00, 0x30, 0x08, 0x42, 0xD1, 0xBF, 0x01, 0xFB,
    0x6F, 0xC9, 0x06, 0xC4, 0x68, 0x63, 0xCA, 0x50, 0xBC, 0x02, 0xBD, 0x03, 0x12, 0xC0, 0xB2, 0x4A,
    0x96, 0xDD, 0xCC, 0x75, 0x65, 0x9E, 0xBF, 0xD5, 0x6B, 0xE4, 0xE0, 0x6B, 0x52, 0x33, 0x35, 0x62,
    0x1D, 0x39, 0xCD, 0x2F, 0xD1, 0x78, 0x9C, 0x63, 0x60, 0x80, 0x81, 0xFF, 0x0C, 0x1F, 0xF8, 0x19,
    0x40, 0xF8, 0x3F, 0x03, 0x98, 0xE2, 0x87, 0x8B, 0xA1, 0x80, 0xFF, 0x10, 0x92, 0xBA, 0x14, 0xC8,
    0x92, 0x0F, 0x68, 0x14, 0xD8, 0xE6, 0x0F, 0xFC, 0x1F, 0x40, 0x6A, 0x80, 0x42, 0x40, 0x04, 0x62,
    0xFE, 0x07, 0x01, 0xB0, 0x1E, 0x20, 0x09, 0x00, 0x72, 0xE0, 0x37, 0xD8, 0x78, 0x9C, 0x63, 0x60,
    0x80, 0x80, 0x0F, 0xFC, 0x0C, 0xFC, 0x20, 0x12, 0x48, 0x33, 0xFC, 0x67, 0x80, 0x90, 0xFF, 0x61,
    0xC2, 0x18, 0xE0, 0x3F, 0x58, 0x07, 0xC9, 0x24, 0x3F, 0x2A, 0xF9, 0x9F, 0xFF, 0x03, 0xD0, 0x2A,
    0x10, 0xF9, 0xFF, 0x3F, 0xD0, 0xA2, 0xFF, 0x20, 0x7B, 0x01, 0x89, 0x1C, 0x2C, 0x11, 0x78, 0x9C,
    0xFB, 0xCF, 0x00, 0x02, 0xFF, 0xFF, 0x53, 0x95, 0xE2, 0x07, 0x92, 0x1F, 0xD0, 0xA8, 0x0F, 0x60,
    0x8A, 0xFF, 0x03, 0x48, 0x0D, 0x50, 0x08, 0x88, 0x40, 0x4C, 0xA0, 0x34, 0x58, 0xFE, 0x3F, 0x4C,
    0x2F, 0x98, 0x04, 0xAB, 0x05, 0x2B, 0x43, 0xA6, 0x20, 0xF4, 0x07, 0x10, 0x05, 0x00, 0x37, 0xA7,
    0x37, 0xF6, 0x78, 0x9C, 0x9D, 0x8B, 0xC1, 0x0D, 0x00, 0x30, 0x08, 0x02, 0xD9, 0xC0, 0xFD, 0xB7,
    0x64, 0x83, 0xAB, 0xE8, 0xAB, 0x7D, 0x96, 0x28, 0x17, 0x25, 0x20, 0xC9, 0x25, 0x7E, 0x51, 0x2F,
    0x7A, 0x4D, 0x4F, 0x00, 0xCE, 0x87, 0x64, 0x11, 0xE3, 0xDA, 0xC3, 0x37, 0xD8, 0xB0, 0x7B, 0x07,
    0xFA, 0xC8, 0x2B, 0x03, 0x78, 0x9C, 0x7D, 0xCD, 0x01, 0x0A, 0x40, 0x21, 0x08, 0x03, 0xD0, 0xDD,
    0x60, 0xF7, 0xBF, 0xA5, 0x37, 0x58, 0xFE, 0x99, 0x81, 0xC4, 0x4F, 0x22, 0x5E, 0xA8, 0x0B, 0xC8,
    0x12, 0xD1, 0x15, 0xD4, 0xB1, 0xF2, 0xD5, 0xA6, 0xCF, 0x2C, 0x77, 0xBD, 0xAB, 0x69, 0x6D, 0xC7,
    0x74, 0xB6, 0x2A, 0xFF, 0x1B, 0xFE, 0x35, 0x87, 0x9D, 0xEC, 0xFD, 0x36, 0x5E, 0xAE, 0x34, 0x5B,
    0xB6, 0xFF, 0xC7, 0x36, 0x2F, 0xD7, 0xE4, 0xD3, 0xA1, 0xBE, 0x16, 0xD0, 0x13, 0x56, 0xC8, 0x78,
    0x9C, 0x8D, 0xCF, 0x01, 0x0A, 0x00, 0x21, 0x08, 0x44, 0x51, 0x6F, 0xE0, 0xFD, 0x6F, 0x39, 0x37,
    0xF8, 0x39, 0x2E, 0x06, 0xC5, 0x2E, 0xAC, 0x14, 0xBD, 0x42, 0xD1, 0x22, 0x8E, 0x10, 0x39, 0x44,
    0xC3, 0x02, 0xF3, 0xD8, 0xB7, 0x1F, 0xE1, 0x2C, 0xD1, 0x15, 0x3E, 0x2E, 0x7A, 0x7B, 0x55, 0x37,
    0x27, 0xF2, 0x74, 0xBB, 0x99, 0x4D, 0x4F, 0xA4, 0xEC, 0x19, 0x88, 0x4F, 0xB2, 0x59, 0x45, 0xFB,
    0x1F, 0xF0, 0x46, 0x0D, 0x17, 0x1A, 0x40, 0x47, 0x5F, 0x78, 0x9C, 0x9D, 0x4D, 0xB1, 0x0D, 0x00,
    0x30, 0x08, 0xE2, 0x03, 0xFE, 0xFF, 0xD2, 0x0F, 0x68, 0x09, 0xDA, 0x38, 0xD7, 0x68, 0x30, 0x80,
    0x08, 0x94, 0x08, 0x97, 0xA8, 0x20, 0xCA, 0x44, 0xDD, 0x89, 0xD0, 0xAA, 0x39, 0xB9, 0x17, 0xD2,
    0xF6, 0x88, 0xEA, 0xFD, 0x72, 0xCF, 0xC3, 0xE4, 0xE5, 0xC1, 0xE4, 0x97, 0x06, 0xB9, 0xA2, 0x91,
    0xEB, 0x6F, 0x3C, 0xF1, 0x69, 0x2C, 0xD4, 0x78, 0x9C, 0x6D, 0x8D, 0x01, 0x0A, 0xC0, 0x30, 0x08,
    0x03, 0xF3, 0x03, 0xFF, 0xFF, 0xCB, 0xFC, 0xE0, 0x36, 0xAD, 0x63, 0x96, 0x36, 0x04, 0x8E, 0xA8,
    0x41, 0xA9, 0x65, 0x22, 0x01, 0x54, 0x50, 0x46, 0x47, 0xFA, 0xAA, 0x9A, 0x3B, 0x0A, 0x84, 0xB3,
    0x44, 0x79, 0x62, 0xD5, 0xBD, 0xE1, 0x5D, 0xA0, 0x03, 0xFD, 0xBD, 0xA1, 0x0F, 0x1A, 0x30, 0xFF,
    0xE3, 0xBE, 0x30, 0xB3, 0xFC, 0x00, 0x2E, 0x30, 0x30, 0xDF, 0x78, 0x9C, 0x63, 0xF8, 0xC0, 0xCF,
    0x00, 0x44, 0x0C, 0x0C, 0xE8, 0x34, 0x1A, 0x80, 0xC8, 0xFD, 0x07, 0x21, 0x08, 0x07, 0x44, 0xFF,
    0xE7, 0x87, 0x62, 0x06, 0x04, 0x0D, 0xD2, 0xFF, 0x1F, 0xAA, 0x16, 0x6C, 0xCE, 0x7F, 0xB0, 0x14,
    0x48, 0xC1, 0x7F, 0x88, 0x49, 0xFF, 0x61, 0x34, 0xD4, 0x1A, 0x38, 0xCD, 0x40, 0x01, 0x0D, 0x00,
    0x29, 0x24, 0x29, 0xE6, 0x78, 0x9C, 0x63, 0x60, 0x80, 0x83, 0xFF, 0x60, 0xF2, 0x03, 0x84, 0xFA,
    0xCF, 0x8F, 0x24, 0xC6, 0xC0, 0x8F, 0x50, 0xF5, 0xE1, 0x3F, 0x08, 0xF0, 0x43, 0x29, 0x4C, 0x8D,
    0x1F, 0xF8, 0x91, 0xF4, 0xE3, 0x13, 0xC3, 0x62, 0x0F, 0x9A, 0x18, 0x36, 0x23, 0x20, 0xD6, 0x42,
    0x29, 0x00, 0x00, 0xDA, 0x32, 0xEC, 0x78, 0x9C, 0x63, 0x60, 0x60, 0x60, 0xE0, 0x67, 0x00, 0x81,
    0xFF, 0x20, 0xE2, 0x03, 0x98, 0xFC, 0xCF, 0x0F, 0x67, 0x7E, 0x80, 0x48, 0xA2, 0x81, 0x0F, 0xFF,
    0x81, 0x80, 0x1F, 0x42, 0x62, 0xD3, 0x8B, 0xCB, 0x30, 0x1C, 0x02, 0x60, 0x73, 0x20, 0x24, 0x00,
    0xCB, 0xD9, 0x2B, 0xC6, 0x78, 0x9C, 0x63, 0x60, 0xF8, 0xF0, 0x9F, 0x01, 0x04, 0x50, 0x29, 0x64,
    0xF0, 0xE1, 0x3F, 0x08, 0xF0, 0x43, 0x29, 0x4C, 0xB5, 0x10, 0x31, 0x06, 0x14, 0x29, 0x6C, 0x62,
    0x1F, 0xF8, 0x51, 0xA4, 0xB0, 0x19, 0xC1, 0x80, 0x45, 0x39, 0xC4, 0x5A, 0x28, 0x05, 0x00, 0xAC,
    0xC5, 0x33, 0xBE, 0x78, 0x9C, 0x63, 0x60, 0xF8, 0xCF, 0xCF, 0x00, 0x04, 0xC8, 0x24, 0x3A, 0xF8,
    0xF0, 0x1F, 0x08, 0xF8, 0x21, 0x24, 0x98, 0x0B, 0x56, 0xFA, 0x1F, 0xAE, 0xE1, 0xC3, 0x7F, 0x34,
    0x13, 0x20, 0x02, 0x1F, 0x70, 0x08, 0x80, 0xCD, 0x81, 0x90, 0x00, 0x0A, 0x99, 0x27, 0x25, 0x78,
    0x9C, 0x63, 0x60, 0x80, 0x80, 0x0F, 0xFC, 0x20, 0xC4, 0xC0, 0xF0, 0x1F, 0x08, 0x41, 0xDC, 0xFF,
    0xFC, 0x0C, 0x68, 0xE0, 0xC3, 0x7F, 0x10, 0xE0, 0x87, 0x52, 0x60, 0xA1, 0xFF, 0x50, 0x09, 0x98,
    0x09, 0x60, 0x31, 0x7E, 0x42, 0x62, 0xFF, 0x91, 0xC4, 0x18, 0xB0, 0x8A, 0x61, 0x33, 0x02, 0x62,
    0x2D, 0x94, 0x02, 0x00, 0x8B, 0xA2, 0x33, 0xDC, 0x78, 0x9C, 0x63, 0x60, 0x00, 0x83, 0xFF, 0x0C,
    0x0C, 0x1F, 0xF8, 0x41, 0x08, 0xC4, 0xF8, 0xFF, 0x9F, 0x1F, 0x24, 0xF4, 0x9F, 0x01, 0x0B, 0x00,
    0x4A, 0x02, 0xA5, 0x21, 0x24, 0x54, 0x23, 0x48, 0x10, 0xCC, 0xC4, 0x2A, 0xF0, 0x01, 0xAF, 0x00,
    0xD8, 0x1C, 0x08, 0x09, 0x00, 0xA7, 0xE7, 0x2D, 0xC4, 0x78, 0x9C, 0x63, 0xF8, 0xCF, 0x00, 0x01,
    0xFF, 0xF9, 0x21, 0x14, 0x08, 0x20, 0xD1, 0x0C, 0x70, 0x79, 0x0C, 0xFA, 0x03, 0x58, 0x0B, 0x58,
    0x21, 0x3F, 0x88, 0xE6, 0x07, 0x9B, 0x01, 0xC2, 0x1F, 0xFE, 0x43, 0xD5, 0x11, 0x49, 0x83, 0xD5,
    0xC3, 0xF4, 0x41, 0xD9, 0x70, 0x87, 0x80, 0x4D, 0x66, 0x00, 0x00, 0x83, 0x50, 0x38, 0x14, 0x78,
    0x9C, 0x65, 0x8E, 0xC1, 0x09, 0x00, 0x30, 0x0C, 0x02, 0xDD, 0xC0, 0xFD, 0xB7, 0xCC, 0x06, 0xB6,
    0x8D, 0xA6, 0x8F, 0x56, 0x90, 0x0B, 0x82, 0x12, 0xA0, 0x24, 0x02, 0x07, 0x7D, 0xB4, 0x05, 0xEB,
    0x92, 0x66, 0x0D, 0xF5, 0xF2, 0x13, 0x93, 0x3F, 0xF4, 0x42, 0xD1, 0xCD, 0x9D, 0x2A, 0x33, 0x8A,
    0xE7, 0x8F, 0x74, 0x16, 0xE7, 0xA6, 0x40, 0xA2, 0x78, 0x9C, 0x7D, 0x8D, 0xC1, 0x0D, 0x00, 0x20,
    0x08, 0x03, 0x6F, 0x03, 0xF7, 0xDF, 0xB2, 0x1B, 0x54, 0x14, 0xD1, 0xF8, 0xD0, 0x3E, 0x7A, 0x04,
    0x48, 0x0B, 0x20, 0xB7, 0x70, 0x3C, 0x21, 0x8F, 0x19, 0xCD, 0x15, 0xBE, 0xC1, 0x81, 0x1C, 0xDA,
    0xA8, 0x9B, 0x7E, 0x68, 0x6F, 0x64, 0x41, 0x3E, 0x56, 0xE0, 0x2A, 0x4D, 0x75, 0x80, 0x38, 0x29,
    0xAA, 0x78, 0x9C, 0x7D, 0x8E, 0x51, 0x0E, 0x00, 0x30, 0x04, 0x43, 0xDD, 0xC0, 0xFD, 0x6F, 0xE9,
    0x06, 0x9D, 0xAD, 0x9D, 0x84, 0x2C, 0xF3, 0xC1, 0x8B, 0x52, 0xCC, 0x76, 0x04, 0x8C, 0x01, 0x41,
    0x35, 0x26, 0x00, 0x1C, 0x81, 0x20, 0xE0, 0x94, 0xB2, 0x8E, 0x05, 0xBF, 0x9E, 0x7F, 0x38, 0x3E,
    0x0D, 0x32, 0xBF, 0x20, 0x0A, 0x20, 0xA0, 0x06, 0x5D, 0x8D, 0xF6, 0x98, 0xFC, 0x6C, 0x01, 0x19,
    0xBD, 0x3E, 0xD1, 0x78, 0x9C, 0x63, 0x60, 0x40, 0x05, 0xFF, 0xF1, 0x33, 0x3E, 0xFC, 0xFF, 0xCF,
    0xFF, 0x01, 0xC4, 0xF8, 0x0F, 0x02, 0x60, 0x1A, 0x82, 0x19, 0xFE, 0xF3, 0x43, 0x08, 0xB0, 0x2C,
    0xC3, 0x07, 0x7E, 0x10, 0x02, 0x6B, 0x80, 0xC8, 0x80, 0xB4, 0x53, 0xC2, 0x00, 0x9A, 0x03, 0x37,
    0x10, 0x6E, 0x05, 0xDC, 0x52, 0xB0, 0x10, 0xD8, 0x19, 0x60, 0x87, 0x41, 0x15, 0x82, 0x69, 0x00,
    0x84, 0x54, 0x3E, 0x1D, 0x78, 0x9C, 0x6D, 0x4C, 0xC9, 0x0D, 0x00, 0x20, 0x0C, 0x62, 0x03, 0xF6,
    0xDF, 0xD2, 0x0D, 0xB0, 0xD0, 0x1A, 0x63, 0x22, 0x1F, 0xC2, 0x09, 0x5C, 0x2C, 0xFD, 0x88, 0x80,
    0x44, 0xB1, 0x8C, 0xE2, 0x12, 0x44, 0x44, 0x1A, 0x4E, 0x21, 0x1B, 0x0E, 0x0E, 0xF5, 0xEE, 0x35,
    0xA7, 0x39, 0xBB, 0x79, 0xC9, 0xA7, 0xDB, 0x79, 0xDE, 0x96, 0x45, 0x2E, 0x3C, 0x78, 0x9C, 0x63,
    0x60, 0x40, 0x05, 0x1F, 0xF8, 0x09, 0x33, 0xFE, 0xF3, 0xFF, 0x87, 0xD0, 0xFF, 0x19, 0xA0, 0x0C,
    0x06, 0x5A, 0x32, 0x40, 0xD6, 0x7E, 0xC0, 0xCA, 0x00, 0xBB, 0x08, 0x44, 0x80, 0x38, 0x10, 0x61,
    0x20, 0x01, 0xE6, 0x00, 0x1D, 0x07, 0x04, 0x50, 0x67, 0x82, 0x69, 0x00, 0xF6, 0xC2, 0x36, 0xD9,
    0x78, 0x9C, 0x63, 0x60, 0x40, 0x06, 0xFF, 0xF1, 0xD3, 0x1F, 0xFE, 0x83, 0x59, 0x40, 0x0A, 0x42,
    0xF3, 0x53, 0x40, 0xF3, 0x63, 0xD2, 0x60, 0xF6, 0x7F, 0x20, 0x02, 0xD3, 0xFF, 0xFF, 0x83, 0xC4,
    0x19, 0xFE, 0xFF, 0x07, 0xCB, 0x03, 0x00, 0x2C, 0x53, 0x2A, 0xD6, 0x78, 0x9C, 0x63, 0x60, 0xF8,
    0xCF, 0x00, 0x04, 0xB8, 0x88, 0x0F, 0x40, 0xE2, 0x3F, 0x1C, 0x10, 0x23, 0x81, 0x8B, 0x00, 0x00,
    0x15, 0x88, 0x26, 0xBC, 0x78, 0x9C, 0xFB, 0xC0, 0xFF, 0x01, 0x0F, 0x64, 0x00, 0x82, 0x0F, 0xFC,
    0xFF, 0x81, 0xE0, 0x03, 0x3F, 0x00, 0xBD, 0x7A, 0x14, 0xEC, 0x78, 0x9C, 0x6D, 0x8E, 0x8B, 0x0D,
    0x00, 0x31, 0x08, 0x42, 0xD9, 0x80, 0xFD, 0xB7, 0x64, 0x03, 0xFA, 0x51, 0xD2, 0xBB, 0xA6, 0x44,
    0xF3, 0x12, 0x8D, 0x20, 0x10, 0x79, 0x17, 0x20, 0x8A, 0x35, 0x30, 0x9E, 0x32, 0xF1, 0xDB, 0x37,
    0xC5, 0xB0, 0xEE, 0x43, 0x87, 0x90, 0x3F, 0x39, 0x0A, 0x59, 0x8E, 0x4A, 0x7B, 0x6A, 0xCD, 0xB6,
    0xFA, 0xA7, 0xC3, 0xF6, 0xB8, 0xBC, 0x67, 0x76, 0xD1, 0x03, 0xCA, 0xB7, 0x37, 0xE7, 0x78, 0x9C,
    0x6D, 0x4C, 0x41, 0x0E, 0x00, 0x30, 0x0C, 0xF1, 0x03, 0xFF, 0xFF, 0xA5, 0x1F, 0x18, 0x4E, 0x5B,
    0xB2, 0x46, 0x35, 0xD5, 0x02, 0xAC, 0x3C, 0x88, 0x72, 0x17, 0x73, 0x8C, 0x5F, 0xA9, 0x7A, 0x28,
    0x43, 0xC3, 0xEC, 0x7C, 0xD9, 0x8D, 0x48, 0x7B, 0x81, 0x62, 0xB5, 0x9B, 0x7B, 0x89, 0x97, 0xCD,
    0x51, 0x3F, 0xA3, 0x1F, 0x72, 0x85, 0x32, 0x1A, 0x78, 0x9C, 0x63, 0x60, 0x00, 0x82, 0x0F, 0xFC,
    0x20, 0xF4, 0x9F, 0xFF, 0x3F, 0x90, 0xF9, 0x9F, 0x9F, 0x01, 0x19, 0xFC, 0xA7, 0x39, 0x01, 0x00,
    0xB8, 0xD2, 0x19, 0xF6, 0x78, 0x9C, 0x63, 0x60, 0x00, 0x82, 0x0F, 0xFC, 0x0C, 0x0C, 0xFF, 0x81,
    0x10, 0x48, 0xFF, 0xFF, 0xFF, 0x1F, 0xC8, 0xFF, 0xCF, 0xCF, 0x80, 0x01, 0xFE, 0x53, 0x8B, 0x00,
    0x00, 0xBB, 0xC1, 0x17, 0xE9, 0x78, 0x9C, 0xA5, 0x4E, 0xB1, 0x0D, 0x00, 0x30, 0x08, 0xF2, 0x03,
    0xFE, 0xFF, 0xD2, 0x0F, 0x28, 0x15, 0x75, 0xEB, 0x54, 0xE2, 0x80, 0x06, 0x81, 0x88, 0x05, 0x6B,
    0x84, 0x44, 0xA2, 0x4F, 0x8C, 0x07, 0x92, 0x44, 0x4B, 0xCC, 0xAE, 0xB4, 0xE4, 0xDE, 0x20, 0x85,
    0xBD, 0xC2, 0x66, 0x5A, 0xE7, 0xE3, 0x8B, 0xC8, 0x67, 0x0D, 0x37, 0x62, 0x43, 0xEB, 0xE4, 0xD6,
    0x53, 0x6C, 0xAA, 0x1E, 0x86, 0x2E, 0x3D, 0x3C, 0x78, 0x9C, 0x75, 0x4D, 0xB1, 0x0D, 0x00, 0x30,
    0x08, 0xE2, 0x03, 0xFE, 0xFF, 0xB2, 0x1F, 0x50, 0x44, 0x1D, 0x3A, 0xD4, 0x68, 0x14, 0x05, 0x04,
    0x3A, 0x04, 0x1C, 0xA6, 0x14, 0x58, 0xC0, 0x50, 0xF8, 0x86, 0xC4, 0x30, 0x54, 0x1C, 0xCF, 0xCE,
    0xA2, 0xBB, 0xA2, 0x15, 0x72, 0x17, 0xB7, 0xC5, 0x8F, 0xEF, 0x72, 0x98, 0xA3, 0x1B, 0x97, 0xF5,
    0xEC, 0x0F, 0x17, 0x5D, 0xDD, 0x2E, 0x3C, 0x78, 0x9C, 0xAD, 0x4E, 0xB1, 0x0D, 0x00, 0x30, 0x08,
    0xE2, 0x03, 0xFE, 0xFF, 0xD2, 0x0F, 0x28, 0xE0, 0xD4, 0xCE, 0x45, 0x02, 0x6A, 0x34, 0x0A, 0x2C,
    0x86, 0x21, 0x20, 0x47, 0x4A, 0x11, 0x0F, 0xB4, 0xFA, 0xD7, 0xD8, 0x5B, 0xB7, 0xF5, 0x8F, 0xE1,
    0x64, 0xC6, 0x2D, 0x33, 0xA9, 0x82, 0xEE, 0x58, 0x0F, 0xAC, 0xFA, 0x36, 0xCA, 0x78, 0x9C, 0x95,
    0x8D, 0xC1, 0x09, 0x00, 0x30, 0x10, 0xC2, 0xDC, 0xC0, 0xFD, 0xB7, 0xBC, 0x0D, 0x52, 0xBD, 0x5F,
    0xA1, 0x9F, 0x8A, 0x04, 0x1F, 0x42, 0xA4, 0x66, 0x2C, 0xD1, 0x76, 0x0C, 0x84, 0x02, 0x3D, 0xC2,
    0xBE, 0xBF, 0xE9, 0x9B, 0x78, 0xE2, 0x2A, 0x21, 0x4A, 0x2A, 0x3E, 0xDC, 0x77, 0x2C, 0xF2, 0x78,
    0x9C, 0x63, 0xF8, 0xF0, 0xFF, 0xFF, 0x7F, 0x7E, 0x06, 0x34, 0xF0, 0x01, 0x8C, 0x18, 0x3E, 0xF0,
    0x83, 0x10, 0x8C, 0x42, 0x01, 0xFF, 0x21, 0x24, 0x75, 0x29, 0x90, 0x25, 0x1F, 0xD0, 0x28, 0xB0,
    0xCD, 0x1F, 0xF8, 0x3F, 0x80, 0xD4, 0x00, 0x85, 0x80, 0x08, 0xC4, 0xFC, 0x0F, 0x02, 0x60, 0x3D,
    0x40, 0x12, 0x00, 0x9C, 0xBB, 0x3A, 0xA8, 0x78, 0x9C, 0x63, 0xF8, 0x0F, 0x04, 0x0C, 0x58, 0xC0,
    0x7F, 0x24, 0xC4, 0x0F, 0x46, 0xA8, 0x92, 0x0C, 0x1F, 0xF8, 0x49, 0x26, 0xF9, 0x51, 0xC9, 0xFF,
    0xFC, 0x1F, 0xFE, 0x33, 0x7C, 0x00, 0x91, 0xFF, 0xFF, 0x7F, 0xE0, 0x67, 0x00, 0xBA, 0xE3, 0x03,
    0x3F, 0x00, 0xAC, 0x62, 0x2C, 0x11, 0x78, 0x9C, 0x63, 0x60, 0x80, 0x83, 0xFF, 0x60, 0xF2, 0x03,
    0x3F, 0x12, 0x07, 0x02, 0x3E, 0x80, 0x11, 0x48, 0x06, 0x24, 0x09, 0xA5, 0x50, 0x00, 0x44, 0xF5,
    0x7F, 0xEA, 0x52, 0x20, 0x4B, 0x3E, 0xA0, 0x51, 0x60, 0x9B, 0x3F, 0xF0, 0x7F, 0x00, 0xA9, 0x01,
    0x0A, 0x01, 0x11, 0x88, 0xF9, 0x1F, 0x04, 0xC0, 0x7A, 0x80, 0x24, 0x00, 0xD9, 0xAB, 0x39, 0xA9,
    0x78, 0x9C, 0x95, 0xCD, 0xC1, 0x09, 0x00, 0x30, 0x08, 0x43, 0xD1, 0xBF, 0x41, 0xF6, 0xDF, 0x32,
    0x1B, 0xA4, 0xEA, 0xA1, 0xD4, 0x63, 0x43, 0x78, 0x20, 0x22, 0x02, 0xA6, 0x93, 0xC6, 0x1A, 0xB9,
    0xC9, 0x53, 0x4D, 0x59, 0xCB, 0xBA, 0xF8, 0x56, 0xDB, 0xC8, 0xC1, 0x6D, 0x52, 0xFF, 0x53, 0x83,
    0x0E, 0x90, 0x2A, 0x2B, 0xF3, 0x78, 0x9C, 0xAD, 0x4E, 0xC1, 0x09, 0x00, 0x40, 0x08, 0x6A, 0x03,
    0xF7, 0xDF, 0xD2, 0x0D, 0xBC, 0x34, 0x08, 0xFA, 0x9F, 0x85, 0x56, 0x18, 0x55, 0x35, 0x20, 0x8A,
    0x56, 0x75, 0xB8, 0x15, 0x6A, 0xC1, 0x64, 0x2C, 0x58, 0x39, 0xD0, 0xF0, 0x5F, 0x41, 0xFE, 0xB8,
    0x92, 0xCB, 0x04, 0xED, 0xE9, 0x51, 0xA7, 0x4B, 0x19, 0xD9, 0x69, 0x7E, 0x11, 0xCB, 0x3C, 0x97,
    0x78, 0x9C, 0x95, 0x8E, 0xC1, 0x09, 0x00, 0x40, 0x08, 0xC3, 0xBA, 0x41, 0xF7, 0xDF, 0xD2, 0x0D,
    0x72, 0xDA, 0x97, 0x3E, 0xAF, 0x94, 0x40, 0x11, 0x21, 0x52, 0x82, 0xCA, 0x52, 0x41, 0x86, 0x75,
    0xC3, 0xAA, 0xD3, 0x7B, 0xEC, 0xE7, 0x6F, 0xFA, 0x12, 0x57, 0x3B, 0x0C, 0xA1, 0x55, 0x18, 0xA1,
    0x07, 0xCE, 0xD2, 0x2E, 0x0F, 0x78, 0x9C, 0x63, 0x60, 0x80, 0x82, 0xFF, 0x10, 0xEA, 0x03, 0x3F,
    0x0A, 0x17, 0x22, 0x06, 0x46, 0x20, 0x29, 0x90, 0x2C, 0x94, 0x42, 0x01, 0x10, 0xD5, 0xFF, 0xA9,
    0x4B, 0x81, 0x2C, 0xF9, 0x80, 0x46, 0x81, 0x6D, 0xFE, 0xC0, 0xFF, 0x01, 0xA4, 0x06, 0x28, 0x04,
    0x44, 0x20, 0xE6, 0x7F, 0x10, 0x00, 0xEB, 0x01, 0x92, 0x00, 0xDC, 0xA8, 0x39, 0xA9, 0x78, 0x9C,
    0x63, 0x60, 0xE0, 0x67, 0x00, 0x81, 0xFF, 0x48, 0xE4, 0x07, 0x88, 0x10, 0x54, 0x00, 0x8E, 0xF8,
    0x19, 0x18, 0x10, 0x12, 0x30, 0xD5, 0x1F, 0xF8, 0x49, 0x26, 0xF9, 0x51, 0xC9, 0xFF, 0xFC, 0x1F,
    0xFE, 0x33, 0x7C, 0x00, 0x91, 0xFF, 0xFF, 0x03, 0x6D, 0xFE, 0x0F, 0xE4, 0xF0, 0x03, 0x00, 0x17,
    0xA3, 0x2B, 0x21, 0x78, 0x9C, 0x75, 0xCE, 0xC9, 0x11, 0x00, 0x20, 0x08, 0x43, 0x51, 0x3A, 0x48,
    0xFF, 0x5D, 0xD2, 0x41, 0x5C, 0x50, 0xC8, 0xB8, 0x70, 0x7A, 0xE3, 0x7C, 0x54, 0xB3, 0x73, 0x9C,
    0x24, 0x1E, 0xFE, 0x0C, 0xE7, 0x5C, 0x76, 0x59, 0x74, 0xB0, 0x72, 0xB5, 0xA5, 0x5D, 0x8D, 0x72,
    0xBF, 0x24, 0xEF, 0x61, 0x3C, 0x80, 0xC8, 0xCB, 0xB0, 0xEC, 0xE5, 0x2F, 0xEA, 0x91, 0xEF, 0x66,
    0xE4, 0xDB, 0x54, 0xE7, 0x41, 0xE4, 0xB1, 0x8F, 0x99, 0x2F, 0x37, 0xF3, 0x79, 0x50, 0xFB, 0x78,
    0x9C, 0x85, 0x8E, 0xDB, 0x0D, 0x40, 0x21, 0x0C, 0x42, 0xD9, 0x80, 0xFD, 0xB7, 0xEC, 0x06, 0x5C,
    0x01, 0xA3, 0xFE, 0xDD, 0x26, 0x35, 0xA7, 0x0F, 0xA8, 0x00, 0xB4, 0x02, 0x8D, 0x07, 0x7F, 0x62,
    0xBC, 0x38, 0x62, 0x48, 0xCC, 0x83, 0xA1, 0x2B, 0xC2, 0xED, 0xB8, 0x79, 0x5A, 0x74, 0x47, 0x15,
    0x6E, 0xB4, 0x44, 0x3D, 0xB8, 0xB2, 0x55, 0xD6, 0x87, 0x47, 0xF2, 0xE2, 0x35, 0xD2, 0xC1, 0xB9,
    0x57, 0x6B, 0x91, 0x29, 0xF7, 0xF7, 0x3E, 0xA7, 0x26, 0x50, 0xA1, 0x78, 0x9C, 0x7D, 0x8E, 0x89,
    0x09, 0x00, 0x30, 0x08, 0x03, 0xB3, 0x81, 0xFB, 0x6F, 0xE9, 0x06, 0xA9, 0x46, 0xA5, 0x94, 0x96,
    0x0A, 0x72, 0xC1, 0x27, 0x0A, 0x4C, 0xB8, 0x81, 0x12, 0xF4, 0x26, 0x0D, 0xAF, 0xE8, 0x3A, 0x29,
    0x91, 0xC3, 0x99, 0x2A, 0x1A, 0x7A, 0x37, 0xDD, 0x6A, 0xF8, 0xC3, 0x30, 0x38, 0x18, 0xEA, 0xA2,
    0x0F, 0x59, 0xAC, 0x06, 0xF7, 0x5D, 0xFD, 0xC1, 0x7E, 0x08, 0x58, 0xC1, 0x83, 0x39, 0x31, 0x78,
    0x9C, 0x75, 0x8C, 0x01, 0x0A, 0x00, 0x20, 0x0C, 0x02, 0xFD, 0xC1, 0xFE, 0xFF, 0x4B, 0x7F, 0x60,
    0x4B, 0x09, 0x16, 0x94, 0x44, 0x07, 0xDB, 0x39, 0x20, 0x11, 0xC0, 0xA0, 0x1F, 0x58, 0x2C, 0x4F,
    0xE5, 0x25, 0x85, 0x5F, 0xA8, 0x4E, 0x41, 0x46, 0x7B, 0x5B, 0xDD, 0xDD, 0x9E, 0x3D, 0x81, 0x28,
    0x2E, 0x04, 0x48, 0x61, 0x40, 0xF3, 0x72, 0x4E, 0x67, 0xA7, 0xD2, 0x0D, 0xD9, 0x3E, 0x26, 0xFD,
    0x2F, 0x12, 0x88, 0x49, 0xE4, 0x78, 0x9C, 0xA5, 0x4E, 0xC1, 0x11, 0x00, 0x20, 0x08, 0x62, 0x03,
    0xF7, 0xDF, 0xD2, 0x0D, 0x48, 0xB1, 0xE8, 0xD5, 0x2B, 0x4F, 0xEF, 0x50, 0x11, 0x01, 0x92, 0x0C,
    0x74, 0x90, 0x83, 0xC8, 0x29, 0x4C, 0x17, 0xC5, 0xE8, 0x75, 0x46, 0x67, 0x03, 0xE2, 0x5C, 0x7C,
    0x81, 0xD2, 0xB1, 0xA0, 0x5F, 0xF8, 0xA9, 0x46, 0xB2, 0x61, 0x63, 0xD7, 0xEA, 0x3E, 0x94, 0xD8,
    0x1B, 0x98, 0xAC, 0xD1, 0x02, 0xF5, 0x03, 0x3F, 0x3A, 0x78, 0x9C, 0x5D, 0x8C, 0xC1, 0x0D, 0x00,
    0x31, 0x08, 0xC3, 0xBC, 0x01, 0xFB, 0x6F, 0xC9, 0x06, 0x3E, 0x68, 0xD4, 0x47, 0x4F, 0x42, 0x31,
    0x4A, 0x20, 0xA0, 0x05, 0xB4, 0x3A, 0x98, 0x7D, 0xA6, 0x5D, 0x83, 0xDE, 0x40, 0x4E, 0x6E, 0x5D,
    0xB0, 0xD7, 0xF5, 0x33, 0x83, 0xFB, 0x17, 0x4C, 0x73, 0xBA, 0xA3, 0x10, 0xED, 0xA3, 0xF8, 0x22,
    0x27, 0xFB, 0xC5, 0x07, 0x33, 0x33, 0x2F, 0x4A, 0x78, 0x9C, 0x6D, 0x8E, 0x01, 0x0E, 0x00, 0x20,
    0x08, 0x02, 0xF9, 0x81, 0xFF, 0xFF, 0xA5, 0x3F, 0x20, 0xC5, 0xAC, 0xB9, 0x62, 0x6B, 0x47, 0xA1,
    0x26, 0x10, 0x32, 0x48, 0xCE, 0x22, 0x6D, 0x5C, 0x3B, 0x6E, 0xB1, 0x72, 0x52, 0x26, 0xAB, 0xF2,
    0xE8, 0xD1, 0x4E, 0x93, 0xDB, 0x98, 0xF5, 0x65, 0x0C, 0x18, 0x0C, 0xF7, 0xD0, 0x9B, 0x2C, 0x56,
    0xC0, 0xFB, 0xAF, 0xF6, 0xE0, 0x5E, 0x08, 0x58, 0x54, 0x5B, 0x37, 0x42, 0x78, 0x9C, 0x75, 0x8E,
    0xC1, 0x0D, 0xC0, 0x20, 0x0C, 0x03, 0xBD, 0x81, 0xF7, 0xDF, 0xD2, 0x1B, 0xB8, 0xC1, 0x69, 0x0B,
    0x48, 0xE0, 0x47, 0x4E, 0xC0, 0xC5, 0x02, 0xF8, 0xC3, 0x4C, 0x39, 0x30, 0x97, 0x83, 0x88, 0x5B,
    0xE4, 0x0A, 0xE1, 0xA0, 0xF4, 0xB1, 0x31, 0xF4, 0xBA, 0x3B, 0x02, 0xAD, 0x64, 0xA1, 0x31, 0xFB,
    0xB5, 0xFD, 0xE0, 0x6D, 0xEE, 0xEA, 0x7E, 0x33, 0xBD, 0xC3, 0xB1, 0x3F, 0x53, 0x99, 0x0F, 0x30,
    0xD6, 0x46, 0x06, 0x78, 0x9C, 0x5D, 0xCD, 0xC1, 0x0D, 0x00, 0x20, 0x08, 0x04, 0x41, 0x3B, 0xA0,
    0xFF, 0x2E, 0xAF, 0x83, 0x13, 0x91, 0xC4, 0x45, 0x3E, 0x13, 0xF6, 0x01, 0x6B, 0xF5, 0xB8, 0x89,
    0x42, 0x73, 0xC5, 0xDC, 0x62, 0x7B, 0x12, 0xA4, 0x8E, 0x3D, 0x14, 0xE4, 0x54, 0x90, 0x15, 0x64,
    0x25, 0x32, 0xF9, 0xBE, 0xCA, 0x1B, 0x87, 0xC8, 0x41, 0xCE, 0x78, 0x9C, 0x63, 0x60, 0x00, 0x83,
    0x0F, 0xFC, 0x48, 0xE4, 0x7F, 0xB0, 0xD0, 0x7F, 0x64, 0x0E, 0x1A, 0xF8, 0x0F, 0x14, 0xE7, 0x67,
    0xF8, 0xFF, 0xE1, 0xFF, 0xFF, 0xFF, 0x0C, 0xFF, 0x41, 0x2C, 0x7E, 0x90, 0xEA, 0x0F, 0x30, 0x92,
    0x81, 0x7C, 0x12, 0x00, 0x54, 0xAA, 0x29, 0xF5, 0x78, 0x9C, 0x6D, 0x8F, 0xC1, 0x0D, 0x00, 0x20,
    0x0C, 0x02, 0xDD, 0x80, 0xFD, 0xB7, 0xEC, 0x06, 0x68, 0xDA, 0xA6, 0x90, 0x58, 0x5E, 0x17, 0xA3,
    0x27, 0x9C, 0xB3, 0x84, 0xC2, 0x30, 0x26, 0xD6, 0xE3, 0x3D, 0xCC, 0x7C, 0x1C, 0x94, 0x25, 0x20,
    0x0B, 0x9D, 0x55, 0x20, 0x9C, 0x21, 0x7E, 0x92, 0xF1, 0xB0, 0x3E, 0x40, 0xD7, 0x1A, 0x86, 0x86,
    0x58, 0x17, 0xE7, 0x5C, 0xC1, 0xB1, 0x0F, 0xD3, 0x59, 0xCB, 0x6B, 0x74, 0xBE, 0x47, 0x5E, 0x6F,
    0xBE, 0xF8, 0x52, 0x4E, 0xEE, 0x78, 0x9C, 0x7D, 0x4E, 0x41, 0x0E, 0x00, 0x20, 0x08, 0xEA, 0x07,
    0xFE, 0xFF, 0x97, 0xFE, 0x80, 0x26, 0x38, 0x69, 0xAD, 0xC5, 0xC1, 0x30, 0x01, 0x5D, 0xEB, 0x02,
    0x86, 0xA5, 0x29, 0xE2, 0x35, 0xF7, 0xE7, 0x1F, 0x09, 0x54, 0x09, 0x32, 0x04, 0x4B, 0xB9, 0xB3,
    0xDE, 0x8E, 0x96, 0xC4, 0xCB, 0x20, 0x63, 0xD3, 0xB2, 0x10, 0x14, 0xAA, 0xA3, 0xBC, 0x6F, 0x60,
    0xF6, 0x41, 0x1D, 0x84, 0xA1, 0xE9, 0xAD, 0x8A, 0xE0, 0x34, 0xFA, 0xBC, 0x0D, 0x6D, 0xBA, 0x4E,
    0xA3, 0x78, 0x9C, 0x75, 0x8D, 0xD1, 0x0D, 0x80, 0x50, 0x08, 0x03, 0xBB, 0x41, 0xF7, 0xDF, 0x92,
    0x0D, 0x4E, 0xBD, 0xA7, 0x89, 0x79, 0x51, 0x3E, 0xB8, 0x42, 0x5A, 0x48, 0x80, 0x24, 0x83, 0xA4,
    0xA7, 0xEA, 0xB8, 0x89, 0xC8, 0x86, 0xCB, 0x22, 0xE0, 0x87, 0x7D, 0xDB, 0x66, 0x83, 0x82, 0xE2,
    0x23, 0x53, 0xE6, 0x9E, 0xF4, 0x5D, 0xCD, 0xC7, 0x8D, 0x35, 0xD9, 0x0F, 0x79, 0xEA, 0x35, 0xF8,
    0x78, 0x9C, 0x55, 0x8C, 0xC1, 0x0D, 0x00, 0x30, 0x08, 0x02, 0x6F, 0x03, 0xF6, 0xDF, 0x92, 0x0D,
    0x2C, 0xD1, 0xA6, 0xB1, 0x3C, 0x4E, 0x82, 0x04, 0x5C, 0x05, 0x54, 0x84, 0xE3, 0x86, 0x7C, 0xCC,
    0x57, 0xDF, 0x99, 0x50, 0x9B, 0x56, 0xCA, 0x72, 0xEF, 0xE0, 0x5B, 0x69, 0x99, 0xBD, 0xF4, 0x7C,
    0xE3, 0x00, 0xEA, 0x79, 0x2B, 0x7B, 0x78, 0x9C, 0xFB, 0xFF, 0x1F, 0x19, 0x30, 0x30, 0x30, 0xFC,
    0xE7, 0x67, 0x00, 0x81, 0xFF, 0x0C, 0x03, 0x42, 0xA1, 0x02, 0xA8, 0x5B, 0x3E, 0x20, 0x53, 0x60,
    0x47, 0x02, 0x00, 0x3E, 0x58, 0x24, 0xFA, 0x78, 0x9C, 0x63, 0x60, 0x00, 0x81, 0xFF, 0x98, 0xC4,
    0x7F, 0x20, 0x80, 0x10, 0x0C, 0xFF, 0xF9, 0xB1, 0x2B, 0xC1, 0x20, 0xF8, 0x51, 0x88, 0x0F, 0xFF,
    0x21, 0xE6, 0x30, 0x40, 0x01, 0x98, 0xF1, 0x81, 0x1F, 0xC6, 0xFC, 0xF0, 0x1F, 0x82, 0x01, 0xF1,
    0xE2, 0x22, 0xED, 0x78, 0x9C, 0x63, 0x60, 0xF8, 0xCF, 0xC0, 0x40, 0x0D, 0xFC, 0xE1, 0x3F, 0x10,
    0x81, 0x30, 0x3F, 0x03, 0x00, 0x8C, 0xB5, 0x18, 0xCA, 0x78, 0x9C, 0x75, 0x8C, 0xC9, 0x0D, 0x00,
    0x40, 0x08, 0x02, 0xE9, 0xC0, 0xFE, 0xBB, 0xB4, 0x03, 0x74, 0xF1, 0x7A, 0xAD, 0x09, 0x42, 0xC2,
    0x28, 0x98, 0x63, 0x00, 0xD8, 0x41, 0x62, 0x0A, 0xD0, 0xFA, 0xFA, 0xB2, 0x7C, 0xF8, 0xDD, 0x67,
    0xF6, 0xE5, 0x4C, 0x0C, 0xDC, 0xAA, 0x3D, 0xAF, 0x7E, 0xBC, 0x39, 0xDD, 0xCD, 0x9F, 0xB2, 0x00,
    0x19, 0x28, 0x41, 0x74, 0x78, 0x9C, 0x55, 0xCC, 0x81, 0x09, 0x00, 0x30, 0x08, 0x03, 0xC1, 0xDF,
    0xA0, 0xFB, 0x6F, 0xE9, 0x06, 0xDF, 0x84, 0x16, 0x4A, 0x41, 0x4E, 0x25, 0xA2, 0x8C, 0x0B, 0x47,
    0xC5, 0x4E, 0x2B, 0x3C, 0xB9, 0x8E, 0xED, 0xCD, 0x3D, 0x09, 0xFC, 0xE6, 0x80, 0x56, 0xFF, 0x64,
    0x09, 0x1B, 0x7E, 0x2F, 0x27, 0x61, 0x78, 0x9C, 0x6D, 0x8C, 0xC1, 0x09, 0x00, 0x30, 0x08, 0x03,
    0xB3, 0x41, 0xF6, 0xDF, 0xD2, 0x0D, 0xD2, 0x9C, 0x7D, 0x15, 0x2A, 0xE8, 0xE9, 0x81, 0x91, 0x12,
    0x45, 0x9D, 0xAD, 0xC2, 0xDC, 0xD3, 0xAD, 0x72, 0xBC, 0xC8, 0x0B, 0xFD, 0xE4, 0x05, 0x7F, 0x03,
    0x48, 0xA1, 0xE3, 0x0D, 0x45, 0x1D, 0xEC, 0x47, 0x2D, 0x10, 0x78, 0x9C, 0xFB, 0xC0, 0xCF, 0xF0,
    0xE1, 0x3F, 0x3F, 0x03, 0x90, 0xF8, 0xF0, 0xFF, 0x3F, 0x88, 0x01, 0x22, 0xC0, 0x34, 0x58, 0x10,
    0x48, 0x33, 0x30, 0x80, 0x09, 0x52, 0x68, 0xB0, 0x3E, 0x98, 0x7E, 0x28, 0xFB, 0x3F, 0x08, 0x80,
    0x95, 0x80, 0xAD, 0x01, 0x00, 0x87, 0xB9, 0x2B, 0xF3, 0x78, 0x9C, 0x63, 0x60, 0x80, 0x80, 0x0F,
    0xFF, 0xF9, 0xC1, 0x24, 0x94, 0x02, 0x8B, 0x81, 0xD9, 0x18, 0x14, 0x03, 0x94, 0x02, 0xEB, 0xF8,
    0x0F, 0x02, 0xFC, 0x0C, 0x60, 0x0C, 0x46, 0x20, 0xBD, 0xFF, 0x21, 0x0A, 0x88, 0xA4, 0x40, 0x1A,
    0xA0, 0xFA, 0xFE, 0x83, 0x6D, 0x01, 0x9B, 0x09, 0x96, 0x05, 0x49, 0x03, 0x00, 0xE9, 0x22, 0x36,
    0x16, 0x78, 0x9C, 0x63, 0xF8, 0xF0, 0x9F, 0x9F, 0x81, 0xE1, 0xC3, 0xFF, 0xFF, 0x40, 0xEA, 0x03,
    0x10, 0xFD, 0x67, 0x00, 0x01, 0x90, 0x18, 0x8C, 0xFC, 0x80, 0x97, 0x84, 0xA9, 0x04, 0xF2, 0xFE,
    0xFF, 0x87, 0x9A, 0xC3, 0x00, 0x26, 0x00, 0xCC, 0xA7, 0x1B, 0x22, 0x78, 0x9C, 0x6D, 0x8C, 0xC1,
    0x09, 0x00, 0x30, 0x0C, 0x02, 0xDD, 0xC0, 0xFD, 0xB7, 0x74, 0x83, 0xAB, 0x49, 0xFB, 0xAC, 0x84,
    0x53, 0x84, 0x28, 0x81, 0xA5, 0x30, 0xD6, 0x4B, 0xA3, 0xAA, 0x78, 0xC8, 0x8F, 0xC1, 0x78, 0x1E,
    0xB2, 0x9E, 0xAD, 0xF4, 0x38, 0x3B, 0xED, 0xE1, 0x2D, 0x5C, 0x1D, 0x3E, 0xE3, 0x2A, 0x13, 0x78,
    0x9C, 0x9D, 0xCE, 0xDB, 0x09, 0x00, 0x30, 0x08, 0x03, 0xC0, 0x6C, 0xE0, 0xFE, 0x5B, 0x66, 0x83,
    0x94, 0x54, 0xE9, 0x8B, 0xF6, 0xA7, 0x82, 0x1C, 0x44, 0x50, 0x81, 0xA5, 0xF4, 0xA3, 0xD4, 0x95,
    0xCB, 0x86, 0x13, 0x50, 0x39, 0x67, 0xA4, 0x3A, 0xC5, 0x23, 0x2F, 0x39, 0x3A, 0xF7, 0x79, 0x7F,
    0x58, 0xD6, 0xBD, 0xEB, 0x3F, 0xB1, 0xCB, 0x19, 0x34, 0x64, 0xE4, 0x3A, 0x21, 0x78, 0x9C, 0x75,
    0xCE, 0x01, 0x0A, 0x00, 0x20, 0x08, 0x03, 0xC0, 0xFD, 0xC0, 0xFF, 0xFF, 0x72, 0x3F, 0x58, 0xB8,
    0x49, 0x44, 0x91, 0x20, 0x07, 0x2A, 0x2A, 0x70, 0x86, 0xCA, 0x70, 0x1C, 0x5E, 0x71, 0x28, 0x59,
    0x75, 0x64, 0xA6, 0xA5, 0xD2, 0x67, 0x45, 0xDD, 0xE2, 0x53, 0x1F, 0xB9, 0x33, 0xFB, 0x7A, 0x7F,
    0xC9, 0xBF, 0xF9, 0xDE, 0x02, 0x04, 0x2D, 0x34, 0x36, 0x78, 0x9C, 0x55, 0x8B, 0xB1, 0x11, 0x00,
    0x20, 0x0C, 0x84, 0xD8, 0x20, 0xFB, 0x6F, 0xF9, 0x1B, 0x60, 0x8C, 0x16, 0xFA, 0x05, 0xF7, 0x05,
    0x10, 0x05, 0xEC, 0x91, 0x7E, 0x56, 0x0A, 0x52, 0x6E, 0x7A, 0xF9, 0xAC, 0xDD, 0xF1, 0x7E, 0x4E,
    0x15, 0x8F, 0x3B, 0x09, 0x2C, 0x97, 0x6F, 0x2F, 0x77, 0x78, 0x9C, 0x63, 0xF8, 0xF0, 0xFF, 0x3F,
    0x03, 0x03, 0x90, 0x00, 0x51, 0xFC, 0x0C, 0x0C, 0xFF, 0x81, 0x18, 0xC8, 0x87, 0x90, 0xFF, 0x21,
    0x24, 0x0A, 0x00, 0xC9, 0x80, 0xC9, 0x0F, 0x50, 0x12, 0xA4, 0xF6, 0x03, 0x3F, 0x48, 0x2D, 0x90,
    0x0F, 0x31, 0x87, 0x01, 0x44, 0x00, 0x00, 0xDF, 0xDC, 0x2C, 0xC5, 0x78, 0x9C, 0x5D, 0x8E, 0xC1,
    0x0D, 0x00, 0x30, 0x08, 0x02, 0xD9, 0xC0, 0xFD, 0xB7, 0x64, 0x03, 0x8A, 0xD4, 0xB6, 0x49, 0x7D,
    0x5D, 0xC8, 0xA1, 0x82, 0x52, 0xA1, 0xC7, 0x20, 0x85, 0xE0, 0x60, 0xC2, 0xE4, 0x10, 0xAE, 0xB1,
    0xC9, 0x1D, 0x0E, 0x08, 0xAC, 0x80, 0x2D, 0x3A, 0xEE, 0xA2, 0xBA, 0x9F, 0x0D, 0xF1, 0x5B, 0xE0,
    0x4F, 0xBA, 0x37, 0xDE, 0x5D, 0x9C, 0x5F, 0x16, 0xDE, 0xE5, 0x30, 0xD0, 0x78, 0x9C, 0x5D, 0xCB,
    0xC1, 0x11, 0x00, 0x00, 0x04, 0x03, 0xC1, 0x74, 0xA0, 0xFF, 0x2E, 0x75, 0x10, 0x67, 0xE4, 0xC5,
    0x63, 0x99, 0x40, 0x6D, 0x4B, 0x40, 0x6B, 0x26, 0x2C, 0x51, 0xD1, 0xAB, 0x76, 0x19, 0x2F, 0x71,
    0x7D, 0xF3, 0xEB, 0x1C, 0x11, 0x0E, 0xB2, 0x47, 0x24, 0xA0, 0x78, 0x9C, 0x63, 0xF8, 0xF0, 0xFF,
    0x3F, 0x03, 0x03, 0x90, 0x00, 0x52, 0x1F, 0xF8, 0x81, 0x0C, 0x06, 0x10, 0x40, 0x22, 0x3F, 0x40,
    0xA4, 0xF9, 0x61, 0x24, 0x03, 0x5C, 0x0D, 0x3F, 0x32, 0x09, 0xD1, 0x0B, 0x31, 0x87, 0x01, 0x4C,
    0x00, 0x00, 0x8E, 0x3E, 0x24, 0xA0, 0x78, 0x9C, 0x3D, 0x8C, 0x81, 0x0D, 0x00, 0x30, 0x08, 0xC2,
    0xFA, 0x81, 0xFF, 0x7F, 0xB9, 0x0F, 0x18, 0xA8, 0x5B, 0xA2, 0x94, 0x90, 0x00, 0x1C, 0x09, 0xA2,
    0xA1, 0xCA, 0x2E, 0x67, 0xCB, 0xA9, 0x86, 0xB3, 0x24, 0x86, 0xF2, 0x0C, 0x7E, 0x98, 0xD2, 0x62,
    0x7A, 0xB5, 0x2B, 0x6F, 0x93, 0xD6, 0x0B, 0x97, 0x50, 0x2E, 0x00, 0x78, 0x9C, 0x63, 0x60, 0xF8,
    0xCF, 0x00, 0x04, 0x58, 0x88, 0x0F, 0xFF, 0x41, 0xF8, 0xFF, 0x7F, 0x7E, 0x30, 0x81, 0x55, 0x09,
    0x2E, 0x6D, 0x08, 0x02, 0xA2, 0x13, 0xC4, 0x03, 0x00, 0x8F, 0x2E, 0x20, 0xB3, 0x78, 0x9C, 0x75,
    0xCD, 0x01, 0x0A, 0x00, 0x20, 0x08, 0x03, 0x40, 0x7F, 0xE0, 0xFF, 0x7F, 0xE9, 0x0F, 0x16, 0xDB,
    0x44, 0x23, 0x48, 0xB0, 0x03, 0x25, 0x17, 0xC1, 0x42, 0x8A, 0x6A, 0x9B, 0x55, 0x0F, 0x24, 0x58,
    0xDE, 0xD1, 0x82, 0xF7, 0x95, 0x16, 0xAF, 0xF1, 0x99, 0xB7, 0x35, 0xED, 0x7B, 0xBC, 0x9F, 0x77,
    0xDE, 0xE4, 0xAF, 0xCA, 0xCC, 0xE8, 0x7C, 0x7E, 0xD0, 0x50, 0x1C, 0xD3, 0x5E, 0x3F, 0x2B, 0x78,
    0x9C, 0x6D, 0x8E, 0xD1, 0x11, 0x00, 0x30, 0x04, 0x43, 0xDF, 0x06, 0xF6, 0xDF, 0xD2, 0x06, 0x69,
    0x44, 0x7F, 0x7A, 0x57, 0x87, 0x90, 0x23, 0x80, 0x84, 0xA0, 0x65, 0x03, 0xD5, 0xF4, 0xED, 0xCA,
    0x64, 0x57, 0x40, 0x2F, 0xF0, 0x23, 0x17, 0x3A, 0x42, 0xF6, 0xA8, 0x38, 0x54, 0x51, 0xBA, 0x5B,
    0xBC, 0x30, 0xD3, 0xC5, 0xDE, 0x9B, 0xD1, 0x3C, 0xE1, 0x7C, 0x00, 0xC8, 0x42, 0x38, 0xF5, 0x78,
    0x9C, 0x4D, 0x8C, 0xD1, 0x0D, 0x00, 0x40, 0x0C, 0x41, 0x6D, 0x60, 0xFF, 0x2D, 0x6D, 0xE0, 0x94,
    0x9F, 0x4B, 0xE4, 0x25, 0x5A, 0x00, 0xB2, 0x71, 0x30, 0x11, 0x89, 0x8A, 0xCD, 0x81, 0x47, 0xFF,
    0x8C, 0x96, 0x2A, 0xE3, 0x34, 0xBA, 0xCF, 0xEB, 0xBA, 0x3B, 0x0B, 0xE2, 0x01, 0x90, 0xE1, 0x27,
    0xE8, 0x78, 0x9C, 0xFB, 0xC0, 0xCF, 0x00, 0x04, 0xFF, 0x19, 0x3E, 0xFC, 0x07, 0x52, 0x1F, 0xF8,
    0x41, 0x4C, 0x28, 0x0D, 0xC5, 0x28, 0x62, 0x50, 0xB5, 0xFC, 0xD8, 0xE8, 0x0F, 0xFC, 0x60, 0x69,
    0x38, 0x0D, 0xD6, 0x8D, 0x85, 0x46, 0x57, 0xF7, 0x9F, 0x1F, 0x22, 0x81, 0x4E, 0x7F, 0xF8, 0x8F,
    0x6C, 0x0E, 0x00, 0xDA, 0x2A, 0x28, 0x6F, 0x78, 0x9C, 0x75, 0x8C, 0xC1, 0x0D, 0x00, 0x30, 0x08,
    0x02, 0xD9, 0xC0, 0xFD, 0xB7, 0x64, 0x83, 0xAB, 0xE8, 0xC7, 0x4F, 0x13, 0x11, 0x34, 0x80, 0x91,
    0x44, 0x01, 0x0A, 0x76, 0x49, 0xA6, 0x0E, 0xED, 0xD3, 0x6D, 0xE9, 0xD3, 0x95, 0x89, 0x34, 0x3F,
    0x4A, 0x59, 0x02, 0x4C, 0x7E, 0x5A, 0x1E, 0xB4, 0x60, 0x2D, 0xD3, 0x78, 0x9C, 0xFB, 0xCF, 0xC0,
    0xC0, 0xF0, 0x81, 0xFF, 0x3F, 0xA9, 0x24, 0x3F, 0x2A, 0xF9, 0x9F, 0xFF, 0xC3, 0x7F, 0x86, 0x0F,
    0x20, 0xF2, 0xFF, 0xFF, 0x0F, 0xFC, 0x0C, 0xFF, 0x81, 0x1C, 0xA0, 0x28, 0x03, 0x41, 0x12, 0x00,
    0x18, 0x79, 0x29, 0xF5, 0x78, 0x9C, 0x63, 0xF8, 0xF0, 0x9F, 0x9F, 0x81, 0xE1, 0xC3, 0x7F, 0x08,
    0xC9, 0x00, 0x04, 0x20, 0x16, 0x1A, 0xC9, 0x00, 0x21, 0x41, 0x4A, 0xFF, 0x03, 0x95, 0xFE, 0x67,
    0x00, 0x29, 0xFF, 0xCF, 0x0F, 0xD6, 0x03, 0x23, 0x19, 0xC8, 0x27, 0x01, 0x1A, 0xA9, 0x2E, 0x1E,
    0x78, 0x9C, 0x63, 0x60, 0x00, 0x83, 0x0F, 0xFF, 0xF9, 0x41, 0x04, 0x84, 0x04, 0x09, 0x80, 0x58,
    0x70, 0x92, 0x01, 0x99, 0x04, 0x29, 0xFD, 0x0F, 0x54, 0xFA, 0x9F, 0x01, 0xA4, 0xFC, 0x3F, 0x3F,
    0x58, 0x0F, 0x8C, 0x64, 0x20, 0x9F, 0x64, 0xC0, 0x4A, 0x82, 0x5D, 0xF0, 0x1F, 0x4A, 0x32, 0x00,
    0x00, 0x01, 0xD6, 0x36, 0x25, 0x78, 0x9C, 0x63, 0xF8, 0xCF, 0xCF, 0xC0, 0x00, 0xC3, 0xC8, 0xE0,
    0x03, 0x3F, 0x26, 0x06, 0xAA, 0xF9, 0x0F, 0x05, 0x58, 0xE5, 0xA1, 0x18, 0x00, 0x8C, 0x3D, 0x18,
    0x25, 0x78, 0x9C, 0xFB, 0xCF, 0xF0, 0x1F, 0x3B, 0xE4, 0xFF, 0xFF, 0xFF, 0xC3, 0x7F, 0x00, 0xF3,
    0x57, 0x10, 0xF0, 0x78, 0x9C, 0xFB, 0xFF, 0xFF, 0x3F, 0xFF, 0x7F, 0x20, 0x66, 0x00, 0x22, 0x86,
    0x0F, 0x44, 0x60, 0x90, 0x52, 0xA8, 0x1E, 0x00, 0xD0, 0x5A, 0x17, 0x44, 0x78, 0x9C, 0x63, 0x60,
    0xF8, 0xCF, 0x00, 0x02, 0x84, 0xC9, 0x0F, 0xFF, 0xFF, 0x33, 0x7C, 0xE0, 0xFF, 0xFF, 0xFF, 0x3F,
    0x3F, 0x90, 0x64, 0x00, 0xD1, 0x60, 0x92, 0x28, 0xBD, 0x70, 0x92, 0x1F, 0x4C, 0x82, 0x39, 0x1F,
    0x80, 0x24, 0x00, 0xB4, 0x2B, 0x22, 0xED, 0x78, 0x9C, 0x63, 0x60, 0xF8, 0xCF, 0x00, 0x04, 0x38,
    0x88, 0x0F, 0xFF, 0x81, 0xC4, 0xFF, 0x0F, 0x20, 0x82, 0x01, 0x42, 0xF0, 0x83, 0xC4, 0xFE, 0xF3,
    0x83, 0x09, 0x9C, 0xDA, 0xB0, 0x11, 0x00, 0x1D, 0x18, 0x20, 0xD1, 0x78, 0x9C, 0xFB, 0xCF, 0xC0,
    0xF0, 0x9F, 0x72, 0xC4, 0x0F, 0x42, 0x1F, 0xC0, 0x14, 0x00, 0x6F, 0x29, 0x1C, 0x12, 0x78, 0x9C,
    0x8D, 0x8D, 0xC1, 0x0D, 0x00, 0x30, 0x08, 0x02, 0xDD, 0x80, 0xFD, 0xB7, 0x64, 0x03, 0x8A, 0x54,
    0x5F, 0xFD, 0xD4, 0x68, 0x4E, 0x25, 0xA2, 0x2A, 0xA1, 0x0F, 0x24, 0xB0, 0x40, 0x94, 0xD6, 0x88,
    0x40, 0x83, 0xA4, 0x77, 0xE9, 0xB0, 0x0B, 0x17, 0xA5, 0xC1, 0xDC, 0xD9, 0x25, 0xC6, 0x17, 0x5C,
    0xD4, 0x0B, 0xFB, 0xB8, 0x63, 0x1B, 0xF7, 0xF3, 0x1C, 0x7B, 0x38, 0x3D, 0x3D, 0x3E, 0xEF, 0x78,
    0x9C, 0xFB, 0xCF, 0xC0, 0xC0, 0xF0, 0x81, 0x1F, 0x88, 0xFF, 0xFF, 0xA7, 0x36, 0x8B, 0x1F, 0x99,
    0xF5, 0x1F, 0x85, 0xF5, 0xFF, 0xFF, 0x87, 0xFF, 0x40, 0xE2, 0x3F, 0x48, 0xE8, 0x03, 0x88, 0xFE,
    0x0F, 0x15, 0x01, 0x29, 0xE2, 0xFF, 0xF0, 0x1F, 0x00, 0x02, 0x91, 0x46, 0x15, 0x78, 0x9C, 0xFB,
    0xCF, 0xC0, 0xC0, 0xF0, 0x81, 0x1F, 0x88, 0xFF, 0xFF, 0xA7, 0x36, 0x8B, 0x1F, 0x99, 0xF5, 0x1F,
    0x85, 0xF5, 0xFF, 0xFF, 0x87, 0xFF, 0x40, 0xE2, 0x3F, 0x48, 0xE8, 0x03, 0x88, 0xFE, 0x0F, 0x15,
    0x01, 0x29, 0xE2, 0xFF, 0x00, 0x32, 0x04, 0x0C, 0xC8, 0x61, 0x01, 0x00, 0xA3, 0xC0, 0x51, 0xAF,
    0x78, 0x9C, 0xB5, 0xC9, 0xD1, 0x09, 0x00, 0x20, 0x0C, 0x43, 0xC1, 0x6C, 0x90, 0xFD, 0xB7, 0xEC,
    0x06, 0xCF, 0x58, 0x15, 0x04, 0xBF, 0x2D, 0xA4, 0x5C, 0x5A, 0x54, 0xB8, 0x43, 0x01, 0x5A, 0x71,
    0x9C, 0x8B, 0xB3, 0xD2, 0xA4, 0x5A, 0x72, 0x4B, 0x5B, 0xF3, 0x91, 0xFE, 0x43, 0xDA, 0x73, 0xC9,
    0xAF, 0x38, 0xE2, 0x92, 0x06, 0x11, 0xC9, 0x4A, 0x7A, 0x78, 0x9C, 0xB5, 0xC8, 0xC1, 0x09, 0x00,
    0x30, 0x0C, 0xC3, 0x40, 0x6D, 0xE0, 0xFD, 0xB7, 0xCC, 0x06, 0x6A, 0x68, 0xA0, 0x14, 0xFA, 0xEE,
    0xC3, 0x1C, 0x16, 0x15, 0x14, 0xA8, 0xA8, 0x69, 0xFB, 0x95, 0xEC, 0x71, 0x9B, 0x0F, 0xF2, 0xEA,
    0xE8, 0x71, 0xF2, 0x02, 0xFA, 0x06, 0x2D, 0xC4, 0x78, 0x9C, 0xFB, 0xCF, 0xF0, 0xE1, 0x3F, 0x3F,
    0x03, 0x03, 0xC3, 0xFF, 0x0F, 0xFF, 0xFF, 0xFF, 0x07, 0xD1, 0x40, 0x1E, 0x48, 0x00, 0x84, 0x3F,
    0x20, 0xD3, 0x0C, 0xD4, 0xA5, 0x19, 0xB0, 0xD1, 0xFF, 0x51, 0x69, 0x86, 0xFF, 0x08, 0x01, 0x00,
    0xC9, 0x47, 0x2C, 0xD4, 0x78, 0x9C, 0x4D, 0xCA, 0xC1, 0x0D, 0x00, 0x30, 0x0C, 0x02, 0xB1, 0xDB,
    0x80, 0xFD, 0xB7, 0xCC, 0x06, 0xB4, 0x14, 0x55, 0xCA, 0xC7, 0x2F, 0x5B, 0x30, 0x72, 0xF5, 0x56,
    0x91, 0xEA, 0xE7, 0x54, 0x45, 0xEA, 0x6D, 0xE9, 0x4B, 0xBE, 0x07, 0x0D, 0x46, 0x27, 0x43, 0x78,
    0x9C, 0x63, 0x60, 0xF8, 0xFF, 0x9F, 0x9F, 0x81, 0x01, 0x48, 0x82, 0x69, 0x20, 0x06, 0xA2, 0x0F,
    0x40, 0xD6, 0x87, 0xFF, 0x0C, 0x10, 0x09, 0x28, 0xC5, 0xFF, 0x1F, 0x0C, 0xE0, 0x14, 0x54, 0x10,
    0x85, 0x02, 0xEA, 0x01, 0xE9, 0xFB, 0x00, 0x31, 0x05, 0x66, 0x26, 0xC4, 0x06, 0x00, 0xA1, 0xDC,
    0x2E, 0xB4, 0x78, 0x9C, 0x55, 0x8E, 0xC1, 0x0D, 0x00, 0x20, 0x08, 0xC4, 0xBA, 0xC1, 0xED, 0xBF,
    0x25, 0x1B, 0x9C, 0x04, 0x15, 0x94, 0x07, 0x29, 0x09, 0xE5, 0x00, 0xEF, 0x82, 0x68, 0xB2, 0x72,
    0x00, 0xAA, 0x87, 0x8A, 0x74, 0xC9, 0x3F, 0xA5, 0x20, 0x4C, 0x93, 0x38, 0xEE, 0xEC, 0x8D, 0x3B,
    0xF7, 0x26, 0xE3, 0xC9, 0xED, 0x5F, 0x16, 0xBD, 0x21, 0x3E, 0xB3, 0x78, 0x9C, 0x65, 0x8D, 0x81,
    0x09, 0x00, 0x31, 0x08, 0x03, 0xB3, 0x41, 0xF6, 0xDF, 0xB2, 0x1B, 0x5C, 0x13, 0x4B, 0xCB, 0xC3,
    0x8B, 0xCA, 0x99, 0x28, 0x4A, 0x02, 0xD4, 0x80, 0x43, 0x6D, 0x0B, 0x07, 0x52, 0xA1, 0xE6, 0xF8,
    0x1E, 0xE1, 0x42, 0xB7, 0x3E, 0xA0, 0x9F, 0xE2, 0x39, 0x7C, 0x80, 0xD3, 0xC9, 0xD0, 0x84, 0xF3,
    0x76, 0x8D, 0x69, 0x6D, 0xC8, 0x57, 0x37, 0x33, 0x78, 0x9C, 0x63, 0x60, 0x60, 0x60, 0xF8, 0xCF,
    0x00, 0x05, 0x24, 0x30, 0x3E, 0xFC, 0xFF, 0xFF, 0x1F, 0x46, 0x83, 0x59, 0xFF, 0xF9, 0x3F, 0xFC,
    0x07, 0x12, 0x40, 0x01, 0x90, 0x1A, 0x20, 0xF9, 0x81, 0x1F, 0xAC, 0x18, 0x2C, 0x08, 0x66, 0xF0,
    0x13, 0xC3, 0x80, 0xEB, 0xFA, 0x80, 0x20, 0xA1, 0x26, 0x23, 0xEC, 0x82, 0xDB, 0x4E, 0x96, 0xE3,
    0x01, 0xEB, 0x14, 0x46, 0xF6, 0x78, 0x9C, 0x63, 0x60, 0x60, 0xF8, 0xCF, 0xC0, 0x40, 0x06, 0xF1,
    0x01, 0x44, 0xFC, 0xFF, 0x0F, 0xA4, 0xF9, 0x41, 0x04, 0x50, 0x0C, 0x00, 0x62, 0x8C, 0x14, 0xCE,
    0x78, 0x9C, 0x63, 0x60, 0x60, 0xF8, 0xCF, 0xC0, 0x40, 0x75, 0xE2, 0x03, 0x88, 0xF8, 0xFF, 0x1F,
    0x48, 0xF3, 0x83, 0x08, 0xA0, 0x18, 0x00, 0x79, 0xAF, 0x1A, 0xC8, 0x78, 0x9C, 0x63, 0x60, 0x60,
    0xF8, 0xCF, 0x00, 0x02, 0x14, 0x90, 0x1F, 0xC0, 0xE4, 0xFF, 0xFF, 0x20, 0x16, 0x3F, 0x98, 0xC4,
    0xA6, 0x92, 0x1F, 0x41, 0x7E, 0x80, 0x71, 0x00, 0x48, 0x7B, 0x1B, 0xF4, 0x78, 0x9C, 0xFB, 0xCF,
    0xF0, 0xE1, 0xFF, 0x7F, 0x20, 0xFA, 0xFF, 0x9F, 0x9F, 0xE1, 0xFF, 0x7F, 0x06, 0x06, 0x20, 0x05,
    0xC1, 0x0C, 0x24, 0x60, 0xA8, 0x9E, 0x0F, 0x50, 0x06, 0x00, 0xBF, 0xE9, 0x1D, 0x20, 0x78, 0x9C,
    0x63, 0xF8, 0xF0, 0x9F, 0xFF, 0xC3, 0x7F, 0x10, 0x66, 0x60, 0xF8, 0xCF, 0x8F, 0x84, 0x19, 0x08,
    0x63, 0x00, 0xBA, 0xD9, 0x13, 0x0C, 0x78, 0x9C, 0xFB, 0xFF, 0xFF, 0xFF, 0x7F, 0x06, 0x06, 0x20,
    0xF1, 0x9F, 0x9F, 0x01, 0x88, 0x3E, 0xFC, 0x67, 0x00, 0x72, 0x19, 0x30, 0x48, 0x90, 0x38, 0x44,
    0x0D, 0x44, 0x3D, 0xFF, 0x07, 0x10, 0x09, 0x47, 0xFC, 0x30, 0x35, 0x08, 0x5D, 0xFC, 0x00, 0x1B,
    0x82, 0x29, 0xF5, 0x78, 0x9C, 0xFB, 0xCF, 0xC0, 0xC0, 0xF0, 0x9F, 0xFF, 0x3F, 0x88, 0x04, 0x42,
    0x86, 0x0F, 0x60, 0xF2, 0x3F, 0x3F, 0x98, 0x04, 0x31, 0x3E, 0x80, 0x48, 0x20, 0x80, 0x90, 0xFC,
    0x08, 0x35, 0x0C, 0x18, 0x24, 0x48, 0x1C, 0xA2, 0x06, 0xAC, 0x1E, 0x00, 0x08, 0x3C, 0x29, 0xE6,
    0x78, 0x9C, 0x5D, 0x8C, 0x81, 0x09, 0x00, 0x20, 0x10, 0x02, 0xDD, 0xC0, 0xFD, 0xB7, 0xFC, 0x0D,
    0xEC, 0xCD, 0x0F, 0x2A, 0x11, 0xE1, 0x14, 0x44, 0x49, 0x00, 0xD4, 0x42, 0xB5, 0x69, 0xB7, 0x26,
    0xBD, 0x79, 0x0D, 0xBC, 0x14, 0x98, 0xD4, 0x6E, 0x7C, 0xC3, 0x9C, 0x9D, 0x85, 0x7F, 0xD6, 0x05,
    0x0B, 0xC3, 0x46, 0x2A, 0xC7, 0x78, 0x9C, 0x63, 0x60, 0x80, 0x82, 0xFF, 0xFF, 0x81, 0xC4, 0x07,
    0x30, 0xF9, 0x9F, 0x9F, 0x01, 0x9D, 0x64, 0x18, 0x10, 0xF2, 0x03, 0xC2, 0x4D, 0x1F, 0xC0, 0x0E,
    0x01, 0x00, 0x5F, 0x9E, 0x22, 0xDE, 0x78, 0x9C, 0x63, 0x60, 0x80, 0x80, 0xFF, 0xFF, 0x41, 0x18,
    0x44, 0xF0, 0x83, 0x78, 0x0C, 0xC4, 0x13, 0x1F, 0xFE, 0x83, 0xF0, 0xFF, 0xFF, 0xFC, 0x60, 0x82,
    0x24, 0x6D, 0x08, 0x02, 0xA2, 0x13, 0xC4, 0x03, 0x00, 0x7D, 0x27, 0x2A, 0xB8, 0x78, 0x9C, 0x63,
    0x60, 0x00, 0x81, 0xFF, 0x98, 0xC4, 0x7F, 0x20, 0x80, 0x10, 0x0C, 0xFF, 0xF9, 0xB1, 0x2B, 0x21,
    0x91, 0xE0, 0x47, 0x21, 0x3E, 0xFC, 0x87, 0xD8, 0xC2, 0x00, 0x00, 0xAD, 0x63, 0x22, 0x0C, 0x78,
    0x9C, 0x63, 0xF8, 0xC0, 0xCF, 0xC0, 0xC0, 0xF0, 0x1F, 0x88, 0x89, 0x60, 0xFC, 0x87, 0x02, 0x7E,
    0x38, 0x83, 0x01, 0x88, 0x18, 0x3E, 0xE0, 0xD6, 0xF5, 0x01, 0x95, 0xF1, 0x1F, 0x88, 0x40, 0x0C,
    0x06, 0xB0, 0x21, 0x0C, 0x60, 0x21, 0x7E, 0x90, 0x62, 0x00, 0xC6, 0xC3, 0x32, 0xBF, 0x78, 0x9C,
    0x7D, 0x8C, 0xB1, 0x0D, 0x00, 0x30, 0x08, 0xC3, 0xFC, 0x41, 0xFE, 0xFF, 0x92, 0x0F, 0xDC, 0xA6,
    0xEC, 0x95, 0x40, 0x76, 0x10, 0x8A, 0x06, 0x8D, 0x0B, 0x06, 0x26, 0x20, 0xDD, 0x1A, 0xE6, 0x61,
    0xFE, 0x70, 0x3F, 0x17, 0x9D, 0xEA, 0xD8, 0xCA, 0x7B, 0xF1, 0x86, 0x03, 0x43, 0xE1, 0x28, 0x15,
    0x78, 0x9C, 0xFB, 0xCF, 0xC0, 0xF0, 0xFF, 0x3F, 0xC3, 0x7F, 0x10, 0xC9, 0x0F, 0x24, 0x19, 0x20,
    0xE4, 0x87, 0xFF, 0xE8, 0x24, 0x03, 0xAA, 0x08, 0x3F, 0x9C, 0xE4, 0x07, 0x91, 0xFF, 0xF9, 0x3F,
    0xFC, 0x07, 0x0A, 0x80, 0x54, 0x41, 0xA5, 0x18, 0x18, 0x00, 0x54, 0x1D, 0x29, 0xB9, 0x78, 0x9C,
    0x4D, 0xCB, 0x01, 0x0A, 0x00, 0x30, 0x08, 0x02, 0x40, 0x7F, 0xE0, 0xFF, 0x7F, 0xE9, 0x0F, 0x5C,
    0x19, 0x6D, 0x0B, 0xE4, 0x40, 0x0C, 0x90, 0xD1, 0x27, 0xF3, 0xC3, 0x1A, 0xE0, 0x47, 0x55, 0x0B,
    0x43, 0x6F, 0x8C, 0x8B, 0x43, 0x25, 0xBF, 0x0B, 0x83, 0x78, 0x00, 0x55, 0x2C, 0x1E, 0xE2, 0x78,
    0x9C, 0x6D, 0xCD, 0xC9, 0x09, 0x00, 0x40, 0x08, 0x03, 0xC0, 0x74, 0x90, 0xFE, 0xBB, 0xB4, 0x83,
    0x6C, 0x3C, 0x1E, 0x8B, 0x28, 0x88, 0x23, 0x8A, 0x02, 0x12, 0x10, 0x4E, 0x47, 0x93, 0x17, 0x23,
    0x19, 0x74, 0xD1, 0x47, 0xE8, 0x20, 0x8B, 0xEA, 0xCD, 0x3C, 0xE1, 0x76, 0x31, 0x86, 0x79, 0x99,
    0xF5, 0x7D, 0x32, 0x07, 0x8B, 0x5E, 0x7C, 0x6D, 0x70, 0x3D, 0x87, 0x78, 0x9C, 0x6D, 0xCD, 0xD1,
    0x0D, 0x80, 0x40, 0x08, 0x04, 0xD1, 0xE9, 0x80, 0xFE, 0xBB, 0xDC, 0x0E, 0x46, 0x0F, 0xCE, 0x8B,
    0x26, 0xFE, 0xF0, 0x08, 0x84, 0x05, 0x20, 0xD6, 0x5D, 0xB1, 0x89, 0xAB, 0x27, 0x3D, 0xC2, 0x0D,
    0x2F, 0xF2, 0x87, 0x73, 0x70, 0x70, 0x32, 0xBE, 0xAC, 0xA5, 0x1C, 0x9C, 0x44, 0xE7, 0xD9, 0x43,
    0x35, 0xA9, 0x0B, 0xC0, 0xCE, 0x29, 0xAA, 0x78, 0x9C, 0x7D, 0x8B, 0xC1, 0x0D, 0x00, 0x30, 0x08,
    0x02, 0xD9, 0xC0, 0xFD, 0xB7, 0x74, 0x83, 0x2B, 0xD0, 0xBE, 0x9B, 0x20, 0x47, 0x30, 0x30, 0x92,
    0xD0, 0x1A, 0x4B, 0xD4, 0x68, 0x30, 0x3D, 0x27, 0x37, 0x5B, 0x90, 0x97, 0x5B, 0x1E, 0xE2, 0x9D,
    0xE8, 0xAE, 0xBE, 0x38, 0x1B, 0x92, 0x1C, 0xD5, 0x78, 0x9C, 0xFB, 0xF0, 0x1F, 0x08, 0xF8, 0x19,
    0x3E, 0x40, 0x28, 0x20, 0xF8, 0xF0, 0x9F, 0x01, 0x89, 0xA2, 0x48, 0x0C, 0x62, 0xE6, 0x7F, 0xB8,
    0xD1, 0x0C, 0x1F, 0xB0, 0x52, 0x30, 0x4D, 0x30, 0x5D, 0x00, 0x14, 0xE8, 0x30, 0x85, 0x78, 0x9C,
    0x75, 0x8C, 0xDB, 0x0D, 0x00, 0x30, 0x08, 0x02, 0xDD, 0xC0, 0xFD, 0xB7, 0x64, 0x03, 0xCA, 0xA3,
    0xFD, 0xEC, 0x11, 0x25, 0x98, 0x08, 0x28, 0x76, 0x50, 0x33, 0xCC, 0x46, 0xED, 0x7F, 0x53, 0x70,
    0xD6, 0xF8, 0x91, 0x0B, 0x4B, 0xB7, 0x9A, 0xB4, 0x0C, 0xC3, 0x57, 0x8D, 0x76, 0x5D, 0x0B, 0x07,
    0xD5, 0x7E, 0x31, 0xC0, 0x78, 0x9C, 0x63, 0xF8, 0x0F, 0x02, 0x0C, 0x0C, 0x50, 0x0A, 0x08, 0x3E,
    0xF0, 0x83, 0x29, 0x28, 0x07, 0x42, 0xFD, 0x47, 0x11, 0xE3, 0x47, 0x11, 0x83, 0x68, 0x03, 0x52,
    0xFC, 0xC8, 0x3A, 0x18, 0x08, 0x50, 0xFC, 0x60, 0x95, 0x20, 0xC5, 0x20, 0x7D, 0xFF, 0xE1, 0xA6,
    0x00, 0x39, 0x00, 0xB4, 0x87, 0x29, 0xF5, 0x78, 0x9C, 0x63, 0x60, 0xF8, 0xFF, 0x9F, 0x9F, 0x81,
    0x01, 0x48, 0x82, 0xE8, 0x0F, 0xFF, 0x41, 0x2C, 0x86, 0x0F, 0x40, 0x11, 0x10, 0x13, 0x04, 0xF0,
    0x50, 0x50, 0x25, 0x60, 0xFD, 0x40, 0x0E, 0x98, 0xFA, 0xFF, 0x1F, 0x49, 0xE6, 0x03, 0x3F, 0x05,
    0x14, 0x00, 0xBD, 0xB2, 0x22, 0xCF, 0x78, 0x9C, 0x63, 0x60, 0xF8, 0xFF, 0x9F, 0x9F, 0x01, 0x48,
    0x00, 0xA9, 0x0F, 0xFF, 0xC1, 0x0C, 0x20, 0x97, 0x81, 0x1F, 0x4C, 0x32, 0x60, 0x92, 0x1F, 0x20,
    0xE4, 0x7F, 0x06, 0x24, 0x21, 0x2C, 0xF2, 0x24, 0x91, 0x00, 0xD7, 0x0D, 0x1F, 0x5A, 0x78, 0x9C,
    0x6D, 0x8D, 0xC1, 0x0D, 0x00, 0x30, 0x08, 0x02, 0xDD, 0xC0, 0xFD, 0xB7, 0x64, 0x03, 0x8A, 0xA2,
    0x69, 0x1F, 0xF5, 0x71, 0xC1, 0x40, 0x20, 0xC2, 0x47, 0x0A, 0x20, 0x53, 0x32, 0x41, 0xC9, 0x16,
    0x7A, 0x31, 0x2C, 0xCB, 0x81, 0x4B, 0x14, 0xE5, 0xC5, 0xF2, 0x93, 0x29, 0xBE, 0x3D, 0x6E, 0xF6,
    0xCA, 0x04, 0x7A, 0xFD, 0x00, 0xCF, 0x15, 0x3C, 0xB5, 0x78, 0x9C, 0xFB, 0xFF, 0xFF, 0xFF, 0x7F,
    0x7E, 0x86, 0xFF, 0x20, 0xC0, 0x00, 0x64, 0x00, 0xF1, 0x7F, 0x06, 0x24, 0x12, 0x24, 0x02, 0x96,
    0x85, 0xAB, 0x81, 0xCB, 0x7E, 0x40, 0x25, 0x21, 0x7A, 0x21, 0x6A, 0xC0, 0xEA, 0x01, 0x40, 0x3F,
    0x2D, 0x79, 0x78, 0x9C, 0xFB, 0xCF, 0xC0, 0xC0, 0xF0, 0x81, 0xFF, 0x3F, 0x7E, 0x12, 0x04, 0x60,
    0x24, 0x3F, 0x11, 0xEA, 0xC1, 0x24, 0x00, 0x8B, 0x32, 0x24, 0x0A, 0x78, 0x9C, 0x63, 0x60, 0x60,
    0xF8, 0xCF, 0xCF, 0xC0, 0x80, 0x4A, 0x62, 0x82, 0xFF, 0xB4, 0x21, 0x3F, 0xFC, 0xE7, 0x07, 0x92,
    0xFF, 0x81, 0x00, 0x6C, 0x35, 0x98, 0x04, 0x8A, 0x01, 0xC5, 0xA1, 0x12, 0x0C, 0x1F, 0xC0, 0x4A,
    0x3F, 0x40, 0x9D, 0x05, 0x00, 0xD0, 0xC5, 0x26, 0x17, 0x78, 0x9C, 0xFB, 0xCF, 0x00, 0x04, 0xFF,
    0x29, 0x21, 0x80, 0x80, 0x1F, 0x4C, 0x00, 0x00, 0x77, 0x59, 0x15, 0x0A, 0x78, 0x9C, 0x63, 0xF8,
    0xF0, 0xFF, 0x3F, 0x3F, 0x03, 0x90, 0xF8, 0xFF, 0x9F, 0x01, 0x88, 0x18, 0xFE, 0xF3, 0x7F, 0x60,
    0x60, 0x00, 0xF2, 0x19, 0xF0, 0x91, 0xFC, 0x20, 0xF2, 0x3F, 0x3F, 0x4C, 0xE0, 0x03, 0x82, 0x09,
    0x95, 0x43, 0x90, 0x10, 0x93, 0x21, 0x24, 0x54, 0x0F, 0x86, 0x1A, 0x00, 0x68, 0x1E, 0x2E, 0x5A,
    0x78, 0x9C, 0x63, 0x60, 0xF8, 0xFF, 0x9F, 0x9F, 0x01, 0x48, 0x00, 0xA9, 0x0F, 0xFF, 0xC1, 0x0C,
    0x20, 0x97, 0x81, 0x1F, 0x4C, 0x32, 0x60, 0x92, 0x1F, 0x20, 0xE4, 0x7F, 0x06, 0x24, 0x21, 0x2C,
    0xF2, 0x08, 0x12, 0x6C, 0x32, 0x94, 0x84, 0xEA, 0x43, 0x57, 0x03, 0x00, 0xA3, 0x7C, 0x26, 0x62,
    0x78, 0x9C, 0x9D, 0x8F, 0xD1, 0x11, 0xC0, 0x20, 0x08, 0x43, 0xB3, 0x01, 0xFB, 0x6F, 0x99, 0x0D,
    0x52, 0x48, 0x81, 0xDA, 0xBB, 0x7E, 0x35, 0x87, 0xE7, 0x93, 0x08, 0x28, 0x90, 0x12, 0x1E, 0xFD,
    0x66, 0x29, 0xA3, 0x84, 0xDE, 0xCD, 0x54, 0x94, 0x83, 0x84, 0x0A, 0x2F, 0x54, 0x2E, 0xBA, 0x56,
    0x58, 0xE6, 0xC9, 0xD1, 0xAD, 0xD5, 0xD7, 0xEE, 0x3C, 0x5F, 0xAC, 0x93, 0xC3, 0x35, 0xDC, 0x59,
    0x3D, 0xD7, 0xC3, 0xD2, 0x1D, 0xB6, 0x81, 0xE9, 0x32, 0x6F, 0xFF, 0x60, 0x1E, 0x9F, 0x73, 0x5D,
    0x33, 0xAB, 0x1B, 0xF6, 0x90, 0x78, 0x01, 0x41, 0xBA, 0x5D, 0xDF, 0x78, 0x9C, 0x63, 0x60, 0x40,
    0x01, 0xFF, 0xFF, 0x43, 0xE8, 0x0F, 0x08, 0x06, 0x48, 0x14, 0xC4, 0xE0, 0xC7, 0xCB, 0xF8, 0x0F,
    0x06, 0xC8, 0x0C, 0x06, 0x30, 0x0F, 0xBF, 0x2E, 0xE2, 0x18, 0x70, 0x73, 0xE0, 0x8C, 0xFF, 0x40,
    0x77, 0xF1, 0x43, 0x9C, 0x09, 0xB1, 0x0B, 0x2C, 0xC4, 0x0F, 0xF5, 0x04, 0x9C, 0xF1, 0x1F, 0x17,
    0x03, 0xC9, 0x7B, 0x20, 0x01, 0x00, 0x88, 0xFF, 0x44, 0x35, 0x78, 0x9C, 0x6D, 0x8C, 0xC1, 0x0D,
    0x00, 0x30, 0x08, 0x02, 0xD9, 0x80, 0xFD, 0xB7, 0x74, 0x03, 0xAA, 0xD2, 0xA4, 0x36, 0x91, 0xCF,
    0x99, 0xE0, 0x01, 0x88, 0xA8, 0xFC, 0x98, 0x51, 0x86, 0x46, 0xD2, 0x27, 0x94, 0x45, 0x18, 0xD8,
    0x50, 0x1D, 0x7B, 0xAE, 0xBD, 0xA7, 0x4F, 0x8F, 0x8D, 0xD8, 0x90, 0x1D, 0xEB, 0x93, 0xB2, 0x7F,
    0x57, 0x0E, 0x4E, 0x8A, 0x42, 0x46, 0x78, 0x9C, 0xFB, 0xCF, 0xC0, 0xF0, 0x9F, 0x1F, 0x88, 0xD1,
    0x29, 0x10, 0x40, 0xA7, 0x3E, 0x80, 0xE5, 0x40, 0x80, 0x9F, 0x01, 0x8C, 0xC1, 0x08, 0x28, 0x0C,
    0x51, 0x42, 0x34, 0x05, 0xD2, 0x00, 0xD5, 0x07, 0xB1, 0x10, 0x6C, 0x26, 0x58, 0x16, 0x24, 0x0E,
    0x00, 0xB0, 0xE4, 0x34, 0x36, 0x78, 0x9C, 0x6D, 0x8C, 0xC1, 0x09, 0x00, 0x20, 0x0C, 0x03, 0xB3,
    0x41, 0xF6, 0xDF, 0xB2, 0x1B, 0x44, 0xDB, 0x14, 0x44, 0x88, 0x9F, 0x2B, 0xDC, 0x45, 0x49, 0x22,
    0x20, 0x0D, 0x7D, 0x42, 0x00, 0xCA, 0x40, 0x42, 0xBB, 0x2E, 0xE9, 0xDD, 0x9B, 0x8F, 0xA3, 0x4B,
    0xA3, 0x12, 0xAE, 0xA3, 0x4B, 0xEF, 0xF7, 0x97, 0xFC, 0xD6, 0x7D, 0xC9, 0x01, 0x19, 0xCC, 0x47,
    0x23, 0x78, 0x9C, 0xFB, 0xCF, 0x00, 0x06, 0xFF, 0x89, 0xA1, 0x3E, 0xFC, 0xE7, 0x07, 0x52, 0x20,
    0xC0, 0xCF, 0x00, 0xC6, 0x60, 0x04, 0x14, 0x86, 0x28, 0x21, 0x9A, 0x02, 0x69, 0x80, 0xEA, 0x03,
    0x72, 0xC1, 0x86, 0xFD, 0x07, 0xB3, 0xC0, 0xA6, 0xE2, 0x00, 0x10, 0x25, 0x50, 0x0A, 0x00, 0xF4,
    0x46, 0x39, 0x04, 0x78, 0x9C, 0x9D, 0x8E, 0xB9, 0x0D, 0x00, 0x30, 0x0C, 0x02, 0xD9, 0x80, 0xFD,
    0xB7, 0xF4, 0x06, 0x04, 0x3F, 0x8A, 0x9C, 0x36, 0x34, 0xD7, 0x9C, 0x00, 0x20, 0x84, 0xCC, 0x8B,
    0x1D, 0x39, 0x03, 0x53, 0xB4, 0x23, 0xA8, 0xDD, 0xB2, 0xC5, 0x42, 0x0C, 0xF4, 0x09, 0xAE, 0xB2,
    0xAC, 0xCE, 0x21, 0xDE, 0xD9, 0x3E, 0x71, 0x00, 0x2A, 0xF7, 0x44, 0x26, 0x78, 0x9C, 0x6D, 0xCD,
    0xDB, 0x09, 0x00, 0x30, 0x08, 0x43, 0xD1, 0xBB, 0x41, 0xF6, 0xDF, 0xD2, 0x0D, 0x52, 0xA2, 0x50,
    0xE8, 0xC3, 0x9F, 0x23, 0xA2, 0x11, 0x2C, 0x0C, 0x17, 0xE9, 0x1E, 0xEC, 0xE0, 0xD4, 0x2C, 0x9A,
    0xEA, 0x39, 0xA5, 0xC6, 0x27, 0xFC, 0x86, 0x43, 0xEE, 0x2A, 0x74, 0x4A, 0x32, 0xB5, 0x3F, 0x2C,
    0x7F, 0x8E, 0x34, 0x36, 0x78, 0x9C, 0xFB, 0xFF, 0xFF, 0xFF, 0x7F, 0x06, 0x06, 0x86, 0xFF, 0xFF,
    0xC1, 0xF4, 0x7F, 0x7E, 0x86, 0x0F, 0x40, 0x1A, 0x24, 0xF2, 0x01, 0x42, 0x01, 0x85, 0xC0, 0xD4,
    0x07, 0x28, 0xF5, 0x9F, 0x4C, 0x8A, 0x1F, 0xC9, 0x30, 0x90, 0xD1, 0x20, 0x8B, 0xF8, 0xE1, 0xD6,
    0x42, 0x1C, 0x81, 0x03, 0x7C, 0xF8, 0x8F, 0x41, 0x01, 0x00, 0xE8, 0x76, 0x44, 0x26, 0x78, 0x9C,
    0x8D, 0xCD, 0xC1, 0x0D, 0x00, 0x30, 0x08, 0x02, 0x40, 0x36, 0x70, 0xFF, 0x2D, 0xD9, 0x80, 0x0A,
    0x7D, 0x34, 0x4D, 0x7D, 0x94, 0xCF, 0x45, 0x12, 0x15, 0xE8, 0x08, 0xF8, 0x41, 0x32, 0x72, 0x9A,
    0xF2, 0xCC, 0xF4, 0x60, 0x05, 0xDD, 0x60, 0x2A, 0x37, 0xDE, 0xA3, 0xC9, 0x15, 0xDF, 0xAC, 0xF3,
    0x61, 0x0E, 0xF5, 0xB0, 0x00, 0x1A, 0x17, 0x36, 0xD9, 0x78, 0x9C, 0x9D, 0x8E, 0xB9, 0x11, 0x00,
    0x20, 0x0C, 0xC3, 0xBC, 0x41, 0xF6, 0xDF, 0x32, 0x1B, 0x88, 0x3C, 0x5C, 0xA0, 0xA0, 0xC2, 0x8D,
    0xEE, 0x54, 0xD8, 0x06, 0x90, 0x04, 0x45, 0x4C, 0x1E, 0x4C, 0xE3, 0x8D, 0x50, 0x05, 0xDF, 0xE0,
    0x13, 0x76, 0x95, 0x65, 0x75, 0x0E, 0xD9, 0xCC, 0xF6, 0x89, 0x77, 0x38, 0x0F, 0xC7, 0x2D, 0x1D,
    0x6E, 0x46, 0x51, 0x78, 0x9C, 0x8D, 0xCC, 0xC1, 0x0D, 0x00, 0x30, 0x08, 0x02, 0x40, 0x36, 0x70,
    0xFF, 0x2D, 0xD9, 0x80, 0x0A, 0x8D, 0x8F, 0x26, 0x3E, 0xCA, 0xE7, 0xA2, 0x51, 0x80, 0x8E, 0x80,
    0x1F, 0x24, 0x23, 0xA7, 0x29, 0xCF, 0xCC, 0x1E, 0xAC, 0xA0, 0x17, 0x6C, 0xCB, 0x8B, 0xFF, 0x68,
    0xD2, 0x32, 0x9D, 0x69, 0xC4, 0x1E, 0xF6, 0x45, 0x0D, 0x07, 0xE7, 0x53, 0x39, 0xE5, 0x78, 0x9C,
    0x63, 0x60, 0x80, 0x82, 0x0F, 0xFC, 0x20, 0xF2, 0x3F, 0x3F, 0x9C, 0xF9, 0x81, 0x01, 0x0E, 0xFE,
    0x03, 0x01, 0x8C, 0x64, 0x40, 0x15, 0xFE, 0xCF, 0x0F, 0x25, 0x21, 0xDA, 0x19, 0xF0, 0x92, 0xFC,
    0x70, 0x5D, 0x30, 0x12, 0xBF, 0x7A, 0x74, 0x5D, 0x50, 0xBB, 0x00, 0x7F, 0xBA, 0x38, 0x32, 0x78,
    0x9C, 0x63, 0x60, 0x80, 0x82, 0x0F, 0xFC, 0x20, 0xE2, 0x3F, 0x9C, 0x89, 0x0C, 0xFE, 0x03, 0x01,
    0x8C, 0xC4, 0x02, 0xFE, 0xFF, 0xE7, 0x07, 0x69, 0x05, 0xAB, 0xE1, 0x07, 0x22, 0x90, 0xFE, 0x0F,
    0x10, 0x12, 0x2E, 0x85, 0x04, 0xC0, 0xA6, 0x43, 0x48, 0x88, 0x4D, 0x10, 0x5B, 0x41, 0x42, 0x40,
    0xFE, 0x07, 0x88, 0x0A, 0x10, 0x01, 0x00, 0x6B, 0x7E, 0x34, 0xF9, 0x78, 0x9C, 0x63, 0x60, 0xF8,
    0xCF, 0xCF, 0x00, 0x04, 0xC8, 0x24, 0x02, 0xFC, 0x07, 0x01, 0x7E, 0x28, 0x09, 0x51, 0xC1, 0x40,
    0x04, 0x09, 0x52, 0x0E, 0x23, 0x89, 0xD7, 0x85, 0x44, 0x02, 0x00, 0xC3, 0xD6, 0x25, 0x63, 0x78,
    0x9C, 0x63, 0x60, 0xF8, 0xC0, 0xCF, 0xC0, 0xC0, 0xF0, 0xFF, 0x3F, 0x90, 0x00, 0xB3, 0xC0, 0xE0,
    0xFF, 0x7F, 0x7E, 0x86, 0x0F, 0x20, 0xE2, 0x3F, 0x58, 0x12, 0x41, 0x30, 0x40, 0x89, 0xFF, 0x40,
    0x00, 0x21, 0xD0, 0x24, 0x48, 0x27, 0x00, 0xB7, 0x58, 0x23, 0x29, 0x78, 0x9C, 0x7D, 0x8E, 0xDB,
    0x0D, 0x00, 0x20, 0x08, 0x03, 0xBB, 0x81, 0xFB, 0x6F, 0xC9, 0x06, 0x27, 0x52, 0x34, 0x31, 0x26,
    0xF2, 0xC1, 0x95, 0x37, 0x52, 0x00, 0x43, 0x3A, 0x7C, 0xAC, 0xD3, 0xB8, 0x1E, 0xE9, 0x82, 0x0C,
    0xDD, 0xBB, 0x64, 0xB1, 0x47, 0xF9, 0x30, 0x17, 0x5C, 0x4C, 0xF5, 0x30, 0x36, 0x31, 0x5D, 0xC0,
    0x87, 0x2A, 0xB9, 0xFE, 0xA0, 0x1F, 0x92, 0x26, 0x5F, 0xA7, 0x3A, 0x30, 0x78, 0x9C, 0x75, 0x8C,
    0xC1, 0x0D, 0x00, 0x30, 0x08, 0x02, 0xDD, 0x80, 0xFD, 0xB7, 0x64, 0x03, 0x6A, 0xC5, 0x34, 0x36,
    0x69, 0x79, 0x48, 0x14, 0xBC, 0x50, 0x2A, 0x22, 0xDA, 0x9E, 0xE2, 0x0E, 0x51, 0x15, 0x81, 0xCA,
    0x3D, 0x6F, 0xC8, 0x1F, 0x7C, 0xCC, 0x95, 0x66, 0xD2, 0xE4, 0x9D, 0x0D, 0xD3, 0x24, 0x1B, 0xED,
    0x4C, 0xD0, 0x6D, 0x85, 0x38, 0x4D, 0xD6, 0x5C, 0x0A, 0xB1, 0x49, 0xE4, 0x78, 0x9C, 0xFB, 0xCF,
    0x00, 0x02, 0xFF, 0xFF, 0x93, 0x4C, 0xA1, 0x02, 0x7E, 0xA0, 0xD8, 0x07, 0x32, 0x4C, 0x41, 0xA1,
    0x18, 0xB0, 0x83, 0x0F, 0xFF, 0x31, 0x28, 0x00, 0xD8, 0x31, 0x38, 0x9B, 0x78, 0x9C, 0xFB, 0xCF,
    0x00, 0x02, 0xFF, 0x09, 0x90, 0x1F, 0xFE, 0xF3, 0x33, 0xFC, 0xFF, 0xF0, 0xFF, 0xFF, 0x7F, 0x86,
    0xFF, 0x20, 0x16, 0x3F, 0x90, 0x60, 0xF8, 0x00, 0x23, 0x19, 0xC8, 0x27, 0x19, 0xB0, 0x80, 0xFF,
    0xFC, 0xA8, 0x24, 0x00, 0x80, 0xF4, 0x2C, 0x2F, 0x78, 0x9C, 0xFB, 0xCF, 0x00, 0x02, 0xFF, 0xFF,
    0x13, 0x4F, 0xF1, 0x03, 0xC9, 0x0F, 0xFF, 0xD1, 0x00, 0xC9, 0xA6, 0x60, 0xA3, 0x18, 0x50, 0x01,
    0x88, 0x0F, 0xB4, 0xEC, 0x03, 0x3F, 0x08, 0x81, 0xAD, 0x84, 0x58, 0x0D, 0x24, 0x01, 0x21, 0xF6,
    0x3B, 0xD4, 0x78, 0x9C, 0xFB, 0xCF, 0x00, 0x02, 0xFF, 0x09, 0x90, 0x1F, 0xFE, 0xF3, 0x33, 0xFC,
    0xFF, 0xF0, 0xFF, 0xFF, 0x7F, 0x86, 0xFF, 0x20, 0x16, 0x3F, 0x90, 0x60, 0xF8, 0x00, 0x23, 0x19,
    0xC8, 0x27, 0x19, 0x90, 0x01, 0xD8, 0x34, 0x90, 0x95, 0x40, 0x04, 0xB6, 0x0B, 0xC8, 0x02, 0x12,
    0x00, 0xC1, 0xC2, 0x31, 0xFC, 0x78, 0x9C, 0x6D, 0xCD, 0x01, 0x0A, 0x00, 0x20, 0x08, 0x43, 0x51,
    0x6F, 0xB0, 0xFB, 0xDF, 0xD2, 0x1B, 0xD8, 0xFA, 0x16, 0x18, 0xB4, 0x88, 0x47, 0xD2, 0xB0, 0xC2,
    0x29, 0x9F, 0x88, 0x6C, 0x4A, 0x1B, 0x3F, 0x40, 0xC0, 0x9C, 0xD9, 0xFE, 0xAB, 0x81, 0x03, 0x6A,
    0x98, 0xFA, 0xE6, 0xE1, 0x76, 0x35, 0x39, 0x8B, 0xE2, 0x42, 0x97, 0xCA, 0x37, 0xAC, 0x7D, 0x59,
    0x35, 0x98, 0x36, 0xE8, 0x78, 0x9C, 0x85, 0x8C, 0xC1, 0x09, 0x00, 0x20, 0x0C, 0x03, 0xDD, 0x20,
    0xFB, 0x6F, 0xD9, 0x0D, 0x4E, 0x93, 0x82, 0x22, 0x3E, 0x0C, 0xE5, 0x08, 0xF4, 0x5A, 0x86, 0xC3,
    0x97, 0x68, 0xB1, 0x70, 0x47, 0xA1, 0xA7, 0x64, 0xD2, 0xB4, 0x45, 0x3A, 0xE5, 0xED, 0x96, 0xE3,
    0x97, 0xDA, 0x38, 0xDF, 0x72, 0xFD, 0x06, 0xDD, 0x9C, 0xEC, 0x5C, 0x2C, 0x4D, 0x78, 0x9C, 0x6D,
    0xCE, 0xC1, 0x0D, 0x00, 0x20, 0x08, 0x03, 0x40, 0x36, 0xE8, 0xFE, 0x5B, 0xB2, 0x41, 0x2D, 0x54,
    0x89, 0x26, 0xF2, 0xE0, 0x6C, 0x42, 0x40, 0x86, 0x8A, 0x08, 0x8A, 0x54, 0x6B, 0x61, 0x69, 0xB3,
    0xDF, 0x8E, 0xB2, 0x63, 0x09, 0x4B, 0x67, 0x1E, 0xE1, 0xB9, 0x3D, 0xA0, 0x90, 0xB3, 0x0B, 0xEF,
    0xFE, 0x73, 0x2F, 0x46, 0xFF, 0xA3, 0x06, 0x6C, 0xF7, 0x7F, 0xA5, 0x0E, 0xE2, 0x72, 0xD7, 0x02,
    0x6E, 0xC0, 0x3A, 0xF3, 0x78, 0x9C, 0x8D, 0x8D, 0x51, 0x0A, 0x00, 0x20, 0x0C, 0x42, 0xBB, 0x81,
    0xF7, 0xBF, 0xA5, 0x37, 0xB0, 0xA6, 0xD1, 0x82, 0x7E, 0x92, 0xC1, 0x03, 0x79, 0x38, 0x0D, 0x47,
    0x7F, 0x20, 0x0C, 0xF9, 0x18, 0x08, 0x05, 0xA6, 0x5F, 0x42, 0x41, 0xC6, 0x8A, 0x81, 0x20, 0x26,
    0xEC, 0xF4, 0x4A, 0x35, 0xD7, 0x34, 0xF7, 0xB7, 0x27, 0x67, 0x4D, 0x6D, 0x4C, 0x54, 0xFC, 0x32,
    0xFB, 0x78, 0x9C, 0xFB, 0xCF, 0x00, 0x02, 0xFF, 0x69, 0x4D, 0xF2, 0x83, 0x49, 0x10, 0xE0, 0x87,
    0x90, 0x0C, 0x58, 0x00, 0x54, 0x15, 0x9C, 0x04, 0x00, 0x2F, 0x55, 0x1F, 0x3C, 0x78, 0x9C, 0xFB,
    0xCF, 0xF0, 0x9F, 0x30, 0xE4, 0xFF, 0xCF, 0xFF, 0x81, 0x9F, 0x01, 0x0C, 0x40, 0xEC, 0xFF, 0xFC,
    0x00, 0xD5, 0xD6, 0x18, 0x34, 0x78, 0x9C, 0x63, 0x60, 0x00, 0x83, 0xFF, 0x40, 0x80, 0xA0, 0xD0,
    0xC0, 0x07, 0xFE, 0x01, 0xA5, 0x40, 0x8E, 0xE2, 0x87, 0x51, 0x38, 0xC0, 0x87, 0xFF, 0xE8, 0x14,
    0x00, 0x0E, 0x24, 0x29, 0xAA, 0x78, 0x9C, 0xFB, 0xFF, 0x1F, 0x02, 0x18, 0x90, 0xC1, 0x07, 0x7E,
    0x2A, 0xE2, 0xFF, 0x10, 0x8C, 0xC3, 0x7C, 0x00, 0xA2, 0xA7, 0x21, 0xC1, 0x78, 0x9C, 0xFB, 0xCF,
    0x00, 0x02, 0xFF, 0x69, 0x4D, 0xF2, 0x83, 0x49, 0x10, 0xE0, 0x87, 0x90, 0x0C, 0x98, 0x00, 0x24,
    0x0E, 0x23, 0xC1, 0x00, 0x00, 0x73, 0x7A, 0x24, 0x0A, 0x78, 0x9C, 0x63, 0xF8, 0xCF, 0xC0, 0xC0,
    0x40, 0x15, 0xCC, 0x0F, 0xC4, 0x40, 0xC6, 0x07, 0x10, 0x07, 0x01, 0xFE, 0x43, 0x01, 0x00, 0x7A,
    0x9D, 0x1E, 0xE2, 0x78, 0x9C, 0x6D, 0xCD, 0x81, 0x09, 0x00, 0x20, 0x08, 0x44, 0x51, 0x37, 0x70,
    0xFF, 0x2D, 0x6F, 0x83, 0x5F, 0x96, 0x92, 0x42, 0x07, 0xF1, 0x50, 0xAE, 0x32, 0x6B, 0xF1, 0x8B,
    0x52, 0xE6, 0x38, 0xC2, 0x59, 0x0A, 0x4E, 0x89, 0x8F, 0x1E, 0x37, 0x41, 0xA9, 0x95, 0xC4, 0xC3,
    0x4D, 0x95, 0xBE, 0xAB, 0x4D, 0x2B, 0x89, 0x06, 0xEF, 0xA8, 0xF4, 0xE9, 0xFD, 0x38, 0x5D, 0xC0,
    0x1D, 0x49, 0xC6, 0x78, 0x9C, 0xAD, 0x8D, 0xC1, 0x09, 0x00, 0x30, 0x0C, 0x02, 0xDD, 0xC0, 0xFD,
    0xB7, 0x74, 0x03, 0x6B, 0x53, 0x02, 0x2D, 0x7D, 0xF4, 0x53, 0x41, 0x38, 0x8E, 0x60, 0x80, 0x33,
    0x6C, 0x90, 0x9B, 0xCC, 0x4B, 0x89, 0x78, 0xC6, 0xB9, 0x67, 0xD5, 0xB2, 0x8D, 0x55, 0x86, 0x63,
    0x38, 0x47, 0x23, 0xB2, 0x54, 0xC4, 0x22, 0xEC, 0x34, 0x7F, 0xC8, 0xBF, 0x69, 0x00, 0x39, 0x53,
    0x46, 0x7E, 0x78, 0x9C, 0x6D, 0xCD, 0xC1, 0x0D, 0x00, 0x20, 0x08, 0x03, 0xC0, 0x6E, 0xC0, 0xFE,
    0x5B, 0x76, 0x83, 0x8A, 0x10, 0x14, 0x0D, 0xFD, 0x5C, 0xA0, 0x24, 0x00, 0x90, 0x21, 0xF2, 0xFB,
    0x24, 0x97, 0x94, 0x14, 0xD3, 0xA0, 0x1F, 0xD0, 0x24, 0x36, 0xE5, 0x05, 0x4A, 0x1D, 0xBD, 0x72,
    0x59, 0x5A, 0xB9, 0x2F, 0xAE, 0xF1, 0x72, 0x92, 0x48, 0xD1, 0x5D, 0xD7, 0x23, 0x49, 0x12, 0x78,
    0x9C, 0xB5, 0xCC, 0xB1, 0x11, 0x00, 0x20, 0x08, 0x43, 0xD1, 0xBF, 0x41, 0xF6, 0xDF, 0x92, 0x0D,
    0x62, 0x44, 0x0B, 0x0B, 0x2D, 0xCD, 0x5D, 0xB8, 0x07, 0x05, 0x00, 0x25, 0x76, 0x6E, 0x7A, 0xC7,
    0x94, 0xD5, 0x75, 0xD9, 0x66, 0x55, 0x71, 0x2E, 0xCA, 0xC8, 0x36, 0x3F, 0xB5, 0xD4, 0xE2, 0x54,
    0x7D, 0xD1, 0x00, 0x71, 0x5B, 0x3B, 0x11, 0x78, 0x9C, 0x75, 0xCB, 0xC1, 0x0D, 0xC0, 0x30, 0x0C,
    0x42, 0x51, 0x36, 0xF0, 0xFE, 0x5B, 0xB2, 0xC1, 0x2F, 0x8D, 0x5B, 0xC9, 0x8D, 0x1A, 0x24, 0xF4,
    0x0E, 0x36, 0xA0, 0xC4, 0xB0, 0x64, 0x58, 0x5F, 0x1D, 0x5D, 0x39, 0x33, 0x54, 0xCB, 0x6D, 0x1E,
    0x5E, 0xAB, 0xF5, 0x52, 0xEC, 0x3E, 0xF5, 0x66, 0x66, 0xAD, 0x86, 0x3A, 0xC7, 0xFC, 0x78, 0x01,
    0x6A, 0xC7, 0x4E, 0x85, 0x78, 0x9C, 0xB5, 0xC8, 0xC1, 0x0D, 0x00, 0x20, 0x0C, 0x42, 0x51, 0x36,
    0x60, 0xFF, 0x2D, 0xD9, 0xE0, 0x4B, 0xEC, 0xC5, 0x8B, 0xF1, 0x64, 0x13, 0xC8, 0xA3, 0x28, 0x78,
    0x87, 0x00, 0x9A, 0xB8, 0xEE, 0xC7, 0xAD, 0x2E, 0x29, 0x23, 0x6F, 0xE9, 0x54, 0xBE, 0x48, 0xCF,
    0xC3, 0x37, 0x2D, 0x7F, 0x60, 0x3B, 0x3E, 0x78, 0x9C, 0x5D, 0xCD, 0xB1, 0x0D, 0x00, 0x30, 0x0C,
    0xC3, 0x30, 0x7F, 0x90, 0xFF, 0xBF, 0xCC, 0x07, 0x6A, 0x8A, 0x2E, 0x4A, 0xBD, 0x10, 0xD0, 0xE2,
    0x24, 0x54, 0xEE, 0x36, 0xDA, 0x2B, 0xC0, 0xA6, 0x4C, 0x58, 0x74, 0x99, 0x5B, 0xC5, 0x54, 0x31,
    0xD5, 0x34, 0xE6, 0x7B, 0x6D, 0x0E, 0x41, 0x4D, 0x3F, 0xEE, 0x78, 0x9C, 0x63, 0x60, 0xF8, 0xF0,
    0x9F, 0x01, 0x08, 0x90, 0x49, 0x74, 0xF0, 0x1F, 0x28, 0xCE, 0xCF, 0xF0, 0xFF, 0xC3, 0xFF, 0xFF,
    0xFF, 0x19, 0xFE, 0x83, 0x58, 0xFC, 0x40, 0x82, 0xE1, 0x03, 0x8C, 0x64, 0x20, 0x9F, 0x04, 0x00,
    0xAE, 0x8A, 0x28, 0xD8, 0x78, 0x9C, 0x6D, 0xCE, 0xB1, 0x0D, 0x00, 0x30, 0x0C, 0x02, 0xB0, 0x7C,
    0xC0, 0xFF, 0x5F, 0xF2, 0x01, 0xA5, 0x99, 0xA0, 0x2A, 0x43, 0x2C, 0xB1, 0x10, 0x61, 0x1C, 0x49,
    0x0D, 0x92, 0x51, 0x41, 0x24, 0xB7, 0x0D, 0xDC, 0x06, 0x6E, 0x13, 0x2A, 0x79, 0x56, 0xB9, 0xF7,
    0x97, 0x7D, 0xA3, 0x38, 0x52, 0x86, 0x3F, 0xEE, 0x78, 0x9C, 0xFB, 0xCF, 0xF0, 0xE1, 0x3F, 0x3F,
    0xC3, 0xFF, 0x0F, 0xFF, 0xFF, 0xFF, 0x67, 0xF8, 0x0F, 0x62, 0xF1, 0x03, 0x09, 0x86, 0x0F, 0x30,
    0x92, 0x81, 0x7C, 0x92, 0x01, 0x0B, 0xF8, 0xCF, 0x8F, 0x4A, 0x02, 0x00, 0x12, 0x15, 0x26, 0x35,
    0x78, 0x9C, 0x65, 0xCE, 0xC1, 0x0D, 0x00, 0x30, 0x08, 0x42, 0x51, 0x37, 0x70, 0xFF, 0x2D, 0xD9,
    0x80, 0xD2, 0xCA, 0x01, 0xD3, 0x7F, 0xF0, 0x25, 0x9C, 0x64, 0x97, 0x22, 0x0D, 0x4D, 0x27, 0xC5,
    0x05, 0x3A, 0xB9, 0x6B, 0xA0, 0x35, 0xD0, 0x9A, 0x80, 0x49, 0x6D, 0xF0, 0xEE, 0x1F, 0xE6, 0x0F,
    0x33, 0x1D, 0x03, 0xD5, 0x43, 0xCC, 0x78, 0x9C, 0xFB, 0xCF, 0xF0, 0xE1, 0x3F, 0x3F, 0xC3, 0xFF,
    0x0F, 0xFF, 0xFF, 0xFF, 0x67, 0xF8, 0x0F, 0x62, 0xF1, 0x03, 0x09, 0x86, 0x0F, 0x30, 0x92, 0x81,
    0x7C, 0x92, 0x01, 0x13, 0xFC, 0x07, 0xD9, 0x02, 0x25, 0xC1, 0x00, 0x00, 0x56, 0x3A, 0x2B, 0x03,
    0x78, 0x9C, 0xA5, 0x4E, 0x41, 0x0E, 0x00, 0x20, 0x08, 0xF2, 0x07, 0xFE, 0xFF, 0x97, 0xFE, 0x80,
    0x4C, 0xD4, 0x95, 0x1D, 0x63, 0x53, 0xD1, 0x15, 0x20, 0x72, 0xC0, 0x34, 0x09, 0x74, 0x1C, 0x4C,
    0x06, 0xE0, 0xB8, 0xC9, 0x0B, 0x43, 0xEA, 0xEC, 0x37, 0x1A, 0x93, 0x45, 0x7D, 0x6F, 0x86, 0x74,
    0xA1, 0x91, 0xAF, 0xF5, 0xE3, 0x8B, 0xB8, 0x4E, 0x0B, 0xB6, 0x45, 0x9B, 0xC6, 0x89, 0xA1, 0x2B,
    0x58, 0x45, 0x5D, 0xD6, 0x39, 0x43, 0x36, 0x78, 0x9C, 0x6D, 0x4D, 0x41, 0x0A, 0x00, 0x30, 0x08,
    0xF2, 0x07, 0xFD, 0xFF, 0x97, 0xFD, 0xC0, 0x21, 0x5A, 0x30, 0x36, 0x0F, 0x5A, 0x68, 0x06, 0x2C,
    0x68, 0x2E, 0x71, 0x13, 0x0F, 0x9A, 0x94, 0x19, 0xF9, 0xC3, 0x96, 0x22, 0xAE, 0xEA, 0x72, 0x15,
    0x35, 0x49, 0xEC, 0xD7, 0x08, 0xAE, 0xCD, 0x92, 0x64, 0xEE, 0xD2, 0x32, 0x9D, 0xFE, 0x70, 0x00,
    0x44, 0xDC, 0x30, 0x0D, 0x78, 0x9C, 0x63, 0x60, 0xF8, 0xF0, 0x9F, 0x01, 0x04, 0x50, 0x29, 0x64,
    0xF0, 0x1F, 0x08, 0xF8, 0x21, 0x14, 0x90, 0x86, 0x30, 0x19, 0xFE, 0x43, 0xD4, 0x82, 0x55, 0xE3,
    0xA1, 0xA0, 0x4A, 0x40, 0xFA, 0xA0, 0xDA, 0xA1, 0x86, 0xF1, 0x43, 0x8C, 0x66, 0x20, 0x91, 0x02,
    0x00, 0x39, 0x63, 0x32, 0xEC, 0x78, 0x9C, 0x63, 0x60, 0xF8, 0xF0, 0x9F, 0x01, 0x04, 0x50, 0x29,
    0x2C, 0xE0, 0x3F, 0x50, 0x8E, 0x1F, 0x48, 0x7D, 0xF8, 0xFF, 0x1F, 0x48, 0x83, 0x31, 0x18, 0x81,
    0xB4, 0xFC, 0x87, 0x28, 0x20, 0x92, 0x02, 0x69, 0x80, 0xEA, 0x03, 0x72, 0xC1, 0x86, 0xFD, 0x07,
    0xB3, 0xC0, 0xA6, 0x32, 0xFC, 0x87, 0xD9, 0x47, 0x90, 0x02, 0x00, 0xA6, 0x6C, 0x36, 0xCA, 0x78,
    0x9C, 0x7D, 0x8E, 0xD1, 0x0D, 0x00, 0x40, 0x04, 0x43, 0xBB, 0x41, 0xF7, 0xDF, 0xD2, 0x06, 0x8E,
    0x36, 0x12, 0x7E, 0xAE, 0x3F, 0x4F, 0x94, 0x02, 0x24, 0xD1, 0xBA, 0xD8, 0xCA, 0x12, 0x8D, 0xA2,
    0x4B, 0x64, 0x19, 0x61, 0xE0, 0x83, 0x1E, 0xA1, 0x52, 0xB5, 0xEE, 0x14, 0xB9, 0x18, 0x50, 0x88,
    0xD5, 0xF1, 0x1B, 0x5A, 0xE7, 0x3D, 0xC4, 0x07, 0x8D, 0x79, 0x3A, 0x30, 0x78, 0x9C, 0x63, 0xF8,
    0xF0, 0x9F, 0x81, 0x81, 0x01, 0x41, 0xA0, 0x82, 0xFF, 0x20, 0xC1, 0xFF, 0x1F, 0xFE, 0x03, 0x89,
    0xFF, 0xFC, 0x40, 0x2E, 0x48, 0x05, 0x88, 0x01, 0x25, 0x18, 0x48, 0x20, 0x00, 0x69, 0x45, 0x1B,
    0xC7, 0x78, 0x9C, 0x6D, 0x8D, 0xB9, 0x11, 0x00, 0x30, 0x08, 0xC3, 0xB4, 0x01, 0xFB, 0x6F, 0x99,
    0x0D, 0x94, 0x07, 0x77, 0x81, 0x46, 0xDC, 0x21, 0x1B, 0xD5, 0x02, 0x7D, 0xEC, 0x15, 0x81, 0xD5,
    0x60, 0x42, 0x6E, 0xD7, 0x4C, 0x2E, 0x2D, 0x69, 0x38, 0x46, 0x20, 0x6D, 0x06, 0xD5, 0xF1, 0x1A,
    0x3F, 0x14, 0xF3, 0x2C, 0x3F, 0x6C, 0x80, 0x1C, 0x3D, 0xE1, 0x78, 0x9C, 0xFB, 0xC0, 0xFF, 0xE1,
    0x3F, 0xC3, 0x07, 0xFE, 0xFF, 0x40, 0xE2, 0x3F, 0x3F, 0x03, 0x90, 0x60, 0x00, 0x12, 0xFC, 0x64,
    0x11, 0x68, 0x00, 0x64, 0x1C, 0x12, 0x01, 0x00, 0x6E, 0xA9, 0x17, 0xF8, 0x78, 0x9C, 0x6D, 0x8E,
    0xC1, 0x0D, 0x00, 0x30, 0x08, 0x02, 0xD9, 0x80, 0xFD, 0xB7, 0x74, 0x03, 0xAB, 0x81, 0xC4, 0xB4,
    0x95, 0xCF, 0x19, 0x45, 0x14, 0x90, 0xB2, 0x34, 0xB8, 0xD4, 0x3D, 0x0A, 0x45, 0x95, 0x68, 0x57,
    0x08, 0xD8, 0xE0, 0x59, 0x3B, 0xBD, 0xE7, 0x14, 0x27, 0x94, 0xC3, 0x48, 0xC8, 0x69, 0x50, 0xEB,
    0x5C, 0x2F, 0xF0, 0xFD, 0xCD, 0x8A, 0xFC, 0x70, 0x00, 0xDA, 0x39, 0x45, 0xD9, 0x78, 0x9C, 0xFB,
    0xF0, 0xFF, 0xFF, 0x7F, 0xFE, 0x0F, 0x20, 0x82, 0x01, 0x15, 0x7C, 0x00, 0x8A, 0x02, 0x89, 0xFF,
    0x40, 0x02, 0x24, 0x07, 0xE4, 0x80, 0xC4, 0xC8, 0x22, 0xD0, 0x00, 0xD8, 0x2A, 0x04, 0x01, 0x00,
    0x5A, 0x96, 0x1F, 0xF0, 0x78, 0x9C, 0x7D, 0xCD, 0xC1, 0x0D, 0x00, 0x20, 0x08, 0x43, 0xD1, 0xBF,
    0x01, 0xFB, 0x6F, 0xE9, 0x06, 0x35, 0x50, 0x30, 0x1E, 0x8C, 0x5C, 0x1E, 0x21, 0x40, 0x25, 0x29,
    0x40, 0x2A, 0xDD, 0x22, 0x60, 0x19, 0x3E, 0xE4, 0x4A, 0x1E, 0x84, 0xCF, 0xFD, 0x25, 0x07, 0xD0,
    0xAC, 0x46, 0x05, 0x43, 0xDC, 0x09, 0x27, 0x28, 0x78, 0x96, 0x5F, 0x0F, 0xAE, 0x0D, 0x3B, 0xE8,
    0x3F, 0xFD, 0x78, 0x9C, 0x63, 0xF8, 0xC0, 0xFF, 0xE1, 0x3F, 0x3F, 0xC3, 0x07, 0xFE, 0xFF, 0xFF,
    0x19, 0x18, 0x40, 0x2C, 0x10, 0xC9, 0x00, 0x22, 0xF9, 0x29, 0x25, 0x31, 0xC0, 0xFF, 0xFF, 0x20,
    0x4B, 0x20, 0x24, 0x04, 0x00, 0x00, 0xF2, 0xA2, 0x1C, 0xD5, 0x78, 0x9C, 0x75, 0x8D, 0xC1, 0x0D,
    0x00, 0x20, 0x08, 0x03, 0xD9, 0xA0, 0xFB, 0x6F, 0xC9, 0x06, 0x15, 0xEF, 0x83, 0x18, 0xE5, 0xC1,
    0x35, 0xA1, 0x17, 0x22, 0xD2, 0xB1, 0x67, 0x62, 0x8E, 0x6D, 0x4E, 0xD0, 0xAA, 0x24, 0x7A, 0xF9,
    0x91, 0xAB, 0xD2, 0xDA, 0x8B, 0x3A, 0x6B, 0x79, 0x81, 0x60, 0x99, 0x47, 0x58, 0x78, 0xEC, 0x05,
    0xD1, 0x63, 0x37, 0x8D, 0x78, 0x9C, 0x63, 0x60, 0xF8, 0xCF, 0xCF, 0x00, 0x04, 0xC8, 0x24, 0x06,
    0xF8, 0xF0, 0xFF, 0x3F, 0x48, 0x12, 0x08, 0x80, 0x4C, 0x20, 0x03, 0x4C, 0x32, 0xA0, 0x90, 0x40,
    0x59, 0x7E, 0x14, 0x8A, 0x01, 0xDD, 0xD4, 0xFF, 0xFC, 0x1F, 0xF8, 0x81, 0x8A, 0xF9, 0x3F, 0x80,
    0xCD, 0x81, 0x98, 0x09, 0x00, 0xEA, 0xF5, 0x26, 0xE9, 0x78, 0x9C, 0x75, 0x8E, 0xC1, 0x09, 0x00,
    0x30, 0x08, 0x03, 0xB3, 0x41, 0xF6, 0xDF, 0xD2, 0x0D, 0xAE, 0x6D, 0xA0, 0x50, 0xC4, 0xFA, 0xB9,
    0x20, 0x39, 0x54, 0x02, 0x24, 0x15, 0x21, 0xDE, 0xC9, 0x95, 0x8D, 0x02, 0x35, 0x9C, 0x4A, 0x00,
    0x1F, 0xFA, 0xAD, 0x55, 0x43, 0x02, 0x26, 0x87, 0x62, 0xC5, 0xBB, 0xF6, 0x34, 0xC3, 0x1B, 0x0B,
    0x7D, 0xB9, 0x37, 0x8D, 0x78, 0x9C, 0x65, 0x8C, 0xC1, 0x0D, 0x00, 0x30, 0x08, 0x02, 0x6F, 0x03,
    0xF6, 0xDF, 0x92, 0x0D, 0x2C, 0xA9, 0x3E, 0x6A, 0xCA, 0xE3, 0x34, 0x02, 0xE2, 0x2A, 0xA0, 0x22,
    0x9C, 0xAD, 0xC9, 0x62, 0x5C, 0xAD, 0xD1, 0x47, 0xBD, 0xB4, 0x12, 0x96, 0xEF, 0x1F, 0x3C, 0x91,
    0x4F, 0xBB, 0x03, 0x07, 0x9C, 0x31, 0x26, 0xE9, 0x78, 0x9C, 0x63, 0x60, 0xF8, 0xF0, 0x9F, 0x01,
    0x04, 0x50, 0x29, 0x64, 0xF0, 0x1F, 0x05, 0x80, 0x04, 0xF8, 0x21, 0xE2, 0x0C, 0xF4, 0xA7, 0x00,
    0x80, 0xE3, 0x25, 0xBD, 0x78, 0x9C, 0x63, 0xF8, 0xCF, 0xCF, 0xC0, 0xC0, 0x80, 0x20, 0xD0, 0xC0,
    0x7F, 0x4C, 0xE2, 0x3F, 0x10, 0x40, 0x08, 0xA8, 0x36, 0x1C, 0xEA, 0x90, 0x09, 0x54, 0x3B, 0x3E,
    0xFC, 0x87, 0x98, 0xC3, 0x00, 0x00, 0xD6, 0x28, 0x1F, 0x3C, 0x78, 0x9C, 0xFB, 0xFF, 0x1F, 0x19,
    0x30, 0x30, 0x30, 0xFC, 0xE7, 0x67, 0x00, 0x81, 0xFF, 0x0C, 0x03, 0x42, 0x61, 0x03, 0x1F, 0xFE,
    0x63, 0x50, 0x00, 0x40, 0xEC, 0x25, 0xBD, 0x78, 0x9C, 0x63, 0xF8, 0xCF, 0x00, 0x04, 0xA8, 0xC4,
    0x7F, 0x20, 0x80, 0x10, 0x0C, 0xFF, 0xF9, 0x31, 0x64, 0xB1, 0x13, 0xFC, 0x28, 0xC4, 0x87, 0xFF,
    0x10, 0x73, 0x18, 0x30, 0x00, 0x8A, 0x42, 0x00, 0xC1, 0x0E, 0x1F, 0x3C, 0x78, 0x9C, 0xFB, 0xFF,
    0x1F, 0x19, 0x30, 0x30, 0x30, 0xFC, 0xE7, 0x67, 0x00, 0x81, 0xFF, 0x0C, 0x03, 0x42, 0x61, 0x01,
    0x1F, 0x80, 0xEE, 0xE2, 0x87, 0x53, 0x10, 0x00, 0x00, 0x75, 0x5D, 0x27, 0xE8, 0x78, 0x9C, 0x63,
    0xF8, 0xCF, 0x00, 0x04, 0xA8, 0xC4, 0x7F, 0x20, 0x80, 0x10, 0x0C, 0xFF, 0xF9, 0x31, 0x64, 0xB1,
    0x13, 0xFC, 0x28, 0xC4, 0x87, 0xFF, 0x10, 0x73, 0x18, 0xD0, 0x01, 0xDC, 0x68, 0x00, 0x43, 0x69,
    0x24, 0x0A, 0x78, 0x9C, 0x7D, 0xCF, 0xED, 0x09, 0x00, 0x20, 0x08, 0x04, 0x50, 0x37, 0xB8, 0xFD,
    0xB7, 0xBC, 0x0D, 0x2E, 0xD2, 0xA4, 0xA4, 0xD2, 0x1F, 0xF2, 0xC0, 0x2F, 0x34, 0xAB, 0xA1, 0xD3,
    0xD8, 0xE6, 0xAF, 0xF0, 0x08, 0x22, 0x7B, 0x54, 0xAD, 0x65, 0x56, 0xCF, 0xA3, 0x84, 0x62, 0xF0,
    0x6B, 0x14, 0xFB, 0x66, 0x9F, 0x4F, 0x5B, 0xE7, 0xD8, 0xE6, 0x96, 0x3B, 0xFE, 0x59, 0xC6, 0xE5,
    0xE8, 0x6C, 0x4D, 0x65, 0x1A, 0xD8, 0x14, 0x56, 0xAA, 0x78, 0x9C, 0x8D, 0xCE, 0x81, 0x09, 0x00,
    0x20, 0x08, 0x04, 0x40, 0x37, 0x70, 0xFF, 0x2D, 0xDD, 0xE0, 0xF3, 0x1F, 0xCA, 0xA8, 0x84, 0xA4,
    0xE8, 0x92, 0x4C, 0xCD, 0xF6, 0x08, 0x2F, 0xA2, 0xD2, 0x68, 0xD2, 0xF6, 0x15, 0xFC, 0x54, 0x65,
    0xD0, 0x71, 0x90, 0x9B, 0x2B, 0x7B, 0xF0, 0x21, 0x19, 0x37, 0x5D, 0xE4, 0x1C, 0xE1, 0x84, 0x7A,
    0x37, 0xC4, 0x62, 0x16, 0xF1, 0xAE, 0xE9, 0x81, 0x17, 0x63, 0x72, 0x00, 0x5A, 0xC0, 0x46, 0x51,
    0x78, 0x9C, 0x7D, 0xCF, 0x51, 0x0A, 0x00, 0x20, 0x08, 0x03, 0x50, 0x6F, 0xE0, 0xFD, 0x6F, 0xE9,
    0x0D, 0x96, 0x6C, 0x45, 0x58, 0x96, 0x1F, 0xF1, 0xA8, 0x39, 0xC8, 0xEC, 0x9C, 0xF0, 0x6D, 0x6C,
    0x07, 0xDA, 0xEB, 0x6E, 0xD8, 0xC0, 0x0C, 0xAA, 0x31, 0x1D, 0xD5, 0xF9, 0x94, 0x39, 0x68, 0xF1,
    0x69, 0x2F, 0x66, 0x33, 0xF7, 0x97, 0xED, 0x67, 0xB5, 0xD1, 0xA0, 0xF5, 0x9D, 0x69, 0xBF, 0xAC,
    0xE4, 0xD7, 0x81, 0x75, 0x0C, 0xD1, 0xFC, 0x56, 0xAA, 0x78, 0x9C, 0x7D, 0xCE, 0x01, 0x0A, 0x00,
    0x20, 0x08, 0x03, 0x40, 0x7F, 0xE0, 0xFF, 0x7F, 0xB9, 0x1F, 0xAC, 0x36, 0xC8, 0xA0, 0x2C, 0x29,
    0xBC, 0x44, 0xC9, 0x88, 0x23, 0x58, 0xC2, 0x26, 0xB3, 0x29, 0xA2, 0x8A, 0xFF, 0x50, 0x9F, 0xC7,
    0xE8, 0x74, 0x50, 0x57, 0x67, 0x7E, 0xA1, 0x46, 0x11, 0x37, 0xD3, 0xD4, 0x1A, 0x48, 0xC1, 0x6B,
    0x3E, 0xC8, 0xE2, 0x1C, 0xD2, 0xDB, 0x7B, 0x92, 0x1D, 0xB1, 0x38, 0x00, 0x53, 0xD6, 0x46, 0x51,
    0x78, 0x9C, 0x6D, 0xCE, 0x81, 0x09, 0x00, 0x21, 0x0C, 0x03, 0xC0, 0x6C, 0xD0, 0xFD, 0xB7, 0xEC,
    0x06, 0x79, 0x93, 0xD2, 0x27, 0xA0, 0x22, 0xE1, 0xC4, 0x2A, 0x01, 0xD0, 0xA5, 0xED, 0xF5, 0xE6,
    0x63, 0xF9, 0x8A, 0x27, 0x9A, 0x49, 0x2E, 0x4B, 0xEC, 0x21, 0x4C, 0xFE, 0x2C, 0x7A, 0x28, 0xA9,
    0x93, 0x88, 0xA4, 0xC7, 0xF7, 0x4D, 0xB2, 0xF6, 0xFF, 0x72, 0xC9, 0xDE, 0x1A, 0x43, 0xB8, 0x11,
    0x2F, 0xBA, 0x1B, 0x83, 0xD8, 0x74, 0xED, 0x49, 0xC5, 0x07, 0x2B, 0xEB, 0x58, 0x99, 0x78, 0x9C,
    0x7D, 0xCD, 0xC1, 0x0D, 0x00, 0x21, 0x08, 0x44, 0xD1, 0xE9, 0x60, 0xFA, 0xEF, 0xD2, 0x0E, 0x46,
    0x3F, 0xE0, 0xC1, 0x64, 0xB3, 0x44, 0xC3, 0x23, 0x02, 0x4A, 0x4A, 0x1D, 0xE2, 0x4B, 0x3F, 0xB1,
    0x7C, 0x2E, 0x6D, 0x41, 0x09, 0x15, 0x75, 0xC9, 0x2D, 0xD3, 0x95, 0x6E, 0x69, 0x99, 0x84, 0x96,
    0xE7, 0xC9, 0x57, 0x93, 0x5B, 0xCC, 0x94, 0x66, 0xFA, 0x2C, 0xA7, 0x44, 0xF3, 0x57, 0xC9, 0xAF,
    0xA4, 0x0D, 0x82, 0xFC, 0x43, 0x90, 0x78, 0x9C, 0x9D, 0x4D, 0xC9, 0x0D, 0x00, 0x20, 0x0C, 0x62,
    0x03, 0xF6, 0xDF, 0x92, 0x0D, 0x30, 0x2D, 0x35, 0x51, 0x9F, 0x92, 0x34, 0x50, 0x7A, 0x00, 0xC0,
    0x44, 0xE3, 0xE5, 0x0B, 0x6A, 0xD3, 0x90, 0xAB, 0x71, 0xC9, 0x98, 0x9E, 0x6A, 0x7D, 0xCC, 0x6A,
    0x37, 0x37, 0x0C, 0x8B, 0x79, 0x2C, 0x7B, 0x72, 0x36, 0xF3, 0x8C, 0xF8, 0xE4, 0x05, 0x99, 0x89,
    0x26, 0x17, 0x78, 0x9C, 0x6D, 0x8D, 0xC7, 0x0D, 0x00, 0x30, 0x08, 0xC4, 0xBC, 0x01, 0xFB, 0x6F,
    0xC9, 0x06, 0x17, 0x51, 0x1E, 0x20, 0x72, 0x0F, 0x4C, 0xB1, 0x04, 0x20, 0x23, 0xB2, 0x71, 0xE3,
    0x8A, 0x62, 0x0D, 0x54, 0x6E, 0xE8, 0xCA, 0xC5, 0x84, 0xB2, 0x63, 0xC3, 0x4D, 0x1C, 0xFC, 0xBF,
    0xD7, 0xA9, 0xE1, 0x53, 0xD4, 0x1C, 0x1E, 0xE1, 0x37, 0x29, 0x32, 0x78, 0x9C, 0xFB, 0xF0, 0x1F,
    0x04, 0xF8, 0x3F, 0x40, 0x28, 0x06, 0x20, 0xF8, 0xF0, 0x9F, 0x01, 0x89, 0x82, 0x88, 0x31, 0xA0,
    0x48, 0x61, 0x13, 0xFB, 0xC0, 0x8F, 0x22, 0x85, 0xCD, 0x08, 0x06, 0x2C, 0xCA, 0x21, 0xD6, 0xFE,
    0x47, 0xD8, 0x8E, 0x05, 0xA0, 0x3A, 0x08, 0x4C, 0x01, 0x00, 0xB9, 0x16, 0x33, 0xBE, 0x78, 0x9C,
    0xFB, 0xF0, 0x1F, 0x08, 0xF8, 0x3F, 0x80, 0x49, 0x06, 0x06, 0x86, 0x0F, 0xFF, 0x81, 0x04, 0xC3,
    0x7F, 0x08, 0x89, 0x24, 0xC0, 0x8F, 0x26, 0xF0, 0x01, 0x87, 0x00, 0xD8, 0x9C, 0xFF, 0x30, 0xD3,
    0x30, 0x00, 0x92, 0x39, 0x60, 0x12, 0x00, 0xC4, 0x36, 0x27, 0x25, 0x78, 0x9C, 0xFB, 0xF0, 0x1F,
    0x04, 0xF8, 0x3F, 0x40, 0x28, 0x06, 0x10, 0xF8, 0x0F, 0x26, 0x3F, 0x40, 0x29, 0xA8, 0x18, 0x3F,
    0x2E, 0x31, 0x06, 0x3C, 0x62, 0xA8, 0x52, 0xD8, 0xC4, 0x20, 0xD6, 0xFE, 0x47, 0xB2, 0x1D, 0x03,
    0x7C, 0x80, 0x48, 0x7D, 0x40, 0x56, 0x01, 0x00, 0xD0, 0xC3, 0x33, 0xDC, 0x78, 0x9C, 0xFB, 0xF0,
    0x1F, 0x08, 0xF8, 0x3F, 0x80, 0x49, 0x06, 0x20, 0xF8, 0x0F, 0x22, 0x3E, 0x80, 0x49, 0xEC, 0x02,
    0x1F, 0xF0, 0x0A, 0x80, 0xCD, 0xF9, 0x0F, 0x37, 0x0D, 0x0D, 0x80, 0xC4, 0x61, 0x24, 0x18, 0x00,
    0x00, 0x01, 0xCB, 0x2C, 0xC5, 0x78, 0x9C, 0xFB, 0xCF, 0x00, 0x02, 0xFF, 0x09, 0x90, 0x1F, 0xFE,
    0xF3, 0x33, 0xFC, 0xFF, 0xF0, 0xFF, 0xFF, 0x7F, 0x86, 0xFF, 0x20, 0x16, 0x3F, 0x90, 0x60, 0xF8,
    0x00, 0x23, 0x19, 0xC8, 0x27, 0x19, 0x30, 0xC1, 0x7F, 0x90, 0x2D, 0x50, 0x12, 0x0C, 0x00, 0xC5,
    0x19, 0x30, 0xFD, 0x78, 0x9C, 0xFB, 0xCF, 0xC0, 0xF0, 0x1F, 0x08, 0x61, 0x04, 0x3A, 0xF8, 0xC0,
    0x8F, 0x41, 0x7C, 0xF8, 0xFF, 0xFF, 0x3F, 0x3F, 0x98, 0x60, 0xF8, 0x8F, 0x29, 0x4B, 0x88, 0xF8,
    0x0F, 0x26, 0x40, 0x1A, 0x81, 0x04, 0x00, 0x2A, 0x4B, 0x22, 0xED, 0x78, 0x9C, 0x75, 0x8E, 0xC1,
    0x0D, 0x00, 0x20, 0x0C, 0x02, 0xBB, 0x81, 0xFB, 0x6F, 0xD9, 0x0D, 0x90, 0x03, 0xBF, 0x1A, 0x11,
    0x90, 0x62, 0x9C, 0x91, 0x34, 0x5E, 0xAB, 0x0A, 0x1D, 0x4B, 0xC0, 0xDD, 0xC1, 0x92, 0x95, 0x55,
    0x4F, 0x16, 0x36, 0x52, 0x29, 0xA8, 0x55, 0x33, 0x37, 0xAF, 0x07, 0x7B, 0xBA, 0xBC, 0x1F, 0x26,
    0x5F, 0x36, 0x3E, 0x1F, 0xC9, 0x7B, 0x3E, 0x2E, 0x55, 0xED, 0x3A, 0xE4, 0x78, 0x9C, 0x75, 0x8F,
    0xDB, 0x0D, 0x00, 0x20, 0x08, 0x03, 0xD9, 0x80, 0xFD, 0xB7, 0x64, 0x83, 0x0A, 0x14, 0x49, 0x44,
    0xED, 0x07, 0x39, 0xC2, 0xAB, 0x88, 0x88, 0x41, 0xA8, 0x06, 0x40, 0x0B, 0x6C, 0x80, 0xA1, 0x9A,
    0x3C, 0x7F, 0x40, 0x36, 0x21, 0x79, 0x02, 0x72, 0x3A, 0x74, 0x80, 0xB2, 0xCC, 0xD1, 0x08, 0xA8,
    0x5D, 0x0D, 0x3C, 0xE8, 0xB1, 0x2C, 0x6C, 0x93, 0x3F, 0xDD, 0xEF, 0x10, 0x16, 0xE0, 0x84, 0x3A,
    0x4E, 0x78, 0x9C, 0x6D, 0x8C, 0xC1, 0x0D, 0x00, 0x30, 0x08, 0x02, 0xD9, 0x80, 0xFD, 0xB7, 0x64,
    0x03, 0x0A, 0x7D, 0x55, 0x53, 0x63, 0xCE, 0x04, 0x10, 0xC8, 0x06, 0x82, 0x1C, 0xDD, 0xED, 0x98,
    0x93, 0x71, 0x19, 0xD0, 0x6C, 0x40, 0xAC, 0xF6, 0xB2, 0x4E, 0x7E, 0xD9, 0x1E, 0x35, 0x19, 0x1D,
    0x9F, 0xD9, 0xBD, 0x07, 0x20, 0x8D, 0x2C, 0x4D, 0x78, 0x9C, 0x5D, 0x8E, 0xC1, 0x0D, 0x00, 0x31,
    0x08, 0xC3, 0xB2, 0x41, 0xF7, 0xDF, 0x32, 0x1B, 0xF8, 0x7A, 0x4D, 0x41, 0x2A, 0x79, 0x59, 0x08,
    0x43, 0x24, 0x79, 0x29, 0x31, 0x4D, 0x13, 0x8C, 0x46, 0x7A, 0xD2, 0x40, 0xE9, 0x78, 0xC0, 0x5E,
    0xA1, 0xCE, 0x0D, 0xD8, 0x4E, 0x34, 0xEA, 0xD9, 0x03, 0x1C, 0xFB, 0xCF, 0x03, 0x2B, 0x66, 0xD4,
    0x03, 0x55, 0x96, 0xFB, 0xCF, 0x0D, 0xA9, 0x80, 0x3E, 0xCE, 0x8D, 0x3B, 0x89, 0x78, 0x9C, 0x4D,
    0x8C, 0xC1, 0x0D, 0x00, 0x30, 0x08, 0x02, 0xD9, 0x80, 0xFD, 0xB7, 0x64, 0x03, 0x0A, 0x9A, 0xB4,
    0xF5, 0x71, 0x26, 0x70, 0x0A, 0x98, 0xC8, 0xD8, 0x98, 0xC5, 0x4B, 0x4D, 0xA2, 0x09, 0xBE, 0x51,
    0xCD, 0x20, 0xAB, 0xC6, 0x9E, 0xAD, 0xF5, 0x98, 0x96, 0x01, 0xC5, 0x3A, 0x62, 0x1F, 0xFE, 0x74,
    0xA9, 0xF4, 0x11, 0x55, 0x33, 0xF9, 0x01, 0xB3, 0xDB, 0x30, 0x0D, 0x78, 0x9C, 0x5D, 0x8E, 0x89,
    0x0D, 0x00, 0x20, 0x08, 0x03, 0xD9, 0x80, 0xFD, 0xB7, 0xEC, 0x06, 0x15, 0x69, 0x89, 0x4F, 0x13,
    0x73, 0x39, 0xA2, 0xC5, 0x88, 0x3B, 0x14, 0x90, 0x2D, 0x84, 0x44, 0x5A, 0x92, 0xEF, 0x65, 0x2B,
    0xF9, 0x10, 0x39, 0xF4, 0x3B, 0x93, 0xC3, 0x00, 0xBD, 0x6B, 0x13, 0xC3, 0x54, 0x23, 0xE6, 0xB0,
    0xB2, 0x67, 0x1D, 0x7F, 0xED, 0xD0, 0x1D, 0x5F, 0x77, 0xED, 0x16, 0xB9, 0x00, 0x2B, 0x3F, 0x39,
    0xD6, 0x78, 0x9C, 0x6D, 0x8E, 0xC1, 0x0D, 0x00, 0x20, 0x08, 0x03, 0xD9, 0x80, 0xFD, 0xB7, 0x64,
    0x83, 0xB3, 0xAD, 0x0F, 0x63, 0x94, 0x44, 0x4E, 0x9A, 0x52, 0xAD, 0x3A, 0x35, 0x1D, 0xE0, 0x2B,
    0x19, 0xA0, 0xA3, 0x4F, 0xB4, 0xFA, 0xD4, 0xB0, 0xED, 0x98, 0xB2, 0xC5, 0xE9, 0xCD, 0x7E, 0x40,
    0xD2, 0xD4, 0x04, 0xDB, 0xF4, 0x82, 0x85, 0x1B, 0x04, 0x93, 0x43, 0x3E, 0xA1, 0x60, 0x61, 0x01,
    0x5E, 0x96, 0x33, 0xFA, 0x78, 0x9C, 0x5D, 0x8E, 0x81, 0x0D, 0x00, 0x21, 0x08, 0x03, 0xBB, 0x01,
    0xFB, 0x6F, 0xC9, 0x06, 0x7D, 0x94, 0xE3, 0x35, 0x36, 0x21, 0x27, 0x0D, 0x14, 0x25, 0x64, 0x98,
    0xC1, 0x23, 0x6C, 0x8C, 0xB6, 0xB2, 0x2C, 0xDD, 0x32, 0x2D, 0x73, 0xFA, 0xE7, 0x9F, 0x3D, 0xE8,
    0xA1, 0xD2, 0x1C, 0x5C, 0xCC, 0x61, 0x74, 0x62, 0x4E, 0xB9, 0xB4, 0xBC, 0x2D, 0xFE, 0x77, 0x48,
    0xC6, 0x93, 0x5D, 0xB7, 0x9B, 0xFE, 0x00, 0x8F, 0xF9, 0x38, 0xF5, 0x78, 0x9C, 0x55, 0x8C, 0x89,
    0x0D, 0x00, 0x20, 0x08, 0x03, 0xDD, 0xC0, 0xFD, 0xB7, 0xEC, 0x06, 0x67, 0x0B, 0xC6, 0x20, 0x21,
    0xC7, 0x53, 0xE8, 0x5A, 0x09, 0x8A, 0xDA, 0x77, 0xC0, 0x8D, 0x04, 0x6F, 0x68, 0x61, 0x06, 0x59,
    0x43, 0x4A, 0x67, 0xFE, 0xF9, 0x69, 0x07, 0x02, 0xB5, 0x09, 0xA5, 0x0C, 0xAA, 0xE8, 0x9B, 0xD8,
    0xE4, 0xD2, 0x46, 0x07, 0x22, 0x35, 0x37, 0x8D, 0x78, 0x9C, 0x5D, 0x8F, 0xDB, 0x0D, 0x00, 0x20,
    0x08, 0x03, 0xD9, 0xA0, 0xFB, 0x6F, 0xC9, 0x06, 0xA7, 0x98, 0x82, 0xD1, 0xFE, 0x70, 0x84, 0xF2,
    0x8A, 0xD8, 0x4A, 0xC2, 0x4A, 0x9D, 0x80, 0x01, 0x84, 0x0D, 0xD7, 0x12, 0xAF, 0xA6, 0x39, 0xD1,
    0x07, 0xE4, 0x80, 0x4D, 0x3D, 0x67, 0x17, 0x2E, 0xE8, 0x01, 0xFA, 0x0A, 0x7A, 0x76, 0x43, 0x52,
    0x1A, 0x90, 0x8D, 0x05, 0xA7, 0xB5, 0xB2, 0x3E, 0x77, 0xC0, 0x9B, 0x99, 0xD7, 0xB4, 0x00, 0x73,
    0x56, 0x41, 0x74, 0x78, 0x9C, 0x5D, 0x8C, 0x81, 0x09, 0x00, 0x31, 0x0C, 0x02, 0xDD, 0xC0, 0xFD,
    0xB7, 0x74, 0x03, 0x9B, 0x0B, 0x14, 0xFE, 0x2B, 0xE1, 0x08, 0x9A, 0x28, 0x49, 0xB1, 0x50, 0x2F,
    0x53, 0xD8, 0xB2, 0x9A, 0x30, 0x7A, 0x95, 0x0D, 0xCB, 0x4D, 0x76, 0xF6, 0xD5, 0x7F, 0x4E, 0xEA,
    0x81, 0xEB, 0x6C, 0x15, 0xDE, 0x97, 0x24, 0xF3, 0x6B, 0x7A, 0xC2, 0xE5, 0xF8, 0x07, 0xCE, 0xF1,
    0x34, 0xF9, 0x78, 0x9C, 0x55, 0x8F, 0x01, 0x0A, 0x00, 0x30, 0x08, 0x02, 0xFD, 0x81, 0xFF, 0xFF,
    0x65, 0x3F, 0x70, 0x5B, 0xB3, 0x28, 0x61, 0x71, 0x43, 0x13, 0x02, 0x5A, 0x21, 0x44, 0x82, 0x44,
    0xC3, 0xC5, 0x04, 0x22, 0x88, 0x2D, 0x3B, 0xD7, 0xB0, 0x15, 0xF0, 0xFA, 0x6A, 0xDC, 0xE1, 0x01,
    0xB5, 0xD5, 0xD0, 0x3D, 0xC4, 0x0F, 0xA9, 0x01, 0x03, 0xE8, 0xDE, 0x4C, 0xBF, 0xF1, 0x41, 0x4F,
    0x13, 0x32, 0x28, 0xBF, 0xFC, 0xC9, 0xED, 0xD1, 0xC0, 0x3A, 0xBB, 0xE0, 0x00, 0x5E, 0x37, 0x44,
    0x53, 0x78, 0x9C, 0x5D, 0x8C, 0x89, 0x09, 0x00, 0x41, 0x0C, 0x02, 0xED, 0x20, 0xFD, 0x77, 0x69,
    0x07, 0x73, 0xBA, 0x0F, 0x0B, 0x27, 0x44, 0x88, 0x89, 0x23, 0x23, 0x4B, 0x06, 0xE2, 0x62, 0x74,
    0x95, 0x43, 0x44, 0x13, 0xCF, 0x5E, 0xFE, 0xF2, 0x2A, 0xD1, 0xAE, 0x39, 0x85, 0x83, 0x78, 0x4E,
    0x11, 0x19, 0x16, 0xC4, 0xB3, 0x81, 0xCF, 0x7B, 0x49, 0x77, 0xCA, 0x71, 0x3F, 0x93, 0x7F, 0x40,
    0x74, 0x38, 0xD7, 0x78, 0x9C, 0x75, 0x8F, 0x51, 0x0E, 0x00, 0x30, 0x04, 0x43, 0xDD, 0xC0, 0xFD,
    0x6F, 0xB9, 0x1B, 0x74, 0xA6, 0x42, 0x58, 0xF4, 0x83, 0x97, 0xD0, 0x6E, 0x44, 0x4A, 0x80, 0x06,
    0x1C, 0x82, 0x35, 0xC8, 0xA2, 0x83, 0x09, 0x9F, 0xBD, 0x72, 0x10, 0x4B, 0x19, 0xD8, 0xC0, 0x97,
    0xE0, 0x3C, 0x01, 0xEE, 0x7E, 0x6A, 0xA0, 0x1C, 0xD3, 0xFA, 0x0A, 0x22, 0x2B, 0x81, 0x0F, 0x5A,
    0x8D, 0x2F, 0xAC, 0x77, 0xAC, 0xE7, 0x10, 0x2E, 0x29, 0xD4, 0x40, 0x57, 0x78, 0x9C, 0x6D, 0x8C,
    0xC1, 0x0D, 0x00, 0x20, 0x08, 0x03, 0xD9, 0xA0, 0xFB, 0x6F, 0xD9, 0x0D, 0x6A, 0x0B, 0x0F, 0x83,
    0xB1, 0xC1, 0x33, 0x22, 0x5C, 0xD5, 0x44, 0x32, 0x28, 0xC1, 0x04, 0xFD, 0x98, 0x4A, 0xB3, 0x56,
    0x98, 0x49, 0xC3, 0x17, 0xBB, 0x7A, 0x1B, 0x9B, 0x8A, 0xC8, 0x47, 0xAD, 0x22, 0x46, 0x7B, 0x99,
    0x1F, 0xEF, 0x22, 0x1E, 0x66, 0xD2, 0xFD, 0xFA, 0xE4, 0xF5, 0x1E, 0xB3, 0x06, 0x37, 0x24, 0x78,
    0x9C, 0x5D, 0x8E, 0x81, 0x0D, 0x00, 0x21, 0x08, 0x03, 0xD9, 0x80, 0xFD, 0xB7, 0xEC, 0x06, 0xF7,
    0x86, 0x5A, 0xF3, 0xDA, 0x44, 0x2F, 0x11, 0x38, 0xAC, 0xAA, 0x52, 0x39, 0x6A, 0x93, 0xB9, 0x5B,
    0x3D, 0x85, 0xDE, 0x0F, 0x6C, 0x0A, 0xDC, 0x07, 0x75, 0x85, 0x8C, 0x73, 0x51, 0x1D, 0xDA, 0x1F,
    0x12, 0x2E, 0xE3, 0xCF, 0xAF, 0xB0, 0x6D, 0x54, 0x0E, 0xCC, 0x62, 0x26, 0xCF, 0x9F, 0x8E, 0xE3,
    0x71, 0xAF, 0xDD, 0x26, 0x1F, 0x37, 0xF3, 0x3E, 0xE0, 0x78, 0x9C, 0x55, 0x4D, 0x81, 0x0D, 0x00,
    0x20, 0x08, 0xF2, 0x03, 0xFE, 0xFF, 0x92, 0x0F, 0x08, 0xB4, 0xB5, 0x34, 0x43, 0x8D, 0xC0, 0xAA,
    0x1B, 0x6C, 0xD4, 0x43, 0xD0, 0x27, 0x9D, 0x09, 0x4D, 0x23, 0x57, 0x0F, 0xAA, 0x1D, 0xD4, 0x90,
    0x2E, 0xEC, 0x6C, 0x0B, 0x6C, 0x54, 0xC4, 0xBE, 0x42, 0x3E, 0x10, 0x79, 0xFB, 0x31, 0x8C, 0xB5,
    0x88, 0x4F, 0xF6, 0xDA, 0x08, 0x07, 0xDE, 0x47, 0x37, 0x15, 0x78, 0x9C, 0x5D, 0x8E, 0x81, 0x09,
    0x00, 0x20, 0x0C, 0xC3, 0xF6, 0xC1, 0xFE, 0xFF, 0xB2, 0x1F, 0x44, 0xD9, 0x56, 0x51, 0x0B, 0x12,
    0x29, 0x92, 0x1A, 0xE1, 0x28, 0xE7, 0x42, 0x23, 0x95, 0x2A, 0x4E, 0xC3, 0x50, 0xD0, 0x2F, 0x21,
    0x9E, 0x4C, 0x7D, 0xFA, 0xA1, 0xD2, 0xEC, 0x05, 0x13, 0x73, 0x1B, 0x2F, 0xBF, 0xCC, 0x6C, 0xA3,
    0x7C, 0xA0, 0x86, 0xA9, 0x7C, 0x7F, 0x3A, 0x8E, 0xCF, 0xBD, 0xB7, 0x9B, 0x2C, 0x65, 0x21, 0x3D,
    0xF0, 0x78, 0x9C, 0x55, 0x4D, 0xD1, 0x15, 0x00, 0x40, 0x04, 0x6A, 0x83, 0xF6, 0xDF, 0xB2, 0x0D,
    0xBA, 0xE2, 0xC7, 0x79, 0xC4, 0x2B, 0x02, 0x6C, 0xF8, 0xA0, 0x18, 0x20, 0x98, 0x1E, 0x42, 0xA1,
    0x77, 0xB0, 0x2B, 0xD8, 0xF8, 0x43, 0x5E, 0x31, 0x4D, 0x93, 0xE3, 0xC4, 0x1F, 0xDD, 0xE3, 0x94,
    0xD9, 0x05, 0xB1, 0xDC, 0xC5, 0x2A, 0xB9, 0x65, 0x7D, 0xFA, 0x37, 0x46, 0x7C, 0x6F, 0xF2, 0x36,
    0x34, 0x78, 0x9C, 0x3D, 0x8F, 0xC1, 0x11, 0x00, 0x21, 0x0C, 0x02, 0xE9, 0x20, 0xFD, 0x77, 0x49,
    0x07, 0xDC, 0xC5, 0x00, 0x79, 0x38, 0xAB, 0xC6, 0x0D, 0x02, 0xA0, 0xE0, 0xD2, 0x18, 0x78, 0x40,
    0x08, 0x73, 0xE0, 0xA3, 0x7F, 0x75, 0xB7, 0x64, 0x60, 0x5F, 0xA5, 0x2A, 0xEC, 0x55, 0x41, 0x2C,
    0xC4, 0x63, 0x61, 0xCD, 0x0B, 0x99, 0x75, 0xDD, 0x2A, 0xC4, 0x1D, 0xA0, 0x74, 0x39, 0x0E, 0xC6,
    0x31, 0x17, 0x9E, 0x63, 0x77, 0x4A, 0xA4, 0x80, 0x27, 0x2B, 0xBF, 0xD4, 0x7C, 0x67, 0x08, 0x44,
    0x80, 0x78, 0x9C, 0x5D, 0x8E, 0xC1, 0x0D, 0xC0, 0x40, 0x08, 0xC3, 0xB2, 0x41, 0xF6, 0xDF, 0x92,
    0x0D, 0xDC, 0x00, 0xF7, 0x40, 0xE5, 0x61, 0x40, 0x91, 0x0C, 0xD2, 0x56, 0x79, 0x88, 0xCF, 0x12,
    0x5A, 0xA4, 0x31, 0x0B, 0x3B, 0x40, 0xA8, 0xC1, 0xAD, 0xE2, 0x85, 0x84, 0xD2, 0xC6, 0x7F, 0x5D,
    0xD2, 0x48, 0x70, 0xB9, 0xC6, 0xD9, 0xF9, 0x25, 0xCD, 0x3C, 0xD1, 0x9E, 0xBE, 0x18, 0x97, 0x3F,
    0x31, 0x08, 0x39, 0x04, 0x78, 0x9C, 0x65, 0xCF, 0x8B, 0x09, 0x00, 0x21, 0x0C, 0x03, 0xD0, 0x6C,
    0x90, 0xFD, 0xB7, 0xEC, 0x06, 0x39, 0xCD, 0xC5, 0xE2, 0xA7, 0xA8, 0x3C, 0xB1, 0x0D, 0x08, 0x74,
    0x95, 0x50, 0x86, 0xC4, 0x60, 0xD0, 0x20, 0x8A, 0x38, 0x4A, 0x5E, 0x9E, 0xD2, 0xF5, 0x74, 0x24,
    0xA6, 0xFB, 0x45, 0x02, 0xAB, 0xC1, 0x46, 0x92, 0xD5, 0xC0, 0x06, 0x26, 0xD7, 0xDD, 0xF3, 0xF8,
    0xA1, 0x59, 0x3B, 0xDC, 0xA8, 0x6C, 0xDF, 0x94, 0xF4, 0x6A, 0x70, 0x7D, 0x7B, 0xE1, 0x03, 0xBC,
    0x9D, 0x43, 0x72, 0x78, 0x9C, 0x4D, 0x8D, 0x81, 0x0D, 0x00, 0x21, 0x0C, 0x02, 0xD9, 0xA0, 0xFB,
    0x6F, 0xC9, 0x06, 0x3C, 0xA7, 0xC6, 0x97, 0x54, 0x1A, 0x81, 0xB6, 0x72, 0x64, 0xC9, 0x99, 0x94,
    0x95, 0x72, 0x85, 0xD1, 0x81, 0xF9, 0xD6, 0xCD, 0x55, 0x5E, 0x38, 0xDB, 0x6C, 0xF3, 0x2A, 0xB0,
    0xA3, 0x3F, 0x87, 0xE1, 0xBE, 0x0C, 0x01, 0x0F, 0xDA, 0xCB, 0x38, 0xDC, 0x67, 0x8F, 0x49, 0x56,
    0xFF, 0x00, 0x48, 0xA8, 0x38, 0xD7, 0x78, 0x9C, 0x75, 0x8F, 0x81, 0x0D, 0xC0, 0x30, 0x08, 0xC3,
    0xF8, 0x80, 0xFF, 0xBF, 0xE4, 0x03, 0x6F, 0x25, 0x8C, 0xAD, 0x54, 0x8B, 0x10, 0xB2, 0x44, 0x0A,
    0xA9, 0x59, 0x2B, 0xB2, 0x16, 0xB8, 0x21, 0x00, 0x81, 0x81, 0xDB, 0xAE, 0x60, 0x42, 0x7B, 0x88,
    0x01, 0x41, 0x99, 0xDE, 0xCD, 0x5F, 0x48, 0x13, 0xC9, 0x13, 0xA8, 0x14, 0xEC, 0xE0, 0x1A, 0xEB,
    0xE9, 0x6A, 0xD4, 0xAE, 0x06, 0x1D, 0xBC, 0x7B, 0x45, 0x78, 0x42, 0xFE, 0xE9, 0xFC, 0x8E, 0xE0,
    0x02, 0xE9, 0x11, 0x44, 0x26, 0x78, 0x9C, 0x6D, 0x8D, 0xD1, 0x0D, 0xC0, 0x40, 0x08, 0x42, 0xD9,
    0x80, 0xFD, 0xB7, 0x74, 0x83, 0x57, 0xF0, 0x7E, 0x7A, 0x4D, 0x89, 0x82, 0x46, 0x45, 0x69, 0x61,
    0x69, 0x2C, 0xC2, 0x12, 0xA7, 0x20, 0x9A, 0x06, 0xDD, 0x18, 0xCE, 0x30, 0x32, 0x1B, 0xC5, 0xAE,
    0xBE, 0x98, 0x1E, 0x27, 0x71, 0x17, 0xC6, 0xF8, 0xE6, 0x4E, 0x72, 0xEB, 0xFA, 0xF4, 0x2F, 0xFD,
    0xFE, 0x83, 0xAF, 0xEF, 0x03, 0x11, 0x7B, 0x36, 0x52, 0x78, 0x9C, 0xFB, 0xFF, 0x1F, 0x08, 0xF8,
    0xFF, 0x43, 0x48, 0x7E, 0x06, 0x20, 0xF8, 0xCF, 0x80, 0x97, 0x04, 0x29, 0x84, 0x91, 0xC4, 0xA8,
    0x87, 0x90, 0xFC, 0x30, 0xBD, 0x30, 0xBB, 0x18, 0xB0, 0x80, 0x0F, 0xFF, 0x51, 0x49, 0x00, 0x89,
    0x4E, 0x30, 0x2B, 0x78, 0x9C, 0x65, 0x8A, 0xC9, 0x0D, 0x00, 0x30, 0x08, 0xC3, 0xBC, 0x01, 0xFB,
    0x6F, 0xC9, 0x06, 0x29, 0x97, 0x68, 0xA5, 0xE6, 0x61, 0x91, 0x60, 0x90, 0x0C, 0x5C, 0x12, 0xC4,
    0x25, 0xF3, 0xAC, 0xCD, 0x7D, 0x3D, 0x89, 0xA5, 0x44, 0xD2, 0x2A, 0x8A, 0x99, 0xA2, 0x7B, 0x1B,
    0xA3, 0x7D, 0x69, 0xF7, 0xF2, 0x00, 0xAD, 0x4B, 0x2E, 0xE1, 0x78, 0x9C, 0x63, 0x60, 0xF8, 0xCF,
    0xCF, 0x00, 0x04, 0xFF, 0xFF, 0x33, 0x80, 0x29, 0x04, 0xF9, 0x01, 0x2C, 0x0E, 0x91, 0x03, 0x02,
    0x7E, 0x28, 0xC9, 0x8F, 0xA6, 0x0C, 0x1B, 0xC9, 0x0F, 0xD3, 0xC5, 0x0F, 0x23, 0xF1, 0xAB, 0x47,
    0xD3, 0x05, 0xB3, 0x0B, 0x00, 0x95, 0xBD, 0x30, 0x67, 0x78, 0x9C, 0x4D, 0x4D, 0xD1, 0x15, 0x00,
    0x40, 0x04, 0x6A, 0x03, 0xFB, 0x6F, 0xD9, 0x06, 0x9D, 0xF0, 0x9C, 0x3E, 0x42, 0x12, 0x40, 0x81,
    0x84, 0x84, 0x2A, 0xB1, 0xCC, 0x52, 0x58, 0xC2, 0x85, 0xBC, 0xA5, 0x7C, 0x90, 0x9D, 0xC2, 0x0E,
    0x36, 0xEF, 0xEA, 0xE0, 0x07, 0x4E, 0x16, 0xF7, 0x53, 0xCE, 0x6C, 0x87, 0xE9, 0x01, 0x7F, 0x00,
    0x31, 0x2A, 0x78, 0x9C, 0x7D, 0x8D, 0xC1, 0x0D, 0x00, 0x30, 0x08, 0x02, 0xD9, 0xE0, 0xF6, 0xDF,
    0x92, 0x0D, 0x68, 0x6B, 0xF4, 0xD3, 0x87, 0x3C, 0x8E, 0x04, 0x21, 0x4A, 0xA5, 0x20, 0xE3, 0x04,
    0x53, 0x2E, 0xDF, 0x2C, 0xEA, 0xE3, 0x13, 0x4D, 0x2A, 0xD1, 0x4A, 0x66, 0xC5, 0x70, 0xEF, 0x7F,
    0xAB, 0xF9, 0x75, 0x00, 0x2F, 0x02, 0x37, 0x42, 0x78, 0x9C, 0x75, 0x8D, 0xB1, 0x11, 0x00, 0x30,
    0x08, 0x02, 0x7F, 0x03, 0xF6, 0xDF, 0xD2, 0x0D, 0x88, 0x44, 0x2F, 0x5D, 0x28, 0x7C, 0x0A, 0x40,
    0x18, 0xD9, 0xA0, 0x40, 0x25, 0x4A, 0xD5, 0x86, 0x38, 0xF3, 0x53, 0x12, 0x74, 0x20, 0x4D, 0xDA,
    0x4F, 0x21, 0x8D, 0x00, 0xE3, 0xC5, 0xD5, 0x83, 0xA6, 0x3C, 0xA8, 0xC5, 0x7E, 0x79, 0x13, 0xB3,
    0x7D, 0xEF, 0x01, 0x63, 0x98, 0x34, 0x27, 0x78, 0x9C, 0x63, 0x60, 0x40, 0x80, 0xFF, 0x60, 0xF2,
    0x03, 0x3F, 0x88, 0xF9, 0xFF, 0x03, 0x98, 0x09, 0xE6, 0x00, 0x99, 0xFC, 0x08, 0x45, 0x20, 0xC0,
    0x0F, 0xA7, 0xF8, 0x91, 0x74, 0xE2, 0xA7, 0xF8, 0xE1, 0xDA, 0xF9, 0x11, 0x14, 0x11, 0xFA, 0x30,
    0xB4, 0x23, 0x6C, 0x07, 0x00, 0x09, 0x58, 0x32, 0x47, 0x78, 0x9C, 0x6D, 0x8D, 0xC1, 0x0D, 0x00,
    0x30, 0x08, 0x02, 0xDD, 0xC0, 0xFD, 0xB7, 0x74, 0x03, 0x5A, 0x4E, 0xD3, 0xF6, 0x51, 0x62, 0x44,
    0x09, 0x4A, 0xC4, 0x45, 0x25, 0x24, 0x8F, 0x62, 0x91, 0x12, 0xBD, 0xD0, 0xE2, 0x87, 0xB1, 0x48,
    0xB6, 0xEC, 0x79, 0x97, 0x4F, 0x6B, 0x48, 0x16, 0x20, 0x70, 0x68, 0xA2, 0xF2, 0x0D, 0x26, 0xA5,
    0xD5, 0xBE, 0xED, 0xDF, 0xF4, 0x05, 0xE9, 0x92, 0x33, 0xEB, 0x78, 0x9C, 0x63, 0x60, 0x00, 0x83,
    0x0F, 0xFC, 0x10, 0xFA, 0x3F, 0x94, 0xFB, 0xE1, 0x3F, 0x3F, 0x84, 0x0B, 0x16, 0xE0, 0x67, 0xF8,
    0xC0, 0x00, 0x03, 0x1F, 0xFE, 0x83, 0x00, 0x82, 0x42, 0xD6, 0x8E, 0x97, 0xFA, 0x8F, 0xD0, 0x8E,
    0xA0, 0x88, 0xD0, 0x87, 0xA9, 0x1D, 0x6E, 0x3B, 0x00, 0x40, 0x79, 0x3A, 0x30, 0x78, 0x9C, 0x55,
    0x4E, 0x01, 0x0E, 0x00, 0x40, 0x04, 0xF2, 0x03, 0xFF, 0xFF, 0x65, 0x3F, 0xE8, 0x26, 0x9A, 0xD3,
    0x6C, 0x2D, 0x24, 0x11, 0x02, 0x53, 0x84, 0x1C, 0xD9, 0x0D, 0x80, 0xFC, 0xE4, 0x0C, 0x2F, 0xBC,
    0xC2, 0x5A, 0x01, 0xAB, 0x82, 0xF2, 0x34, 0x25, 0x4C, 0x85, 0xA5, 0x31, 0x3B, 0xEF, 0x7C, 0x61,
    0x2F, 0x75, 0x5B, 0x09, 0x0F, 0x37, 0x62, 0x36, 0xAC, 0x78, 0x9C, 0x7D, 0x8D, 0xB1, 0x0D, 0x00,
    0x30, 0x08, 0xC3, 0xFC, 0x41, 0xFE, 0xFF, 0x92, 0x0F, 0x52, 0x10, 0xB4, 0x43, 0x07, 0x32, 0x18,
    0x29, 0x8A, 0x05, 0x80, 0x45, 0xC5, 0x10, 0x2A, 0xDA, 0x79, 0x43, 0xD1, 0x75, 0xB3, 0xDA, 0x8C,
    0x86, 0x1A, 0x61, 0xA3, 0x9E, 0x75, 0xB9, 0xEF, 0x7F, 0x6B, 0x7E, 0x1D, 0xC4, 0x56, 0x35, 0x53,
    0x78, 0x9C, 0x6D, 0x8E, 0x51, 0x0A, 0x00, 0x30, 0x08, 0x42, 0xBD, 0x81, 0xF7, 0xBF, 0xA5, 0x37,
    0x70, 0x65, 0xA3, 0x8F, 0x31, 0x09, 0x24, 0xA9, 0x57, 0x00, 0x60, 0x22, 0xBA, 0xAE, 0x32, 0x19,
    0xEE, 0xC4, 0x9D, 0x89, 0xEA, 0x46, 0xF8, 0x29, 0x13, 0x35, 0x6F, 0x0F, 0xA1, 0x2A, 0x00, 0x2E,
    0xE7, 0x5A, 0xB4, 0xC6, 0xF7, 0x62, 0x20, 0xFB, 0xC7, 0xEC, 0x0E, 0x3B, 0xE8, 0x03, 0x28, 0xF7,
    0x36, 0xF7, 0x78, 0x9C, 0x7D, 0x8D, 0xB1, 0x0D, 0x00, 0x30, 0x08, 0xC3, 0xFC, 0x41, 0xFE, 0xFF,
    0x92, 0x0F, 0x52, 0xA0, 0xA2, 0x43, 0x07, 0x32, 0x78, 0x88, 0x1C, 0x05, 0x3A, 0x21, 0x02, 0x6C,
    0x19, 0x14, 0x2E, 0x62, 0x31, 0xA9, 0x22, 0x9D, 0xB4, 0x4A, 0xD3, 0x6B, 0x5D, 0x8B, 0xCB, 0x2E,
    0xCD, 0x4A, 0xCD, 0x4A, 0xC3, 0xDD, 0xFF, 0x56, 0xF3, 0x75, 0x00, 0xAE, 0x8A, 0x38, 0x6E, 0x78,
    0x9C, 0x65, 0x4D, 0xC9, 0x0D, 0x00, 0x30, 0x08, 0x62, 0x03, 0xF7, 0xDF, 0x92, 0x0D, 0x28, 0x4A,
    0x9B, 0x36, 0x29, 0x0F, 0x22, 0x87, 0x0A, 0x0A, 0x04, 0x28, 0xC9, 0x0C, 0x15, 0x0E, 0x1C, 0x18,
    0x6A, 0x87, 0x15, 0xF1, 0x21, 0xE9, 0xEC, 0x7A, 0x52, 0x31, 0xE5, 0x98, 0x3B, 0x7A, 0x30, 0xC7,
    0xC3, 0xAC, 0xFB, 0xA3, 0x2D, 0x6B, 0xA6, 0xD1, 0xB4, 0x00, 0xB7, 0xC0, 0x38, 0xC8, 0x78, 0x9C,
    0x63, 0x60, 0x80, 0x80, 0xFF, 0xFF, 0x81, 0xC4, 0x07, 0xFE, 0x0F, 0xFC, 0x40, 0x26, 0x18, 0x21,
    0x81, 0xFF, 0x20, 0xC0, 0x0F, 0x25, 0xF9, 0xC1, 0x22, 0x0C, 0x78, 0x49, 0x90, 0x42, 0x18, 0x49,
    0x8C, 0x7A, 0x08, 0xC9, 0x8F, 0x6E, 0x17, 0x03, 0x16, 0xF0, 0xE1, 0x3F, 0x2A, 0x09, 0x00, 0xAF,
    0x66, 0x36, 0x25, 0x78, 0x9C, 0x65, 0x8D, 0x0B, 0x0A, 0x00, 0x30, 0x08, 0x42, 0xBB, 0x81, 0xF7,
    0xBF, 0xA5, 0x37, 0x70, 0x95, 0x41, 0x1B, 0x93, 0x90, 0x3E, 0x4F, 0x8A, 0xB0, 0xA8, 0x72, 0x09,
    0xD9, 0x22, 0x72, 0x70, 0xD5, 0x25, 0x5E, 0x99, 0x91, 0x0A, 0x48, 0x12, 0xEC, 0x08, 0xBD, 0x9C,
    0xD3, 0x25, 0x74, 0xA6, 0x9D, 0xD8, 0x4F, 0xB5, 0xCA, 0x99, 0x26, 0x06, 0xFB, 0x64, 0x76, 0xFD,
    0x00, 0x0F, 0xAA, 0x37, 0xC9, 0x78, 0x9C, 0xFB, 0xCF, 0xCF, 0xF0, 0xFF, 0x3F, 0x10, 0x83, 0xD0,
    0x87, 0xFF, 0x0C, 0x40, 0xF0, 0x81, 0x9F, 0x7C, 0x04, 0x00, 0x6E, 0xEA, 0x1B, 0x13, 0x78, 0x9C,
    0x63, 0x60, 0x60, 0xF8, 0xCF, 0xCF, 0xF0, 0x1F, 0x84, 0x41, 0xE8, 0xC3, 0x7F, 0x06, 0x38, 0xF8,
    0xC0, 0x4F, 0x02, 0x02, 0x00, 0x21, 0xD8, 0x16, 0x18, 0x78, 0x9C, 0xFB, 0xC0, 0xFF, 0x81, 0x28,
    0xC8, 0x00, 0x06, 0xFF, 0xF9, 0x41, 0x10, 0x00, 0x9D, 0x0D, 0x17, 0x17, 0x78, 0x9C, 0xFB, 0xCF,
    0xFF, 0x1F, 0x08, 0x19, 0xC0, 0xE0, 0x03, 0x3F, 0x3E, 0x08, 0x51, 0xF3, 0x1F, 0xAC, 0x1E, 0x00,
    0x52, 0xA5, 0x15, 0x46, 0x78, 0x9C, 0x63, 0x60, 0xF8, 0xF0, 0xFF, 0x3F, 0x3F, 0x03, 0x08, 0xFC,
    0xFF, 0x0F, 0x61, 0xFD, 0xFF, 0x0F, 0xC1, 0x0C, 0x10, 0x1E, 0x3F, 0x50, 0x05, 0x48, 0xFA, 0x03,
    0x3F, 0x08, 0x81, 0x18, 0xFF, 0x19, 0x60, 0x3A, 0x28, 0x62, 0x00, 0xCD, 0x81, 0x1B, 0x08, 0xB7,
    0x02, 0x6E, 0x29, 0x58, 0x08, 0xEC, 0x0C, 0xB8, 0xC3, 0x10, 0x4E, 0xC5, 0x07, 0x20, 0x46, 0x61,
    0x32, 0x00, 0x8B, 0x6D, 0x3D, 0x0F, 0x78, 0x9C, 0x6D, 0x8D, 0xDB, 0x09, 0x00, 0x30, 0x08, 0x03,
    0xB3, 0x81, 0xFB, 0x6F, 0x99, 0x0D, 0xAE, 0x5A, 0xD2, 0x8F, 0xD2, 0x8A, 0x10, 0xC9, 0x4B, 0x09,
    0x4A, 0x92, 0x81, 0x86, 0xBE, 0x7B, 0xCD, 0x10, 0xF2, 0x08, 0x68, 0xEB, 0xD4, 0x01, 0x8D, 0xBB,
    0x6E, 0x32, 0xCE, 0xE4, 0xD2, 0x72, 0x3A, 0xF3, 0xE1, 0x3F, 0xE6, 0x81, 0x05, 0x8E, 0x42, 0x2C,
    0x20, 0x78, 0x9C, 0xA5, 0x4F, 0xC1, 0x11, 0x00, 0x20, 0x08, 0x62, 0x03, 0xF7, 0xDF, 0xB2, 0x0D,
    0xC8, 0x44, 0xEC, 0xAE, 0x6F, 0xBE, 0x10, 0x05, 0x14, 0xC0, 0x0A, 0xA8, 0x48, 0x18, 0x99, 0xBA,
    0xB3, 0x97, 0x70, 0x2D, 0xF6, 0x32, 0x29, 0x74, 0x5C, 0xCA, 0x49, 0x5D, 0xE4, 0x46, 0x0B, 0xA5,
    0xCD, 0xD6, 0x8A, 0x2F, 0x90, 0x3E, 0x63, 0x38, 0x11, 0x13, 0x5A, 0x94, 0x1E, 0xF2, 0x61, 0x3E,
    0x75, 0x03, 0x92, 0x1B, 0x3E, 0x4A, 0x78, 0x9C, 0x55, 0x8D, 0xC9, 0x0D, 0x00, 0x40, 0x08, 0x02,
    0xED, 0xC0, 0xFE, 0xBB, 0xB4, 0x83, 0xD9, 0x63, 0xF4, 0x21, 0x31, 0x12, 0x09, 0x60, 0x04, 0x19,
    0x0F, 0x0C, 0x6F, 0xFA, 0xBB, 0x3C, 0x36, 0x0C, 0x14, 0xA0, 0xFD, 0x4E, 0xF1, 0x04, 0xED, 0x58,
    0x41, 0x0E, 0x59, 0xB4, 0xC5, 0x76, 0x76, 0xAE, 0x5B, 0xA6, 0xD3, 0x0F, 0x07, 0x05, 0x90, 0x2D,
    0x88, 0x78, 0x9C, 0xA5, 0x4E, 0x41, 0x0A, 0x00, 0x30, 0x08, 0xEA, 0x07, 0xFD, 0xFF, 0x97, 0xFE,
    0xC0, 0x45, 0xA2, 0xB0, 0x5D, 0x17, 0x44, 0x1A, 0x69, 0x56, 0x5D, 0x05, 0x03, 0x8A, 0x12, 0x2D,
    0x4A, 0x4D, 0x34, 0xE8, 0x43, 0x3C, 0x52, 0xDF, 0x90, 0x42, 0xA4, 0xBA, 0xC4, 0xBA, 0x24, 0x1D,
    0x47, 0x99, 0x0E, 0xB5, 0xE2, 0x0B, 0x8C, 0x4F, 0x0C, 0xF3, 0x22, 0x4F, 0x77, 0xB5, 0x31, 0x12,
    0xCC, 0x51, 0x0F, 0x4C, 0x57, 0x42, 0xFA, 0x78, 0x9C, 0x5D, 0x4D, 0x81, 0x0D, 0x00, 0x20, 0x08,
    0xE2, 0x03, 0xFF, 0xFF, 0xB2, 0x0F, 0x48, 0x90, 0xD6, 0xCA, 0xE9, 0x50, 0x44, 0x04, 0x6E, 0xAC,
    0x32, 0x50, 0x2D, 0xA1, 0x81, 0xAC, 0xE1, 0xCD, 0x39, 0xFF, 0x88, 0x84, 0x94, 0xA4, 0xFB, 0xCE,
    0x3E, 0x56, 0xD9, 0x8E, 0xF0, 0x9E, 0x75, 0x60, 0x1E, 0xBD, 0x64, 0x94, 0xB9, 0x8B, 0xCB, 0xF1,
    0x9C, 0x0F, 0x1B, 0x57, 0x08, 0x30, 0x3A, 0x78, 0x9C, 0xA5, 0x8E, 0xD1, 0x0D, 0x00, 0x21, 0x0C,
    0x42, 0xD9, 0x80, 0xFD, 0xB7, 0xEC, 0x06, 0x78, 0x57, 0x02, 0xF1, 0x5F, 0xA3, 0x09, 0x7D, 0x96,
    0x16, 0x20, 0x47, 0x11, 0x53, 0xC4, 0x09, 0x94, 0xE8, 0xBF, 0xA0, 0xB9, 0xFB, 0x4C, 0xD2, 0x23,
    0x59, 0x49, 0x7E, 0x70, 0x45, 0xD8, 0x3A, 0xFC, 0xEF, 0x1A, 0x10, 0xC7, 0x93, 0xF8, 0xE6, 0x74,
    0x60, 0x57, 0x74, 0xE9, 0xA2, 0x8D, 0xD1, 0x60, 0x89, 0x7A, 0x00, 0x88, 0x76, 0x42, 0x0A, 0x78,
    0x9C, 0x5D, 0x8D, 0xC1, 0x11, 0x00, 0x20, 0x08, 0xC3, 0xD8, 0x80, 0xFD, 0xB7, 0x64, 0x83, 0x28,
    0x2D, 0x3C, 0x94, 0xD3, 0x2B, 0x15, 0x1A, 0x23, 0x54, 0x95, 0x16, 0x6C, 0x09, 0xD2, 0x1E, 0x5B,
    0xCD, 0x53, 0xE7, 0xAB, 0x5D, 0xA1, 0x13, 0x37, 0xDF, 0x88, 0x6E, 0xEF, 0x45, 0x60, 0x31, 0x8B,
    0x15, 0x11, 0x78, 0x1F, 0x67, 0x73, 0x73, 0x43, 0x19, 0xA6, 0x7F, 0x38, 0xF8, 0xEC, 0x37, 0x60,
    0x78, 0x9C, 0xA5, 0x8E, 0x81, 0x0D, 0x00, 0x31, 0x08, 0x02, 0xD9, 0xC0, 0xFD, 0xB7, 0x74, 0x83,
    0x7B, 0x23, 0xD4, 0x05, 0x9E, 0xA4, 0x96, 0x98, 0xF6, 0x40, 0x1A, 0x51, 0x8A, 0xD8, 0xD9, 0x15,
    0x03, 0x5D, 0x5E, 0xF8, 0x56, 0x4B, 0xF7, 0xD6, 0x6A, 0xF2, 0x1B, 0xEC, 0xC0, 0xC7, 0xD4, 0x19,
    0x4D, 0x98, 0x61, 0xF1, 0xF2, 0xFE, 0x99, 0xE1, 0x1C, 0xF0, 0x22, 0x2E, 0x74, 0x57, 0x5B, 0xE3,
    0x8A, 0xBD, 0xAA, 0x1F, 0xF7, 0x95, 0x41, 0x47, 0x78, 0x9C, 0x5D, 0x8D, 0xC1, 0x0D, 0x00, 0x30,
    0x08, 0x02, 0xD9, 0x80, 0xFD, 0xB7, 0x64, 0x03, 0xAA, 0x68, 0x1F, 0xAD, 0xD1, 0x18, 0x51, 0x4E,
    0x00, 0x90, 0x91, 0x30, 0xD3, 0xC4, 0x48, 0x2D, 0xDA, 0x64, 0x84, 0x1E, 0x94, 0xFC, 0xC3, 0x71,
    0xC9, 0xF6, 0x10, 0x2A, 0x9B, 0x57, 0xD5, 0x9C, 0x32, 0x66, 0x6F, 0xDE, 0x36, 0x1F, 0x5E, 0x71,
    0x2F, 0xD7, 0xB7, 0x94, 0xCB, 0x9C, 0x0F, 0x07, 0x29, 0x61, 0x33, 0x37, 0x78, 0x9C, 0xA5, 0x4F,
    0xB1, 0x0D, 0x00, 0x30, 0x08, 0xF2, 0x03, 0xFF, 0xFF, 0xD2, 0x0F, 0x28, 0x8A, 0x34, 0xE9, 0x5C,
    0x27, 0x14, 0x41, 0x8C, 0x28, 0x44, 0x45, 0x17, 0x90, 0x0B, 0x0A, 0x18, 0x90, 0x4D, 0xBE, 0xB5,
    0x0C, 0x89, 0x4A, 0x01, 0xCE, 0xDE, 0x15, 0xAA, 0x73, 0x77, 0x85, 0x5A, 0x33, 0x3A, 0x75, 0x76,
    0xA5, 0x81, 0x3C, 0xD8, 0x5A, 0xF1, 0x05, 0xFA, 0x93, 0x0B, 0x7C, 0xE2, 0x1E, 0x9D, 0x91, 0xE2,
    0x3B, 0x98, 0xA3, 0x1E, 0x45, 0x6F, 0x49, 0xE4, 0x78, 0x9C, 0x65, 0x8D, 0x0B, 0x0E, 0x00, 0x20,
    0x08, 0x42, 0xB9, 0x81, 0xF7, 0xBF, 0x25, 0x37, 0x20, 0x3F, 0xB8, 0xD6, 0x72, 0x35, 0x0C, 0xF1,
    0x05, 0x28, 0x08, 0x80, 0x92, 0x4A, 0xF2, 0x89, 0x5B, 0x54, 0x8B, 0xDA, 0x64, 0x40, 0xB6, 0xF1,
    0x95, 0x23, 0x43, 0xC9, 0x3E, 0x4F, 0x2D, 0xE7, 0x65, 0x0D, 0x34, 0x5C, 0xC5, 0x4A, 0x63, 0xE2,
    0x35, 0x9D, 0xF4, 0x9E, 0x29, 0xCB, 0x9C, 0x1F, 0x0E, 0xC6, 0xE7, 0x35, 0x26, 0x78, 0x9C, 0xA5,
    0x8F, 0xC1, 0x0D, 0x00, 0x20, 0x08, 0x03, 0xD9, 0x80, 0xFD, 0xB7, 0xEC, 0x06, 0x15, 0xA9, 0x42,
    0x4C, 0x8C, 0x1F, 0xFB, 0xD0, 0x42, 0xEC, 0x81, 0x66, 0x2D, 0x52, 0x37, 0x08, 0x97, 0x71, 0x53,
    0x2B, 0x4E, 0xD8, 0x21, 0x90, 0xBE, 0x42, 0x72, 0x33, 0x9C, 0x00, 0x55, 0x1E, 0x2F, 0x16, 0x42,
    0xB0, 0x28, 0x77, 0xE2, 0xCB, 0x04, 0xA7, 0x80, 0x35, 0xA2, 0x86, 0x66, 0x4B, 0xFF, 0xD8, 0x8B,
    0xF5, 0xAA, 0x2F, 0x81, 0x77, 0x33, 0x00, 0xA0, 0xA3, 0x45, 0xE8, 0x78, 0x9C, 0x75, 0x4E, 0x81,
    0x09, 0x00, 0x20, 0x0C, 0xF2, 0x03, 0xFF, 0xFF, 0xB2, 0x0F, 0x2C, 0xC5, 0xA0, 0xA0, 0xA4, 0x70,
    0x6B, 0xEA, 0x02, 0x8A, 0xA1, 0x90, 0x44, 0x37, 0x84, 0x5B, 0xA5, 0xFA, 0xA0, 0x4A, 0x29, 0x4A,
    0xFA, 0x38, 0x63, 0xDD, 0x78, 0x84, 0xCC, 0xC5, 0x4D, 0x59, 0xC2, 0xFB, 0xB1, 0xCA, 0xFA, 0x9A,
    0xB2, 0x33, 0xBB, 0xE1, 0x8D, 0x7E, 0xF7, 0xA4, 0x09, 0x40, 0x77, 0x34, 0x18, 0x78, 0x9C, 0xA5,
    0x4E, 0x81, 0x0D, 0x00, 0x20, 0x08, 0xF2, 0x03, 0xFE, 0xFF, 0xD2, 0x0F, 0x48, 0x11, 0xEB, 0x80,
    0xD8, 0x4A, 0xA6, 0x82, 0x44, 0x14, 0x10, 0x83, 0xA4, 0x09, 0x11, 0xDC, 0xC6, 0x10, 0x98, 0x68,
    0xAA, 0x09, 0xA1, 0x75, 0x36, 0x54, 0xE7, 0xB5, 0x56, 0x5F, 0xAE, 0x30, 0x61, 0x2B, 0xC2, 0xF2,
    0x1F, 0x52, 0x3E, 0xD7, 0x30, 0x5F, 0x36, 0x1F, 0x9D, 0xC4, 0x6A, 0x77, 0x2E, 0x2F, 0xAA, 0x1E,
    0x67, 0x93, 0x44, 0x17, 0x78, 0x9C, 0x65, 0x4E, 0x81, 0x0D, 0x00, 0x20, 0x08, 0xF2, 0x03, 0xFE,
    0xFF, 0xB2, 0x0F, 0x48, 0xD0, 0x5C, 0x2D, 0x37, 0x65, 0x22, 0x30, 0x23, 0xA6, 0xE8, 0xB9, 0x1A,
    0x70, 0x73, 0x18, 0xFA, 0x13, 0x91, 0xA0, 0xCE, 0x89, 0xB9, 0x20, 0x58, 0xDA, 0x6C, 0x47, 0x50,
    0x84, 0x0E, 0x07, 0xCA, 0xF7, 0x92, 0xAD, 0x6C, 0x5F, 0xA7, 0x38, 0xD3, 0x3F, 0x68, 0xD9, 0xF0,
    0x31, 0x34, 0x27, 0x78, 0x9C, 0xA5, 0x8E, 0x81, 0x11, 0x00, 0x30, 0x04, 0x03, 0x6D, 0x60, 0xFF,
    0x2D, 0xB3, 0x41, 0x4A, 0xA4, 0x3A, 0x40, 0xDD, 0xA9, 0x57, 0x2E, 0x12, 0x81, 0x70, 0x30, 0x0D,
    0x60, 0x77, 0xA2, 0x34, 0xC4, 0x82, 0x47, 0x20, 0x73, 0xF6, 0x3A, 0x54, 0x27, 0x47, 0xA6, 0x1E,
    0x5C, 0x05, 0xA4, 0x45, 0x7D, 0xE0, 0x0F, 0x4A, 0x67, 0x05, 0xF1, 0x4C, 0xFA, 0xA8, 0xBE, 0x64,
    0x43, 0xC6, 0xBC, 0xA8, 0x7A, 0x00, 0xBC, 0x8A, 0x43, 0x18, 0x78, 0x9C, 0x5D, 0x8D, 0x01, 0x0A,
    0x00, 0x30, 0x08, 0x02, 0xFB, 0x41, 0xFF, 0xFF, 0xE5, 0x7E, 0x70, 0x2B, 0x6D, 0xB0, 0x2D, 0x08,
    0xD1, 0xD4, 0x22, 0x3C, 0x2B, 0x0D, 0x98, 0x92, 0xB7, 0x1A, 0x9C, 0xC3, 0x07, 0x75, 0x86, 0x2C,
    0xF3, 0x82, 0x8E, 0xD4, 0x8A, 0xC8, 0xA1, 0x30, 0xAE, 0x92, 0x49, 0xE0, 0xDC, 0x2B, 0x8E, 0x73,
    0x72, 0xD3, 0xA2, 0x4E, 0x3D, 0x6F, 0xB2, 0x01, 0x00, 0x8A, 0x34, 0x36, 0x78, 0x9C, 0xA5, 0x8E,
    0xD1, 0x15, 0x00, 0x20, 0x08, 0x02, 0xD9, 0xA0, 0xFD, 0xB7, 0x64, 0x03, 0x32, 0x94, 0x1A, 0x20,
    0x3F, 0xEA, 0xF2, 0xE9, 0x05, 0x00, 0x0A, 0x5D, 0xD2, 0x0A, 0x05, 0xB8, 0xA0, 0x74, 0x34, 0x0D,
    0x64, 0xBE, 0xA1, 0xB6, 0x6C, 0xD0, 0x29, 0xB4, 0xCE, 0x60, 0x49, 0x1D, 0xCC, 0x22, 0x6D, 0xAD,
    0xE7, 0xE8, 0xFF, 0xA0, 0x3C, 0x57, 0xC8, 0x97, 0x6D, 0x3E, 0x7D, 0x31, 0x1C, 0x6C, 0x06, 0x7D,
    0x6F, 0xD0, 0x7D, 0x45, 0x34, 0x78, 0x9C, 0x55, 0x8D, 0x01, 0x0E, 0x00, 0x20, 0x08, 0x02, 0xFD,
    0x81, 0xFF, 0xFF, 0xA5, 0x3F, 0xB8, 0x02, 0xAD, 0x96, 0x1B, 0x63, 0x28, 0x60, 0x44, 0x11, 0x9A,
    0x22, 0xCD, 0x43, 0x75, 0x94, 0xCF, 0xF9, 0x5C, 0x97, 0x20, 0xD1, 0x1E, 0x25, 0x36, 0x68, 0xD3,
    0x86, 0xB3, 0x74, 0x93, 0x4D, 0xA6, 0x6E, 0xFD, 0x97, 0xE3, 0x9C, 0xDC, 0xB4, 0xB8, 0xD3, 0xCF,
    0x25, 0x16, 0x0A, 0xA5, 0x36, 0x43, 0x78, 0x9C, 0xA5, 0x8E, 0x51, 0x0E, 0x00, 0x30, 0x04, 0x43,
    0x7B, 0x03, 0xF7, 0xBF, 0xA5, 0x1B, 0x74, 0x6D, 0x2D, 0x92, 0x7D, 0x4F, 0x8C, 0x97, 0xA1, 0x00,
    0x2C, 0x40, 0x8E, 0x26, 0xAB, 0xAB, 0x05, 0x65, 0xA4, 0x00, 0x20, 0x21, 0x18, 0x7B, 0x20, 0xDD,
    0x06, 0xDA, 0x92, 0xE7, 0x45, 0xCF, 0x21, 0x55, 0x89, 0xD9, 0x33, 0x30, 0x15, 0x8F, 0xFF, 0x80,
    0x74, 0x56, 0x70, 0x57, 0xEC, 0xD2, 0x7C, 0xE5, 0x8C, 0x1C, 0x76, 0x1B, 0x93, 0x0F, 0x6C, 0xA6,
    0x4B, 0x10, 0x78, 0x9C, 0x5D, 0x4D, 0x81, 0x0D, 0x00, 0x20, 0x08, 0xE2, 0x03, 0xFE, 0xFF, 0x92,
    0x0F, 0x48, 0xD2, 0xB6, 0xAA, 0x39, 0x51, 0x40, 0x02, 0xFA, 0x99, 0x50, 0x95, 0xCD, 0x40, 0x06,
    0x51, 0x45, 0x5B, 0xDE, 0xFA, 0x07, 0x8C, 0x54, 0xE6, 0xE9, 0xF0, 0x49, 0x88, 0x23, 0x50, 0x8C,
    0x3B, 0xF7, 0x06, 0xF1, 0x25, 0xC7, 0x39, 0x77, 0x93, 0x92, 0xCF, 0x5B, 0xCF, 0xB2, 0x00, 0x13,
    0xA8, 0x3A, 0xD5, 0x78, 0x9C, 0xA5, 0x4E, 0xC9, 0x09, 0x00, 0x30, 0x08, 0xCB, 0x06, 0xEE, 0xBF,
    0x65, 0x36, 0x48, 0x6B, 0x14, 0xA1, 0x50, 0xFA, 0x69, 0xF0, 0x08, 0x1E, 0x51, 0xE0, 0x84, 0xDE,
    0x84, 0x52, 0x30, 0x89, 0x12, 0xCE, 0xE5, 0x50, 0x54, 0x70, 0x17, 0x8C, 0x34, 0x2F, 0x54, 0x27,
    0xD7, 0x7F, 0xC8, 0xD6, 0x19, 0xC1, 0x39, 0x31, 0x47, 0x5D, 0xF2, 0x1B, 0x7E, 0xAC, 0x07, 0x5B,
    0xE2, 0x05, 0xEA, 0x4E, 0x16, 0xF3, 0x3B, 0x43, 0xEA, 0x78, 0x9C, 0x63, 0x60, 0x40, 0x80, 0x0F,
    0xFF, 0xB1, 0x51, 0xFC, 0x0C, 0x0C, 0xFF, 0x81, 0x80, 0x1F, 0x28, 0x00, 0x22, 0x19, 0x80, 0x18,
    0xCC, 0x01, 0xAB, 0x00, 0xC9, 0x32, 0xFC, 0x07, 0x09, 0x80, 0x24, 0x60, 0x14, 0x44, 0x1F, 0xAA,
    0x20, 0x54, 0x25, 0x54, 0x1F, 0xD4, 0x14, 0xB0, 0x99, 0x20, 0xD5, 0x60, 0x93, 0x71, 0x00, 0x2C,
    0xCE, 0x02, 0x00, 0xF5, 0x44, 0x34, 0xF9, 0x78, 0x9C, 0xFB, 0xCF, 0x00, 0x02, 0xFF, 0xFF, 0x53,
    0x95, 0xE2, 0x07, 0x92, 0x1F, 0xD0, 0xA8, 0x0F, 0x60, 0x8A, 0xFF, 0x03, 0x48, 0x0D, 0x50, 0x08,
    0x88, 0x40, 0xCC, 0xFF, 0x20, 0x00, 0xD6, 0x03, 0xD1, 0x8B, 0x0D, 0x7C, 0xF8, 0x8F, 0x41, 0x01,
    0x00, 0x15, 0xF6, 0x36, 0x9D, 0x78, 0x9C, 0x95, 0xC8, 0xB1, 0x0D, 0x00, 0x30, 0x10, 0xC2, 0x40,
    0x6F, 0xC0, 0xFE, 0x5B, 0xB2, 0x81, 0xF3, 0x29, 0x5F, 0xA9, 0x42, 0x71, 0x12, 0x16, 0x68, 0xFC,
    0x35, 0x5B, 0x53, 0xE9, 0x55, 0x1B, 0x9C, 0x33, 0xF5, 0x9D, 0xD9, 0x1E, 0xD2, 0xA1, 0x27, 0x25,
    0x78, 0x9C, 0x63, 0x60, 0xF8, 0xF0, 0x9F, 0x01, 0x04, 0x3E, 0xFC, 0xE7, 0x87, 0xD0, 0x28, 0x14,
    0x54, 0x10, 0x42, 0x42, 0x44, 0x20, 0x24, 0x75, 0x29, 0x7E, 0xB0, 0x03, 0x50, 0x29, 0xB0, 0x0B,
    0x3E, 0xF0, 0x83, 0x9D, 0x07, 0x14, 0x02, 0x22, 0x10, 0xF3, 0x3F, 0x08, 0x80, 0xF5, 0x00, 0x49,
    0x00, 0x9E, 0x3C, 0x37, 0xD8, 0x78, 0x9C, 0x63, 0x60, 0xF8, 0xCF, 0xCF, 0x00, 0x04, 0xFF, 0xFF,
    0x33, 0x80, 0x29, 0x04, 0xF9, 0x01, 0x42, 0x32, 0xA0, 0x02, 0x90, 0xE0, 0x07, 0x7E, 0x92, 0x49,
    0x7E, 0x54, 0xF2, 0x3F, 0x3F, 0xD0, 0xF4, 0x0F, 0x20, 0xF2, 0xFF, 0xFF, 0x0F, 0xFC, 0x20, 0xCB,
    0x3F, 0xF0, 0x03, 0x00, 0x5F, 0x5E, 0x2B, 0xE4, 0x78, 0x9C, 0x63, 0x60, 0x40, 0x02, 0x1F, 0x60,
    0x8C, 0xFF, 0xFC, 0x0C, 0x1F, 0xF8, 0x21, 0x34, 0x94, 0xC1, 0x00, 0x65, 0xF0, 0xC3, 0x18, 0x10,
    0x65, 0xFF, 0x21, 0xF4, 0x7F, 0x06, 0x28, 0x83, 0x81, 0x96, 0x0C, 0xB0, 0xDD, 0x58, 0x19, 0x1F,
    0x60, 0xCE, 0x02, 0x71, 0x20, 0xC2, 0x20, 0x2F, 0xFC, 0x87, 0x38, 0x0E, 0x08, 0xA0, 0xCE, 0x04,
    0xD3, 0x00, 0x6E, 0xE6, 0x3A, 0xF3, 0x78, 0x9C, 0x9D, 0x8B, 0xC1, 0x0D, 0x00, 0x20, 0x08, 0x03,
    0xBB, 0x01, 0xFB, 0x6F, 0xE9, 0x06, 0x27, 0x54, 0x4D, 0x34, 0xFC, 0x24, 0x90, 0x6B, 0x81, 0x4A,
    0x52, 0xC8, 0x35, 0x58, 0x24, 0x1E, 0x3B, 0xD2, 0x96, 0x3C, 0xA3, 0xCE, 0x7C, 0x65, 0x27, 0xB8,
    0x12, 0x5F, 0x8C, 0x4E, 0x6B, 0xB2, 0x4D, 0xA8, 0xBD, 0xC0, 0xF7, 0x09, 0xBD, 0xC6, 0x31, 0xCF,
    0x78, 0x9C, 0xB5, 0x8F, 0xC1, 0x0D, 0x00, 0x30, 0x08, 0x02, 0xDD, 0x80, 0xFD, 0xB7, 0x74, 0x03,
    0x5A, 0x11, 0xFD, 0xF4, 0x5D, 0x92, 0xC2, 0xA5, 0xAF, 0x33, 0x62, 0x03, 0x6F, 0x52, 0x8D, 0x7E,
    0x5D, 0x1C, 0xC8, 0x81, 0x0A, 0xC1, 0x5E, 0x86, 0x21, 0x7E, 0x02, 0x2C, 0xF7, 0xC2, 0x8A, 0xCA,
    0x5D, 0xDF, 0xB7, 0xFA, 0x10, 0x56, 0xAC, 0xA9, 0x3D, 0x0B, 0xEE, 0x3B, 0xC5, 0x78, 0x9C, 0x63,
    0xF8, 0xC0, 0x00, 0x01, 0xFF, 0x61, 0x34, 0x3F, 0x84, 0xFE, 0x80, 0x2C, 0x00, 0x62, 0x7F, 0xE0,
    0x47, 0x52, 0x84, 0x4A, 0x03, 0xD5, 0xFE, 0x87, 0x6A, 0x41, 0x56, 0x49, 0x16, 0xCD, 0x8F, 0x49,
    0x83, 0xD9, 0xFF, 0x81, 0x08, 0x4C, 0xFF, 0xFF, 0x0F, 0x12, 0x67, 0xF8, 0xFF, 0x1F, 0x2C, 0x0F,
    0x00, 0xCC, 0x5D, 0x31, 0xCF, 0x78, 0x9C, 0xB5, 0x8F, 0xC1, 0x09, 0x00, 0x30, 0x08, 0x03, 0xB3,
    0x81, 0xFB, 0x6F, 0xE9, 0x06, 0x57, 0x6A, 0x14, 0x3F, 0xFD, 0x36, 0xA0, 0x1E, 0x82, 0x24, 0x4A,
    0x89, 0xAC, 0x24, 0x86, 0xC2, 0xB5, 0xC0, 0xC0, 0x6C, 0x4B, 0x84, 0x6F, 0x41, 0x0D, 0xFA, 0x09,
    0xE5, 0xFD, 0x84, 0x0D, 0x4B, 0x87, 0xBD, 0xCD, 0x9F, 0x71, 0xD5, 0x31, 0x6B, 0x1E, 0x28, 0xFC,
    0x3D, 0xE1, 0x78, 0x9C, 0x63, 0x60, 0xF8, 0xCF, 0xCF, 0x00, 0x06, 0xFF, 0xFF, 0x33, 0x40, 0x19,
    0x08, 0xFA, 0x03, 0x90, 0xFA, 0xF0, 0x1F, 0x22, 0xF4, 0x01, 0x55, 0x8A, 0x01, 0x22, 0xF5, 0x1F,
    0x59, 0x05, 0x3F, 0x05, 0x34, 0x3F, 0x26, 0x0D, 0x66, 0xFF, 0x07, 0x22, 0x30, 0xFD, 0xFF, 0x3F,
    0x48, 0x1C, 0xE4, 0x4C, 0x10, 0x0D, 0x00, 0x24, 0x1B, 0x32, 0xB0, 0x78, 0x9C, 0xB5, 0x8F, 0xB1,
    0x11, 0x00, 0x41, 0x08, 0x02, 0xE9, 0xC0, 0xFE, 0xBB, 0xA4, 0x83, 0x7D, 0x39, 0x9D, 0x8F, 0x2E,
    0x3D, 0x02, 0x59, 0x0D, 0x14, 0x65, 0x24, 0xAB, 0x05, 0x08, 0xB9, 0xBA, 0x04, 0x1B, 0x4A, 0xA6,
    0x02, 0xA3, 0x1F, 0x28, 0xD6, 0xB5, 0xA0, 0x97, 0x90, 0xB3, 0xBE, 0xC2, 0x49, 0x94, 0x92, 0x66,
    0xC6, 0x09, 0xCC, 0xBE, 0xC3, 0xEE, 0x18, 0xFF, 0x00, 0x54, 0x00, 0x42, 0xCD, 0x78, 0x9C, 0x9D,
    0x8E, 0xC1, 0x09, 0x00, 0x30, 0x0C, 0x02, 0xDD, 0x20, 0xFB, 0x6F, 0xE9, 0x06, 0x16, 0x35, 0xAF,
    0xF6, 0x57, 0x7D, 0x9C, 0x18, 0x02, 0x02, 0x15, 0x35, 0xE0, 0x98, 0x0A, 0x95, 0x64, 0x23, 0xAC,
    0x2E, 0xB2, 0x17, 0xAA, 0x4D, 0xFF, 0x3E, 0x39, 0x2F, 0x93, 0x95, 0x69, 0x5E, 0x23, 0xF7, 0xD8,
    0x7D, 0x07, 0xEC, 0xA9, 0x38, 0xAA, 0x78, 0x9C, 0x63, 0x60, 0x40, 0x05, 0x1F, 0xF8, 0x09, 0x33,
    0xFE, 0xF3, 0xFF, 0x87, 0xD0, 0xFF, 0x19, 0xA0, 0x0C, 0x06, 0x5A, 0x32, 0x40, 0xD6, 0x7E, 0xC0,
    0xCA, 0x00, 0xBB, 0x08, 0x44, 0x80, 0x38, 0x10, 0x61, 0x20, 0x01, 0xE6, 0x00, 0x1D, 0x07, 0x04,
    0x50, 0x67, 0xFE, 0x67, 0x20, 0x04, 0x3E, 0xFC, 0xC7, 0xC1, 0x00, 0x00, 0xE3, 0x0F, 0x3C, 0xA6,
    0x78, 0x9C, 0x63, 0x60, 0x40, 0x06, 0xFF, 0xF1, 0xD3, 0x1F, 0xFE, 0x83, 0x59, 0x40, 0x0A, 0x42,
    0xF3, 0x53, 0x40, 0xF3, 0x63, 0xD2, 0x60, 0xF6, 0x7F, 0x20, 0x02, 0xD3, 0xFF, 0xFF, 0x83, 0xC4,
    0x19, 0xFE, 0xFF, 0x07, 0xCB, 0xE3, 0x06, 0x1F, 0xFE, 0x63, 0xA3, 0x01, 0x83, 0x24, 0x30, 0xA3,
    0x78, 0x9C, 0x63, 0x60, 0x80, 0x81, 0xFF, 0x30, 0x9A, 0x1F, 0x42, 0x7F, 0xC0, 0x10, 0x60, 0x40,
    0x02, 0x60, 0x41, 0xA0, 0x12, 0xB0, 0x2A, 0x38, 0xCD, 0x0F, 0x31, 0x06, 0x24, 0xF9, 0x1F, 0xCA,
    0x06, 0x8A, 0xC1, 0xD5, 0xF0, 0x43, 0xEC, 0x81, 0x18, 0xF8, 0x9F, 0xFF, 0x3F, 0xD4, 0x1E, 0x18,
    0xCD, 0x8F, 0x6A, 0x1F, 0xDC, 0x7E, 0x72, 0x68, 0x00, 0x3B, 0x4E, 0x2B, 0xC6, 0x78, 0x9C, 0x75,
    0x8E, 0xD1, 0x0D, 0x00, 0x31, 0x08, 0x42, 0xD9, 0x80, 0xFD, 0xB7, 0x64, 0x03, 0x7A, 0x45, 0x9B,
    0xD8, 0x5C, 0xEA, 0xCF, 0x0B, 0x11, 0x14, 0x80, 0xD8, 0x23, 0x07, 0x70, 0x4B, 0xB6, 0x2C, 0x08,
    0x8F, 0x89, 0x4F, 0x0C, 0xCC, 0x1C, 0x71, 0xA5, 0x06, 0x18, 0x9B, 0x2E, 0x7C, 0x0B, 0xE3, 0x07,
    0xD5, 0xFB, 0xC6, 0x29, 0x73, 0xAA, 0xCD, 0xA2, 0x1A, 0x0E, 0x79, 0x86, 0x17, 0x7C, 0xBE, 0x2C,
    0xE3, 0x78, 0x9C, 0xFB, 0xC0, 0xCF, 0x00, 0x04, 0xFF, 0x19, 0x3E, 0xFC, 0x07, 0x52, 0x20, 0x02,
    0x4C, 0x03, 0x05, 0xFF, 0x43, 0x31, 0x98, 0x8D, 0x24, 0x07, 0x52, 0x0B, 0xD1, 0xC3, 0x0F, 0xA1,
    0x3F, 0xF0, 0xFF, 0x87, 0xD0, 0xFF, 0xC1, 0xD2, 0x40, 0x09, 0x18, 0xCD, 0x0F, 0xA1, 0x3F, 0x50,
    0x48, 0xE3, 0x02, 0x30, 0xF3, 0x51, 0x68, 0x00, 0xF9, 0x2D, 0x26, 0x17, 0x78, 0x9C, 0x65, 0xCD,
    0xC1, 0x09, 0x00, 0x30, 0x0C, 0x42, 0x51, 0x37, 0x70, 0xFF, 0x2D, 0xDD, 0xC0, 0xB6, 0x1F, 0x9A,
    0x1E, 0x0A, 0xC2, 0x3B, 0xC4, 0x60, 0x2C, 0x29, 0x4E, 0x1F, 0x25, 0x60, 0x88, 0x4F, 0x86, 0xC2,
    0x3E, 0x44, 0x50, 0x30, 0xC4, 0x86, 0x82, 0x2E, 0xFA, 0xC9, 0x34, 0xBA, 0x67, 0x19, 0xE3, 0xAB,
    0x5E, 0xA2, 0xB7, 0x2A, 0x04, 0x78, 0x9C, 0xA5, 0x4D, 0xC7, 0x11, 0x00, 0x30, 0x08, 0x62, 0x03,
    0xF7, 0xDF, 0x92, 0x0D, 0x88, 0xB1, 0xE5, 0x7C, 0x87, 0x0F, 0x52, 0x54, 0x80, 0x42, 0x80, 0x9A,
    0x61, 0xB3, 0x0C, 0x0F, 0x29, 0x04, 0x5A, 0x36, 0xA2, 0x74, 0x85, 0x2A, 0x54, 0xCD, 0xEE, 0x65,
    0x56, 0x5D, 0x37, 0x7B, 0x57, 0xEB, 0x1F, 0xFB, 0xFE, 0x30, 0x3E, 0xF8, 0x00, 0xF7, 0xE2, 0x2D,
    0xA6, 0x78, 0x9C, 0x6D, 0xCE, 0xC1, 0x0D, 0x00, 0x20, 0x08, 0x03, 0xC0, 0x6E, 0xD0, 0xFD, 0xB7,
    0x64, 0x83, 0x1A, 0x2C, 0x18, 0x31, 0xF2, 0xF0, 0x08, 0xA9, 0x04, 0x00, 0x22, 0x76, 0x49, 0xA8,
    0x66, 0x1A, 0x2D, 0x3E, 0x15, 0x74, 0x72, 0x87, 0xF2, 0x51, 0x0D, 0x73, 0x6B, 0x70, 0xF6, 0x77,
    0xA6, 0xFF, 0xA4, 0xDE, 0x41, 0x1B, 0x54, 0x3B, 0xEF, 0x3A, 0xF2, 0x71, 0x9E, 0x59, 0x63, 0xB5,
    0x66, 0x01, 0xD8, 0x19, 0x30, 0xFD, 0x78, 0x9C, 0x9D, 0x8D, 0xC9, 0x0D, 0x00, 0x31, 0x08, 0x03,
    0xDD, 0x01, 0xFD, 0x77, 0x49, 0x07, 0x13, 0x82, 0xAD, 0x68, 0xDF, 0x8B, 0x10, 0x03, 0x98, 0x43,
    0x8A, 0x35, 0xA5, 0x5E, 0x22, 0x86, 0x13, 0x31, 0x35, 0xCA, 0x33, 0xE7, 0xA8, 0x6B, 0x67, 0xAF,
    0x6B, 0x0B, 0x22, 0x92, 0x7C, 0x7A, 0xD6, 0x32, 0x7B, 0x0F, 0x9A, 0x45, 0x1E, 0xF2, 0x1E, 0x7F,
    0x4E, 0x7B, 0xFB, 0x37, 0x0F, 0x0C, 0x17, 0x30, 0xD0, 0x78, 0x9C, 0x6D, 0x8E, 0xDB, 0x0D, 0x00,
    0x30, 0x08, 0x02, 0xD9, 0xC0, 0xFD, 0xB7, 0x64, 0x03, 0x1A, 0xA1, 0xAF, 0x34, 0xF5, 0xE7, 0x8C,
    0x7A, 0x41, 0x20, 0x45, 0x01, 0x6A, 0x08, 0xEE, 0xA4, 0x0C, 0x54, 0xF8, 0x96, 0xE7, 0x2C, 0x96,
    0xFB, 0xB6, 0xE3, 0x2D, 0x30, 0x6E, 0xEF, 0xB9, 0x61, 0xC9, 0x01, 0x2F, 0x98, 0x9C, 0x89, 0x95,
    0x2A, 0x5C, 0xE0, 0xC4, 0x75, 0xD1, 0xDF, 0x1E, 0x6B, 0x00, 0xC6, 0x0E, 0x34, 0xDB, 0x78, 0x9C,
    0x03, 0x00, 0x00, 0x00, 0x00, 0x01, 0x78, 0x9C, 0x03, 0x00, 0x00, 0x00, 0x00, 0x01, 0x78, 0x9C,
    0x03, 0x00, 0x00, 0x00, 0x00, 0x01, 0x78, 0x9C, 0x03, 0x00, 0x00, 0x00, 0x00, 0x01, 0x78, 0x9C,
    0x63, 0x60, 0x60, 0x60, 0xF8, 0xFF, 0xFF, 0x3F, 0x3F, 0x08, 0x03, 0x00, 0x1E, 0x48, 0x06, 0x19,
    0x78, 0x9C, 0x63, 0x60, 0x60, 0x60, 0xF8, 0xFF, 0xFF, 0x3F, 0x3F, 0x08, 0x03, 0x00, 0x1E, 0x48,
    0x06, 0x19, 0x78, 0x9C, 0x63, 0x60, 0x00, 0x81, 0xFF, 0x48, 0x00, 0x00, 0x4D, 0xC4, 0x0B, 0xF5,
    0x78, 0x9C, 0x63, 0x60, 0x00, 0x81, 0xFF, 0x48, 0x00, 0x00, 0x4D, 0xC4, 0x0B, 0xF5, 0x78, 0x9C,
    0x63, 0x60, 0x80, 0x83, 0xFF, 0x70, 0xC0, 0x8F, 0xC4, 0x04, 0x00, 0xEF, 0xF4, 0x14, 0x0B, 0x78,
    0x9C, 0x63, 0x60, 0x80, 0x83, 0xFF, 0x70, 0xC0, 0x8F, 0xC4, 0x04, 0x00, 0xEF, 0xF4, 0x14, 0x0B,
    0x78, 0x9C, 0xFB, 0xCF, 0xF0, 0xFF, 0x3F, 0x6D, 0x10, 0x00, 0xA0, 0x46, 0x3B, 0xC5, 0x78, 0x9C,
    0x63, 0x60, 0x60, 0xF8, 0xFF, 0x81, 0xFF, 0x3F, 0x03, 0x10, 0xF2, 0xFF, 0xE7, 0xFF, 0xC0, 0x0F,
    0x00, 0x37, 0x33, 0x07, 0x18, 0x78, 0x9C, 0x63, 0xF8, 0xCF, 0xF0, 0xE1, 0x3F, 0x3F, 0x10, 0x31,
    0x7C, 0x00, 0xA3, 0xFF, 0x60, 0x9A, 0x81, 0x01, 0x00, 0x8B, 0xF5, 0x09, 0xE8, 0x78, 0x9C, 0x63,
    0xF8, 0xCF, 0xF0, 0xE1, 0x3F, 0x3F, 0x10, 0x31, 0x7C, 0x00, 0xA3, 0xFF, 0x60, 0x9A, 0x81, 0x01,
    0x00, 0x8B, 0xF5, 0x09, 0xE8, 0x78, 0x9C, 0x25, 0xC7, 0x41, 0x0D, 0x00, 0x00, 0x0C, 0x83, 0x40,
    0x1C, 0xD4, 0xBF, 0xCB, 0x3A, 0x60, 0x4D, 0xF6, 0x39, 0x02, 0xA1, 0x34, 0x98, 0xCF, 0x6E, 0x38,
    0xA2, 0x4F, 0x53, 0x39, 0x41, 0xC7, 0x11, 0xEF, 0x78, 0x9C, 0x63, 0xF8, 0xCF, 0xF0, 0x81, 0xFF,
    0xC3, 0x7F, 0xFE, 0xFF, 0xFF, 0x81, 0xC4, 0x07, 0x10, 0x87, 0x01, 0x4A, 0x80, 0x25, 0xC0, 0x3C,
    0x06, 0x20, 0x00, 0x00, 0xBC, 0x10, 0x12, 0xD0, 0x78, 0x9C, 0x63, 0xF8, 0xCF, 0xF0, 0x81, 0xFF,
    0xC3, 0x7F, 0xFE, 0xFF, 0xFF, 0x81, 0xC4, 0x07, 0x10, 0x87, 0x01, 0x4A, 0x80, 0x25, 0xC0, 0x3C,
    0x06, 0x20, 0x00, 0x00, 0xBC, 0x10, 0x12, 0xD0, 0x78, 0x9C, 0x63, 0x60, 0xF8, 0xCF, 0x00, 0x04,
    0x98, 0xC4, 0x7F, 0x38, 0xC0, 0x26, 0x4B, 0x31, 0x01, 0x00, 0x78, 0x70, 0x1F, 0xE1, 0x78, 0x9C,
    0x63, 0x60, 0xF8, 0xCF, 0x00, 0x04, 0x98, 0xC4, 0x7F, 0x38, 0xC0, 0x26, 0x8B, 0x9F, 0x40, 0xD1,
    0xCB, 0x8F, 0x55, 0x09, 0x00, 0x6C, 0xD5, 0x27, 0xE8, 0x78, 0x9C, 0x63, 0xF8, 0xCF, 0xCF, 0xF0,
    0xE1, 0xFF, 0x7F, 0x86, 0xFF, 0xFF, 0xFF, 0xF3, 0xC3, 0x30, 0x88, 0xCF, 0x00, 0x14, 0x07, 0x00,
    0x00, 0x39, 0x11, 0x1D, 0x78, 0x9C, 0xFB, 0xC0, 0x00, 0x04, 0x1F, 0x20, 0xC4, 0x7F, 0x7E, 0x20,
    0x05, 0x25, 0x90, 0xD9, 0x1F, 0x90, 0xD4, 0x00, 0x00, 0x2A, 0xB9, 0x0B, 0xF5, 0x78, 0x9C, 0x03,
    0x00, 0x00, 0x00, 0x00, 0x01, 0x78, 0x9C, 0x7D, 0xD0, 0x8B, 0x09, 0xC0, 0x20, 0x0C, 0x04, 0xD0,
    0xDB, 0x20, 0xFB, 0x6F, 0x79, 0x1B, 0x5C, 0x4D, 0x2E, 0xA6, 0xC5, 0xD2, 0x2A, 0x88, 0x3E, 0xF2,
    0x43, 0x50, 0x58, 0x8B, 0x81, 0x5E, 0x94, 0x52, 0x88, 0x81, 0x40, 0x82, 0x06, 0xE4, 0xF0, 0x38,
    0x80, 0x27, 0xDC, 0x19, 0x1F, 0x90, 0x49, 0xF5, 0x8A, 0x02, 0x2D, 0x60, 0x35, 0x97, 0xC2, 0xF1,
    0xB9, 0xD9, 0xF7, 0x1A, 0x2C, 0x37, 0x1A, 0x56, 0x98, 0x8B, 0x58, 0xDD, 0xFF, 0x05, 0x55, 0xE0,
    0x0F, 0x7A, 0xF4, 0x07, 0x78, 0x3E, 0xCD, 0xC8, 0xDA, 0x59, 0x1B, 0xC2, 0xFF, 0x14, 0x3E, 0xA6,
    0xB0, 0x19, 0xB8, 0x00, 0x9E, 0x5E, 0x5F, 0x92, 0x78, 0x9C, 0xFB, 0xC0, 0xFF, 0x01, 0x06, 0x19,
    0xFE, 0x33, 0x00, 0x00, 0x37, 0x4F, 0x06, 0xEB, 0x78, 0x9C, 0xFB, 0xC0, 0xCF, 0xF0, 0x9F, 0xE1,
    0x03, 0x36, 0x82, 0x81, 0x01, 0x44, 0x01, 0x09, 0x00, 0xF8, 0xCF, 0x0C, 0x04, 0x78, 0x9C, 0xFB,
    0xC0, 0xFF, 0x01, 0x04, 0xFF, 0x33, 0x80, 0x21, 0x00, 0x3B, 0x2D, 0x07, 0xEA, 0x78, 0x9C, 0x63,
    0x60, 0x60, 0x60, 0xF8, 0xC0, 0xCF, 0xF0, 0x81, 0x81, 0xE1, 0x3F, 0x88, 0xFE, 0xCF, 0x00, 0x45,
    0x40, 0x36, 0x8C, 0x02, 0x22, 0x06, 0x00, 0xD9, 0x6B, 0x09, 0xF7, 0x78, 0x9C, 0x63, 0x60, 0x60,
    0xF8, 0xC0, 0xCF, 0xC0, 0x00, 0x44, 0xFF, 0x21, 0xAC, 0xFF, 0x50, 0x04, 0x64, 0x83, 0x89, 0x0F,
    0x0C, 0x20, 0x00, 0x00, 0xBC, 0xB5, 0x09, 0xF7, 0x78, 0x9C, 0xFB, 0xC0, 0xCF, 0xC0, 0xF0, 0x9F,
    0xE1, 0x03, 0x55, 0x49, 0x64, 0xF0, 0x01, 0x8C, 0xFF, 0x83, 0xC4, 0xF9, 0x21, 0x24, 0x44, 0x04,
    0x00, 0x02, 0xE5, 0x23, 0xDD, 0x78, 0x9C, 0x55, 0xCB, 0xC9, 0x11, 0x00, 0x30, 0x08, 0x02, 0x40,
    0x3A, 0xA0, 0xFF, 0x2E, 0xE9, 0x80, 0x04, 0xCD, 0xC9, 0xC3, 0x75, 0x1C, 0x04, 0x6C, 0x02, 0x73,
    0x46, 0x39, 0x1B, 0x92, 0xAC, 0x10, 0xF1, 0xB1, 0x8E, 0x62, 0xE1, 0xEE, 0xF1, 0xD4, 0x2F, 0x7C,
    0xF9, 0xA3, 0xA6, 0xDF, 0x36, 0x75, 0x1C, 0x21, 0x9B, 0x22, 0xB1, 0x78, 0x9C, 0x63, 0x60, 0x00,
    0x83, 0xFF, 0x28, 0x00, 0x00, 0x68, 0xAC, 0x0D, 0xF3, 0x78, 0x9C, 0x63, 0x60, 0x80, 0x82, 0xFF,
    0x10, 0xEA, 0x03, 0xC3, 0x07, 0x7E, 0x30, 0x0D, 0xE4, 0xFF, 0xE7, 0x07, 0xD1, 0x60, 0x02, 0x04,
    0x20, 0xC2, 0x20, 0x3E, 0x03, 0x00, 0x5B, 0x07, 0x10, 0xD2, 0x78, 0x9C, 0x63, 0x60, 0x00, 0x82,
    0xFF, 0x0C, 0x0C, 0x08, 0xEA, 0x03, 0x3F, 0x84, 0x42, 0x16, 0x63, 0xE0, 0xA7, 0xB2, 0xD4, 0x07,
    0x14, 0x29, 0xA8, 0x72, 0x00, 0xA6, 0x4B, 0x10, 0xE1, 0x78, 0x9C, 0x7D, 0x8D, 0xC1, 0x0D, 0x00,
    0x20, 0x08, 0xC4, 0xBA, 0x01, 0xFB, 0x6F, 0xC9, 0x06, 0x27, 0x1A, 0x14, 0x62, 0x8C, 0x3C, 0x8E,
    0x26, 0x3D, 0x02, 0x2E, 0x01, 0x92, 0x11, 0x94, 0x49, 0xEC, 0x4C, 0x0B, 0xE9, 0xB3, 0x81, 0x7F,
    0xD0, 0x0E, 0xAE, 0x03, 0x54, 0x5E, 0x97, 0x67, 0xFB, 0x86, 0xCD, 0xB3, 0x22, 0xF3, 0x39, 0x55,
    0xE8, 0x1F, 0x0A, 0xAB, 0x30, 0x00, 0x4A, 0xC1, 0x32, 0xCE, 0x78, 0x9C, 0x85, 0x8C, 0xC1, 0x0D,
    0x00, 0x30, 0x08, 0x02, 0xD9, 0x80, 0xFD, 0xB7, 0x64, 0x03, 0xAA, 0xD5, 0x36, 0x8D, 0x9F, 0x9A,
    0xC0, 0x29, 0x21, 0x42, 0x26, 0x00, 0xCB, 0xCE, 0x25, 0xCD, 0x0E, 0x46, 0xA6, 0x0F, 0x77, 0x1F,
    0x57, 0x62, 0x31, 0xCF, 0x97, 0x1C, 0x9C, 0xC3, 0x32, 0xF5, 0xEB, 0xC3, 0xCE, 0x17, 0x9E, 0xE2,
    0x2B, 0xD5, 0x78, 0x9C, 0x7D, 0xCE, 0xC1, 0x09, 0x00, 0x30, 0x08, 0x03, 0xC0, 0x6C, 0x90, 0xFD,
    0xB7, 0xCC, 0x06, 0x69, 0xAA, 0x14, 0x69, 0x1F, 0x15, 0xE1, 0x30, 0xFA, 0x50, 0x04, 0x64, 0x42,
    0x69, 0xDB, 0x8C, 0x99, 0xEC, 0x88, 0xBD, 0xF9, 0x5B, 0xF7, 0x5B, 0x94, 0x62, 0x6B, 0xDC, 0x72,
    0x7C, 0x4B, 0xE8, 0xDC, 0xF5, 0xC7, 0x78, 0xF2, 0x05, 0xCB, 0xE2, 0x2B, 0xD5, 0x78, 0x9C, 0x75,
    0x8B, 0xC9, 0x0D, 0x00, 0x00, 0x0C, 0x82, 0xD8, 0xA0, 0xFB, 0x6F, 0xE9, 0x06, 0xF4, 0xF8, 0x57,
    0x13, 0xFC, 0x20, 0x6C, 0xB4, 0x88, 0x91, 0x14, 0x4E, 0x67, 0x5F, 0x9C, 0x12, 0x75, 0x6F, 0xD0,
    0x5C, 0xFF, 0x1B, 0xC7, 0x78, 0x9C, 0xFB, 0xFF, 0x9F, 0x81, 0xE1, 0x3F, 0x1C, 0x00, 0x00, 0x51,
    0xBC, 0x0B, 0xF5, 0x78, 0x9C, 0x63, 0x60, 0x00, 0x83, 0xFF, 0xFC, 0x0C, 0x0C, 0x1F, 0xC0, 0xC4,
    0x07, 0x20, 0xF1, 0x1F, 0x44, 0xF0, 0x03, 0x89, 0x0F, 0x20, 0xE2, 0x3F, 0x03, 0x88, 0x00, 0x02,
    0x90, 0x34, 0x10, 0xC3, 0x09, 0x00, 0x27, 0xF4, 0x13, 0x0C, 0x78, 0x9C, 0x63, 0x60, 0x00, 0x81,
    0xFF, 0xFF, 0xFF, 0x03, 0x09, 0x10, 0x8B, 0x1F, 0xC2, 0x05, 0x52, 0xFF, 0x3F, 0x80, 0x05, 0x3E,
    0xF0, 0x23, 0x88, 0x0F, 0x40, 0x51, 0xFE, 0x0F, 0x60, 0xC5, 0x1F, 0x80, 0x4A, 0x00, 0x06, 0x07,
    0x13, 0xED, 0x78, 0x9C, 0x2D, 0x88, 0x81, 0x09, 0x00, 0x00, 0x08, 0xC2, 0xF6, 0x81, 0xFF, 0x7F,
    0xE9, 0x07, 0x66, 0x91, 0x30, 0x70, 0x83, 0xCE, 0x91, 0x83, 0x2C, 0x08, 0x4F, 0xDB, 0xD6, 0xFE,
    0xC3, 0x97, 0xA2, 0xB5, 0x01, 0x21, 0xE3, 0x17, 0xDA, 0x78, 0x9C, 0x63, 0x60, 0x60, 0x60, 0xF8,
    0x0F, 0x04, 0x0C, 0x0C, 0x1F, 0xF8, 0x21, 0x18, 0xC8, 0x64, 0xE0, 0x47, 0x70, 0x3F, 0x30, 0x40,
    0x84, 0xA0, 0x18, 0x00, 0x5D, 0x4A, 0x0C, 0xF4, 0x78, 0x9C, 0x63, 0x60, 0x00, 0x82, 0xFF, 0xFF,
    0x19, 0x3E, 0xF0, 0x7F, 0xE0, 0xFF, 0x0F, 0x66, 0x31, 0xFC, 0x07, 0xB1, 0x21, 0x62, 0xFF, 0xE1,
    0x62, 0x60, 0xF1, 0xFF, 0xFF, 0xC1, 0xE2, 0x00, 0x55, 0xBE, 0x18, 0xF7, 0x78, 0x9C, 0x2D, 0xCA,
    0x81, 0x09, 0x00, 0x30, 0x0C, 0x02, 0xC1, 0xDF, 0xC0, 0xFD, 0xB7, 0x74, 0x83, 0x6F, 0x12, 0x2A,
    0x1C, 0x88, 0x08, 0x13, 0xA5, 0x31, 0xC2, 0xF2, 0xA4, 0xD6, 0xAD, 0x7C, 0x9D, 0x65, 0x7E, 0x86,
    0x07, 0x4A, 0x8D, 0x17, 0xE9, 0x78, 0x9C, 0x63, 0xF8, 0xC0, 0xCF, 0xC0, 0xC0, 0x80, 0x4A, 0xFC,
    0x07, 0x02, 0x7E, 0x06, 0x2C, 0x12, 0x00, 0x1D, 0xE1, 0x0C, 0x04, 0x78, 0x9C, 0x63, 0x60, 0x00,
    0x82, 0xFF, 0x40, 0xC0, 0x0F, 0x62, 0x30, 0x00, 0x00, 0x22, 0x47, 0x04, 0x0C, 0x78, 0x9C, 0xFB,
    0xFF, 0xFF, 0xFF, 0x7F, 0x7E, 0x06, 0x2C, 0xE0, 0x3F, 0x5C, 0x02, 0x00, 0xA9, 0xA6, 0x08, 0x17,
    0x78, 0x9C, 0x63, 0xE0, 0x67, 0xE0, 0xFF, 0x00, 0x84, 0xFF, 0x19, 0x50, 0x21, 0x48, 0x0C, 0x48,
    0xF1, 0x03, 0x00, 0xD1, 0xA8, 0x0D, 0x21, 0x78, 0x9C, 0xFB, 0xC0, 0xCF, 0xF0, 0x81, 0x9F, 0x81,
    0xE1, 0x3F, 0x18, 0x7D, 0x60, 0x00, 0x71, 0xD0, 0x11, 0x54, 0x16, 0xA4, 0x8C, 0x81, 0x01, 0x00,
    0x84, 0x50, 0x0E, 0xD4, 0x78, 0x9C, 0xFB, 0xFF, 0xE1, 0x3F, 0xFF, 0xFF, 0xFF, 0x40, 0xCC, 0xC0,
    0xF0, 0x1F, 0x1F, 0x06, 0x00, 0xE6, 0x22, 0x15, 0xFA, 0x78, 0x9C, 0x63, 0xF8, 0xFF, 0x9F, 0x81,
    0xE1, 0xC3, 0x7F, 0x20, 0xF9, 0x81, 0x9F, 0xE1, 0x3F, 0x03, 0x88, 0xC3, 0x8F, 0x8D, 0x00, 0xCB,
    0x82, 0xD5, 0x31, 0x80, 0x30, 0x00, 0xDE, 0x83, 0x19, 0xC9, 0x78, 0x9C, 0x63, 0xF8, 0xCF, 0xFF,
    0xE1, 0x3F, 0x3F, 0xC3, 0x07, 0x9C, 0x08, 0x00, 0xD9, 0x74, 0x0C, 0x04, 0x78, 0x9C, 0x63, 0xF8,
    0xFF, 0x9F, 0x81, 0xE1, 0xC3, 0xFF, 0xFF, 0xFC, 0x0C, 0x1F, 0x18, 0x18, 0x80, 0x4C, 0x64, 0x82,
    0x1F, 0x88, 0x3F, 0xF0, 0x43, 0x79, 0x10, 0x06, 0x3F, 0x58, 0xF1, 0x7F, 0x7E, 0x00, 0xE5, 0x41,
    0x10, 0xFF, 0x78, 0x9C, 0x63, 0xF8, 0xFF, 0x9F, 0xE1, 0xC3, 0x7F, 0x20, 0xC1, 0xC0, 0x00, 0xC4,
    0x1F, 0xF8, 0x81, 0x1C, 0x10, 0x93, 0x1F, 0xC2, 0x67, 0xF8, 0xFF, 0x01, 0x84, 0xFF, 0x03, 0xF9,
    0x40, 0x25, 0x00, 0xC0, 0xD3, 0x13, 0xCF, 0x78, 0x9C, 0x63, 0x60, 0xF8, 0xCF, 0xCF, 0xC0, 0x00,
    0x26, 0x3E, 0x80, 0x88, 0xFF, 0x1F, 0x80, 0x04, 0x3F, 0x90, 0xF8, 0x00, 0x26, 0x80, 0x14, 0xC3,
    0x7F, 0x20, 0x00, 0x49, 0x83, 0xD4, 0xC1, 0x08, 0x00, 0xFA, 0xFE, 0x12, 0x1C, 0x78, 0x9C, 0x63,
    0xF8, 0xFF, 0xFF, 0x3F, 0x03, 0x03, 0x10, 0x31, 0x30, 0xF0, 0x83, 0x88, 0xFF, 0xFF, 0x81, 0xD4,
    0xFF, 0x0F, 0x60, 0x81, 0x0F, 0xFC, 0x08, 0xE2, 0x03, 0x48, 0xD1, 0x07, 0xB0, 0xE2, 0x0F, 0x40,
    0x25, 0x00, 0x05, 0x5D, 0x13, 0xDE, 0x78, 0x9C, 0x63, 0xF8, 0xF0, 0x9F, 0xFF, 0xC3, 0x7F, 0x20,
    0xE6, 0x67, 0x60, 0xF8, 0xCF, 0x00, 0xC4, 0x40, 0x3E, 0x58, 0x04, 0xC8, 0x04, 0xE1, 0x0F, 0x60,
    0xA1, 0xFF, 0xFC, 0x20, 0x1E, 0x00, 0x0F, 0xED, 0x17, 0xDA, 0x78, 0x9C, 0xFB, 0xFF, 0xFF, 0xFF,
    0x7F, 0x06, 0x86, 0x0F, 0x20, 0xCC, 0xCF, 0xC0, 0x00, 0xA4, 0x18, 0xF8, 0x21, 0x4C, 0x30, 0x66,
    0x80, 0x08, 0x41, 0x31, 0x00, 0x7F, 0xF6, 0x0D, 0xE4, 0x78, 0x9C, 0x63, 0xF8, 0xFF, 0x9F, 0xE1,
    0xC3, 0xFF, 0xFF, 0xFC, 0xFF, 0x19, 0x18, 0xFE, 0x83, 0xF0, 0x07, 0xFE, 0x0F, 0xFC, 0x20, 0xD6,
    0x07, 0x86, 0x0F, 0x08, 0x31, 0xA0, 0x3C, 0x88, 0x05, 0x00, 0x1D, 0x76, 0x17, 0xDA, 0x78, 0x9C,
    0x2D, 0x88, 0xB1, 0x0D, 0x00, 0x20, 0x00, 0x83, 0xF8, 0xA0, 0xFF, 0x7F, 0xD9, 0x0F, 0xB0, 0x1A,
    0x07, 0x12, 0x00, 0xA5, 0x1A, 0xE1, 0x32, 0xAB, 0xEB, 0x29, 0x9F, 0xA6, 0xEF, 0x86, 0x03, 0x16,
    0x41, 0x16, 0xEA, 0x78, 0x9C, 0x63, 0xF8, 0xC0, 0xCF, 0xC0, 0xC0, 0x80, 0x85, 0xF8, 0x0F, 0x04,
    0xFC, 0xD8, 0x24, 0x00, 0x4E, 0xA6, 0x0D, 0x03, 0x78, 0x9C, 0x63, 0x60, 0x00, 0x82, 0xFF, 0x40,
    0xC0, 0x0F, 0x62, 0x30, 0x00, 0x00, 0x22, 0x47, 0x04, 0x0C, 0x78, 0x9C, 0x63, 0x60, 0x00, 0x82,
    0xFF, 0x40, 0xC0, 0xCF, 0x80, 0x05, 0x20, 0x24, 0x00, 0xA9, 0xAB, 0x08, 0x17, 0x78, 0x9C, 0x63,
    0x60, 0x60, 0xF8, 0xFF, 0x81, 0x1F, 0x08, 0x19, 0xFE, 0xA3, 0xC0, 0x0F, 0x0C, 0x20, 0x51, 0x20,
    0x83, 0x01, 0x00, 0x08, 0xCD, 0x0E, 0xD4, 0x78, 0x9C, 0x63, 0x60, 0x60, 0xF8, 0xC0, 0xCF, 0xC0,
    0x00, 0x44, 0xFF, 0xC1, 0xE8, 0x03, 0x98, 0x8F, 0x82, 0x60, 0x52, 0x60, 0x1E, 0x10, 0x00, 0x00,
    0x52, 0x85, 0x0C, 0xF4, 0x78, 0x9C, 0x63, 0xF8, 0xFF, 0x9F, 0xE1, 0xC3, 0xFF, 0xFF, 0xFC, 0x0C,
    0x0C, 0x0C, 0xFF, 0x61, 0x18, 0x0C, 0x40, 0x34, 0x03, 0x03, 0x3F, 0x58, 0x0E, 0xC8, 0x02, 0x00,
    0x8C, 0xD6, 0x13, 0xFC, 0x78, 0x9C, 0x7D, 0xCE, 0xC1, 0x0D, 0xC0, 0x30, 0x08, 0x43, 0xD1, 0xBF,
    0x81, 0xF7, 0xDF, 0xD2, 0x1B, 0xB8, 0x90, 0xA0, 0x34, 0xBD, 0x94, 0x83, 0x9F, 0x40, 0x48, 0x00,
    0xC8, 0x74, 0x7D, 0x70, 0xB2, 0x33, 0x82, 0x8A, 0x6E, 0x63, 0x49, 0x35, 0x33, 0x35, 0xB3, 0x16,
    0xF9, 0xC7, 0x03, 0x8D, 0x2E, 0x3C, 0xE4, 0x65, 0x56, 0x73, 0xCE, 0xD6, 0xDD, 0xEC, 0xD5, 0xF5,
    0x11, 0x17, 0x0F, 0xDA, 0x7B, 0x3D, 0x0F, 0x78, 0x9C, 0x63, 0x60, 0xF8, 0xF0, 0xFF, 0x3F, 0x03,
    0x88, 0xF8, 0xCF, 0xCF, 0x00, 0x64, 0x7D, 0xF8, 0xCF, 0x00, 0x64, 0x00, 0xC1, 0x7F, 0x06, 0xAC,
    0xE4, 0x7F, 0xA8, 0x42, 0x10, 0xC9, 0xF0, 0x81, 0x1F, 0xAB, 0x08, 0x0A, 0x09, 0x36, 0xED, 0x03,
    0x5C, 0x2F, 0x0C, 0x00, 0x00, 0x4D, 0x89, 0x32, 0xFB, 0x78, 0x9C, 0x6D, 0xCC, 0x89, 0x09, 0x00,
    0x30, 0x08, 0x03, 0xC0, 0x6C, 0x90, 0xFD, 0xB7, 0xCC, 0x06, 0xA9, 0xD8, 0xA0, 0x14, 0x2A, 0xC2,
    0x41, 0x7C, 0x60, 0x02, 0xAE, 0x0E, 0x7E, 0x50, 0xE0, 0xE2, 0x5B, 0x75, 0x60, 0xF5, 0x96, 0x31,
    0xEC, 0x4C, 0xEC, 0x30, 0x80, 0xFE, 0x7C, 0xD7, 0x70, 0x00, 0x2D, 0xDE, 0x3E, 0xD1, 0x78, 0x9C,
    0x63, 0xF8, 0xFF, 0xFF, 0x3F, 0x3F, 0x03, 0x03, 0xC3, 0x7F, 0x08, 0x0D, 0xC4, 0xFF, 0xFF, 0x03,
    0x29, 0x90, 0x08, 0x58, 0x0C, 0x01, 0x18, 0xC0, 0xF2, 0x60, 0xF4, 0x01, 0x89, 0xE2, 0x87, 0x88,
    0x83, 0x14, 0x80, 0x29, 0x06, 0x06, 0x88, 0x76, 0x52, 0x28, 0x00, 0x70, 0x9B, 0x32, 0x0B, 0x78,
    0x9C, 0x75, 0xC6, 0xC1, 0x09, 0x00, 0x40, 0x0C, 0x02, 0x41, 0x3B, 0xB0, 0xFF, 0x2E, 0xED, 0xC0,
    0x33, 0x09, 0x07, 0xF9, 0x44, 0x16, 0x46, 0x11, 0x99, 0x21, 0x56, 0xAD, 0x0F, 0x59, 0xA6, 0x25,
    0xDB, 0x04, 0xCF, 0x72, 0xC4, 0x84, 0x25, 0xB4, 0xD5, 0xD7, 0xD5, 0xE9, 0x03, 0x53, 0xBB, 0x3F,
    0xA3, 0x78, 0x9C, 0x63, 0x60, 0x60, 0x60, 0xF8, 0xCF, 0xC0, 0x00, 0x21, 0x3F, 0xFC, 0x07, 0x02,
    0x28, 0x09, 0xE2, 0x81, 0xF1, 0x7F, 0xB8, 0x30, 0x98, 0xC7, 0x0F, 0x25, 0x19, 0x70, 0x90, 0x50,
    0x65, 0x60, 0x5D, 0xFC, 0x40, 0x13, 0xFE, 0x43, 0x4C, 0x67, 0x60, 0x80, 0x1A, 0xCF, 0x0F, 0x21,
    0x01, 0xAD, 0x27, 0x3B, 0x89, 0x78, 0x9C, 0x5D, 0x4D, 0x81, 0x09, 0x00, 0x30, 0x08, 0xF2, 0x83,
    0xFE, 0xFF, 0xB2, 0x0F, 0x5C, 0x96, 0x8D, 0x31, 0x29, 0x05, 0x23, 0x05, 0x90, 0x0C, 0x88, 0x29,
    0xAD, 0xCD, 0x1A, 0x42, 0xC8, 0x68, 0xA1, 0x65, 0xB8, 0xB1, 0x62, 0xF3, 0xBD, 0xC5, 0x67, 0xEE,
    0xBB, 0xC3, 0x3A, 0xDA, 0x45, 0xBC, 0xB5, 0x10, 0x1F, 0x36, 0x58, 0x2F, 0x0E, 0x78, 0x9C, 0x63,
    0x60, 0x00, 0x81, 0xFF, 0x48, 0x80, 0x81, 0xE1, 0x03, 0x3F, 0x48, 0x0C, 0x8D, 0x04, 0xD2, 0x1F,
    0xFE, 0xFF, 0x07, 0x93, 0xFC, 0x60, 0x1D, 0x60, 0x82, 0xFF, 0x03, 0x08, 0x82, 0x39, 0x1F, 0xFE,
    0x83, 0x4D, 0x82, 0x48, 0x82, 0xD4, 0xF1, 0x63, 0x35, 0x07, 0x4A, 0x02, 0x00, 0x1A, 0x71, 0x28,
    0xF6, 0x78, 0x9C, 0x63, 0xF8, 0xFF, 0xFF, 0x3F, 0x3F, 0x03, 0x03, 0xC3, 0x7F, 0x08, 0x0D, 0xC4,
    0x20, 0x04, 0x01, 0x20, 0xE6, 0x87, 0xFF, 0x40, 0x41, 0x90, 0x3C, 0x16, 0xC1, 0x0F, 0x60, 0x0D,
    0x1F, 0xC0, 0xFA, 0x40, 0x32, 0x60, 0x8A, 0x81, 0x01, 0xA2, 0x81, 0x14, 0x0A, 0x00, 0x65, 0x5B,
    0x32, 0x1A, 0x78, 0x9C, 0x65, 0x8E, 0x0B, 0x0A, 0x00, 0x30, 0x08, 0x42, 0xBD, 0x41, 0xF7, 0xBF,
    0xA5, 0x37, 0x70, 0x4D, 0x83, 0x0D, 0x8A, 0x78, 0x84, 0xD9, 0x07, 0x80, 0x70, 0xE3, 0x23, 0x25,
    0x43, 0x85, 0x4E, 0xCA, 0x6A, 0x31, 0xBD, 0xB2, 0x6D, 0x13, 0x53, 0x67, 0x2E, 0x6C, 0x21, 0x64,
    0xA8, 0xC7, 0xD9, 0x3C, 0x3E, 0x5F, 0x5C, 0x9F, 0x1C, 0xBE, 0x1A, 0x35, 0xDA, 0x78, 0x9C, 0x6D,
    0x8D, 0x81, 0x09, 0x00, 0x30, 0x08, 0xC3, 0xF2, 0xC1, 0xFE, 0xFF, 0xD2, 0x0F, 0xBA, 0xEA, 0x44,
    0xC6, 0x98, 0x88, 0x41, 0x5A, 0x2B, 0x48, 0x0B, 0x3C, 0xA5, 0x84, 0x3B, 0x57, 0x88, 0x1F, 0xAC,
    0xA9, 0x6A, 0x35, 0xAC, 0x1C, 0xFF, 0x84, 0x5C, 0x5A, 0x27, 0x89, 0x17, 0x51, 0xFE, 0x50, 0x5E,
    0xCF, 0x7B, 0xD8, 0x6F, 0x4B, 0x36, 0x43, 0x78, 0x9C, 0x7D, 0x8E, 0xC1, 0x09, 0x00, 0x30, 0x08,
    0x03, 0xB3, 0x81, 0xFB, 0x6F, 0xE9, 0x06, 0x57, 0x49, 0x11, 0x5A, 0x2A, 0xF5, 0xE1, 0x11, 0x03,
    0x89, 0x92, 0x90, 0xE7, 0x42, 0xC2, 0xDE, 0x44, 0x9D, 0x82, 0xA4, 0x84, 0xBD, 0x8C, 0x13, 0x8C,
    0xD0, 0xC7, 0x8B, 0x21, 0xC5, 0xD1, 0x74, 0x51, 0xD7, 0x0A, 0x78, 0x3F, 0x33, 0x16, 0x15, 0x23,
    0x3B, 0x02, 0x78, 0x9C, 0xFB, 0xFF, 0x1F, 0x01, 0x18, 0xC0, 0x00, 0xC6, 0xFE, 0x00, 0xE6, 0x7F,
    0xE0, 0xA7, 0x36, 0x09, 0x00, 0x40, 0xBE, 0x21, 0xD0, 0x78, 0x9C, 0xFB, 0xFF, 0x1F, 0x08, 0xF8,
    0xFF, 0x83, 0x49, 0x06, 0x86, 0xFF, 0xFF, 0x19, 0x40, 0x00, 0xC4, 0x04, 0x93, 0x30, 0x71, 0x86,
    0x0F, 0x60, 0x91, 0x0F, 0xFC, 0x70, 0x59, 0x90, 0x4A, 0x98, 0x1E, 0x88, 0x1C, 0x54, 0x2B, 0x92,
    0x01, 0xD8, 0x85, 0x00, 0x87, 0x77, 0x27, 0x43, 0x78, 0x9C, 0x75, 0x8C, 0xC1, 0x11, 0x00, 0x20,
    0x08, 0xC3, 0xD8, 0x80, 0xFD, 0xB7, 0xEC, 0x06, 0x11, 0x8A, 0x7E, 0xF4, 0xE4, 0x41, 0xEE, 0x68,
    0x43, 0xC4, 0x8C, 0xF2, 0x82, 0x0C, 0xD1, 0x00, 0x1F, 0xF7, 0x76, 0x06, 0x9F, 0xAC, 0x24, 0x94,
    0xF3, 0xE2, 0x01, 0x46, 0x97, 0xCB, 0x73, 0x19, 0x38, 0x62, 0x2C, 0xC2, 0xFA, 0x30, 0x58, 0x78,
    0x9C, 0x63, 0xF8, 0xFF, 0xFF, 0x3F, 0x3F, 0x03, 0x03, 0x90, 0xFC, 0x0F, 0x24, 0xF9, 0xC1, 0x88,
    0x81, 0xE1, 0xC3, 0x7F, 0x1C, 0x24, 0x58, 0xF6, 0x3F, 0xFF, 0x7F, 0xA8, 0x2E, 0x20, 0x66, 0x00,
    0x89, 0xC0, 0xC8, 0xFF, 0x70, 0x73, 0x50, 0xC5, 0x91, 0x49, 0x00, 0x28, 0xF3, 0x2A, 0x04, 0x78,
    0x9C, 0xFB, 0xFF, 0x9F, 0xFF, 0x3F, 0x03, 0x03, 0x41, 0x04, 0x00, 0x38, 0x2A, 0x0E, 0x02, 0x78,
    0x9C, 0xFB, 0xF0, 0xFF, 0x3F, 0x03, 0x03, 0x61, 0x04, 0x00, 0x40, 0xA9, 0x0E, 0xE3, 0x78, 0x9C,
    0xFB, 0xCF, 0xC0, 0xF0, 0x9F, 0x20, 0xFA, 0xCF, 0xCF, 0xC0, 0xC0, 0x00, 0x00, 0x3C, 0x38, 0x0E,
    0x02, 0x78, 0x9C, 0x63, 0x60, 0xF8, 0xCF, 0x40, 0x08, 0x7D, 0xF8, 0x0F, 0x24, 0x19, 0x00, 0x27,
    0xB6, 0x0E, 0xE3, 0x78, 0x9C, 0x63, 0x60, 0xC0, 0x02, 0xFE, 0x63, 0x01, 0xFC, 0x58, 0x05, 0x01,
    0x6E, 0x55, 0x27, 0xF7, 0x78, 0x9C, 0x63, 0x60, 0xC0, 0x0B, 0xFE, 0x53, 0x04, 0x00, 0x9A, 0x25,
    0x3D, 0xC3, 0x78, 0x9C, 0x8D, 0xCE, 0xC1, 0x0D, 0x00, 0x20, 0x08, 0x03, 0xC0, 0x6E, 0xD0, 0xFD,
    0xB7, 0x64, 0x83, 0x4A, 0x8B, 0xF1, 0x61, 0x7C, 0x68, 0x48, 0x4E, 0x4C, 0x28, 0xA2, 0x24, 0xF4,
    0x91, 0x6C, 0xA9, 0x8B, 0x28, 0xF6, 0x03, 0x5D, 0xBE, 0x5E, 0xE0, 0xA0, 0xD0, 0x33, 0x98, 0xB1,
    0x90, 0xCE, 0x79, 0x98, 0xDC, 0x0D, 0xDF, 0x70, 0xF0, 0x4E, 0xE5, 0x0F, 0xC9, 0x3C, 0x29, 0xF8,
    0x62, 0x01, 0xB4, 0xE4, 0x43, 0x27,
};
const EpdGlyph regular_fontGlyphs[] = {
    { 0, 0, 6, 0, 0, 8, 0 }, //
    { 3, 20, 7, 2, 20, 24, 8 }, // !
    { 8, 8, 12, 2, 21, 15, 32 }, // "
    { 13, 20, 15, 1, 20, 54, 47 }, // #
    { 12, 26, 14, 1, 23, 60, 101 }, // $
    { 22, 20, 24, 1, 20, 79, 161 }, // %
    { 17, 20, 18, 1, 20, 68, 240 }, // &
    { 3, 8, 7, 2, 21, 13, 308 }, // '
    { 6, 29, 9, 2, 23, 37, 321 }, // (
    { 7, 29, 9, 0, 23, 41, 358 }, // )
    { 10, 9, 12, 1, 21, 33, 399 }, // *
    { 13, 14, 15, 1, 17, 27, 432 }, // +
    { 5, 9, 7, 1, 3, 24, 459 }, // ,
    { 7, 3, 9, 1, 10, 18, 483 }, // -
    { 3, 4, 7, 2, 4, 16, 501 }, // .
    { 10, 26, 10, 0, 21, 33, 517 }, // /
    { 12, 20, 15, 1, 20, 51, 550 }, // 0
    { 11, 19, 15, 2, 19, 28, 601 }, // 1
    { 13, 20, 15, 0, 20, 47, 629 }, // 2
    { 13, 20, 15, 0, 20, 57, 676 }, // 3
    { 13, 19, 15, 1, 19, 54, 733 }, // 4
    { 13, 20, 15, 1, 20, 48, 787 }, // 5
    { 12, 20, 15, 1, 20, 56, 835 }, // 6
    { 12, 20, 15, 1, 20, 36, 891 }, // 7
    { 12, 20, 15, 1, 20, 56, 927 }, // 8
    { 12, 20, 15, 1, 20, 57, 983 }, // 9
    { 3, 15, 7, 2, 15, 21, 1040 }, // :
    { 5, 21, 7, 1, 15, 32, 1061 }, // ;
    { 13, 14, 15, 1, 17, 40, 1093 }, // <
    { 13, 9, 15, 1, 15, 21, 1133 }, // =
    { 13, 14, 15, 1, 17, 40, 1154 }, // >
    { 10, 20, 12, 1, 20, 46, 1194 }, // ?
    { 22, 25, 24, 1, 20, 88, 1240 }, // @
    { 16, 20, 16, 0, 20, 60, 1328 }, // A
    { 14, 20, 18, 3, 20, 55, 1388 }, // B
    { 15, 20, 17, 2, 20, 52, 1443 }, // C
    { 14, 20, 18, 3, 20, 52, 1495 }, // D
    { 12, 20, 16, 3, 20, 35, 1547 }, // E
    { 11, 20, 15, 3, 20, 31, 1582 }, // F
    { 15, 20, 18, 2, 20, 59, 1613 }, // G
    { 14, 20, 20, 3, 20, 26, 1672 }, // H
    { 3, 20, 8, 3, 20, 13, 1698 }, // I
    { 12, 20, 14, 0, 20, 33, 1711 }, // J
    { 15, 20, 17, 3, 20, 63, 1744 }, // K
    { 11, 20, 15, 3, 20, 21, 1807 }, // L
    { 16, 20, 22, 3, 20, 57, 1828 }, // M
    { 14, 20, 20, 3, 20, 46, 1885 }, // N
    { 17, 20, 20, 2, 20, 58, 1931 }, // O
    { 13, 20, 17, 3, 20, 46, 1989 }, // P
    { 17, 25, 20, 2, 20, 70, 2035 }, // Q
    { 14, 20, 17, 3, 20, 56, 2105 }, // R
    { 14, 20, 16, 1, 20, 55, 2161 }, // S
    { 14, 20, 16, 1, 20, 23, 2216 }, // T
    { 14, 20, 20, 3, 20, 39, 2239 }, // U
    { 16, 20, 15, 0, 20, 55, 2278 }, // V
    { 23, 20, 23, 0, 20, 62, 2333 }, // W
    { 15, 20, 15, 0, 20, 63, 2395 }, // X
    { 15, 20, 14, 0, 20, 51, 2458 }, // Y
    { 13, 20, 15, 1, 20, 41, 2509 }, // Z
    { 6, 26, 9, 3, 21, 21, 2550 }, // [
    { 10, 26, 10, 0, 21, 31, 2571 }, // <backslash>
    { 6, 26, 9, 0, 21, 19, 2602 }, // ]
    { 12, 12, 15, 1, 21, 35, 2621 }, // ^
    { 14, 3, 16, 1, -1, 14, 2656 }, // _
    { 7, 7, 16, 3, 24, 24, 2670 }, // `
    { 11, 15, 15, 2, 15, 51, 2694 }, // a
    { 13, 21, 16, 2, 21, 46, 2745 }, // b
    { 12, 15, 13, 1, 15, 47, 2791 }, // c
    { 13, 21, 16, 1, 21, 55, 2838 }, // d
    { 12, 15, 14, 1, 15, 50, 2893 }, // e
    { 9, 22, 9, 1, 22, 34, 2943 }, // f
    { 13, 21, 15, 1, 15, 59, 2977 }, // g
    { 12, 21, 16, 2, 21, 37, 3036 }, // h
    { 3, 21, 7, 2, 21, 19, 3073 }, // i
    { 7, 27, 7, -2, 21, 29, 3092 }, // j
    { 12, 21, 14, 2, 21, 52, 3121 }, // k
    { 4, 21, 7, 2, 21, 18, 3173 }, // l
    { 20, 15, 24, 2, 15, 47, 3191 }, // m
    { 12, 15, 16, 2, 15, 33, 3238 }, // n
    { 13, 15, 15, 1, 15, 54, 3271 }, // o
    { 13, 21, 16, 2, 15, 50, 3325 }, // p
    { 13, 21, 16, 1, 15, 56, 3375 }, // q
    { 8, 15, 10, 2, 15, 29, 3431 }, // r
    { 11, 15, 13, 1, 15, 47, 3460 }, // s
    { 9, 19, 10, 1, 19, 33, 3507 }, // t
    { 12, 15, 16, 2, 15, 37, 3540 }, // u
    { 14, 15, 14, 0, 15, 49, 3577 }, // v
    { 21, 15, 21, 0, 15, 58, 3626 }, // w
    { 13, 15, 13, 0, 15, 55, 3684 }, // x
    { 14, 21, 14, 0, 15, 54, 3739 }, // y
    { 11, 15, 13, 1, 15, 32, 3793 }, // z
    { 7, 26, 8, 1, 21, 30, 3825 }, // {
    { 2, 30, 8, 3, 22, 12, 3855 }, // |
    { 8, 26, 9, 0, 21, 31, 3867 }, // }
    { 13, 4, 15, 1, 12, 28, 3898 }, // ~
    { 0, 0, 6, 0, 0, 8, 3926 }, //  
    { 3, 21, 7, 2, 15, 22, 3934 }, // ¡
    { 12, 21, 15, 2, 20, 54, 3956 }, // ¢
    { 12, 20, 15, 2, 20, 51, 4010 }, // £
    { 14, 14, 15, 1, 17, 46, 4061 }, // ¤
    { 14, 19, 14, 0, 19, 55, 4107 }, // ¥
    { 2, 30, 8, 3, 22, 17, 4162 }, // ¦
    { 12, 23, 14, 1, 20, 64, 4179 }, // §
    { 9, 3, 16, 4, 21, 15, 4243 }, // ¨
    { 20, 21, 22, 1, 20, 70, 4258 }, // ©
    { 8, 10, 10, 1, 21, 35, 4328 }, // ª
    { 10, 13, 12, 1, 14, 43, 4363 }, // «
    { 14, 9, 14, 0, 12, 21, 4406 }, // ¬
    { 7, 3, 9, 1, 10, 18, 4427 }, // ­
    { 11, 12, 13, 1, 22, 47, 4445 }, // ®
    { 8, 3, 16, 4, 21, 14, 4492 }, // ¯
    { 8, 8, 9, 0, 20, 29, 4506 }, // °
    { 13, 17, 15, 1, 17, 32, 4535 }, // ±
    { 9, 12, 11, 1, 23, 40, 4567 }, // ²
    { 8, 13, 10, 1, 24, 36, 4607 }, // ³
    { 7, 7, 16, 6, 24, 24, 4643 }, // ´
    { 14, 20, 16, 2, 15, 42, 4667 }, // µ
    { 13, 22, 16, 1, 20, 35, 4709 }, // ¶
    { 3, 4, 7, 2, 12, 16, 4744 }, // ·
    { 7, 7, 16, 4, 0, 28, 4760 }, // ¸
    { 5, 11, 11, 2, 22, 18, 4788 }, // ¹
    { 9, 10, 11, 1, 21, 33, 4806 }, // º
    { 11, 13, 13, 1, 14, 45, 4839 }, // »
    { 21, 21, 23, 1, 20, 70, 4884 }, // ¼
    { 21, 21, 23, 1, 20, 72, 4954 }, // ½
    { 22, 21, 24, 1, 20, 85, 5026 }, // ¾
    { 10, 21, 12, 1, 15, 47, 5111 }, // ¿
    { 16, 27, 16, 0, 27, 67, 5158 }, // À
    { 16, 27, 16, 0, 27, 70, 5225 }, // Á
    { 16, 25, 16, 0, 25, 69, 5295 }, // Â
    { 17, 26, 16, 0, 26, 75, 5364 }, // Ã
    { 16, 25, 15, -1, 25, 59, 5439 }, // Ä
    { 17, 26, 15, -1, 26, 70, 5498 }, // Å
    { 23, 20, 24, 0, 20, 72, 5568 }, // Æ
    { 15, 26, 17, 2, 20, 60, 5640 }, // Ç
    { 12, 27, 16, 3, 27, 48, 5700 }, // È
    { 12, 27, 16, 3, 27, 48, 5748 }, // É
    { 12, 25, 16, 3, 25, 51, 5796 }, // Ê
    { 12, 25, 16, 3, 25, 38, 5847 }, // Ë
    { 6, 27, 8, 0, 27, 28, 5885 }, // Ì
    { 7, 27, 8, 2, 27, 28, 5913 }, // Í
    { 10, 25, 8, -1, 25, 33, 5941 }, // Î
    { 9, 25, 8, 0, 25, 21, 5974 }, // Ï
    { 16, 20, 19, 1, 20, 58, 5995 }, // Ð
    { 14, 26, 20, 3, 26, 61, 6053 }, // Ñ
    { 17, 26, 20, 2, 26, 68, 6114 }, // Ò
    { 17, 26, 20, 2, 26, 69, 6182 }, // Ó
    { 17, 26, 20, 2, 26, 71, 6251 }, // Ô
    { 17, 26, 20, 2, 26, 72, 6322 }, // Õ
    { 17, 25, 20, 2, 25, 65, 6394 }, // Ö
    { 13, 14, 15, 1, 17, 47, 6459 }, // ×
    { 18, 22, 20, 1, 21, 77, 6506 }, // Ø
    { 14, 27, 20, 3, 27, 54, 6583 }, // Ù
    { 14, 27, 20, 3, 27, 53, 6637 }, // Ú
    { 14, 26, 20, 3, 26, 53, 6690 }, // Û
    { 14, 25, 20, 3, 25, 46, 6743 }, // Ü
    { 15, 27, 14, 0, 27, 62, 6789 }, // Ý
    { 13, 20, 17, 3, 20, 43, 6851 }, // Þ
    { 14, 23, 16, 2, 23, 59, 6894 }, // ß
    { 11, 24, 15, 2, 24, 60, 6953 }, // à
    { 11, 24, 15, 2, 24, 61, 7013 }, // á
    { 11, 23, 15, 2, 23, 60, 7074 }, // â
    { 11, 23, 15, 2, 23, 60, 7134 }, // ã
    { 11, 21, 15, 2, 21, 54, 7194 }, // ä
    { 11, 23, 15, 2, 23, 61, 7248 }, // å
    { 21, 15, 24, 2, 15, 67, 7309 }, // æ
    { 12, 21, 13, 1, 15, 55, 7376 }, // ç
    { 12, 24, 14, 1, 24, 55, 7431 }, // è
    { 12, 24, 14, 1, 24, 58, 7486 }, // é
    { 12, 23, 14, 1, 23, 59, 7544 }, // ê
    { 12, 21, 14, 1, 21, 56, 7603 }, // ë
    { 6, 24, 7, -1, 24, 27, 7659 }, // ì
    { 7, 24, 7, 1, 24, 29, 7686 }, // í
    { 10, 23, 7, -2, 23, 33, 7715 }, // î
    { 9, 21, 7, -1, 21, 21, 7748 }, // ï
    { 13, 23, 16, 2, 23, 63, 7769 }, // ð
    { 12, 22, 16, 2, 22, 51, 7832 }, // ñ
    { 13, 24, 15, 1, 24, 63, 7883 }, // ò
    { 13, 24, 15, 1, 24, 62, 7946 }, // ó
    { 13, 23, 15, 1, 23, 62, 8008 }, // ô
    { 13, 23, 15, 1, 23, 66, 8070 }, // õ
    { 13, 21, 15, 1, 21, 58, 8136 }, // ö
    { 13, 14, 15, 1, 17, 28, 8194 }, // ÷
    { 13, 17, 15, 1, 16, 57, 8222 }, // ø
    { 12, 24, 16, 2, 24, 47, 8279 }, // ù
    { 12, 24, 16, 2, 24, 52, 8326 }, // ú
    { 12, 23, 16, 2, 23, 51, 8378 }, // û
    { 12, 21, 16, 2, 21, 41, 8429 }, // ü
    { 14, 30, 14, 0, 24, 65, 8470 }, // ý
    { 13, 27, 16, 2, 21, 49, 8535 }, // þ
    { 14, 27, 14, 0, 21, 65, 8584 }, // ÿ
    { 16, 24, 16, 0, 24, 58, 8649 }, // Ā
    { 11, 20, 15, 2, 20, 55, 8707 }, // ā
    { 16, 26, 16, 0, 26, 68, 8762 }, // Ă
    { 11, 23, 15, 2, 23, 63, 8830 }, // ă
    { 18, 26, 17, 0, 20, 72, 8893 }, // Ą
    { 12, 21, 15, 2, 15, 60, 8965 }, // ą
    { 15, 26, 17, 2, 26, 60, 9025 }, // Ć
    { 12, 24, 13, 1, 24, 51, 9085 }, // ć
    { 15, 26, 17, 2, 26, 65, 9136 }, // Ĉ
    { 12, 23, 13, 1, 23, 58, 9201 }, // ĉ
    { 15, 25, 17, 2, 25, 53, 9259 }, // Ċ
    { 11, 21, 13, 1, 21, 50, 9312 }, // ċ
    { 15, 26, 17, 2, 26, 61, 9362 }, // Č
    { 12, 23, 13, 1, 23, 58, 9423 }, // č
    { 14, 26, 18, 3, 26, 61, 9481 }, // Ď
    { 16, 23, 17, 1, 23, 57, 9542 }, // ď
    { 16, 20, 19, 1, 20, 58, 9599 }, // Đ
    { 14, 21, 16, 1, 21, 59, 9657 }, // đ
    { 12, 24, 16, 3, 24, 39, 9716 }, // Ē
    { 12, 20, 14, 1, 20, 53, 9755 }, // ē
    { 12, 26, 16, 3, 26, 53, 9808 }, // Ĕ
    { 12, 23, 14, 1, 23, 60, 9861 }, // ĕ
    { 12, 25, 16, 3, 25, 40, 9921 }, // Ė
    { 12, 21, 14, 1, 21, 54, 9961 }, // ė
    { 12, 26, 16, 3, 20, 45, 10015 }, // Ę
    { 12, 21, 14, 1, 15, 57, 10060 }, // ę
    { 12, 26, 16, 3, 26, 46, 10117 }, // Ě
    { 12, 23, 14, 1, 23, 58, 10163 }, // ě
    { 15, 26, 18, 2, 26, 68, 10221 }, // Ĝ
    { 13, 29, 15, 1, 23, 70, 10289 }, // ĝ
    { 15, 26, 18, 2, 26, 71, 10359 }, // Ğ
    { 13, 30, 15, 1, 24, 72, 10430 }, // ğ
    { 15, 25, 18, 2, 25, 64, 10502 }, // Ġ
    { 13, 27, 15, 1, 21, 64, 10566 }, // ġ
    { 15, 26, 18, 2, 20, 67, 10630 }, // Ģ
    { 13, 29, 15, 1, 23, 66, 10697 }, // ģ
    { 14, 25, 20, 3, 25, 45, 10763 }, // Ĥ
    { 12, 27, 16, 2, 27, 51, 10808 }, // ĥ
    { 18, 20, 20, 1, 20, 38, 10859 }, // Ħ
    { 14, 21, 17, 1, 21, 42, 10897 }, // ħ
    { 11, 26, 8, -1, 26, 31, 10939 }, // Ĩ
    { 10, 22, 8, -1, 22, 34, 10970 }, // ĩ
    { 8, 24, 8, 0, 24, 18, 11004 }, // Ī
    { 8, 20, 8, 0, 20, 18, 11022 }, // ī
    { 10, 26, 8, -1, 26, 33, 11040 }, // Ĭ
    { 10, 23, 7, -2, 23, 35, 11073 }, // ĭ
    { 6, 26, 8, 1, 20, 25, 11108 }, // Į
    { 5, 27, 7, 1, 21, 28, 11133 }, // į
    { 3, 25, 7, 2, 25, 19, 11161 }, // İ
    { 3, 15, 7, 2, 15, 13, 11180 }, // ı
    { 10, 25, 16, 3, 20, 26, 11193 }, // Ĳ
    { 10, 27, 14, 2, 21, 37, 11219 }, // ĳ
    { 15, 26, 14, 0, 26, 44, 11256 }, // Ĵ
    { 10, 29, 7, -2, 23, 43, 11300 }, // ĵ
    { 14, 26, 17, 3, 20, 67, 11343 }, // Ķ
    { 12, 27, 14, 2, 21, 60, 11410 }, // ķ
    { 12, 15, 14, 2, 15, 49, 11470 }, // ĸ
    { 12, 27, 15, 2, 27, 34, 11519 }, // Ĺ
    { 7, 28, 7, 1, 28, 36, 11553 }, // ĺ
    { 11, 26, 15, 3, 20, 31, 11589 }, // Ļ
    { 5, 27, 7, 1, 21, 30, 11620 }, // ļ
    { 11, 22, 15, 3, 22, 33, 11650 }, // Ľ
    { 6, 23, 8, 2, 23, 27, 11683 }, // ľ
    { 11, 20, 15, 3, 20, 32, 11710 }, // Ŀ
    { 8, 21, 10, 2, 21, 32, 11742 }, // ŀ
    { 14, 20, 15, 0, 20, 45, 11774 }, // Ł
    { 9, 21, 8, 0, 21, 31, 11819 }, // ł
    { 14, 27, 20, 3, 27, 57, 11850 }, // Ń
    { 12, 24, 16, 2, 24, 48, 11907 }, // ń
    { 14, 26, 20, 3, 20, 56, 11955 }, // Ņ
    { 12, 21, 16, 2, 15, 46, 12011 }, // ņ
    { 14, 26, 20, 3, 26, 58, 12057 }, // Ň
    { 12, 23, 16, 2, 23, 48, 12115 }, // ň
    { 19, 21, 22, 1, 21, 53, 12163 }, // ŉ
    { 15, 20, 19, 3, 20, 53, 12216 }, // Ŋ
    { 12, 21, 16, 2, 15, 43, 12269 }, // ŋ
    { 17, 24, 20, 2, 24, 63, 12312 }, // Ō
    { 13, 20, 15, 1, 20, 54, 12375 }, // ō
    { 17, 26, 20, 2, 26, 70, 12429 }, // Ŏ
    { 13, 23, 15, 1, 23, 65, 12499 }, // ŏ
    { 17, 27, 20, 2, 27, 70, 12564 }, // Ő
    { 13, 23, 15, 1, 23, 65, 12634 }, // ő
    { 22, 20, 25, 2, 20, 61, 12699 }, // Œ
    { 22, 15, 24, 1, 15, 66, 12760 }, // œ
    { 14, 27, 17, 3, 27, 66, 12826 }, // Ŕ
    { 9, 24, 10, 2, 24, 43, 12892 }, // ŕ
    { 14, 26, 17, 3, 20, 62, 12935 }, // Ŗ
    { 10, 21, 9, 0, 15, 33, 12997 }, // ŗ
    { 14, 26, 17, 3, 26, 63, 13030 }, // Ř
    { 10, 23, 10, 1, 23, 45, 13093 }, // ř
    { 14, 26, 16, 1, 26, 64, 13138 }, // Ś
    { 11, 24, 13, 1, 24, 55, 13202 }, // ś
    { 14, 26, 16, 1, 26, 68, 13257 }, // Ŝ
    { 11, 23, 13, 1, 23, 57, 13325 }, // ŝ
    { 14, 26, 16, 1, 20, 62, 13382 }, // Ş
    { 11, 21, 13, 1, 15, 54, 13444 }, // ş
    { 14, 26, 16, 1, 26, 65, 13498 }, // Š
    { 11, 23, 13, 1, 23, 59, 13563 }, // š
    { 14, 26, 16, 1, 20, 36, 13622 }, // Ţ
    { 9, 26, 10, 1, 20, 43, 13658 }, // ţ
    { 14, 26, 16, 1, 26, 37, 13701 }, // Ť
    { 10, 23, 11, 1, 23, 46, 13738 }, // ť
    { 14, 20, 16, 1, 20, 33, 13784 }, // Ŧ
    { 9, 19, 10, 1, 19, 32, 13817 }, // ŧ
    { 14, 26, 20, 3, 26, 57, 13849 }, // Ũ
    { 12, 23, 16, 2, 23, 48, 13906 }, // ũ
    { 14, 24, 20, 3, 24, 48, 13954 }, // Ū
    { 12, 20, 16, 2, 20, 43, 14002 }, // ū
    { 14, 26, 20, 3, 26, 57, 14045 }, // Ŭ
    { 12, 23, 16, 2, 23, 51, 14102 }, // ŭ
    { 14, 27, 20, 3, 27, 57, 14153 }, // Ů
    { 12, 23, 16, 2, 23, 51, 14210 }, // ů
    { 14, 27, 20, 3, 27, 55, 14261 }, // Ű
    { 12, 24, 16, 2, 24, 50, 14316 }, // ű
    { 14, 26, 20, 3, 20, 52, 14366 }, // Ų
    { 13, 21, 16, 2, 15, 50, 14418 }, // ų
    { 23, 25, 23, 0, 25, 75, 14468 }, // Ŵ
    { 21, 23, 21, 0, 23, 74, 14543 }, // ŵ
    { 15, 25, 14, 0, 25, 62, 14617 }, // Ŷ
    { 14, 29, 14, 0, 23, 67, 14679 }, // ŷ
    { 15, 25, 14, 0, 25, 58, 14746 }, // Ÿ
    { 13, 27, 15, 1, 27, 50, 14804 }, // Ź
    { 11, 24, 13, 1, 24, 46, 14854 }, // ź
    { 13, 25, 15, 1, 25, 47, 14900 }, // Ż
    { 11, 21, 13, 1, 21, 44, 14947 }, // ż
    { 13, 26, 15, 1, 26, 57, 14991 }, // Ž
    { 11, 23, 13, 1, 23, 49, 15048 }, // ž
    { 15, 21, 17, 1, 21, 54, 15097 }, // ƀ
    { 16, 20, 20, 2, 20, 57, 15151 }, // Ə
    { 14, 24, 14, 0, 20, 57, 15208 }, // ƒ
    { 17, 25, 18, 2, 25, 66, 15265 }, // Ɠ
    { 17, 25, 20, 2, 25, 65, 15331 }, // Ơ
    { 14, 20, 16, 1, 20, 57, 15396 }, // ơ
    { 18, 26, 20, 3, 26, 51, 15453 }, // Ư
    { 15, 21, 16, 2, 21, 43, 15504 }, // ư
    { 10, 21, 12, 1, 21, 25, 15547 }, // ǂ
    { 4, 21, 8, 2, 21, 22, 15572 }, // ǃ
    { 16, 26, 16, 0, 26, 68, 15594 }, // Ǎ
    { 11, 23, 15, 2, 23, 58, 15662 }, // ǎ
    { 10, 26, 8, -1, 26, 28, 15720 }, // Ǐ
    { 10, 23, 7, -2, 23, 33, 15748 }, // ǐ
    { 17, 26, 20, 2, 26, 67, 15781 }, // Ǒ
    { 13, 23, 15, 1, 23, 63, 15848 }, // ǒ
    { 14, 26, 20, 3, 26, 54, 15911 }, // Ǔ
    { 12, 23, 16, 2, 23, 50, 15965 }, // ǔ
    { 14, 28, 20, 3, 28, 56, 16015 }, // Ǖ
    { 12, 24, 16, 2, 24, 47, 16071 }, // ǖ
    { 14, 30, 20, 3, 30, 58, 16118 }, // Ǘ
    { 12, 25, 16, 2, 25, 53, 16176 }, // ǘ
    { 14, 30, 20, 3, 30, 59, 16229 }, // Ǚ
    { 12, 26, 16, 2, 26, 53, 16288 }, // ǚ
    { 14, 30, 20, 3, 30, 57, 16341 }, // Ǜ
    { 12, 25, 16, 2, 25, 53, 16398 }, // ǜ
    { 23, 25, 24, 0, 25, 76, 16451 }, // Ǣ
    { 21, 20, 24, 2, 20, 76, 16527 }, // ǣ
    { 15, 26, 18, 2, 26, 68, 16603 }, // Ǧ
    { 13, 30, 15, 1, 24, 70, 16671 }, // ǧ
    { 17, 26, 20, 2, 20, 68, 16741 }, // Ǫ
    { 13, 21, 15, 1, 15, 63, 16809 }, // ǫ
    { 15, 26, 18, 2, 26, 68, 16872 }, // Ǵ
    { 13, 30, 15, 1, 24, 71, 16940 }, // ǵ
    { 14, 27, 20, 3, 27, 55, 17011 }, // Ǹ
    { 12, 24, 16, 2, 24, 46, 17066 }, // ǹ
    { 23, 27, 24, 0, 27, 77, 17112 }, // Ǽ
    { 21, 24, 24, 2, 24, 76, 17189 }, // ǽ
    { 14, 26, 16, 1, 20, 63, 17265 }, // Ș
    { 11, 21, 13, 1, 15, 54, 17328 }, // ș
    { 14, 26, 16, 1, 20, 33, 17382 }, // Ț
    { 9, 26, 10, 1, 20, 44, 17415 }, // ț
    { 7, 21, 7, -2, 15, 22, 17459 }, // ȷ
    { 16, 20, 18, 1, 20, 59, 17481 }, // Ƀ
    { 11, 15, 15, 2, 15, 50, 17540 }, // ɐ
    { 14, 15, 16, 1, 15, 52, 17590 }, // ɑ
    { 15, 15, 17, 1, 15, 47, 17642 }, // ɒ
    { 13, 23, 16, 2, 23, 56, 17689 }, // ɓ
    { 12, 15, 13, 0, 15, 42, 17745 }, // ɔ
    { 12, 17, 14, 1, 15, 52, 17787 }, // ɕ
    { 16, 29, 16, 1, 23, 62, 17839 }, // ɖ
    { 16, 23, 16, 1, 23, 60, 17901 }, // ɗ
    { 12, 15, 14, 1, 15, 48, 17961 }, // ɘ
    { 12, 15, 14, 1, 15, 50, 18009 }, // ə
    { 20, 15, 20, 1, 15, 65, 18059 }, // ɚ
    { 11, 15, 12, 1, 15, 46, 18124 }, // ɛ
    { 11, 15, 13, 1, 15, 44, 18170 }, // ɜ
    { 13, 15, 15, 1, 15, 53, 18214 }, // ɞ
    { 9, 21, 10, 0, 15, 34, 18267 }, // ɟ
    { 16, 26, 16, 1, 20, 66, 18301 }, // ɠ
    { 13, 21, 16, 1, 15, 64, 18367 }, // ɡ
    { 12, 15, 14, 1, 15, 50, 18431 }, // ɢ
    { 15, 21, 14, 0, 15, 54, 18481 }, // ɣ
    { 14, 15, 14, 0, 15, 52, 18535 }, // ɤ
    { 12, 21, 16, 2, 15, 41, 18587 }, // ɥ
    { 12, 22, 16, 2, 22, 44, 18628 }, // ɦ
    { 12, 29, 16, 2, 23, 53, 18672 }, // ɧ
    { 8, 21, 10, 1, 21, 28, 18725 }, // ɨ
    { 4, 15, 7, 2, 15, 18, 18753 }, // ɩ
    { 7, 15, 9, 1, 15, 25, 18771 }, // ɪ
    { 11, 21, 11, 0, 21, 43, 18796 }, // ɫ
    { 10, 21, 10, 0, 21, 36, 18839 }, // ɬ
    { 6, 27, 7, 2, 21, 19, 18875 }, // ɭ
    { 14, 27, 16, 2, 21, 65, 18894 }, // ɮ
    { 20, 15, 24, 2, 15, 46, 18959 }, // ɯ
    { 20, 21, 24, 2, 15, 51, 19005 }, // ɰ
    { 20, 21, 24, 2, 15, 57, 19056 }, // ɱ
    { 15, 21, 16, -1, 15, 47, 19113 }, // ɲ
    { 15, 21, 16, 2, 15, 44, 19160 }, // ɳ
    { 11, 15, 15, 2, 15, 43, 19204 }, // ɴ
    { 13, 15, 15, 1, 15, 51, 19247 }, // ɵ
    { 19, 15, 20, 1, 15, 57, 19298 }, // ɶ
    { 18, 15, 20, 1, 15, 61, 19355 }, // ɷ
    { 17, 27, 19, 1, 21, 61, 19416 }, // ɸ
    { 9, 15, 10, -1, 15, 27, 19477 }, // ɹ
    { 9, 21, 10, -1, 21, 27, 19504 }, // ɺ
    { 12, 21, 11, 0, 15, 33, 19531 }, // ɻ
    { 8, 21, 10, 2, 15, 34, 19564 }, // ɽ
    { 8, 15, 9, 2, 15, 24, 19598 }, // ɾ
    { 12, 15, 14, 2, 15, 45, 19622 }, // ʀ
    { 12, 15, 14, 2, 15, 45, 19667 }, // ʁ
    { 11, 21, 12, 1, 15, 53, 19712 }, // ʂ
    { 11, 29, 7, -2, 23, 33, 19765 }, // ʃ
    { 10, 29, 10, 0, 23, 39, 19798 }, // ʄ
    { 9, 26, 10, 1, 20, 34, 19837 }, // ʈ
    { 17, 15, 19, 1, 15, 47, 19871 }, // ʉ
    { 14, 15, 15, 1, 15, 50, 19918 }, // ʊ
    { 12, 15, 15, 2, 15, 46, 19968 }, // ʋ
    { 14, 15, 14, 0, 15, 49, 20014 }, // ʌ
    { 21, 15, 21, 0, 15, 60, 20063 }, // ʍ
    { 14, 22, 14, 0, 22, 60, 20123 }, // ʎ
    { 13, 15, 12, 0, 15, 49, 20183 }, // ʏ
    { 14, 21, 13, 1, 15, 38, 20232 }, // ʐ
    { 13, 18, 14, 1, 15, 54, 20270 }, // ʑ
    { 13, 21, 12, -1, 15, 51, 20324 }, // ʒ
    { 13, 22, 12, -1, 22, 47, 20375 }, // ʔ
    { 12, 22, 13, 1, 22, 40, 20422 }, // ʕ
    { 12, 23, 16, 2, 23, 59, 20462 }, // ʘ
    { 12, 15, 15, 2, 15, 41, 20521 }, // ʙ
    { 12, 15, 16, 2, 15, 25, 20562 }, // ʜ
    { 12, 29, 10, -1, 21, 46, 20587 }, // ʝ
    { 9, 15, 12, 2, 15, 19, 20633 }, // ʟ
    { 12, 22, 13, 0, 22, 52, 20652 }, // ʡ
    { 12, 22, 13, 1, 22, 48, 20704 }, // ʢ
    { 23, 27, 25, 1, 21, 91, 20752 }, // ʤ
    { 17, 29, 16, 1, 23, 63, 20843 }, // ʧ
    { 14, 25, 18, 3, 25, 60, 20906 }, // Ḃ
    { 13, 21, 16, 2, 21, 47, 20966 }, // ḃ
    { 14, 26, 18, 3, 20, 60, 21013 }, // Ḇ
    { 13, 26, 16, 2, 21, 50, 21073 }, // ḇ
    { 14, 25, 18, 3, 25, 57, 21123 }, // Ḋ
    { 13, 21, 16, 1, 21, 56, 21180 }, // ḋ
    { 14, 26, 18, 3, 20, 58, 21236 }, // Ḍ
    { 13, 27, 16, 1, 21, 59, 21294 }, // ḍ
    { 14, 26, 18, 3, 20, 58, 21353 }, // Ḏ
    { 13, 26, 16, 1, 21, 59, 21411 }, // ḏ
    { 12, 30, 16, 3, 30, 49, 21470 }, // Ḗ
    { 12, 26, 14, 1, 26, 60, 21519 }, // ḗ
    { 11, 25, 15, 3, 25, 36, 21579 }, // Ḟ
    { 10, 26, 10, 1, 26, 44, 21615 }, // ḟ
    { 15, 24, 18, 2, 24, 65, 21659 }, // Ḡ
    { 13, 26, 15, 1, 20, 64, 21724 }, // ḡ
    { 14, 26, 20, 3, 20, 32, 21788 }, // Ḥ
    { 12, 27, 16, 2, 21, 44, 21820 }, // ḥ
    { 14, 26, 20, 3, 20, 42, 21864 }, // Ḫ
    { 12, 27, 16, 2, 21, 51, 21906 }, // ḫ
    { 14, 26, 17, 3, 20, 63, 21957 }, // Ḳ
    { 12, 27, 14, 2, 21, 57, 22020 }, // ḳ
    { 15, 26, 17, 3, 20, 71, 22077 }, // Ḵ
    { 13, 27, 15, 2, 21, 61, 22148 }, // ḵ
    { 11, 26, 15, 3, 20, 28, 22209 }, // Ḷ
    { 4, 27, 7, 2, 21, 24, 22237 }, // ḷ
    { 14, 31, 14, 0, 25, 32, 22261 }, // Ḹ
    { 8, 32, 8, 0, 26, 23, 22293 }, // ḹ
    { 11, 26, 15, 3, 20, 29, 22316 }, // Ḻ
    { 8, 26, 8, 1, 21, 26, 22345 }, // ḻ
    { 16, 27, 22, 3, 27, 64, 22371 }, // Ḿ
    { 20, 24, 24, 2, 24, 63, 22435 }, // ḿ
    { 16, 25, 22, 3, 25, 61, 22498 }, // Ṁ
    { 20, 21, 24, 2, 21, 56, 22559 }, // ṁ
    { 16, 26, 22, 3, 20, 61, 22615 }, // Ṃ
    { 20, 21, 24, 2, 15, 51, 22676 }, // ṃ
    { 14, 25, 20, 3, 25, 51, 22727 }, // Ṅ
    { 12, 21, 16, 2, 21, 42, 22778 }, // ṅ
    { 14, 26, 20, 3, 20, 52, 22820 }, // Ṇ
    { 12, 21, 16, 2, 15, 40, 22872 }, // ṇ
    { 14, 26, 20, 3, 20, 54, 22912 }, // Ṉ
    { 12, 21, 16, 2, 15, 42, 22966 }, // ṉ
    { 17, 30, 20, 2, 30, 71, 23008 }, // Ṓ
    { 13, 26, 15, 1, 26, 61, 23079 }, // ṓ
    { 13, 25, 17, 3, 25, 49, 23140 }, // Ṗ
    { 13, 27, 16, 2, 21, 58, 23189 }, // ṗ
    { 14, 25, 17, 3, 25, 61, 23247 }, // Ṙ
    { 9, 21, 10, 2, 21, 37, 23308 }, // ṙ
    { 14, 26, 17, 3, 20, 57, 23345 }, // Ṛ
    { 9, 21, 10, 2, 15, 34, 23402 }, // ṛ
    { 14, 31, 17, 3, 25, 65, 23436 }, // Ṝ
    { 9, 26, 10, 2, 20, 39, 23501 }, // ṝ
    { 14, 26, 17, 3, 20, 62, 23540 }, // Ṟ
    { 11, 21, 11, 0, 15, 40, 23602 }, // ṟ
    { 14, 25, 16, 1, 25, 58, 23642 }, // Ṡ
    { 11, 21, 13, 1, 21, 53, 23700 }, // ṡ
    { 14, 26, 16, 1, 20, 59, 23753 }, // Ṣ
    { 11, 21, 13, 1, 15, 52, 23812 }, // ṣ
    { 14, 25, 16, 1, 25, 28, 23864 }, // Ṫ
    { 9, 25, 10, 1, 25, 38, 23892 }, // ṫ
    { 14, 26, 16, 1, 20, 29, 23930 }, // Ṭ
    { 9, 25, 10, 1, 19, 37, 23959 }, // ṭ
    { 14, 26, 16, 1, 20, 33, 23996 }, // Ṯ
    { 10, 24, 11, 1, 19, 37, 24029 }, // ṯ
    { 23, 27, 23, 0, 27, 71, 24066 }, // Ẁ
    { 21, 24, 21, 0, 24, 71, 24137 }, // ẁ
    { 23, 27, 23, 0, 27, 73, 24208 }, // Ẃ
    { 21, 24, 21, 0, 24, 71, 24281 }, // ẃ
    { 22, 25, 23, 0, 25, 78, 24352 }, // Ẅ
    { 20, 21, 21, 0, 21, 72, 24430 }, // ẅ
    { 15, 25, 13, -1, 25, 60, 24502 }, // Ẏ
    { 14, 27, 13, -1, 21, 57, 24562 }, // ẏ
    { 13, 26, 15, 1, 20, 51, 24619 }, // Ẓ
    { 11, 21, 13, 1, 15, 45, 24670 }, // ẓ
    { 13, 26, 15, 1, 20, 49, 24715 }, // Ẕ
    { 11, 21, 13, 1, 15, 41, 24764 }, // ẕ
    { 12, 27, 16, 2, 21, 46, 24805 }, // ẖ
    { 10, 25, 11, 1, 25, 40, 24851 }, // ẗ
    { 16, 20, 20, 3, 20, 65, 24891 }, // ẞ
    { 17, 26, 15, -1, 20, 69, 24956 }, // Ạ
    { 11, 21, 15, 2, 15, 55, 25025 }, // ạ
    { 17, 26, 16, -1, 26, 69, 25080 }, // Ả
    { 11, 23, 15, 2, 23, 62, 25149 }, // ả
    { 16, 27, 16, 0, 27, 70, 25211 }, // Ấ
    { 14, 24, 15, 2, 24, 67, 25281 }, // ấ
    { 16, 27, 16, 0, 27, 71, 25348 }, // Ầ
    { 12, 24, 15, 1, 24, 61, 25419 }, // ầ
    { 17, 27, 16, -1, 27, 75, 25480 }, // Ẩ
    { 12, 24, 15, 2, 24, 63, 25555 }, // ẩ
    { 17, 30, 16, 0, 30, 79, 25618 }, // Ẫ
    { 11, 25, 15, 2, 25, 66, 25697 }, // ẫ
    { 17, 32, 15, -1, 26, 73, 25763 }, // Ậ
    { 11, 29, 15, 2, 23, 67, 25836 }, // ậ
    { 16, 29, 16, 0, 29, 74, 25903 }, // Ắ
    { 11, 26, 15, 2, 26, 65, 25977 }, // ắ
    { 16, 29, 16, 0, 29, 71, 26042 }, // Ằ
    { 11, 26, 15, 2, 26, 64, 26113 }, // ằ
    { 17, 29, 16, -1, 29, 80, 26177 }, // Ẳ
    { 11, 27, 15, 2, 27, 67, 26257 }, // ẳ
    { 17, 30, 16, 0, 30, 79, 26324 }, // Ẵ
    { 11, 25, 15, 2, 25, 67, 26403 }, // ẵ
    { 17, 32, 15, -1, 26, 79, 26470 }, // Ặ
    { 11, 29, 15, 2, 23, 68, 26549 }, // ặ
    { 12, 26, 16, 3, 20, 42, 26617 }, // Ẹ
    { 12, 21, 14, 1, 15, 55, 26659 }, // ẹ
    { 12, 26, 16, 3, 26, 47, 26714 }, // Ẻ
    { 12, 23, 14, 1, 23, 57, 26761 }, // ẻ
    { 12, 26, 16, 3, 26, 54, 26818 }, // Ẽ
    { 13, 23, 14, 1, 23, 63, 26872 }, // ẽ
    { 13, 27, 16, 3, 27, 50, 26935 }, // Ế
    { 14, 24, 14, 1, 24, 65, 26985 }, // ế
    { 13, 27, 16, 2, 27, 51, 27050 }, // Ề
    { 13, 24, 14, 0, 24, 60, 27101 }, // ề
    { 12, 27, 16, 3, 27, 55, 27161 }, // Ể
    { 13, 24, 15, 1, 24, 66, 27216 }, // ể
    { 12, 30, 16, 3, 30, 61, 27282 }, // Ễ
    { 12, 25, 14, 1, 25, 63, 27343 }, // ễ
    { 12, 32, 16, 3, 26, 53, 27406 }, // Ệ
    { 12, 29, 14, 1, 23, 66, 27459 }, // ệ
    { 5, 26, 9, 2, 26, 25, 27525 }, // Ỉ
    { 5, 24, 7, 1, 24, 27, 27550 }, // ỉ
    { 3, 26, 7, 2, 20, 19, 27577 }, // Ị
    { 3, 27, 7, 2, 21, 24, 27596 }, // ị
    { 17, 26, 20, 2, 20, 66, 27620 }, // Ọ
    { 13, 21, 15, 1, 15, 59, 27686 }, // ọ
    { 17, 27, 20, 2, 27, 69, 27745 }, // Ỏ
    { 13, 23, 15, 1, 23, 59, 27814 }, // ỏ
    { 17, 28, 20, 2, 28, 70, 27873 }, // Ố
    { 14, 24, 15, 1, 24, 64, 27943 }, // ố
    { 17, 28, 20, 2, 28, 72, 28007 }, // Ồ
    { 14, 24, 15, 0, 24, 65, 28079 }, // ồ
    { 17, 27, 20, 2, 27, 72, 28144 }, // Ổ
    { 13, 24, 15, 1, 24, 68, 28216 }, // ổ
    { 17, 29, 20, 2, 29, 76, 28284 }, // Ỗ
    { 13, 25, 15, 1, 25, 69, 28360 }, // ỗ
    { 17, 32, 20, 2, 26, 78, 28429 }, // Ộ
    { 13, 29, 15, 1, 23, 66, 28507 }, // ộ
    { 17, 26, 20, 2, 26, 71, 28573 }, // Ớ
    { 14, 24, 16, 1, 24, 63, 28644 }, // ớ
    { 17, 26, 20, 2, 26, 71, 28707 }, // Ờ
    { 14, 24, 16, 1, 24, 66, 28778 }, // ờ
    { 17, 27, 20, 2, 27, 73, 28844 }, // Ở
    { 14, 23, 16, 1, 23, 65, 28917 }, // ở
    { 17, 26, 20, 2, 26, 76, 28982 }, // Ỡ
    { 14, 23, 16, 1, 23, 65, 29058 }, // ỡ
    { 17, 31, 20, 2, 25, 70, 29123 }, // Ợ
    { 14, 26, 16, 1, 20, 62, 29193 }, // ợ
    { 14, 26, 20, 3, 20, 46, 29255 }, // Ụ
    { 12, 21, 16, 2, 15, 43, 29301 }, // ụ
    { 14, 27, 20, 3, 27, 53, 29344 }, // Ủ
    { 12, 23, 16, 2, 23, 51, 29397 }, // ủ
    { 18, 27, 20, 3, 27, 62, 29448 }, // Ứ
    { 15, 24, 16, 2, 24, 58, 29510 }, // ứ
    { 18, 27, 20, 3, 27, 61, 29568 }, // Ừ
    { 15, 24, 16, 2, 24, 56, 29629 }, // ừ
    { 18, 27, 20, 3, 27, 61, 29685 }, // Ử
    { 15, 23, 16, 2, 23, 57, 29746 }, // ử
    { 18, 26, 20, 3, 26, 66, 29803 }, // Ữ
    { 15, 23, 16, 2, 23, 57, 29869 }, // ữ
    { 18, 32, 20, 3, 26, 58, 29926 }, // Ự
    { 15, 27, 16, 2, 21, 48, 29984 }, // ự
    { 15, 27, 14, 0, 27, 61, 30032 }, // Ỳ
    { 14, 30, 14, 0, 24, 68, 30093 }, // ỳ
    { 15, 26, 13, -1, 20, 59, 30161 }, // Ỵ
    { 14, 21, 14, 0, 15, 57, 30220 }, // ỵ
    { 15, 26, 15, 0, 26, 60, 30277 }, // Ỷ
    { 15, 29, 15, 0, 23, 69, 30337 }, // ỷ
    { 15, 26, 14, 0, 26, 67, 30406 }, // Ỹ
    { 14, 29, 14, 0, 23, 69, 30473 }, // ỹ
    { 0, 0, 15, 0, 0, 8, 30542 }, //  
    { 0, 0, 3, 0, 0, 8, 30550 }, //
    { 0, 0, 1, 0, 0, 8, 30558 }, //
    { 0, 0, 0, 0, 0, 8, 30566 }, // ​
    { 7, 3, 9, 1, 10, 18, 30574 }, // ‐
    { 7, 3, 9, 1, 10, 18, 30592 }, // ‑
    { 12, 3, 14, 1, 10, 14, 30610 }, // ‒
    { 12, 3, 14, 1, 10, 14, 30624 }, // –
    { 21, 3, 23, 1, 10, 17, 30638 }, // —
    { 21, 3, 23, 1, 10, 17, 30655 }, // ―
    { 6, 30, 12, 3, 22, 14, 30672 }, // ‖
    { 4, 8, 8, 2, 21, 23, 30686 }, // ‘
    { 5, 8, 7, 1, 21, 24, 30709 }, // ’
    { 5, 8, 7, 1, 4, 24, 30733 }, // ‚
    { 9, 8, 13, 2, 21, 35, 30757 }, // “
    { 10, 8, 12, 1, 21, 32, 30792 }, // ”
    { 10, 8, 12, 1, 4, 32, 30824 }, // „
    { 10, 24, 14, 2, 21, 22, 30856 }, // †
    { 10, 24, 14, 2, 21, 27, 30878 }, // ‡
    { 7, 7, 9, 1, 11, 27, 30905 }, // •
    { 23, 4, 28, 3, 4, 25, 30932 }, // …
    { 0, 0, 4, 0, 0, 8, 30957 }, //  
    { 33, 20, 35, 1, 20, 99, 30965 }, // ‰
    { 4, 7, 7, 2, 21, 16, 31064 }, // ′
    { 9, 7, 12, 2, 21, 21, 31080 }, // ″
    { 4, 7, 7, 1, 21, 16, 31101 }, // ‵
    { 6, 13, 8, 1, 14, 30, 31117 }, // ‹
    { 6, 13, 8, 1, 14, 29, 31147 }, // ›
    { 11, 20, 15, 2, 20, 29, 31176 }, // ‼
    { 13, 20, 14, 0, 20, 54, 31205 }, // ‽
    { 14, 3, 16, 1, 20, 14, 31259 }, // ‾
    { 17, 6, 16, 0, 0, 33, 31273 }, // ‿
    { 13, 20, 3, -5, 20, 31, 31306 }, // ⁄
    { 22, 20, 24, 1, 20, 65, 31337 }, // ⁇
    { 16, 20, 19, 1, 20, 56, 31402 }, // ⁈
    { 16, 20, 19, 2, 20, 59, 31458 }, // ⁉
    { 9, 13, 11, 1, 24, 39, 31517 }, // ⁰
    { 2, 14, 4, 1, 25, 15, 31556 }, // ⁱ
    { 9, 12, 11, 1, 23, 39, 31571 }, // ⁴
    { 9, 12, 11, 1, 23, 40, 31610 }, // ⁵
    { 8, 13, 10, 1, 24, 39, 31650 }, // ⁶
    { 8, 12, 10, 1, 23, 31, 31689 }, // ⁷
    { 8, 13, 10, 1, 24, 36, 31720 }, // ⁸
    { 8, 13, 10, 1, 24, 41, 31756 }, // ⁹
    { 9, 9, 11, 1, 21, 22, 31797 }, // ⁺
    { 9, 3, 11, 1, 19, 18, 31819 }, // ⁻
    { 9, 7, 11, 1, 21, 19, 31837 }, // ⁼
    { 4, 16, 7, 2, 25, 23, 31856 }, // ⁽
    { 5, 16, 7, 0, 25, 29, 31879 }, // ⁾
    { 8, 10, 11, 2, 21, 21, 31908 }, // ⁿ
    { 9, 11, 11, 1, 6, 33, 31929 }, // ₀
    { 5, 11, 11, 2, 6, 18, 31962 }, // ₁
    { 9, 11, 11, 1, 6, 38, 31980 }, // ₂
    { 8, 11, 10, 1, 6, 37, 32018 }, // ₃
    { 9, 11, 11, 1, 6, 38, 32055 }, // ₄
    { 9, 11, 11, 1, 6, 41, 32093 }, // ₅
    { 8, 11, 10, 1, 6, 36, 32134 }, // ₆
    { 8, 11, 10, 1, 6, 31, 32170 }, // ₇
    { 8, 11, 10, 1, 6, 37, 32201 }, // ₈
    { 8, 11, 10, 1, 6, 37, 32238 }, // ₉
    { 9, 10, 11, 1, 6, 21, 32275 }, // ₊
    { 9, 3, 11, 1, 2, 18, 32296 }, // ₋
    { 9, 8, 11, 1, 5, 19, 32314 }, // ₌
    { 4, 17, 7, 2, 9, 26, 32333 }, // ₍
    { 5, 17, 7, 0, 9, 29, 32359 }, // ₎
    { 8, 10, 10, 1, 21, 32, 32388 }, // ₔ
    { 13, 26, 15, 2, 23, 67, 32420 }, // ₡
    { 12, 20, 15, 2, 20, 50, 32487 }, // ₤
    { 14, 19, 16, 1, 19, 53, 32537 }, // ₦
    { 14, 19, 16, 1, 19, 49, 32590 }, // ₧
    { 15, 19, 15, 0, 19, 50, 32639 }, // ₩
    { 12, 20, 15, 2, 20, 52, 32689 }, // ₫
    { 14, 20, 15, 1, 20, 56, 32741 }, // €
    { 12, 20, 14, 1, 20, 52, 32797 }, // ₮
    { 14, 19, 16, 1, 19, 49, 32849 }, // ₱
    { 12, 26, 14, 1, 23, 59, 32898 }, // ₲
    { 13, 20, 15, 1, 20, 58, 32957 }, // ₴
    { 13, 26, 15, 2, 23, 59, 33015 }, // ₵
    { 12, 19, 14, 1, 19, 23, 33074 }, // ₸
    { 12, 19, 15, 2, 19, 47, 33097 }, // ₹
    { 14, 20, 14, 0, 20, 55, 33144 }, // ₺
    { 12, 19, 15, 1, 19, 48, 33199 }, // ₽
    { 6, 13, 9, 3, 21, 16, 33247 }, // ⸢
    { 6, 13, 9, 0, 21, 15, 33263 }, // ⸣
    { 6, 14, 9, 3, 9, 19, 33278 }, // ⸤
    { 6, 14, 9, 0, 9, 18, 33297 }, // ⸥
    { 42, 3, 44, 1, 10, 17, 33315 }, // ⸺
    { 62, 3, 64, 1, 10, 14, 33332 }, // ⸻
    { 13, 28, 16, 2, 22, 68, 33346 }, // ꞵ
};
const EpdUnicodeInterval regular_fontIntervals[] = {
    { 0x20, 0x7E, 0x0 },
    { 0xA0, 0x17E, 0x5F },
    { 0x180, 0x180, 0x13E },
    { 0x18F, 0x18F, 0x13F },
    { 0x192, 0x193, 0x140 },
    { 0x1A0, 0x1A1, 0x142 },
    { 0x1AF, 0x1B0, 0x144 },
    { 0x1C2, 0x1C3, 0x146 },
    { 0x1CD, 0x1DC, 0x148 },
    { 0x1E2, 0x1E3, 0x158 },
    { 0x1E6, 0x1E7, 0x15A },
    { 0x1EA, 0x1EB, 0x15C },
    { 0x1F4, 0x1F5, 0x15E },
    { 0x1F8, 0x1F9, 0x160 },
    { 0x1FC, 0x1FD, 0x162 },
    { 0x218, 0x21B, 0x164 },
    { 0x237, 0x237, 0x168 },
    { 0x243, 0x243, 0x169 },
    { 0x250, 0x25C, 0x16A },
    { 0x25E, 0x27B, 0x177 },
    { 0x27D, 0x27E, 0x195 },
    { 0x280, 0x284, 0x197 },
    { 0x288, 0x292, 0x19C },
    { 0x294, 0x295, 0x1A7 },
    { 0x298, 0x299, 0x1A9 },
    { 0x29C, 0x29D, 0x1AB },
    { 0x29F, 0x29F, 0x1AD },
    { 0x2A1, 0x2A2, 0x1AE },
    { 0x2A4, 0x2A4, 0x1B0 },
    { 0x2A7, 0x2A7, 0x1B1 },
    { 0x1E02, 0x1E03, 0x1B2 },
    { 0x1E06, 0x1E07, 0x1B4 },
    { 0x1E0A, 0x1E0F, 0x1B6 },
    { 0x1E16, 0x1E17, 0x1BC },
    { 0x1E1E, 0x1E21, 0x1BE },
    { 0x1E24, 0x1E25, 0x1C2 },
    { 0x1E2A, 0x1E2B, 0x1C4 },
    { 0x1E32, 0x1E3B, 0x1C6 },
    { 0x1E3E, 0x1E49, 0x1D0 },
    { 0x1E52, 0x1E53, 0x1DC },
    { 0x1E56, 0x1E63, 0x1DE },
    { 0x1E6A, 0x1E6F, 0x1EC },
    { 0x1E80, 0x1E85, 0x1F2 },
    { 0x1E8E, 0x1E8F, 0x1F8 },
    { 0x1E92, 0x1E97, 0x1FA },
    { 0x1E9E, 0x1E9E, 0x200 },
    { 0x1EA0, 0x1EF9, 0x201 },
    { 0x2007, 0x2007, 0x25B },
    { 0x2009, 0x200B, 0x25C },
    { 0x2010, 0x2016, 0x25F },
    { 0x2018, 0x201A, 0x266 },
    { 0x201C, 0x201E, 0x269 },
    { 0x2020, 0x2022, 0x26C },
    { 0x2026, 0x2026, 0x26F },
    { 0x202F, 0x2030, 0x270 },
    { 0x2032, 0x2033, 0x272 },
    { 0x2035, 0x2035, 0x274 },
    { 0x2039, 0x203A, 0x275 },
    { 0x203C, 0x203F, 0x277 },
    { 0x2044, 0x2044, 0x27B },
    { 0x2047, 0x2049, 0x27C },
    { 0x2070, 0x2071, 0x27F },
    { 0x2074, 0x208E, 0x281 },
    { 0x2094, 0x2094, 0x29C },
    { 0x20A1, 0x20A1, 0x29D },
    { 0x20A4, 0x20A4, 0x29E },
    { 0x20A6, 0x20A7, 0x29F },
    { 0x20A9, 0x20A9, 0x2A1 },
    { 0x20AB, 0x20AC, 0x2A2 },
    { 0x20AE, 0x20AE, 0x2A4 },
    { 0x20B1, 0x20B2, 0x2A5 },
    { 0x20B4, 0x20B5, 0x2A7 },
    { 0x20B8, 0x20BA, 0x2A9 },
    { 0x20BD, 0x20BD, 0x2AC },
    { 0x2E22, 0x2E25, 0x2AD },
    { 0x2E3A, 0x2E3B, 0x2B1 },
    { 0xA7B5, 0xA7B5, 0x2B3 },
};
const EpdFont regular_font = {
    regular_fontBitmaps,
    regular_fontGlyphs,
    regular_fontIntervals,
    77,
    1,
    37,
    29,
    -8,
};
